id,target
250,0.7358285857531008
251,0.6664184762808039
252,0.6353738600308625
253,0.820991156621218
254,0.7264277995098657
255,0.3380083319908883
256,0.39730957709000986
257,0.27377559971559223
258,0.8435988336553317
259,0.2885117451015544
260,0.7235251609792092
261,0.29486136967861165
262,0.47451039198727535
263,0.7940738422413604
264,0.23446103337097518
265,0.8249591252633866
266,0.4531882456887197
267,0.8194135358819172
268,0.5317930412962666
269,0.3755305349822389
270,0.5330916204765535
271,0.734329573545067
272,0.4561138769613844
273,0.40662114867699717
274,0.37138746523643823
275,0.7236867797332873
276,0.13068303718942056
277,0.8406442945198276
278,0.7391495309764011
279,0.8175699103406471
280,0.39881335496865733
281,0.4296498187957032
282,0.5002320718967337
283,0.2240925670386189
284,0.6107400349676865
285,0.3839467874021645
286,0.7021629822120921
287,0.7049289858973435
288,0.7943753852804509
289,0.8981444791461743
290,0.6543991802241598
291,0.2934125661939775
292,0.671844198761164
293,0.7473815668994469
294,0.30268319621803197
295,0.8343141942266515
296,0.5562129054768123
297,0.5374051869959485
298,0.7929653366081351
299,0.28378961665818403
300,0.5700077507110002
301,0.6319953506524962
302,0.8395252532272875
303,0.8433536024416651
304,0.4951442470447641
305,0.7061250888170205
306,0.9168702767291315
307,0.6094943333732284
308,0.8688026579874265
309,0.25112359184262956
310,0.8464302347807705
311,0.8016401451092099
312,0.8333623562381072
313,0.7796110149348809
314,0.13384226200365568
315,0.3451017022592413
316,0.8192613520744836
317,0.854313664194648
318,0.20521605673128765
319,0.8602799864083812
320,0.6766254418679171
321,0.6656332501739978
322,0.417451238144549
323,0.8645011449459932
324,0.7448186141255477
325,0.6855649358547868
326,0.24979183490307094
327,0.3585935080563012
328,0.31007081330179775
329,0.4607581965772027
330,0.18495418601831698
331,0.5128277687764833
332,0.316162870072844
333,0.18329358662390927
334,0.8534300411654108
335,0.6855987588453261
336,0.5565446657964264
337,0.6285887601537494
338,0.72645711006457
339,0.27089787282451133
340,0.845094890373993
341,0.23602808417589355
342,0.742742658246769
343,0.8199886197478551
344,0.8248026005552395
345,0.5687758453572838
346,0.6174981922713648
347,0.6794275284158903
348,0.7694232920313404
349,0.7866893265624967
350,0.7521182123168144
351,0.6137203153314633
352,0.5592136903864406
353,0.44859776994688144
354,0.5540370502679701
355,0.7055864682665224
356,0.2215279505274682
357,0.47059010420158015
358,0.4064590872175864
359,0.6570186173533848
360,0.8791035848155554
361,0.6736376098306873
362,0.4115850154772274
363,0.813340518846564
364,0.43817218277133807
365,0.186539794223221
366,0.652419302178013
367,0.6160733885346564
368,0.1892509983934054
369,0.8779087226181824
370,0.6032251125491297
371,0.6208916110051641
372,0.16980463522982636
373,0.5074493597022367
374,0.6572573313398145
375,0.8706145583213267
376,0.25400859630383255
377,0.4072176144016123
378,0.7357768982037398
379,0.22114689801474396
380,0.640282340795162
381,0.8637076437641173
382,0.7965381127752993
383,0.8421763754682055
384,0.3481081760311627
385,0.6977450240722155
386,0.8502254522800403
387,0.6853029275318987
388,0.10657949838655037
389,0.21151342645737264
390,0.7787122876883364
391,0.3077901316949044
392,0.5567802240130761
393,0.4695518358700691
394,0.776160559270624
395,0.6628830291778104
396,0.3704009010772426
397,0.5089637802049373
398,0.6787770636622625
399,0.724652400285358
400,0.6791226043137389
401,0.570508117675766
402,0.17428783069991127
403,0.468621369017748
404,0.2970636479620087
405,0.8202775608663222
406,0.5931814816341823
407,0.13866903345338305
408,0.4435785103949069
409,0.534333092716715
410,0.8585173022396005
411,0.723075977158545
412,0.560273777096325
413,0.8086455447026308
414,0.8694004978911697
415,0.801812707467816
416,0.5312120186337272
417,0.5735466379574488
418,0.34379126047221065
419,0.7037656981307902
420,0.4543624707031867
421,0.3238958023147176
422,0.4623402148331035
423,0.8927088181992078
424,0.4367582123262435
425,0.3229083241013577
426,0.2915109224219126
427,0.5313423327569328
428,0.8488835587678454
429,0.21984582516322543
430,0.5178549171058536
431,0.5675651570300627
432,0.5998751978348655
433,0.8422306208072342
434,0.8706044268820176
435,0.13342789455372484
436,0.40761588928823406
437,0.321794899312516
438,0.8591577448107302
439,0.6791229356399151
440,0.3601363676542194
441,0.28166439385978503
442,0.49501654037263904
443,0.23419350037469347
444,0.45446438380921944
445,0.2722129674775946
446,0.8107495802272048
447,0.21586175213180375
448,0.3982065780999145
449,0.6473884982797433
450,0.07945889037378025
451,0.5317305319146581
452,0.397507099658267
453,0.29217075768257417
454,0.5674015301824853
455,0.6988995159760103
456,0.4278826636365266
457,0.4226650339524604
458,0.4664838045951521
459,0.5353422637157033
460,0.7694273578869587
461,0.7926887888358086
462,0.5043807426536915
463,0.15675426855138108
464,0.7367826651721887
465,0.845933647003766
466,0.6978521631001673
467,0.754850478375936
468,0.8866327609239026
469,0.29214055802012
470,0.3525105733801811
471,0.2748496294902053
472,0.668090131908959
473,0.6407116371599004
474,0.8689258563942036
475,0.37921579075829814
476,0.7281177219607775
477,0.8953466445305956
478,0.9232001955507075
479,0.8427983268559953
480,0.31142968878009714
481,0.5566063348513872
482,0.8680790248120875
483,0.27313844818580924
484,0.6626735654351565
485,0.4929598871636566
486,0.6724991069689498
487,0.5267198946199912
488,0.689633560825383
489,0.8250147769156512
490,0.35456564783944305
491,0.35552617403139153
492,0.19920720035275905
493,0.745464941322406
494,0.8030093171172691
495,0.38794400174167293
496,0.7197478073112593
497,0.3247878606011011
498,0.28078015645759336
499,0.6045921554417266
500,0.908119264247928
501,0.6281647472488018
502,0.5369776198507199
503,0.708644312315206
504,0.7638794301805039
505,0.8653753570505359
506,0.4266046565215479
507,0.2535172572902492
508,0.6670689617097165
509,0.8318932229448899
510,0.5724782800854279
511,0.5988504857491292
512,0.5928263840916751
513,0.6072148350663031
514,0.3023785460449262
515,0.44789690765741563
516,0.7448801797712797
517,0.2620438740711699
518,0.7956910724915838
519,0.6110466737370692
520,0.24394934434289015
521,0.6881774256462334
522,0.764934177379271
523,0.4009355837605408
524,0.6540167773382968
525,0.6951956420506988
526,0.6269358003603849
527,0.5263357836823224
528,0.5479218274193579
529,0.5794076692740389
530,0.3720197132196952
531,0.8985255158287005
532,0.5689206615120521
533,0.5393570572790436
534,0.5371806692202022
535,0.8431109386435821
536,0.7782099558512958
537,0.6605238454068454
538,0.17767012503543125
539,0.8974237117840496
540,0.7771614770668929
541,0.6653539846683625
542,0.6964004026940362
543,0.874949769179481
544,0.4359689428238116
545,0.8013184026293235
546,0.5547986680918318
547,0.6524003320605224
548,0.847914095971411
549,0.7716495815512691
550,0.8948855462888513
551,0.74427242533009
552,0.5999701676483226
553,0.7732790311602897
554,0.18115570603174092
555,0.36419776001649834
556,0.9009202188655298
557,0.7407055481347371
558,0.21186507883926908
559,0.74742986733186
560,0.3995924110971386
561,0.38709722062920016
562,0.48448299983665
563,0.7435710415259379
564,0.5430945418180358
565,0.8912809841494785
566,0.20354417423461135
567,0.40087274455385163
568,0.5645925992798287
569,0.4203351833902369
570,0.7470816308178425
571,0.6207765044951985
572,0.3143721204646954
573,0.7682018552363117
574,0.21934352266583207
575,0.8272724114525617
576,0.1650385351082145
577,0.7708075816543589
578,0.5298975781687165
579,0.8715612819153288
580,0.5492029004041402
581,0.7014715197780418
582,0.6843748958162402
583,0.30193611303863765
584,0.8524951903193166
585,0.25272918550368034
586,0.7204891654641352
587,0.6019713639969537
588,0.6360511075492035
589,0.7293151027627514
590,0.903034335121003
591,0.6526364983955644
592,0.8859919278933759
593,0.7568037183567633
594,0.21832170477772678
595,0.2530918146414199
596,0.3119436429324738
597,0.8380654772622464
598,0.7586789831988228
599,0.5556578097133984
600,0.3619210119835094
601,0.7441151452621264
602,0.8116323738801745
603,0.8289283463708741
604,0.6949265076377917
605,0.7287432241582785
606,0.6048095397644354
607,0.433982732968386
608,0.7885559714878488
609,0.7090018048792746
610,0.8686134951855723
611,0.6131858469869965
612,0.3488417943730612
613,0.4629868747134344
614,0.36354063702709516
615,0.23668218373248873
616,0.8006569110203583
617,0.5961306712526433
618,0.4606394425461419
619,0.7720386308897556
620,0.12015193869667078
621,0.17470932359017458
622,0.7782097290389032
623,0.7023499545054921
624,0.1791494153703839
625,0.8264229341746016
626,0.18115665752406007
627,0.8277951047842194
628,0.7030098082494768
629,0.4557935700855058
630,0.25854419937536516
631,0.7476983978519087
632,0.7864144443820328
633,0.4387345139725688
634,0.37323958127811596
635,0.878993496456281
636,0.6687993756813343
637,0.7821764722531174
638,0.38273502946046334
639,0.6026710379930056
640,0.25322603865002385
641,0.5032175545176318
642,0.6172461665385137
643,0.6739690653418081
644,0.7443225961463865
645,0.3999509999637197
646,0.2562067532454942
647,0.7015687319925376
648,0.265957000814732
649,0.1331401549654367
650,0.2415134623810112
651,0.6446924779463438
652,0.1247988437902274
653,0.8311255644213555
654,0.26890425391721046
655,0.4072947575848286
656,0.4821186493419617
657,0.727462240215201
658,0.5634560177926028
659,0.15083142665503402
660,0.36669329533049067
661,0.7124706351378707
662,0.65452034084638
663,0.11683451989873528
664,0.8722759951442198
665,0.3178990924464338
666,0.71278269824338
667,0.610888299849998
668,0.588304656378144
669,0.6923687389805732
670,0.329477907286489
671,0.2235395078754253
672,0.4757390494382321
673,0.86556455905969
674,0.37713269325235677
675,0.8239378538382002
676,0.6263935696332901
677,0.7214185992580621
678,0.8786374069828349
679,0.5543384878957321
680,0.6146099747034095
681,0.35162268602107977
682,0.2975925378487858
683,0.40384069365328656
684,0.23526328322335216
685,0.6395458306254229
686,0.7847651793629754
687,0.6343121802747538
688,0.1662631361247866
689,0.47954184581987963
690,0.4250416063292201
691,0.8659813637998742
692,0.7807442622676705
693,0.8172169235661839
694,0.268457515853472
695,0.562091873799639
696,0.3711319431016161
697,0.12105592650675853
698,0.42342291086914163
699,0.5940974932645451
700,0.1720156519442648
701,0.7950290436067983
702,0.8496685038549364
703,0.4194438078408375
704,0.8939905655425611
705,0.41892254925325445
706,0.22895445530377292
707,0.45155580077244695
708,0.697127225032939
709,0.8083917715871676
710,0.757171117835611
711,0.5236710808413573
712,0.8747978295126349
713,0.5469462174238979
714,0.6389574842378498
715,0.8622221053147762
716,0.2754128660098619
717,0.12042936137139168
718,0.626161108911787
719,0.28118673883939055
720,0.7681518720597366
721,0.6385367730731315
722,0.7648587801675547
723,0.302457967285655
724,0.5814156560158796
725,0.8139929871941741
726,0.661798258473665
727,0.5981336600874251
728,0.453132504693883
729,0.7080017746340607
730,0.830487225623723
731,0.8806117733328721
732,0.4099422031916254
733,0.6280827116426908
734,0.4924088753399686
735,0.45922950548776226
736,0.384433258087107
737,0.7895856300923482
738,0.3675712120085311
739,0.4383842534029181
740,0.8518857118640256
741,0.35924816397086323
742,0.8138297140245196
743,0.849352707056357
744,0.4149081947043727
745,0.7899381636562619
746,0.8179092373247906
747,0.9064098729947713
748,0.5365733223980129
749,0.8118439703153411
750,0.7828823397547454
751,0.8888558530170371
752,0.8303640871981693
753,0.5491509956714369
754,0.13625695382790806
755,0.5516933669088726
756,0.6798696970465209
757,0.7843228979848949
758,0.16372214702676033
759,0.7312329469399109
760,0.4332405167126749
761,0.7315712791105429
762,0.389638648980417
763,0.7839282285891509
764,0.696759417859719
765,0.7818913644650411
766,0.1842520452660502
767,0.4485118784956865
768,0.4748544079325091
769,0.5259496622080627
770,0.3117571776462532
771,0.5652898686156529
772,0.6818967172960211
773,0.30079104444629806
774,0.1725511571542616
775,0.6791922939048345
776,0.30355941286341726
777,0.6058904240777709
778,0.47911527914950613
779,0.9122608659865806
780,0.712909416051444
781,0.4398432306218466
782,0.7238539211706585
783,0.6475926618074768
784,0.2532387494362716
785,0.8182519221343607
786,0.10411272967359111
787,0.701981769026238
788,0.8071414300536546
789,0.31430385081887036
790,0.5939301009293145
791,0.29440914990393374
792,0.49335755692007527
793,0.6183160699407398
794,0.5260101817649753
795,0.8591012676079643
796,0.8425925914848592
797,0.798486734708311
798,0.44897793400615915
799,0.7202770293363893
800,0.12046133139327117
801,0.2975179545605438
802,0.8879928920557273
803,0.868653480724535
804,0.8978080259710988
805,0.40370298833340906
806,0.16611313258953755
807,0.8704871691331671
808,0.7348899805760112
809,0.8871874973942724
810,0.8982433542231869
811,0.16299850858021994
812,0.8760103963832285
813,0.6256441238977489
814,0.8481763351214305
815,0.8536401575191795
816,0.2636396598291865
817,0.8221430030481963
818,0.29439981130560644
819,0.7096174839170732
820,0.8752138441837399
821,0.5955282146978575
822,0.36096889691929235
823,0.27740443643008694
824,0.3570346003370901
825,0.8271841529408123
826,0.7406811558940839
827,0.7017152506744904
828,0.7748882969603466
829,0.34737589915337175
830,0.7653435881817259
831,0.7835115517985334
832,0.43284175486667664
833,0.6726903535817002
834,0.26645201001441515
835,0.2054473757947967
836,0.17538834347004378
837,0.5558092136097813
838,0.7114772195227709
839,0.8740185780417459
840,0.6147774448153106
841,0.7074935558159559
842,0.745473770543331
843,0.6178045911008617
844,0.5390983098357417
845,0.6306810200403381
846,0.30684404544364696
847,0.6730522386046723
848,0.41759032898651793
849,0.3063987408042394
850,0.8870710938550708
851,0.24998380560331993
852,0.7460832729256957
853,0.4313278341229826
854,0.671140580415617
855,0.5131064913196012
856,0.3759343238370963
857,0.4023046985378831
858,0.9154966772817503
859,0.5005380288959448
860,0.2543517055021762
861,0.7256767581675702
862,0.32482397829926635
863,0.5292739462420768
864,0.5958080400815223
865,0.6714188513587747
866,0.5840867342211387
867,0.16333665087147034
868,0.6452293715286392
869,0.7702819665683797
870,0.34848254877625845
871,0.8481309002228598
872,0.7235705719421615
873,0.2324673900818892
874,0.3774656240970446
875,0.8924733576819248
876,0.4806830014721154
877,0.7998802754858889
878,0.8022555890281123
879,0.4136177138032066
880,0.6017162815626264
881,0.6549778714237157
882,0.910668089674888
883,0.3560615115261953
884,0.132487392156241
885,0.8908968772610464
886,0.1541098796640392
887,0.8829892997542383
888,0.21926733880079102
889,0.35833468621113646
890,0.8587031901249798
891,0.3733278075526024
892,0.859563847127177
893,0.8412829068543934
894,0.22337803809976298
895,0.9203072705831716
896,0.7488583834658473
897,0.10968635180529585
898,0.7539899333988851
899,0.6733748232207493
900,0.5042024582529174
901,0.8361139206230008
902,0.8129648994661168
903,0.8097033213528604
904,0.8526019761051105
905,0.6687969991661273
906,0.715222824737762
907,0.7351133651902537
908,0.6696961411125262
909,0.7661537476835057
910,0.825660383945111
911,0.6325480383291875
912,0.7898767009734573
913,0.481913702704423
914,0.9139166784667146
915,0.8141222872782278
916,0.7127485093834922
917,0.8268949336361201
918,0.8489284643072029
919,0.40210206992816705
920,0.4360954507427821
921,0.6586086722656356
922,0.34302693181639493
923,0.4757840740108804
924,0.9093125988282502
925,0.4375734041307802
926,0.8528364861332078
927,0.8321231762471181
928,0.3300339983905457
929,0.923177390294922
930,0.7697392293463736
931,0.1394167980911444
932,0.49632381881080045
933,0.6398753098275924
934,0.20891188977021563
935,0.3593590069029872
936,0.7225251000271609
937,0.4640198906014349
938,0.315723605185459
939,0.16487301508863392
940,0.8963671336625464
941,0.8435526852965916
942,0.6173278999240589
943,0.6635657730698877
944,0.10893981625546378
945,0.5857221077851572
946,0.5083401553890121
947,0.49002229164449806
948,0.7259311450500009
949,0.7109356159869762
950,0.8163585336999195
951,0.6954004284147468
952,0.6050288432489436
953,0.2548274031344929
954,0.5751501585114629
955,0.5757327589223122
956,0.7773787038885108
957,0.20335131762614445
958,0.8056150451025608
959,0.4546735646866531
960,0.3140780765917448
961,0.7993390483021476
962,0.37380915010252974
963,0.3107068178510394
964,0.1867438335211753
965,0.8550762606395035
966,0.8911730619734638
967,0.7300490613887339
968,0.271004415520146
969,0.8410559751133061
970,0.3986100734276942
971,0.5380337613374759
972,0.33247774481879877
973,0.31971705405834455
974,0.5753984844246044
975,0.30725785830140434
976,0.7192864920809026
977,0.41142622397211664
978,0.40815771333664774
979,0.8665398133416096
980,0.611619953817612
981,0.7828387114894527
982,0.34060723590009473
983,0.24725026790863391
984,0.18524298372837203
985,0.711483602597922
986,0.7017165454313238
987,0.8878856862161292
988,0.3097627602343203
989,0.35206555299393955
990,0.29725067036880315
991,0.3540008258104672
992,0.8878772980416061
993,0.7455131089718767
994,0.8576161079775565
995,0.8547215714195456
996,0.83896651257425
997,0.23832544313595597
998,0.6202950028969452
999,0.5577692380863724
1000,0.5127249912175194
1001,0.8655640722033169
1002,0.6432271646318825
1003,0.361271477991058
1004,0.5973057585559267
1005,0.7760628792195821
1006,0.8036003744202946
1007,0.36693462350802175
1008,0.8703584537666808
1009,0.2837625398047082
1010,0.8611566083660646
1011,0.8200539085840688
1012,0.5295353979308727
1013,0.620823205816927
1014,0.8250435264199065
1015,0.8276966111954802
1016,0.5213195597282521
1017,0.8931981606810334
1018,0.7845324096205127
1019,0.6965516502411706
1020,0.49095978384891026
1021,0.8418536300544586
1022,0.2861586444119344
1023,0.5774597943264814
1024,0.5341025396129054
1025,0.328042200403166
1026,0.6736286544017711
1027,0.13161764726646713
1028,0.7276319616681337
1029,0.30102772917113596
1030,0.8625662829420422
1031,0.30533809026312836
1032,0.438761167667601
1033,0.27510493538931613
1034,0.6247999927896671
1035,0.625739422985345
1036,0.12141240479570338
1037,0.7693851926493853
1038,0.46954698147401785
1039,0.8774031404841824
1040,0.18658951497729442
1041,0.7888432338427571
1042,0.7002347738554036
1043,0.7252041605647974
1044,0.7917890576566098
1045,0.26969558185264275
1046,0.9118841566462144
1047,0.715564033170482
1048,0.7849428093830468
1049,0.7766070836747367
1050,0.7206749886420847
1051,0.8267746520330453
1052,0.8957832079301072
1053,0.9096279889807601
1054,0.29748785313863846
1055,0.6331490412718265
1056,0.28805272961977946
1057,0.13275465045855667
1058,0.7478838152443835
1059,0.8339728247577741
1060,0.6369274160428918
1061,0.8738430801853233
1062,0.7105503410644081
1063,0.6471760062704219
1064,0.8218466588591902
1065,0.4907612875577504
1066,0.5729533882091553
1067,0.4192888957160501
1068,0.6134864939027149
1069,0.2632055681282845
1070,0.6106447052190113
1071,0.8989034126618096
1072,0.737795132172578
1073,0.8936817961531358
1074,0.7444424088289723
1075,0.33023233244718253
1076,0.8224827281898073
1077,0.41035553249046913
1078,0.8383501033453875
1079,0.8634365132759143
1080,0.37571763647465795
1081,0.7947384419897178
1082,0.49567221653432975
1083,0.8250945862191201
1084,0.17110962122693377
1085,0.5695403352736941
1086,0.3217375030073806
1087,0.7400099483273478
1088,0.1843554388204198
1089,0.2815898927607284
1090,0.5553859122174517
1091,0.36858382686079916
1092,0.76252655296166
1093,0.6037267247358127
1094,0.3887253456836954
1095,0.820244132741901
1096,0.5959102002389056
1097,0.45634702630570756
1098,0.25593591048229153
1099,0.5500551532683133
1100,0.5213965084567456
1101,0.7593218268219029
1102,0.8643242631553159
1103,0.2917656376426347
1104,0.42941023020577185
1105,0.8022583733780922
1106,0.6924828984614975
1107,0.5116093377770821
1108,0.8484819878584104
1109,0.2323064153780756
1110,0.3021410384511241
1111,0.3025924118684898
1112,0.731037676060495
1113,0.6376875353131264
1114,0.7941374222191793
1115,0.8573193555245286
1116,0.7982863216609619
1117,0.21405780266961288
1118,0.41170655660220584
1119,0.5109468084254856
1120,0.8290920779748865
1121,0.5460002780713018
1122,0.4413082827257401
1123,0.8976007378836066
1124,0.23711969549674777
1125,0.7488474764848485
1126,0.41769585586746133
1127,0.5759186130276954
1128,0.17385137657510802
1129,0.6431808513612607
1130,0.4607722357327225
1131,0.4725632491213991
1132,0.36837870563001146
1133,0.7779306520310219
1134,0.40709133002071013
1135,0.4846603999026467
1136,0.7386142941471875
1137,0.25893513800042534
1138,0.34878606561852393
1139,0.7696990907164337
1140,0.4538403346525025
1141,0.4700787108440953
1142,0.5778208346962455
1143,0.7070345815500148
1144,0.5950054317518664
1145,0.7257045088389563
1146,0.34441622151473633
1147,0.7897412451455413
1148,0.3125116185021047
1149,0.3983085815397437
1150,0.24908004180306398
1151,0.8685164971053947
1152,0.8087250130240097
1153,0.8437397950936476
1154,0.7007321524349273
1155,0.4631252288131467
1156,0.3725655573511068
1157,0.39660028437545186
1158,0.786094141993619
1159,0.9082748614354496
1160,0.5956258395595179
1161,0.26232393967079704
1162,0.3643359386150147
1163,0.4349095627287105
1164,0.28936363671904153
1165,0.7475884880939412
1166,0.9307234882801063
1167,0.5006239656047384
1168,0.3690375621247629
1169,0.8129875562004351
1170,0.20790766014003587
1171,0.9373914929631364
1172,0.8216431483803376
1173,0.45379385669567496
1174,0.14004879966410988
1175,0.3166921367604703
1176,0.4274932913551779
1177,0.5890397637662081
1178,0.5202676887809561
1179,0.7873185195381052
1180,0.7894591651752824
1181,0.7569232609240586
1182,0.7706613063876927
1183,0.5798886091013326
1184,0.4784275707859176
1185,0.5172511682329287
1186,0.32004023153989736
1187,0.5052228523651259
1188,0.7942509135816749
1189,0.7667183232735938
1190,0.83847588190481
1191,0.5780423851411687
1192,0.46295397950957196
1193,0.36294446588806145
1194,0.8290319829595348
1195,0.6308368969932343
1196,0.7976510393088992
1197,0.22606345343577675
1198,0.920635561714666
1199,0.5100850131398398
1200,0.6761772437751497
1201,0.3946784475649784
1202,0.42291649987902674
1203,0.19524986900155208
1204,0.7703791317592166
1205,0.8721112850398612
1206,0.553927659157475
1207,0.6214043981660795
1208,0.35175844355509356
1209,0.7844768225503926
1210,0.8571388877853054
1211,0.8432466287403267
1212,0.7129170921859695
1213,0.43625206834097396
1214,0.17404530786456746
1215,0.9266433140687285
1216,0.6406980422678338
1217,0.23377062146627406
1218,0.7020527786067482
1219,0.34858997690012744
1220,0.49363401054755235
1221,0.40995325819095285
1222,0.7597853151737042
1223,0.8068803337450648
1224,0.7906623522680303
1225,0.8282936614348033
1226,0.8320974772849652
1227,0.2576734836912153
1228,0.32610485996986804
1229,0.5223688142048064
1230,0.6999680236240562
1231,0.5231720629075258
1232,0.681895708416596
1233,0.5129700252889745
1234,0.8226729547469038
1235,0.7061214836013131
1236,0.2007328008631942
1237,0.3460707391347844
1238,0.9083605309688636
1239,0.5075585684878143
1240,0.7788674300933682
1241,0.7961288240258755
1242,0.6596956964482317
1243,0.4885311290612232
1244,0.3441130782756298
1245,0.7972050161258909
1246,0.8891849115442139
1247,0.5880887271185187
1248,0.5545889650390649
1249,0.6238503658491398
1250,0.4226991860151436
1251,0.8344578349708436
1252,0.3724317284298093
1253,0.3631800868382108
1254,0.3357650175522326
1255,0.6818640026876788
1256,0.6419200066853976
1257,0.5535601553899616
1258,0.4731352168719687
1259,0.7691271694872291
1260,0.5845271304511215
1261,0.3775394517853097
1262,0.6901805511393172
1263,0.3335438624765881
1264,0.4575614194821961
1265,0.5168436234813589
1266,0.1382433370269575
1267,0.67196124399665
1268,0.8224435142492286
1269,0.13150324854151724
1270,0.4692804504637658
1271,0.868517023880761
1272,0.3888262262886836
1273,0.8222892661527837
1274,0.3281835146955977
1275,0.5881004330216059
1276,0.5606505211411337
1277,0.8101623275035708
1278,0.714772986203498
1279,0.5870441986281593
1280,0.28199801888460996
1281,0.558997878766033
1282,0.33912634281918197
1283,0.29233096223248717
1284,0.5305991782560148
1285,0.8035743766781338
1286,0.6448670863434498
1287,0.28340670695392145
1288,0.22788650230469548
1289,0.46555808873087307
1290,0.22880452829514972
1291,0.29635381365715613
1292,0.7526002037563394
1293,0.6793263375740837
1294,0.8574644288728936
1295,0.8397634023473373
1296,0.22645515250646714
1297,0.8139106757840999
1298,0.4466643068241315
1299,0.4850680183670884
1300,0.3026360257387087
1301,0.6939627894108682
1302,0.7839422675556419
1303,0.8780557803568476
1304,0.858905757948604
1305,0.7684770559317622
1306,0.6501633964547046
1307,0.5436925358183469
1308,0.6583017538706022
1309,0.27115625446238706
1310,0.6447944680525208
1311,0.4935778948701205
1312,0.5575461566793266
1313,0.32825414382224266
1314,0.1803024006185829
1315,0.5614811001083213
1316,0.7481897263513391
1317,0.5220428215842342
1318,0.7810343684945001
1319,0.3164166227140192
1320,0.8328342390405731
1321,0.9301756024888281
1322,0.14990551395675103
1323,0.4896087160946134
1324,0.6685873282566743
1325,0.8444248309581379
1326,0.8621411781943659
1327,0.8657818343221848
1328,0.7610195283292435
1329,0.5996556010224708
1330,0.4579971130973438
1331,0.3116061901325651
1332,0.1846831613303863
1333,0.2914305766250853
1334,0.4638973736221996
1335,0.6758526830891495
1336,0.7553466736785556
1337,0.2718489971816624
1338,0.41279160250537233
1339,0.8010314870673413
1340,0.7752531187948654
1341,0.677661268108744
1342,0.42892282447236807
1343,0.27142169309676395
1344,0.5194933866092455
1345,0.5850074242107808
1346,0.44771869472362247
1347,0.8486901084794387
1348,0.5647411171864174
1349,0.5588237768952378
1350,0.8737566553490805
1351,0.4549026269588438
1352,0.4007818171777542
1353,0.6282748126053461
1354,0.6758803523480486
1355,0.7940790882454021
1356,0.5383857760227158
1357,0.8728910874239643
1358,0.20016680214700558
1359,0.48416323405474254
1360,0.35422689202904134
1361,0.8177324904274245
1362,0.3918740230299989
1363,0.7974968307132388
1364,0.8929285170793557
1365,0.4201426694518503
1366,0.5567812537764165
1367,0.8030811223588598
1368,0.6980546433677746
1369,0.35165033667680906
1370,0.729862331093423
1371,0.3686931099439793
1372,0.3974011685295005
1373,0.45608491620871616
1374,0.2919129754711219
1375,0.8650748189810535
1376,0.5244479945400655
1377,0.11981094820721332
1378,0.6869511748772283
1379,0.734600007576574
1380,0.18572976965745358
1381,0.36372587470811824
1382,0.7048704248841895
1383,0.5236940342171557
1384,0.507961649395394
1385,0.4252311759004925
1386,0.5039546099593222
1387,0.7203487603510588
1388,0.4755487753505898
1389,0.7683324244762288
1390,0.6958749539472391
1391,0.8090474308117095
1392,0.23467974355824503
1393,0.5387809211360539
1394,0.5756457454808157
1395,0.8753671260215785
1396,0.7100534487254517
1397,0.6645085595434502
1398,0.5630396122035617
1399,0.22698503849412022
1400,0.509905864904395
1401,0.2738626603382791
1402,0.7178072005777408
1403,0.696083044879459
1404,0.685904398563712
1405,0.46701753877323093
1406,0.7249065309369381
1407,0.7451670762957125
1408,0.290105028048014
1409,0.7566765181755004
1410,0.6457857014474445
1411,0.8691715112960361
1412,0.5293243839138246
1413,0.5628938550512348
1414,0.8275159386929479
1415,0.16879626440451753
1416,0.7641182981931247
1417,0.15535993538882412
1418,0.2721821814784138
1419,0.8580801522689857
1420,0.37182692978038145
1421,0.5592614901754036
1422,0.18899755606378477
1423,0.3855968105469618
1424,0.7772952546081842
1425,0.8081190498660885
1426,0.6954705093581729
1427,0.384803817599279
1428,0.5404262714788495
1429,0.3666391237854189
1430,0.764263404209824
1431,0.7632362645008198
1432,0.7584851585471318
1433,0.30758225483141416
1434,0.8971863274929008
1435,0.41291312025369775
1436,0.5597169980134741
1437,0.47445038004185847
1438,0.41499320067733025
1439,0.9114483674272281
1440,0.8651059200415925
1441,0.17813982039526177
1442,0.6577477801494054
1443,0.46881802914248116
1444,0.7243098249634681
1445,0.23355706454486258
1446,0.6224151565420433
1447,0.8257940307298175
1448,0.6792333113195809
1449,0.22419266358700568
1450,0.29643093856639646
1451,0.2048734714215042
1452,0.28162926994932325
1453,0.7484737433541953
1454,0.674596957338989
1455,0.25494535787257466
1456,0.4229512989283315
1457,0.7739455762519768
1458,0.16024585908143643
1459,0.8305850018554117
1460,0.33856226306424275
1461,0.5901415835136335
1462,0.628544697796352
1463,0.5695760413983546
1464,0.5349919839936903
1465,0.19471059004704847
1466,0.8619781969460443
1467,0.43378800767035225
1468,0.52151491642872
1469,0.8872080289841736
1470,0.6546211214579948
1471,0.20574239871773983
1472,0.7571842947091317
1473,0.8501322296430129
1474,0.30332472096775087
1475,0.9053165115945413
1476,0.4273059228728414
1477,0.5822107927788308
1478,0.9114231223342474
1479,0.8530732029562287
1480,0.48100153337188045
1481,0.35155599553645767
1482,0.6824456965846388
1483,0.5727538587672031
1484,0.6528141184287584
1485,0.6462868794262286
1486,0.7454572427887037
1487,0.8518955225569649
1488,0.873516873102975
1489,0.789234011450842
1490,0.3321430240290685
1491,0.5845621334830293
1492,0.1523707698570215
1493,0.7617896573540054
1494,0.8765051131440663
1495,0.8432482632301956
1496,0.26409242741921896
1497,0.5272384660087864
1498,0.857368809580933
1499,0.8000284158962618
1500,0.8114481976384923
1501,0.6523545897070445
1502,0.6588552981382076
1503,0.33288984893316825
1504,0.46513626395858715
1505,0.5655724966010918
1506,0.5242208298671179
1507,0.40097665829662615
1508,0.42587696736001496
1509,0.17145019397341774
1510,0.29043807102893743
1511,0.5091320365309268
1512,0.9041441710243321
1513,0.2809963587851238
1514,0.6471504374448259
1515,0.5332934706384997
1516,0.8136881265961268
1517,0.35263158470541744
1518,0.188716000449268
1519,0.3811535606144775
1520,0.3421508170007433
1521,0.5474744988625029
1522,0.715007221279346
1523,0.8048336688395877
1524,0.2629102731629514
1525,0.6218547407409878
1526,0.6367277366910774
1527,0.5715135128335296
1528,0.2999907443692152
1529,0.38935764427660935
1530,0.31595792002491696
1531,0.1748984832839495
1532,0.7284595794809724
1533,0.6069928458077951
1534,0.49515411766602563
1535,0.7113628944132736
1536,0.8817074797080477
1537,0.7579832875758958
1538,0.8480722101633958
1539,0.655529166444439
1540,0.1720913489385101
1541,0.6666391439915261
1542,0.6352275675782009
1543,0.7901666621186358
1544,0.6403587761747811
1545,0.2639859686553321
1546,0.6024729463228113
1547,0.5662157162883547
1548,0.20597689439624406
1549,0.6357649415484312
1550,0.6470338166888309
1551,0.6179051583655576
1552,0.595188537499748
1553,0.8565086146943962
1554,0.3829964942008945
1555,0.7567589073544758
1556,0.2978462559188525
1557,0.20659092184415898
1558,0.6527405425526894
1559,0.5289241099905153
1560,0.834164009025073
1561,0.8072195095283965
1562,0.8975850031499256
1563,0.36378816522862234
1564,0.8796578002752359
1565,0.39801916779897467
1566,0.412894472904757
1567,0.5898653262905352
1568,0.6626882387804509
1569,0.402602033076943
1570,0.929924606909448
1571,0.8863647293962872
1572,0.7227098346573189
1573,0.5646562871048998
1574,0.3582007422007698
1575,0.831170778016926
1576,0.7699820780358989
1577,0.8266749543597323
1578,0.5417847481039599
1579,0.7404639076358172
1580,0.7109953726587239
1581,0.8749115719123153
1582,0.6589283572419407
1583,0.4546008184464826
1584,0.5912966164291994
1585,0.6468770802058895
1586,0.8471711957724181
1587,0.8876306015292451
1588,0.8566430392471053
1589,0.6441101382312088
1590,0.2316810507243318
1591,0.8082091290752726
1592,0.6617713673477142
1593,0.6698637491623463
1594,0.8774778333568282
1595,0.5307822901288017
1596,0.7971540929932187
1597,0.13450721880339955
1598,0.861834415865789
1599,0.5936377203297911
1600,0.1622773310758166
1601,0.36076472310911345
1602,0.8748338645033981
1603,0.30017589668830413
1604,0.19460084168138653
1605,0.12469565512804516
1606,0.6049371166640025
1607,0.4633744569032233
1608,0.5302970934304747
1609,0.8742412212058299
1610,0.8543218778983132
1611,0.3494083707372672
1612,0.2935624335927919
1613,0.7083028845391479
1614,0.41294421574909307
1615,0.7682124480321783
1616,0.696235652910542
1617,0.9130374855249139
1618,0.7700929471925881
1619,0.8971881703319442
1620,0.49392592744032104
1621,0.6929970135009043
1622,0.16776130781865575
1623,0.7055798374151363
1624,0.5354208271184628
1625,0.19762785389545046
1626,0.5672303761422731
1627,0.8498008983756574
1628,0.5604569671703281
1629,0.7212618240270179
1630,0.8625914740554728
1631,0.34726700315602127
1632,0.24075287064864434
1633,0.26580296705472284
1634,0.8295546551011277
1635,0.7386118551269185
1636,0.26484057299817737
1637,0.6756856259329594
1638,0.8355260568616358
1639,0.7321350071893316
1640,0.1065336585423522
1641,0.4822685435409021
1642,0.5010700480915202
1643,0.3506806041424222
1644,0.37243522239150517
1645,0.47137961340123136
1646,0.9007126714098016
1647,0.7402697444704458
1648,0.41302488115279523
1649,0.8552439254025369
1650,0.5457519327303216
1651,0.5294900085577686
1652,0.8840745594469379
1653,0.6208472132031094
1654,0.23664350600127934
1655,0.3464255264851045
1656,0.7652059685780652
1657,0.19304132010583602
1658,0.6005122926390921
1659,0.6645397752139215
1660,0.9164802986726412
1661,0.38648964817931386
1662,0.7724548988505676
1663,0.6007290757771773
1664,0.5865252573534948
1665,0.647689206625861
1666,0.1373420126604069
1667,0.623525675793135
1668,0.6745831274754929
1669,0.5003129917726323
1670,0.5831331382646447
1671,0.23170130402940725
1672,0.6327412292992545
1673,0.6351662870857077
1674,0.3334260292109539
1675,0.7680616341296915
1676,0.35625753380660447
1677,0.9136097522394945
1678,0.7950942597642753
1679,0.17651574927472508
1680,0.37204840187557214
1681,0.17992159978043762
1682,0.7704735558870306
1683,0.21761744897395835
1684,0.4513990765371044
1685,0.47419248911029294
1686,0.19438756098786186
1687,0.6435969670544172
1688,0.45917246803866735
1689,0.6228639558999803
1690,0.6705018338886799
1691,0.6731050091251255
1692,0.7538749082903817
1693,0.7354268109438634
1694,0.8987873584212722
1695,0.337091338291705
1696,0.4805461464883341
1697,0.8546227734833916
1698,0.7036632069381966
1699,0.6118848830072985
1700,0.8772005551744544
1701,0.5272767053785241
1702,0.43816467428299266
1703,0.42315860399724387
1704,0.8487346467200907
1705,0.5691857345285045
1706,0.5441693975440174
1707,0.537649520890389
1708,0.5295863274630452
1709,0.5924041728028105
1710,0.5514052304481166
1711,0.6273594414444533
1712,0.6003647779333078
1713,0.380984475156542
1714,0.5379571503537256
1715,0.6485091406967364
1716,0.694831618528688
1717,0.5348169522809872
1718,0.3599959515164569
1719,0.8693322673705355
1720,0.7254806468418437
1721,0.8913989754577992
1722,0.8376866870107076
1723,0.6312137853556272
1724,0.1538865719584431
1725,0.8281851483596797
1726,0.6038195827698398
1727,0.850623835860156
1728,0.2881374420900947
1729,0.790549012366458
1730,0.7381258729401217
1731,0.6074720260163935
1732,0.7200002239911597
1733,0.773775939141936
1734,0.3411931301792025
1735,0.30498734875622313
1736,0.2987825151887584
1737,0.5773620881437824
1738,0.7844243521490513
1739,0.12325582954849525
1740,0.8864869019435164
1741,0.7251253588441341
1742,0.25401957111173423
1743,0.5404125385129712
1744,0.653832279563413
1745,0.22228535751542686
1746,0.6182273932093636
1747,0.6637988871546276
1748,0.4002382891481331
1749,0.10485381543350872
1750,0.48694343970115517
1751,0.8273200719538634
1752,0.5499466447332216
1753,0.6276022858512291
1754,0.32692544183311345
1755,0.7175963107407305
1756,0.747184817939357
1757,0.12856667965493224
1758,0.26574248668604045
1759,0.7866386500672428
1760,0.19572310122201864
1761,0.4093349567837356
1762,0.763831225031852
1763,0.7237365522905956
1764,0.8431209728173577
1765,0.34915277776721565
1766,0.2335968561809158
1767,0.38721918279759876
1768,0.5424942177387974
1769,0.32898513760841
1770,0.1917679867582506
1771,0.9067182730163276
1772,0.791734982059829
1773,0.32257537554185345
1774,0.2301272460020869
1775,0.7372469474517622
1776,0.5177261386935615
1777,0.9148296373599463
1778,0.22594558837566134
1779,0.291888701859591
1780,0.7008689555626497
1781,0.15135576909618834
1782,0.190612700023114
1783,0.3577158064722599
1784,0.8289320893030416
1785,0.3989052576464829
1786,0.7364950271767977
1787,0.8621451817209587
1788,0.2516312386541308
1789,0.3079425514286087
1790,0.8216120595193307
1791,0.8233093271924052
1792,0.6636764883882872
1793,0.6093803895211308
1794,0.16741410205533588
1795,0.7281038117675559
1796,0.7098339472526326
1797,0.5786259951911836
1798,0.8048738323444161
1799,0.830410032702965
1800,0.8024541689214827
1801,0.21423338430731947
1802,0.8869636437724948
1803,0.7587191099226915
1804,0.5895977876287198
1805,0.7290911426914651
1806,0.4019733469849231
1807,0.7012218734871928
1808,0.47479978763971975
1809,0.4948073793211782
1810,0.7931155763450244
1811,0.3566672080475735
1812,0.7859025183336709
1813,0.6514004733080749
1814,0.5961835729646894
1815,0.4622748830357768
1816,0.8643426911980782
1817,0.7508676857668359
1818,0.5581181299869935
1819,0.23013586367277855
1820,0.5904553053111224
1821,0.6480823771779736
1822,0.6115839684995952
1823,0.6946484356320738
1824,0.834562693094089
1825,0.8636176248086671
1826,0.2235162105882912
1827,0.32812899449082317
1828,0.3866113130227695
1829,0.8387934831118035
1830,0.6060904992562284
1831,0.18153989802433818
1832,0.8770488637158099
1833,0.397529364035494
1834,0.9010796098184339
1835,0.7726384933916374
1836,0.861331255562245
1837,0.30559419762517337
1838,0.8990003137284324
1839,0.26369856678939385
1840,0.10073651717142694
1841,0.29041759557163965
1842,0.28368460603421797
1843,0.7453726624112257
1844,0.8590725042796459
1845,0.7233686950670164
1846,0.7938902927072631
1847,0.7956203911729622
1848,0.5279912905432124
1849,0.7675230287141961
1850,0.6507866757439684
1851,0.8100533265824735
1852,0.20554828633195618
1853,0.3086493320798677
1854,0.6563741564882296
1855,0.7069620341415517
1856,0.747259198277052
1857,0.7240036135635127
1858,0.568224797437042
1859,0.5724851560964637
1860,0.7383780191116789
1861,0.27045724383343067
1862,0.8119200802915432
1863,0.8129290878935496
1864,0.5439361020602593
1865,0.4737223864768839
1866,0.542409865614067
1867,0.6016745696109389
1868,0.37703805537568597
1869,0.3746093196270506
1870,0.7633478173356031
1871,0.42268487709990055
1872,0.2539059565584881
1873,0.7921690334610846
1874,0.771086704065105
1875,0.2816361922472651
1876,0.5821726512429614
1877,0.8626598532437941
1878,0.7022709292420759
1879,0.4540672758367661
1880,0.34862736334537897
1881,0.4418511096079014
1882,0.18812427325621095
1883,0.6325093413083847
1884,0.6101176790718437
1885,0.30636603448772065
1886,0.15010745439194761
1887,0.7300217958964299
1888,0.3883198562343309
1889,0.3620766511875033
1890,0.3964260418621649
1891,0.5031706126007551
1892,0.24619031166218075
1893,0.4882061768735902
1894,0.1888291505356419
1895,0.7243088304766133
1896,0.5048233444997929
1897,0.4551639094753681
1898,0.5580431187970375
1899,0.9094026920675518
1900,0.5133753815328346
1901,0.6806435310735179
1902,0.42136628478805255
1903,0.8291914670605759
1904,0.6208454395276727
1905,0.7160562292918136
1906,0.5010734050537308
1907,0.28463785104894906
1908,0.7891642538507944
1909,0.8645595868573751
1910,0.6399195033610465
1911,0.2937864354548697
1912,0.6064952417134223
1913,0.9105580927843955
1914,0.19263834839917543
1915,0.4865532638825433
1916,0.734782240381571
1917,0.660022161520436
1918,0.16339567777446734
1919,0.7945889054586033
1920,0.7669196113936035
1921,0.7132473277743211
1922,0.382103929136135
1923,0.5137780389018408
1924,0.719224659213823
1925,0.3859125382063246
1926,0.7995501679210825
1927,0.22008889077829122
1928,0.8134792102421896
1929,0.8455365208710977
1930,0.7111789368502572
1931,0.8371789941311296
1932,0.32802895563002793
1933,0.7785219099077847
1934,0.839246717334007
1935,0.3989914074145303
1936,0.5700785580867089
1937,0.29332174195767435
1938,0.5744922026524505
1939,0.29673705893923225
1940,0.6769151915760555
1941,0.565161511104741
1942,0.8770503039828829
1943,0.8074517147508351
1944,0.3964616830919655
1945,0.7921725214337401
1946,0.4264795142461434
1947,0.8694105076363163
1948,0.28319452144028295
1949,0.40614907253001065
1950,0.8152629477234705
1951,0.31007590316626576
1952,0.508195976624376
1953,0.32497883009812395
1954,0.23052848586497973
1955,0.7744606068328982
1956,0.772021870007968
1957,0.6024695932552886
1958,0.713354864589963
1959,0.5456446276254339
1960,0.34281286462452754
1961,0.6180539180194254
1962,0.8668751657066964
1963,0.433383153768383
1964,0.27329816372616395
1965,0.3422355557112269
1966,0.6384712673394628
1967,0.5220150795649843
1968,0.8442728376639239
1969,0.49093400493129574
1970,0.16334547685317546
1971,0.8439121247019004
1972,0.1645200673889928
1973,0.8346508041210293
1974,0.8417723760829631
1975,0.3734555244264758
1976,0.3216894118133455
1977,0.49642114750026306
1978,0.15564322632801053
1979,0.6479886842256813
1980,0.27426254928392513
1981,0.16182958964778887
1982,0.6020604573361868
1983,0.20222176228007685
1984,0.38852688890975906
1985,0.797537803306925
1986,0.8028068218995165
1987,0.6947048373998123
1988,0.7413499343422498
1989,0.7782226128987165
1990,0.7400042004707106
1991,0.44297308354680154
1992,0.6863909989389891
1993,0.18125334504624832
1994,0.2916819112960809
1995,0.331783840709918
1996,0.7718089497197221
1997,0.8046845987288801
1998,0.25937692387843087
1999,0.6110635175112675
2000,0.23983282129607836
2001,0.7898013428075636
2002,0.5949609684394455
2003,0.606802711213469
2004,0.8372275315834661
2005,0.8574231048889521
2006,0.8565022870727091
2007,0.30160242912569485
2008,0.18456698849581887
2009,0.41763495451733523
2010,0.3569658051146981
2011,0.9279982332563053
2012,0.2318039690974537
2013,0.7938197299443113
2014,0.2986705618515976
2015,0.7157034809022774
2016,0.4936136998412881
2017,0.7818331188911843
2018,0.5321858080768489
2019,0.8564638389233172
2020,0.7571868182880153
2021,0.865922505022639
2022,0.7697661847718092
2023,0.43642691053650645
2024,0.5832609091493663
2025,0.4388110207245008
2026,0.7014668116956643
2027,0.8512979243652908
2028,0.5143124127882132
2029,0.45723417225820673
2030,0.16371527178213255
2031,0.7425272188236067
2032,0.8548327358950196
2033,0.847451781940669
2034,0.8796993882490942
2035,0.7008676897506002
2036,0.6087467529238477
2037,0.7336478198897427
2038,0.5416446174654552
2039,0.842435042751578
2040,0.4916520957354875
2041,0.27439606233637037
2042,0.2091269737806209
2043,0.12714213078143416
2044,0.36489344488351133
2045,0.36277908082130206
2046,0.2236164281071576
2047,0.5066106627911682
2048,0.5534350867334725
2049,0.5588340541377274
2050,0.8584101523115942
2051,0.7293003338418429
2052,0.7881676798984234
2053,0.8724105388629473
2054,0.21942623407112416
2055,0.7113894634024501
2056,0.6192324914105817
2057,0.5468219526599958
2058,0.8382306478324826
2059,0.4993039120080485
2060,0.593455495573353
2061,0.15879621762854565
2062,0.7274122736589462
2063,0.7703977795005709
2064,0.28513707050399484
2065,0.8645074467587576
2066,0.6197146240579108
2067,0.8676265752567871
2068,0.2692634633204311
2069,0.6092876133300832
2070,0.6502880620109366
2071,0.30929304190581525
2072,0.2244530234789184
2073,0.45759798531033324
2074,0.1996203711244808
2075,0.630390703798365
2076,0.8452493614503949
2077,0.2519640955919895
2078,0.6994093873847546
2079,0.7857911072268926
2080,0.31230836900038617
2081,0.18058465525416795
2082,0.4340823097820558
2083,0.842665849322056
2084,0.8521355069586297
2085,0.3273536834119872
2086,0.20592996194898033
2087,0.5117760123217556
2088,0.5245735712003378
2089,0.7180603587511744
2090,0.43997086299422417
2091,0.33971294696962734
2092,0.31189140041694885
2093,0.7559659177472581
2094,0.36977321504642424
2095,0.30354294878926324
2096,0.7440876526844497
2097,0.8173561383759095
2098,0.6758171129364154
2099,0.5769684873736965
2100,0.6624797304547982
2101,0.6870096351854352
2102,0.4546337421587687
2103,0.3511391814165457
2104,0.6042254742230844
2105,0.5325005907160061
2106,0.6509117699508151
2107,0.34377237259023774
2108,0.6813979720810694
2109,0.6666472678878509
2110,0.7992147155220609
2111,0.8631312953515902
2112,0.7298346102472633
2113,0.277710561743597
2114,0.370951573371779
2115,0.5808441309682102
2116,0.43628550278020356
2117,0.5929523625922517
2118,0.1871761661714926
2119,0.7683880144734185
2120,0.3214743888588214
2121,0.21514231890358995
2122,0.6661521475178144
2123,0.5736609394587151
2124,0.7769947056560949
2125,0.6960246303352113
2126,0.1715273651281847
2127,0.18074717441178656
2128,0.48065774405568495
2129,0.560790647028269
2130,0.7068659077168378
2131,0.40298214303324265
2132,0.8737814806571242
2133,0.7057330870011301
2134,0.6265787423278608
2135,0.6289611910485223
2136,0.36835793621070834
2137,0.5817053308387318
2138,0.7175835305414564
2139,0.3509849563678949
2140,0.23618366979506414
2141,0.6287518038422406
2142,0.3224068447922177
2143,0.8929921541528937
2144,0.8097964804035828
2145,0.6606522353952395
2146,0.7872687041655734
2147,0.47651010062576366
2148,0.5531406915444088
2149,0.2815391960306758
2150,0.7708558510962663
2151,0.2810756379519947
2152,0.2973776271816601
2153,0.40229943626382353
2154,0.8632346995219664
2155,0.5651544733831444
2156,0.7055744106431554
2157,0.601319387458786
2158,0.36773882178974165
2159,0.4488460963031627
2160,0.3232457192954699
2161,0.7292414785599393
2162,0.7429145068233667
2163,0.8621557178098036
2164,0.41842640431493944
2165,0.12455957367748803
2166,0.5237075843634896
2167,0.5604139935655198
2168,0.7609742686409283
2169,0.6887596326424422
2170,0.7165001820860122
2171,0.47530914781969497
2172,0.32459342414848247
2173,0.2983271609809421
2174,0.8319970711791741
2175,0.8165109245300495
2176,0.31871898436181545
2177,0.1641643681644236
2178,0.8280641077537788
2179,0.31139234474080246
2180,0.34343643298976334
2181,0.8552542695877089
2182,0.5986469473520788
2183,0.18554965985802985
2184,0.26253806635922183
2185,0.22357664739784427
2186,0.6349344296659731
2187,0.21515330743016858
2188,0.47577206110606884
2189,0.8580219315754336
2190,0.884809903466495
2191,0.8241612051353382
2192,0.16034392628978708
2193,0.8870246915579176
2194,0.8155274649873594
2195,0.8543699716198393
2196,0.3726576171138666
2197,0.3256838067038506
2198,0.12913058731963878
2199,0.6058405883759896
2200,0.8973340507377312
2201,0.7617011849659171
2202,0.7801066890919848
2203,0.7367590490016781
2204,0.8875645737050136
2205,0.5094117839314178
2206,0.22456556736615157
2207,0.12160452569821807
2208,0.7703447533805639
2209,0.2709141012321221
2210,0.7044822074613447
2211,0.8292183312479611
2212,0.5416538116833252
2213,0.5539062969794544
2214,0.6790114303821222
2215,0.7347199238289158
2216,0.4220660959124055
2217,0.8311473750102715
2218,0.7120920380197483
2219,0.6904599469917069
2220,0.7271052288192515
2221,0.1412536467815439
2222,0.32756248480384104
2223,0.38320200260741655
2224,0.39804665897138564
2225,0.2580744722888773
2226,0.8630602469701841
2227,0.1895964058558383
2228,0.8521475234194569
2229,0.8359013543754032
2230,0.43957436300703584
2231,0.6186155021555692
2232,0.9169027129808338
2233,0.7503845910714746
2234,0.5681588334224333
2235,0.5562693749706629
2236,0.45685592065570924
2237,0.775045135649144
2238,0.6336792788783916
2239,0.37036527207398073
2240,0.6414407173724889
2241,0.3058648069177522
2242,0.6536519865791703
2243,0.7823940412196388
2244,0.13514217518814428
2245,0.29296895874211126
2246,0.13545947826873095
2247,0.33809814332255633
2248,0.6234884471098928
2249,0.2529763430973569
2250,0.4662002996283895
2251,0.5638802605018284
2252,0.245505947985038
2253,0.5272020326215152
2254,0.43825838020894514
2255,0.6042781598431537
2256,0.39824577110583986
2257,0.613373231146132
2258,0.8945015209107584
2259,0.33293539339055733
2260,0.8665787082563194
2261,0.6940839796272267
2262,0.26489156482022275
2263,0.34268025140057257
2264,0.3450454190888237
2265,0.48398308772955456
2266,0.3799010942580161
2267,0.5564129982582291
2268,0.29314211045030536
2269,0.6189792290400284
2270,0.8269705625645954
2271,0.5785634945975952
2272,0.7393993203776975
2273,0.47712656922947894
2274,0.8704511721180028
2275,0.2727949680680235
2276,0.9043174460529221
2277,0.8372798307847663
2278,0.7602217725508397
2279,0.5915387325816226
2280,0.7800066636616231
2281,0.5434362611572782
2282,0.52195823388744
2283,0.5161666947838324
2284,0.779861500172756
2285,0.6589375211320477
2286,0.31408882800239185
2287,0.1920392496964943
2288,0.6469254230467183
2289,0.643894216495192
2290,0.7290931481320229
2291,0.8138530700625697
2292,0.7122750476127424
2293,0.28103902438059264
2294,0.644941157078278
2295,0.15754694011975268
2296,0.7662930025382956
2297,0.8463840070671788
2298,0.748948607758615
2299,0.4730675245914721
2300,0.8288514429210173
2301,0.366470199768284
2302,0.8787624035066638
2303,0.6681044656451602
2304,0.8006909580708067
2305,0.6808721173243625
2306,0.7665104620183686
2307,0.26852619311376746
2308,0.2463348559844298
2309,0.8474994185199481
2310,0.7226796054439785
2311,0.3365284156520133
2312,0.3972467443427424
2313,0.3874648497189635
2314,0.45844326216068987
2315,0.6594868447458626
2316,0.9323527372636617
2317,0.9136277655187035
2318,0.8646885349855755
2319,0.8553264056919324
2320,0.8322099171442836
2321,0.5530309746526314
2322,0.8003633205338438
2323,0.45597210659868337
2324,0.7187661182823247
2325,0.19739037047727323
2326,0.6604755877756863
2327,0.21279502909044634
2328,0.3686167176167355
2329,0.4701084273435047
2330,0.7482912634007968
2331,0.5055388440034212
2332,0.6909489757684383
2333,0.8603085857256002
2334,0.739556676957478
2335,0.5832354107361598
2336,0.7111164509348896
2337,0.48781539606871455
2338,0.7669391131396089
2339,0.673071798294503
2340,0.8082128015906349
2341,0.9088960735847504
2342,0.3683127307097633
2343,0.7344642414258427
2344,0.7482548934545377
2345,0.4830446593373478
2346,0.864951783308056
2347,0.6159795208427457
2348,0.7525813752581527
2349,0.8664488191386679
2350,0.8361790346389897
2351,0.7245565799076559
2352,0.39711087782663834
2353,0.7859480610909977
2354,0.17006833878557323
2355,0.8693535389853078
2356,0.9189691258576536
2357,0.18280163410571212
2358,0.36130125272199565
2359,0.26580026168530313
2360,0.16722096745878087
2361,0.8575838587776604
2362,0.48832509606403146
2363,0.5525817854173593
2364,0.866907759878156
2365,0.7724033492795239
2366,0.8329724793480994
2367,0.7380702483592257
2368,0.7833967256834551
2369,0.889799250762967
2370,0.8507013228391005
2371,0.5849567153105006
2372,0.7753197103635225
2373,0.3039389098103113
2374,0.4846215522556566
2375,0.7125136592495595
2376,0.8061755839661706
2377,0.8696621752604174
2378,0.6997782688318057
2379,0.7309926836054259
2380,0.17664310666498237
2381,0.7192080041771222
2382,0.47142787167894507
2383,0.23124008702955579
2384,0.7752079088745671
2385,0.7312333528005467
2386,0.6621570426952325
2387,0.301341819266123
2388,0.5304225579984196
2389,0.44796888390315137
2390,0.1671233621788355
2391,0.3721904694282337
2392,0.8655844231948555
2393,0.5101727837724845
2394,0.7552205885775031
2395,0.2677948176372794
2396,0.5614618461719906
2397,0.18205138183602823
2398,0.4870753007432243
2399,0.8025446825852076
2400,0.6258916911926856
2401,0.3119101472593525
2402,0.28924262953253493
2403,0.8431185237876948
2404,0.3854578365786921
2405,0.6819339534609243
2406,0.36588575861747313
2407,0.33510089778104046
2408,0.4807808382577414
2409,0.7586562676532913
2410,0.5829386346860115
2411,0.8908420451593669
2412,0.7495572264166988
2413,0.677870973308469
2414,0.4337484850137173
2415,0.7258141272797873
2416,0.2870466866320261
2417,0.1974259711414537
2418,0.1768055931005363
2419,0.6225729324559197
2420,0.6909009254369768
2421,0.5944461190035816
2422,0.8921594444156141
2423,0.6960113613803326
2424,0.8306121058110674
2425,0.22792088539619976
2426,0.7684373989099277
2427,0.18103842065285689
2428,0.3522399445415948
2429,0.6487544132756499
2430,0.5446120914029211
2431,0.767556052557467
2432,0.3581124989582839
2433,0.545898885397257
2434,0.8299241803432346
2435,0.8779928044162054
2436,0.876161791711962
2437,0.9179893884779321
2438,0.8357440800769539
2439,0.43109817319341226
2440,0.8186020554138196
2441,0.8071902844345876
2442,0.6236071751644039
2443,0.8447291962112561
2444,0.7702024336023339
2445,0.4624546304424956
2446,0.9028304433961417
2447,0.45080693185798065
2448,0.8076578164309189
2449,0.24275680852904835
2450,0.3356065998039372
2451,0.7066851013356543
2452,0.8403120734320798
2453,0.656585094173572
2454,0.9015909566007259
2455,0.2863142472822439
2456,0.8892092468777223
2457,0.25340272888058757
2458,0.36612470730437435
2459,0.791238693864217
2460,0.17375567646287948
2461,0.45850061690838756
2462,0.5527030411223025
2463,0.4575340128165607
2464,0.8505297164809417
2465,0.838668765538709
2466,0.45818506294596284
2467,0.668934398233642
2468,0.5925442998848278
2469,0.9166669341133615
2470,0.28702959853309723
2471,0.6918800163498131
2472,0.49280134175746326
2473,0.7071360590858191
2474,0.8429852906065957
2475,0.6493587767120799
2476,0.4533549519638703
2477,0.7414783567228727
2478,0.7572660982115313
2479,0.840913256692361
2480,0.7793405399010314
2481,0.7214111605966782
2482,0.37657461822121263
2483,0.6031306484766201
2484,0.40022609060725267
2485,0.3068083030922921
2486,0.3816953636424509
2487,0.4662387570121861
2488,0.20709781632267069
2489,0.9258034562530255
2490,0.6044671614997467
2491,0.7828033266791145
2492,0.9036402841889585
2493,0.45943886385262045
2494,0.6710890599549532
2495,0.23660371457297721
2496,0.8973429681437958
2497,0.7991157795292618
2498,0.8713782467236326
2499,0.25344261069872837
2500,0.3270318741656344
2501,0.7304772216820947
2502,0.16545959507059554
2503,0.522243297434598
2504,0.3986923738982733
2505,0.8240537738411379
2506,0.8266891929389044
2507,0.8172889846255903
2508,0.28139123898741975
2509,0.22872745582942303
2510,0.635321644207283
2511,0.14926132748461093
2512,0.7375548856001044
2513,0.5605943779821888
2514,0.40311555226039786
2515,0.3893304094248693
2516,0.5444999149986343
2517,0.8255647300017092
2518,0.1570274061053626
2519,0.7960599898364892
2520,0.7764266288754148
2521,0.3909043760676142
2522,0.7708111362021219
2523,0.39091322533868944
2524,0.6392223753708196
2525,0.9036369054999427
2526,0.2416530852340432
2527,0.5714156778584802
2528,0.7132116124772898
2529,0.9005039331267255
2530,0.7806655094549284
2531,0.2646864429845527
2532,0.3728296466354167
2533,0.2743858654594758
2534,0.6822935275603458
2535,0.44360578924429034
2536,0.29111503375696723
2537,0.35811550073933557
2538,0.8631468382984264
2539,0.2757221727941093
2540,0.24041597228192954
2541,0.6224602737133423
2542,0.4899370449235476
2543,0.8522718985174094
2544,0.22480717787006027
2545,0.7783726734340868
2546,0.8031836560483251
2547,0.4602739615438956
2548,0.36859258168751374
2549,0.586911917559036
2550,0.680467663881631
2551,0.5678470377977183
2552,0.5207456212874644
2553,0.6753684025030005
2554,0.8196543710570027
2555,0.7776167635238448
2556,0.18783565543624825
2557,0.34474448064173663
2558,0.8313095818988171
2559,0.4926312739081159
2560,0.3847026067832681
2561,0.6241126331432977
2562,0.8029156126761431
2563,0.556438439124584
2564,0.512927287630853
2565,0.5502192423927033
2566,0.6951472566992092
2567,0.17613568090901546
2568,0.7874909930905968
2569,0.673204660407386
2570,0.27183329638225595
2571,0.3900160404323386
2572,0.6474089617537786
2573,0.2753324454178806
2574,0.7897665971017136
2575,0.3891681672408871
2576,0.15613643652236348
2577,0.42605810162525565
2578,0.7286147469898957
2579,0.5918844012241705
2580,0.533919976690174
2581,0.24027931262029822
2582,0.6162970585412267
2583,0.7107302197791658
2584,0.5272648646730084
2585,0.3213346730776043
2586,0.4736372477752827
2587,0.2989358633236441
2588,0.47201844092769196
2589,0.5006610040051317
2590,0.3057373177066447
2591,0.870874557438007
2592,0.3653520487757322
2593,0.7530546063465764
2594,0.4218119966894876
2595,0.12095189526056199
2596,0.2584248330697268
2597,0.14615379845281046
2598,0.5841246021472376
2599,0.7198849732330701
2600,0.7703864704637493
2601,0.3435966180830461
2602,0.30381224941337215
2603,0.4590114245514832
2604,0.7694497908377911
2605,0.511693973626065
2606,0.9045330633615722
2607,0.7489161785212035
2608,0.8019167129765097
2609,0.3734633548103953
2610,0.15965457865206054
2611,0.9099547521795757
2612,0.10018762312856004
2613,0.6738174046647003
2614,0.24661262039196005
2615,0.4398385233983929
2616,0.7834248382519526
2617,0.4661916459619799
2618,0.5982585617569272
2619,0.6326781730813352
2620,0.723809917627401
2621,0.8786170579412406
2622,0.44095580423391034
2623,0.7477113441719008
2624,0.3615785025670897
2625,0.3493396889611913
2626,0.8922079089528624
2627,0.3683130630151258
2628,0.4093736551671583
2629,0.3479812574267065
2630,0.9191331446791737
2631,0.32024976726708315
2632,0.3655080472684003
2633,0.395990603335189
2634,0.3170692679435676
2635,0.19840499964742336
2636,0.6830294442680834
2637,0.3693409563580494
2638,0.8309066847759982
2639,0.7777320815234202
2640,0.8617980346184577
2641,0.8801422491942773
2642,0.8461331615155601
2643,0.709220819781588
2644,0.7470885665788916
2645,0.8950614784649548
2646,0.8858469098005742
2647,0.2712861751382434
2648,0.6624595463827253
2649,0.8041282719096385
2650,0.22142549194902095
2651,0.7586003910863253
2652,0.44337962825097293
2653,0.8522952530877951
2654,0.7580551293746556
2655,0.7811181085937211
2656,0.5194341678003819
2657,0.7294522206815524
2658,0.3275791917267662
2659,0.5352184812188946
2660,0.7482675025412038
2661,0.5471347022635697
2662,0.23979910804891516
2663,0.4172418376177634
2664,0.5103059234795101
2665,0.8664917084608578
2666,0.8025409684240238
2667,0.5470123975757665
2668,0.7203835596421696
2669,0.6430912094593221
2670,0.7363496066856647
2671,0.7684894300644208
2672,0.3588387603874124
2673,0.16526776657818684
2674,0.7258085272201842
2675,0.2939010217293359
2676,0.32209960042127417
2677,0.8251312701313918
2678,0.7662097049604039
2679,0.7235230851551786
2680,0.8283961433997582
2681,0.7968521301496351
2682,0.28806683570786584
2683,0.36896334952505155
2684,0.28333813098001
2685,0.6772012472541198
2686,0.4344400981728969
2687,0.8737053903393641
2688,0.6742810479267786
2689,0.9231575027881964
2690,0.6180828172485715
2691,0.5989158742113853
2692,0.6983674050175956
2693,0.3992612120268673
2694,0.5461494893864476
2695,0.63223562632143
2696,0.7755611849734289
2697,0.24463984606401645
2698,0.41429922235148675
2699,0.2697710814310042
2700,0.7888435295548892
2701,0.35561556403596706
2702,0.31936569843380735
2703,0.546134836555547
2704,0.3806115481924635
2705,0.4606837430407352
2706,0.6791262112277926
2707,0.8318553286893857
2708,0.8463738942737812
2709,0.825373051173897
2710,0.2501567859120038
2711,0.7186867121384397
2712,0.15522909178248076
2713,0.40199315309841976
2714,0.8252821045411044
2715,0.14179234023253787
2716,0.385821488991842
2717,0.5562886721296283
2718,0.3863599730102151
2719,0.690209798110334
2720,0.4664459552446042
2721,0.786440280121219
2722,0.25657899183291094
2723,0.9036000667400771
2724,0.7005592707715426
2725,0.1410527609903156
2726,0.14657750522982063
2727,0.64300254280439
2728,0.5955482850088678
2729,0.37599314989882376
2730,0.7826432680189397
2731,0.6203207349594656
2732,0.8376295072030155
2733,0.8819030972035992
2734,0.6989696569435583
2735,0.7005740491825521
2736,0.6908241905003534
2737,0.8194749043284761
2738,0.6283009453566728
2739,0.15107182174949496
2740,0.706410968765858
2741,0.5555174630121369
2742,0.24838115268546368
2743,0.793765169062102
2744,0.7411157333212826
2745,0.22521650715514485
2746,0.2662066424558075
2747,0.5931254391386479
2748,0.2987205639331989
2749,0.7003294605565094
2750,0.6939858717741118
2751,0.8342748788154287
2752,0.3327971686885303
2753,0.15256109575248492
2754,0.36851462824100706
2755,0.3166495818135178
2756,0.21626193960936885
2757,0.5730917885345084
2758,0.612701586885722
2759,0.20850428957132117
2760,0.2482159538740945
2761,0.6542572460549239
2762,0.32612333595345955
2763,0.8695902842041537
2764,0.6752041642616402
2765,0.21429141170158744
2766,0.3260922484465393
2767,0.39825188945452805
2768,0.4297329918975001
2769,0.28020908800492683
2770,0.4273682272911369
2771,0.40048205457192587
2772,0.70758685236133
2773,0.6780567966211146
2774,0.5053366474337636
2775,0.8825038581539453
2776,0.22472067973944512
2777,0.7280143852084898
2778,0.5455269821562416
2779,0.15025958737906295
2780,0.6967330961990832
2781,0.4890162600109123
2782,0.8321218956033877
2783,0.5263507464431227
2784,0.18987016416319297
2785,0.6725105709401877
2786,0.391743273497738
2787,0.7694954944641066
2788,0.5757583319875526
2789,0.8606775799682796
2790,0.3628175526488753
2791,0.48940262132699236
2792,0.8216849642676604
2793,0.6195265207920153
2794,0.295686614815147
2795,0.7768953608734357
2796,0.7135881695679137
2797,0.44542308464959957
2798,0.760514816894476
2799,0.7235545440365029
2800,0.7028548174799275
2801,0.7489196360956337
2802,0.5001339730643425
2803,0.4734448773537807
2804,0.14025513972305886
2805,0.7515074809802466
2806,0.3894431935975969
2807,0.8564355807138718
2808,0.8077047960232513
2809,0.5205637067013665
2810,0.17020058320548853
2811,0.16282788692105765
2812,0.42790403377241615
2813,0.7188949282503285
2814,0.7365434108458386
2815,0.8709383683213638
2816,0.35199217593665955
2817,0.1931440133466776
2818,0.4679119062654549
2819,0.8078424463208866
2820,0.7404070589102413
2821,0.5511203430010922
2822,0.8526877299351042
2823,0.8494671494173704
2824,0.8134152745661014
2825,0.35715417100486957
2826,0.6941209564367901
2827,0.8807771698750103
2828,0.7408478530283148
2829,0.870776432452122
2830,0.770485162735672
2831,0.2648759259121367
2832,0.7996825067564752
2833,0.39142679162886673
2834,0.39237916666285405
2835,0.5892763651903727
2836,0.7786998039983198
2837,0.2102408352103086
2838,0.4259349909197643
2839,0.690580464498549
2840,0.5194884351375721
2841,0.723517402309811
2842,0.34232565751897315
2843,0.594572227518049
2844,0.3889618416383168
2845,0.5672250105649483
2846,0.37070474033393297
2847,0.8127024900023135
2848,0.3840794440849178
2849,0.27533834884834696
2850,0.743799152076558
2851,0.35282177837754214
2852,0.2520410797277015
2853,0.4261209206682594
2854,0.25079703755671984
2855,0.6236560337322192
2856,0.17023053258288984
2857,0.5608408519791364
2858,0.5790819755297044
2859,0.38215604465612196
2860,0.7887096801704425
2861,0.6569384381471792
2862,0.531972274014579
2863,0.38360827184794166
2864,0.8686508151253989
2865,0.28378038198458244
2866,0.4606061070065639
2867,0.8912151773624287
2868,0.7287352840862025
2869,0.3930771803500654
2870,0.32172397528931546
2871,0.48535028508442163
2872,0.40012762281484937
2873,0.6245847557939516
2874,0.7055124591127504
2875,0.8947389773035725
2876,0.6956565172261762
2877,0.8486896091473554
2878,0.7997201019039926
2879,0.24853146637285803
2880,0.28295598661798654
2881,0.566326695287834
2882,0.6161174860340973
2883,0.8679793746430547
2884,0.13069632377357704
2885,0.2937831111876903
2886,0.6947908649667405
2887,0.3259982393654517
2888,0.4895545017462183
2889,0.49575955533357224
2890,0.8978864310808948
2891,0.8094245844094147
2892,0.8285350627424289
2893,0.8056078200424449
2894,0.5273697999443443
2895,0.8205566106476995
2896,0.8878050641584491
2897,0.39972466192706035
2898,0.8101016043244689
2899,0.7245312869308617
2900,0.8347319424562905
2901,0.7951518320473472
2902,0.609883502614552
2903,0.6336081625240997
2904,0.9088684300303086
2905,0.8318269765159256
2906,0.4333986711509318
2907,0.21864272518742342
2908,0.5084748006885018
2909,0.20371769657609515
2910,0.8003596558352802
2911,0.6593225175454547
2912,0.8381709742001516
2913,0.31298180069083753
2914,0.3652614278127879
2915,0.4010555015901945
2916,0.43462303791856005
2917,0.8509413753488938
2918,0.6975817408116698
2919,0.6135071019632009
2920,0.4508165332317246
2921,0.2306030984276583
2922,0.4376071300088435
2923,0.423626253588334
2924,0.2244452818087018
2925,0.880668909610039
2926,0.8274632280297074
2927,0.46373057163599696
2928,0.4892321419172362
2929,0.25712566213533866
2930,0.601971513070029
2931,0.676380169652864
2932,0.914492415980431
2933,0.807910829153191
2934,0.7362297210437161
2935,0.758195327470481
2936,0.8508009117009884
2937,0.337994946723856
2938,0.13340842399523228
2939,0.3283272956733703
2940,0.2589280984470933
2941,0.8226386292991563
2942,0.6155079970767492
2943,0.7792396041320377
2944,0.39305954930560394
2945,0.48594099635346505
2946,0.7507713119774835
2947,0.43379074127309053
2948,0.3859890974972766
2949,0.9186545166838422
2950,0.36616861029085623
2951,0.5335360829369828
2952,0.2911881608392737
2953,0.28051950557440863
2954,0.15291232161842808
2955,0.5937051915741469
2956,0.28271621297499583
2957,0.9102443357871615
2958,0.2646850363430119
2959,0.6634435397085272
2960,0.9175903057919109
2961,0.24733222103352814
2962,0.3839451018179889
2963,0.7702675923738223
2964,0.6940309495030554
2965,0.6491840615763652
2966,0.26962652266685444
2967,0.4925337655193712
2968,0.8036374689822092
2969,0.1592991029017238
2970,0.21157076806091513
2971,0.4058630314248623
2972,0.8876880134910594
2973,0.9113459526599016
2974,0.324143029126314
2975,0.2079003930838217
2976,0.8541280963862312
2977,0.17333315963669688
2978,0.8271571415411412
2979,0.6954645323064198
2980,0.838245482384166
2981,0.5640254551820916
2982,0.7381837849552368
2983,0.7821256832266292
2984,0.30504757847973163
2985,0.556863797165365
2986,0.4647743632231178
2987,0.8459386007356738
2988,0.8986747659590105
2989,0.8129711582357744
2990,0.6783136395289046
2991,0.3338338040995229
2992,0.4278880256901261
2993,0.4111825017921302
2994,0.22911280917575969
2995,0.5405129541501871
2996,0.568034464539009
2997,0.7489902490093081
2998,0.6789455063761263
2999,0.7147866427158862
3000,0.1820841957859676
3001,0.739877574047201
3002,0.37013643667065793
3003,0.7903038074385437
3004,0.7624429030227928
3005,0.8177311564456995
3006,0.7390243286316108
3007,0.6665593436435701
3008,0.7812187499338815
3009,0.5691058726906757
3010,0.7249485101009655
3011,0.360579206940864
3012,0.5167238141005847
3013,0.3228533953413362
3014,0.8687672733307218
3015,0.7347403070865586
3016,0.7460000106636662
3017,0.5286150851566268
3018,0.5139223056138136
3019,0.46063925040133397
3020,0.7002905273983299
3021,0.6282149955992896
3022,0.23070600887791162
3023,0.40192049981685024
3024,0.23175900140587066
3025,0.6899544939700287
3026,0.5176264230667075
3027,0.21146622239657564
3028,0.796270806444655
3029,0.30566645187035996
3030,0.7068524775627278
3031,0.18897223745840455
3032,0.8978076896116458
3033,0.2904106323798558
3034,0.6178491851913396
3035,0.8206171800170039
3036,0.2373568926836439
3037,0.530657310605041
3038,0.45709575843525574
3039,0.7603874978895525
3040,0.8348008419173459
3041,0.8571693476397756
3042,0.7086024385638674
3043,0.7495430155291083
3044,0.798644819211701
3045,0.5935810759257883
3046,0.21773863546295386
3047,0.89940234416403
3048,0.5698782877577449
3049,0.2702613936053986
3050,0.773773451094476
3051,0.8803341787517364
3052,0.4933647848386792
3053,0.8054741727284798
3054,0.782936978419867
3055,0.5374184762129007
3056,0.2924386547674171
3057,0.46325385005714814
3058,0.6702936113708509
3059,0.83725744233034
3060,0.33793715215732445
3061,0.8277713838378793
3062,0.44537522219634895
3063,0.2711584227249568
3064,0.4815613709903914
3065,0.559393819895781
3066,0.5702854583872246
3067,0.8167630028402613
3068,0.36194727648767644
3069,0.52041878091376
3070,0.8205589740811527
3071,0.8663909367133605
3072,0.28233679273647505
3073,0.7650077760724119
3074,0.4156208696978664
3075,0.8072780753134468
3076,0.6562796392262726
3077,0.8763146239378252
3078,0.6628788220932258
3079,0.8258372561943352
3080,0.18073095680298318
3081,0.21672546796254702
3082,0.28860809406186205
3083,0.6390827824099935
3084,0.4196286719018083
3085,0.5842543551752275
3086,0.45854420932314877
3087,0.8224890569916933
3088,0.36480372037601866
3089,0.8497384457857992
3090,0.7292996295214645
3091,0.3930826116979081
3092,0.7656719400174017
3093,0.6502001122995271
3094,0.2526773855970187
3095,0.39747670065720697
3096,0.6550292578442212
3097,0.3867363930214818
3098,0.8048620999285537
3099,0.724948213018415
3100,0.639065265198712
3101,0.6487687582030868
3102,0.1497171985531912
3103,0.6266245711485284
3104,0.8703950667190473
3105,0.7597319185701263
3106,0.12211138784996502
3107,0.7458112695790915
3108,0.3962540879783558
3109,0.16567288344399028
3110,0.3806213387593214
3111,0.7117907194318421
3112,0.2531846999935949
3113,0.6309645634655936
3114,0.8449529060581292
3115,0.8529827465655854
3116,0.11005527250839756
3117,0.5685207939132357
3118,0.7981853975402615
3119,0.617010889121592
3120,0.8427580797949092
3121,0.27281853883810114
3122,0.7243762552949239
3123,0.18415936493470214
3124,0.1867932287446511
3125,0.37685106791382866
3126,0.15536749040837267
3127,0.8369042454899495
3128,0.3614560097111222
3129,0.3077450144875201
3130,0.7702286095866605
3131,0.6701163418445374
3132,0.3192758916805622
3133,0.7368513341705819
3134,0.1490696653964833
3135,0.6915633389068586
3136,0.5281902574218484
3137,0.7429602527527408
3138,0.8677658600054996
3139,0.6983909396185172
3140,0.2677384642698368
3141,0.2573168566966532
3142,0.7850584432176705
3143,0.8217154234737059
3144,0.7555340759599332
3145,0.8691566443801311
3146,0.8253030592781639
3147,0.8165462604833302
3148,0.3594387919500821
3149,0.7042269812803911
3150,0.27552305623793255
3151,0.24820863501160279
3152,0.45897050086168617
3153,0.3383451519029704
3154,0.8577555859137399
3155,0.4036325980272744
3156,0.6473730280704794
3157,0.7941640448917502
3158,0.8618580721423973
3159,0.8603398614513436
3160,0.3878309225425851
3161,0.8129406552028309
3162,0.4831658346115571
3163,0.5949729581626966
3164,0.6973149788817782
3165,0.712277351821351
3166,0.8658505248722907
3167,0.34018522795602557
3168,0.2675810880252327
3169,0.7163876581430031
3170,0.8700949785805873
3171,0.721784354809917
3172,0.3911849539120334
3173,0.7120728642052462
3174,0.6042137911674436
3175,0.9176487868596471
3176,0.8961853407936081
3177,0.6778486604588723
3178,0.1943837390888776
3179,0.8360839140551968
3180,0.7641956287908674
3181,0.4616978995152203
3182,0.7860016235722516
3183,0.9044443186752116
3184,0.14178374277120004
3185,0.3311053279315701
3186,0.646165158227589
3187,0.3186814016389674
3188,0.9106820420256574
3189,0.8103783347956373
3190,0.7940997402344817
3191,0.7415346443690987
3192,0.37649145842746323
3193,0.2933670390262814
3194,0.4864074143215876
3195,0.8037600196313411
3196,0.7762169722441532
3197,0.4080507188571633
3198,0.44568406208927164
3199,0.7736103944167142
3200,0.3574006423158082
3201,0.8176965703784116
3202,0.40271481361826794
3203,0.5822994183123881
3204,0.5999098734995768
3205,0.8743513922972821
3206,0.756319378863707
3207,0.4804841105860652
3208,0.632248147864049
3209,0.24120011725924695
3210,0.747795781097852
3211,0.4281473498900265
3212,0.8149901270806973
3213,0.26940541687399544
3214,0.5275186370746088
3215,0.5900244974272713
3216,0.424457277020869
3217,0.4866928935784189
3218,0.20988501361196454
3219,0.36424358639962257
3220,0.7700485116519818
3221,0.38528872518168067
3222,0.7852645318917021
3223,0.7602265498240888
3224,0.7934271524452777
3225,0.31668117209113295
3226,0.5566305500427982
3227,0.881850813708643
3228,0.6599843365773617
3229,0.10949147061471963
3230,0.6940590067258524
3231,0.721067202240472
3232,0.7834590967605145
3233,0.49592057420426044
3234,0.5286219736391209
3235,0.44421630477002416
3236,0.6739875308178387
3237,0.9087214971346876
3238,0.3238489624127838
3239,0.8642447920848987
3240,0.8273705486168519
3241,0.652388109917804
3242,0.8540922620948758
3243,0.7888720535046829
3244,0.6637563234957307
3245,0.6929217741690132
3246,0.622014748482254
3247,0.8815579820936742
3248,0.8716309726823648
3249,0.7784413492662263
3250,0.30794119307862144
3251,0.633556641844895
3252,0.8037480467456704
3253,0.6131487800687596
3254,0.34826169279618147
3255,0.645537399294414
3256,0.6902547827352365
3257,0.7502100315224762
3258,0.5659060453056582
3259,0.6829527180356607
3260,0.655011085123579
3261,0.4418917921322696
3262,0.22629220860845223
3263,0.12897044727561668
3264,0.8189903607564375
3265,0.5384002003281537
3266,0.8692149848362317
3267,0.21919472604808554
3268,0.8111208444625448
3269,0.19377636384801017
3270,0.6450366506857631
3271,0.7994917609706556
3272,0.16342600734073937
3273,0.5281474953105887
3274,0.16944577233780864
3275,0.2499567941954438
3276,0.7754436741893543
3277,0.48891672165835554
3278,0.5556022900869224
3279,0.7656196033744916
3280,0.7823424466482689
3281,0.7966356643589276
3282,0.5721031599764195
3283,0.2583788183732355
3284,0.907197266828573
3285,0.3291168310855064
3286,0.3904691849523855
3287,0.5000711772235864
3288,0.6119154956198315
3289,0.6629002098703018
3290,0.9139710969396091
3291,0.5876597480245458
3292,0.7581182692073047
3293,0.8918296210365692
3294,0.5751489878737631
3295,0.8649304485215139
3296,0.7747907768094163
3297,0.5865355990941893
3298,0.1557786590454845
3299,0.2961176777816116
3300,0.28028127546855575
3301,0.241835143037021
3302,0.22098404848780767
3303,0.29568322493796034
3304,0.3747685366958623
3305,0.8480515617388894
3306,0.3671827409984867
3307,0.8323881849271639
3308,0.838572983012679
3309,0.296568627317853
3310,0.16872597336322856
3311,0.5011431769684925
3312,0.5145564914322976
3313,0.6321027701355204
3314,0.806825828198624
3315,0.44260298839202905
3316,0.1803504271929271
3317,0.6247348191047238
3318,0.44395277619951584
3319,0.7443595812289725
3320,0.8962075376685246
3321,0.4365569405412818
3322,0.8590281680093678
3323,0.5068511636227953
3324,0.23567829072783003
3325,0.563018862109416
3326,0.1302323439434399
3327,0.240100983968823
3328,0.7701194044672127
3329,0.9108162041058483
3330,0.8475379112635609
3331,0.8953740409814152
3332,0.1579671144662977
3333,0.6168837705078156
3334,0.7694275808904553
3335,0.38096983672253076
3336,0.8183914996714351
3337,0.4003703068532049
3338,0.6382737806492241
3339,0.4874271903261154
3340,0.6439225537566756
3341,0.5347777089617406
3342,0.6512197923227224
3343,0.2716460991008211
3344,0.47101661452925
3345,0.17896956447738563
3346,0.7831926010772419
3347,0.8836096276483345
3348,0.6138338466558705
3349,0.6482497062709855
3350,0.8710598865967184
3351,0.41409068642168273
3352,0.678782428300443
3353,0.2861717199735786
3354,0.501841471511012
3355,0.7812692879848722
3356,0.8416672402545471
3357,0.8370739855633826
3358,0.19341160048069297
3359,0.627592355587012
3360,0.21096002434875383
3361,0.37278076630575063
3362,0.7855629524852881
3363,0.7171550657214049
3364,0.7194653208638075
3365,0.681443269725149
3366,0.7955700678170792
3367,0.8558487530300699
3368,0.20888924351046495
3369,0.8584540596542817
3370,0.5420245449094319
3371,0.789130117647399
3372,0.37668885597005897
3373,0.3930757398645557
3374,0.22936720000552868
3375,0.8159662194324883
3376,0.876260319749197
3377,0.15644735408370722
3378,0.8660729525400606
3379,0.43385670880881544
3380,0.3815709420378234
3381,0.47664546651249967
3382,0.8938550876788075
3383,0.15680565192448143
3384,0.7440533711701962
3385,0.7364269626309757
3386,0.8693847537238548
3387,0.42430193648153147
3388,0.38975722540094
3389,0.4376036250959814
3390,0.2800352311558385
3391,0.6672462773271015
3392,0.42831634232561416
3393,0.8755795607729593
3394,0.6883983723778236
3395,0.3151167389686182
3396,0.25165207891476077
3397,0.28549641638125584
3398,0.19068277395229008
3399,0.3529520059280189
3400,0.5176620412724591
3401,0.9213997770399948
3402,0.6446718420047951
3403,0.2370657554209843
3404,0.7219050041344351
3405,0.40987003053143667
3406,0.2827919949056059
3407,0.579309501343895
3408,0.5684289332265366
3409,0.8146940979901184
3410,0.5990133814774908
3411,0.37852266591621525
3412,0.8605503451418315
3413,0.21908710599891565
3414,0.40755975426277635
3415,0.6852623011372921
3416,0.820764934767235
3417,0.21040648545101748
3418,0.33568601510716145
3419,0.2972875105956014
3420,0.9236698143006175
3421,0.18589540448101208
3422,0.8436491661763776
3423,0.20220300423245896
3424,0.9033553366393691
3425,0.7891089607657576
3426,0.19236119648529057
3427,0.6290143266632146
3428,0.8529818068136024
3429,0.7660140722102405
3430,0.5451038179049285
3431,0.8354378064555769
3432,0.17249964641923254
3433,0.28364278824054423
3434,0.3492770372842273
3435,0.5180599203802997
3436,0.2728803081597829
3437,0.36368861297169125
3438,0.6381483020630981
3439,0.10052342879505555
3440,0.6431912149171068
3441,0.6057676254747555
3442,0.7340374628462417
3443,0.29393716326820085
3444,0.8679098930464495
3445,0.23898118497692966
3446,0.6319902026280578
3447,0.7828342154489676
3448,0.493659477645114
3449,0.6007756351669505
3450,0.11076379377972816
3451,0.48403308800720635
3452,0.8852275417717783
3453,0.938838281591117
3454,0.6224660592836591
3455,0.2470434829928994
3456,0.6386843955962225
3457,0.7871573066933836
3458,0.30534559874003214
3459,0.8835252308340193
3460,0.39234914215345507
3461,0.6126502633755391
3462,0.1693634295893518
3463,0.7363916549853267
3464,0.6391380703664229
3465,0.6104514324813453
3466,0.7551366518302218
3467,0.18320659463018288
3468,0.2381244378965234
3469,0.5655707492450655
3470,0.5238693887663355
3471,0.6411082660391447
3472,0.7042243257010494
3473,0.8869837293251484
3474,0.7497550116114475
3475,0.4741615097209818
3476,0.6997455357433512
3477,0.360560804016369
3478,0.438501854165532
3479,0.8852402334646499
3480,0.30207511007315274
3481,0.19571037359307353
3482,0.8753982175425202
3483,0.5324876479901977
3484,0.3109613677859458
3485,0.4055688640753337
3486,0.5547916387120798
3487,0.858725072725958
3488,0.8358923264393651
3489,0.28289454881750004
3490,0.7483472512232592
3491,0.8985860301275786
3492,0.8002858035775339
3493,0.8639805858605268
3494,0.3435492003765457
3495,0.7969932450276841
3496,0.6584448964987528
3497,0.8145783816620522
3498,0.2857502356266983
3499,0.1693514335207719
3500,0.32391977350751805
3501,0.4561090548185478
3502,0.3488448116524418
3503,0.6155941514969798
3504,0.4946575265374084
3505,0.5098055587049715
3506,0.49605905543592976
3507,0.26913665762388084
3508,0.618310336868349
3509,0.3267927436756993
3510,0.20131269449166989
3511,0.3558390048760798
3512,0.5279283412718252
3513,0.39860790651280986
3514,0.8785134722525229
3515,0.7809049803421634
3516,0.774058523735301
3517,0.4291569522014441
3518,0.8501507840126674
3519,0.464289833352127
3520,0.8580094514375041
3521,0.8459621386272653
3522,0.44375211273660503
3523,0.8211183800916331
3524,0.8924800263521074
3525,0.7239121804294859
3526,0.6936058440794194
3527,0.7451024641047446
3528,0.8006445537772942
3529,0.49478105184685245
3530,0.5098502437867103
3531,0.20204788810659866
3532,0.5368573031595997
3533,0.5046607512290235
3534,0.7299012049757793
3535,0.6940423664238451
3536,0.3087053861992125
3537,0.7233453981811366
3538,0.7616660108105392
3539,0.6187999059442593
3540,0.30172992566175966
3541,0.32800903779686214
3542,0.18500005238551825
3543,0.358577993978761
3544,0.30159842061937764
3545,0.7161508901308726
3546,0.41891365383795487
3547,0.5934629074851645
3548,0.8172115275112041
3549,0.8923610403173616
3550,0.5718671062801182
3551,0.8953136655162495
3552,0.3156413302687644
3553,0.7245041250877098
3554,0.26877445417761836
3555,0.6416255712287453
3556,0.8163520862900144
3557,0.6344326292409466
3558,0.7690491409329977
3559,0.35318776914233696
3560,0.629121229970039
3561,0.8051693671134532
3562,0.9337194991990495
3563,0.15259759130824305
3564,0.8754632452883075
3565,0.3130135224123459
3566,0.6860846314653407
3567,0.5009589226301063
3568,0.37262483562556564
3569,0.5225173622182387
3570,0.7940899278087451
3571,0.876821675932658
3572,0.17056835487805236
3573,0.546741175189987
3574,0.7687863971677555
3575,0.7568803926714014
3576,0.20486243361976805
3577,0.6333332635632436
3578,0.4189993713382148
3579,0.7856647503713997
3580,0.6181036193324456
3581,0.6446555676564103
3582,0.5267041945107215
3583,0.6392737958009405
3584,0.5152354013402647
3585,0.2851544697704106
3586,0.6902235918862016
3587,0.6224764330476451
3588,0.5952714963860287
3589,0.19010382273023277
3590,0.7234863622405537
3591,0.3085175989129678
3592,0.17689194905598948
3593,0.8231755446328166
3594,0.17762765027274569
3595,0.8577231664268011
3596,0.46231211653327553
3597,0.7982407208991106
3598,0.2072770881117782
3599,0.23907207281475235
3600,0.8845836756335363
3601,0.29528137717333314
3602,0.9321252483402636
3603,0.8050867089542474
3604,0.6537162621968018
3605,0.6698877921555801
3606,0.655551559046806
3607,0.6459564569400281
3608,0.3832774838517444
3609,0.7019739240827174
3610,0.8414697783810294
3611,0.6419889428095368
3612,0.7746688673217751
3613,0.3279867463937812
3614,0.8743198749070678
3615,0.1789871005776923
3616,0.8243741328609815
3617,0.3139261651848617
3618,0.8278536798880127
3619,0.9058617986072611
3620,0.4366929783035178
3621,0.20239932734745117
3622,0.48188334752247475
3623,0.9171814174903777
3624,0.8419828033110613
3625,0.20505492871809305
3626,0.579803337839963
3627,0.8278719379035847
3628,0.7958149513758569
3629,0.8770895006192239
3630,0.780958908077002
3631,0.2739818092166043
3632,0.3617256205729893
3633,0.7787447319347608
3634,0.6649144267058604
3635,0.889571931012256
3636,0.784869974821408
3637,0.658940460384414
3638,0.865950536079024
3639,0.39554564678365023
3640,0.20367546189542463
3641,0.7090515094089266
3642,0.44248853894538204
3643,0.8721385572529632
3644,0.44870971357522516
3645,0.1855471422205523
3646,0.8220712129973582
3647,0.3190792081327222
3648,0.4043009049204969
3649,0.48529927279164486
3650,0.3932473803282316
3651,0.7496093403692574
3652,0.806867356325192
3653,0.3684392687478995
3654,0.46476655549278845
3655,0.3944170953938323
3656,0.2627469781942075
3657,0.7632625858793961
3658,0.8180976595355878
3659,0.6303954706266457
3660,0.7595567886646114
3661,0.46512031420261046
3662,0.22848931986811055
3663,0.6552075516684724
3664,0.4212014237337211
3665,0.2468114002757138
3666,0.3407934022334962
3667,0.3339159665268493
3668,0.6170514970930377
3669,0.8460017790880416
3670,0.15856447796184842
3671,0.4065028074163145
3672,0.4816431481716751
3673,0.8728844796835933
3674,0.2699667454107828
3675,0.8474267348056331
3676,0.27986745343337677
3677,0.6954053830475185
3678,0.8186480557192097
3679,0.5096167998583974
3680,0.7236396406232947
3681,0.6447302313821827
3682,0.5901754813461753
3683,0.7326843814775881
3684,0.7730257372649214
3685,0.836729198636328
3686,0.4606074503315147
3687,0.6538159967166979
3688,0.5739120295334253
3689,0.7621852388900653
3690,0.5048832225950518
3691,0.769037490244727
3692,0.7243576195728572
3693,0.22178163252010075
3694,0.3898639967025227
3695,0.46574039910948706
3696,0.23312830891389624
3697,0.31052601523049717
3698,0.935542628381874
3699,0.5527802849616107
3700,0.8889877599358509
3701,0.9051021279220673
3702,0.5975262168089693
3703,0.7952319030856219
3704,0.5728719691653298
3705,0.19342156234930175
3706,0.9212736338851478
3707,0.4897532548322854
3708,0.792531434821141
3709,0.6755471229602096
3710,0.24395755697208446
3711,0.23423275094214052
3712,0.5497361089150702
3713,0.42286706499425225
3714,0.6849433110552364
3715,0.3035163220637042
3716,0.820768791290941
3717,0.3722177618316476
3718,0.49508853268727776
3719,0.8702874313050275
3720,0.74531562700095
3721,0.17581547631376934
3722,0.3455529850187912
3723,0.7746638118817106
3724,0.42672820905499936
3725,0.27580583630920513
3726,0.7934776476585554
3727,0.1806044947927688
3728,0.2667262956554888
3729,0.5504338521870172
3730,0.23152164956567398
3731,0.3909209428155861
3732,0.3223652941062534
3733,0.668096341269427
3734,0.6759836166931236
3735,0.8752731527508409
3736,0.8976485180315968
3737,0.8853799654830508
3738,0.294693058978959
3739,0.11468434972363481
3740,0.6652347379743342
3741,0.8210290230270156
3742,0.3500544099129735
3743,0.8981048461636374
3744,0.8697066380473253
3745,0.47949156240902513
3746,0.7382261801797878
3747,0.7488869376600139
3748,0.20950164717722425
3749,0.851926033676008
3750,0.3450133493554382
3751,0.4155363753902253
3752,0.24638363746541983
3753,0.743082596320861
3754,0.9201070887767497
3755,0.7572070903109566
3756,0.18480478421198965
3757,0.701461607025679
3758,0.7428499268032256
3759,0.8225589025693347
3760,0.6357567951722627
3761,0.6102838198964838
3762,0.13888057993533842
3763,0.7853559645546002
3764,0.6695299421463361
3765,0.537312761161636
3766,0.4065635131853692
3767,0.8231272109701917
3768,0.2950386411715649
3769,0.7373880768854464
3770,0.9025887402997368
3771,0.7543861013461692
3772,0.8617258412877177
3773,0.5588617121821228
3774,0.8088527291937293
3775,0.3777630283819494
3776,0.8167069025709901
3777,0.6287746718226399
3778,0.5076435617433366
3779,0.7867170471625282
3780,0.7901873358626458
3781,0.17926706506675236
3782,0.8796490667312981
3783,0.7277695869240182
3784,0.28736155864870405
3785,0.6931614504042233
3786,0.38441242084585
3787,0.7569694999487999
3788,0.6499171976848604
3789,0.6975173522446687
3790,0.8153545074410692
3791,0.21083744680937583
3792,0.1283543485597918
3793,0.5574504139963445
3794,0.6059031903841212
3795,0.4198631861975358
3796,0.136187598912653
3797,0.526059146237483
3798,0.5252487627372832
3799,0.6301707131008328
3800,0.3876239155169929
3801,0.2657564132456326
3802,0.9122375553667809
3803,0.23352711609640056
3804,0.382587644975518
3805,0.16146546945734688
3806,0.5387079484748607
3807,0.8438710316406612
3808,0.5040125828987864
3809,0.5820242867674914
3810,0.45124880970564685
3811,0.6606629520340205
3812,0.8694541013710638
3813,0.6256705968776738
3814,0.7150323930468381
3815,0.3478362303334147
3816,0.3673840564284222
3817,0.4762338714232686
3818,0.7927510733321635
3819,0.5465655833316276
3820,0.911754948561214
3821,0.3036086164950651
3822,0.25359100102203574
3823,0.3557831541688763
3824,0.8573155673384986
3825,0.8469134077766793
3826,0.13530947871978657
3827,0.21070356649181166
3828,0.5904633008540827
3829,0.3939505250573422
3830,0.42816235061372887
3831,0.8058091959143135
3832,0.2703411377112389
3833,0.3285690404284015
3834,0.1832984539499036
3835,0.29965124188798214
3836,0.6080606031796747
3837,0.8446164397119901
3838,0.6855333942873866
3839,0.4054979493747443
3840,0.8691942167138089
3841,0.5412894666268947
3842,0.8566149990613856
3843,0.7013014079074137
3844,0.5401390109264605
3845,0.5264044796140358
3846,0.8105465210781249
3847,0.44685495771450556
3848,0.5435034836506926
3849,0.8919848946248413
3850,0.2952073871660559
3851,0.7544954818378609
3852,0.4485793766790015
3853,0.6157774746796769
3854,0.33994388045396745
3855,0.5315510049475871
3856,0.8315559142784502
3857,0.9123492269179022
3858,0.539527366394344
3859,0.7400596919476365
3860,0.7276070263312817
3861,0.8285272575826055
3862,0.7018851555127327
3863,0.8654844574110662
3864,0.35240584817007287
3865,0.4625045650390805
3866,0.47196215649577966
3867,0.16167313404703026
3868,0.6549754804893566
3869,0.7854038123375874
3870,0.329343689810906
3871,0.37830831635473583
3872,0.6624461438213809
3873,0.4003714181605626
3874,0.3293116545204771
3875,0.15499328279614297
3876,0.4739179906253149
3877,0.5006965862696059
3878,0.7565186169207645
3879,0.7544832842725968
3880,0.18846494505278877
3881,0.29294310219537
3882,0.34973012184883506
3883,0.5827441226859174
3884,0.32537729053287345
3885,0.44339739340094214
3886,0.6685429816310444
3887,0.8223088322348097
3888,0.6925493370288937
3889,0.7050801712407716
3890,0.6612135454937877
3891,0.7516429805105241
3892,0.34037802617793733
3893,0.5081037116546187
3894,0.7598225247540425
3895,0.841147020909926
3896,0.6222966837853763
3897,0.33858976385013473
3898,0.6440580738670822
3899,0.770575412900274
3900,0.2527374974195995
3901,0.7006471359098342
3902,0.6704973469663575
3903,0.13926856022913423
3904,0.40495657698931714
3905,0.5638293348453365
3906,0.36297597840059276
3907,0.6939623797592905
3908,0.5557451535136573
3909,0.884798225661582
3910,0.2678672627742168
3911,0.4061253913233689
3912,0.7240067427938504
3913,0.8836300194978294
3914,0.1554267223175163
3915,0.678137062995856
3916,0.7819174186491175
3917,0.8741512628168566
3918,0.491939340874361
3919,0.21899533421303985
3920,0.7928193587178397
3921,0.2470077880483586
3922,0.8439637933727108
3923,0.7726938250613388
3924,0.5503001897540369
3925,0.8944711477638246
3926,0.3557125967994911
3927,0.7141813572564379
3928,0.8013196839320269
3929,0.16849097565058707
3930,0.7560793062177119
3931,0.8355888726391477
3932,0.13811826982756062
3933,0.3081153010055374
3934,0.8667340988412141
3935,0.7959330425711144
3936,0.8909066700645509
3937,0.8435229423820212
3938,0.8207199499319101
3939,0.5939478324693548
3940,0.30625416911201575
3941,0.16297757468991694
3942,0.42586052633429095
3943,0.23683335624335314
3944,0.7930481003418159
3945,0.2508927754890996
3946,0.20893018222835968
3947,0.40392822393049294
3948,0.8530414167670394
3949,0.7636495557145917
3950,0.6024163050892136
3951,0.6047127802912667
3952,0.7891146753874527
3953,0.5785895566779197
3954,0.3741281417520492
3955,0.464888189827084
3956,0.5389922061991056
3957,0.7664331432466911
3958,0.1459374587572112
3959,0.17887449818738038
3960,0.9047806825515551
3961,0.8210813624094311
3962,0.7587532910634404
3963,0.34329252547115463
3964,0.5146233882331038
3965,0.26127644323688526
3966,0.5279460502514304
3967,0.39171652960516984
3968,0.821810090268052
3969,0.8229223659693615
3970,0.5912714619808344
3971,0.9084228010045116
3972,0.4508033921797785
3973,0.5992303022257687
3974,0.8644189831395646
3975,0.7214045562990626
3976,0.631395388072638
3977,0.7060662309413488
3978,0.2796356118966635
3979,0.4404217340519257
3980,0.6535873278935997
3981,0.2790846227484205
3982,0.42700104601909855
3983,0.4043947848758869
3984,0.8778663908101756
3985,0.47985559619160023
3986,0.5216089494606798
3987,0.7512062660370576
3988,0.8830680627044001
3989,0.4997335603528379
3990,0.32284835992374106
3991,0.6241475999141324
3992,0.4182371023063475
3993,0.8148335061862955
3994,0.48291065996508953
3995,0.7286091474723174
3996,0.5215375435811335
3997,0.5173141883092925
3998,0.40127731387293586
3999,0.8202609694987575
4000,0.6539906089322047
4001,0.5660640117542124
4002,0.49702948672238967
4003,0.6695654660478714
4004,0.43763934355125533
4005,0.5370740107695487
4006,0.26683464353046443
4007,0.8324169711663233
4008,0.874260385452103
4009,0.5201268369532307
4010,0.421093896833487
4011,0.39788101331257336
4012,0.281012885021811
4013,0.30302794614524686
4014,0.8547388633128119
4015,0.3710636304273641
4016,0.45000504861774204
4017,0.7308438728636152
4018,0.8432434659500525
4019,0.5833753793539525
4020,0.7832181238328324
4021,0.5092999013781029
4022,0.5302861087789219
4023,0.8235620536821953
4024,0.7594288335946007
4025,0.28598499624669677
4026,0.8477936234776727
4027,0.5940701825233073
4028,0.3724620279003311
4029,0.4033084787429006
4030,0.5481138080920723
4031,0.5980734196287997
4032,0.5285721941502962
4033,0.8022113650650207
4034,0.37036569924290125
4035,0.19450646743528055
4036,0.777897483854438
4037,0.8771349037134281
4038,0.760287120372358
4039,0.2154442609906957
4040,0.6889530016736475
4041,0.34162670017218455
4042,0.23269637291371278
4043,0.37990143596577924
4044,0.46196237551519864
4045,0.20651813247873238
4046,0.8861504442528207
4047,0.6386080648416292
4048,0.30047043342195795
4049,0.5001579530406111
4050,0.8348654837719663
4051,0.8727301680512884
4052,0.5284900744855668
4053,0.8067779525763566
4054,0.7845791127249877
4055,0.6965282686051311
4056,0.5320468914224571
4057,0.7673465536439219
4058,0.4741808970714226
4059,0.4417598946212703
4060,0.8388049810270735
4061,0.6341562841763155
4062,0.9020175079872677
4063,0.25255498721172165
4064,0.8202417054534733
4065,0.4894800444474148
4066,0.39581633553258716
4067,0.11951695398091763
4068,0.35474554231751226
4069,0.6664419048039342
4070,0.313021770096537
4071,0.23491055300479452
4072,0.22710902836706703
4073,0.46596253442070656
4074,0.8880057120300086
4075,0.22660863675152657
4076,0.6707195584177078
4077,0.29369507214606255
4078,0.28574600416454343
4079,0.7213786113995428
4080,0.6203816754569458
4081,0.7191060509806376
4082,0.7103615514401642
4083,0.46191911538637515
4084,0.8449970556751955
4085,0.5905470286704179
4086,0.20345768457350294
4087,0.5615662740117391
4088,0.8415393968430886
4089,0.5595218236000615
4090,0.5312947950191906
4091,0.4782781832921753
4092,0.8554635551443153
4093,0.7098178024113551
4094,0.47521830510999497
4095,0.5051634061455036
4096,0.6775856466544162
4097,0.3200593153911998
4098,0.8813398050440875
4099,0.6263441841525608
4100,0.541492483159116
4101,0.5312028109167705
4102,0.5470353551419413
4103,0.31067844369161896
4104,0.2222395092893328
4105,0.710339607472303
4106,0.7201184397428023
4107,0.6121250560871057
4108,0.3382600882627469
4109,0.847009990678153
4110,0.45579208883134226
4111,0.9151433590294198
4112,0.2274351003245893
4113,0.7061610108029964
4114,0.8067570312765024
4115,0.6007774266045796
4116,0.7209743036867621
4117,0.7911976611860627
4118,0.5735117560631275
4119,0.8660374941643977
4120,0.7606904316424908
4121,0.7925989389234379
4122,0.8251019480103023
4123,0.5203702625224659
4124,0.85008653617945
4125,0.39660285246389526
4126,0.7830344431447338
4127,0.23367719079009983
4128,0.41061675518845464
4129,0.6756530688129992
4130,0.11636014476756709
4131,0.4880777519012575
4132,0.8252231447567991
4133,0.25134483288158893
4134,0.2969028856818486
4135,0.8237571933051804
4136,0.8685005745534917
4137,0.5920184118266051
4138,0.6268227267897243
4139,0.24741948200308553
4140,0.8117950665715548
4141,0.7922675514669975
4142,0.7130249748973971
4143,0.1553019195654212
4144,0.48713916318323336
4145,0.3317829652027532
4146,0.6356368962928884
4147,0.5682995858129515
4148,0.7726557236982143
4149,0.6857603269315641
4150,0.4279005752952333
4151,0.1809065149404891
4152,0.6802093148408515
4153,0.8880419864514572
4154,0.38724540545606884
4155,0.3356161223965163
4156,0.8011522675999073
4157,0.5448113401070744
4158,0.9197139791653449
4159,0.3170146162040427
4160,0.8260665069967341
4161,0.32316001565709435
4162,0.6583780365688613
4163,0.8238069755761166
4164,0.7530525798067595
4165,0.8144136899810661
4166,0.7348587810546336
4167,0.8374514380957516
4168,0.27112114369543544
4169,0.6379403270183049
4170,0.8485526690230751
4171,0.28278400508075696
4172,0.817778232032814
4173,0.5906940873397395
4174,0.23964739541474173
4175,0.13060017343073446
4176,0.8397470526972103
4177,0.22195855509537482
4178,0.698416166254621
4179,0.37072070010774505
4180,0.22054590384727574
4181,0.7486596682747699
4182,0.48190519758790507
4183,0.20389950094698095
4184,0.8404231925747906
4185,0.5475284168296626
4186,0.7071470109561815
4187,0.4738232638663053
4188,0.13601788723457037
4189,0.8207575410671376
4190,0.5872601734796343
4191,0.6639167439481388
4192,0.36095258043921613
4193,0.6895943677451553
4194,0.2995983994198589
4195,0.49736451472422405
4196,0.43102924303799733
4197,0.5333007616162684
4198,0.5150359016638273
4199,0.31123205083534333
4200,0.764333801030122
4201,0.7905537832365607
4202,0.35616026869129785
4203,0.4265723227087607
4204,0.11224604111473253
4205,0.8665840096386281
4206,0.43966229282443964
4207,0.21944732373729664
4208,0.6324071778322718
4209,0.7849366834626983
4210,0.7878926296975667
4211,0.43332146511074393
4212,0.6703028723528823
4213,0.20796772703656638
4214,0.7936822728215825
4215,0.7345759773381682
4216,0.4925012172217631
4217,0.5277128004165393
4218,0.8851463224457663
4219,0.6412732112653331
4220,0.6031013755963383
4221,0.325237019101959
4222,0.21558434664404375
4223,0.3738716037925061
4224,0.6423975533210764
4225,0.7369972642778848
4226,0.7983722069692282
4227,0.4589158791031942
4228,0.809522473913921
4229,0.8610716834041552
4230,0.9036604703683271
4231,0.7674930887913397
4232,0.6325665199686445
4233,0.7957630679735179
4234,0.8587238972875131
4235,0.34246692765529335
4236,0.2477909020552597
4237,0.675687433550171
4238,0.32054415720591567
4239,0.6956274702898251
4240,0.8360185365437225
4241,0.8587474932189497
4242,0.6183436582519121
4243,0.15430448468987878
4244,0.7474440876905627
4245,0.5456112471888381
4246,0.6851369621992549
4247,0.8631329601338161
4248,0.47905051368276574
4249,0.25174073561069316
4250,0.20487723230661845
4251,0.5224012414914411
4252,0.30910135445620873
4253,0.7654317721693377
4254,0.3713325042607898
4255,0.23034362476864018
4256,0.19140382810140227
4257,0.4021995146385865
4258,0.8269684676891288
4259,0.7424246349186916
4260,0.8256319203533918
4261,0.7957877376888519
4262,0.5253652411307217
4263,0.742290791867601
4264,0.5228923182112275
4265,0.7488595003377141
4266,0.8764839794166897
4267,0.14901667013160283
4268,0.6378554810021864
4269,0.46336251121145255
4270,0.5819560989716579
4271,0.7867666222373254
4272,0.382927657681059
4273,0.30030912700569296
4274,0.7917685526592753
4275,0.3713994957374205
4276,0.3484662795493847
4277,0.5109794763959306
4278,0.4678437741365559
4279,0.6687494447184772
4280,0.5929087436576945
4281,0.8176772093869328
4282,0.10893502102841186
4283,0.8388886477746127
4284,0.4463651806302332
4285,0.7586807201985541
4286,0.3083023320306173
4287,0.8796205141035173
4288,0.39830136612999395
4289,0.60321350548301
4290,0.5605527739161167
4291,0.4221391587747052
4292,0.11003831926580046
4293,0.6352413897598542
4294,0.8710424438398776
4295,0.35974066766892465
4296,0.8359512021072584
4297,0.876543624754655
4298,0.40580131120987195
4299,0.31587817340526
4300,0.5255563341641463
4301,0.28430400523663385
4302,0.16993417338759392
4303,0.409439503881265
4304,0.31602520293613606
4305,0.42792968302280604
4306,0.44374060136573246
4307,0.7888986265040842
4308,0.6933603398662904
4309,0.6271153432456015
4310,0.7569707659765588
4311,0.4300668400113911
4312,0.2714022010884845
4313,0.4987280073891812
4314,0.5916648314227047
4315,0.3758927885290797
4316,0.21760641707508963
4317,0.8052817765711968
4318,0.2855563439362737
4319,0.8703369180247699
4320,0.7574979965066934
4321,0.3945663987993857
4322,0.758464785946809
4323,0.5358082697129402
4324,0.7361797537955902
4325,0.8765004686839368
4326,0.5174096299623419
4327,0.15048969986344957
4328,0.24255584463739494
4329,0.11757952802420892
4330,0.35109801818894903
4331,0.7984842347406748
4332,0.8900778758251322
4333,0.5173910460722102
4334,0.7575078040095732
4335,0.2315531524079152
4336,0.614087492891434
4337,0.2213216729929781
4338,0.8293801576220206
4339,0.19943902267101676
4340,0.2181675881060163
4341,0.3573587877722391
4342,0.5765530889381885
4343,0.2660593914605939
4344,0.8082617348142633
4345,0.6285304455564182
4346,0.7790763921681885
4347,0.8212974029106531
4348,0.5805732430934516
4349,0.2692374051714717
4350,0.6734256062580413
4351,0.47637745056878567
4352,0.6073612350737309
4353,0.8315254251930144
4354,0.9226869321426117
4355,0.8630084947951758
4356,0.6167672405424607
4357,0.48939826401373376
4358,0.23335938178423532
4359,0.6225366912404102
4360,0.5252199022383532
4361,0.120737771364239
4362,0.7072068223193426
4363,0.39392439875942215
4364,0.0931769172491714
4365,0.7852172853018189
4366,0.19505872630305554
4367,0.9198712735423276
4368,0.4175518856436973
4369,0.16536086335742228
4370,0.7593520902811026
4371,0.2556876878851666
4372,0.8869964995778948
4373,0.3721226208790732
4374,0.2706249411608445
4375,0.27612141574903837
4376,0.8761789109064848
4377,0.445668951658547
4378,0.38712766990601527
4379,0.632313184553742
4380,0.48518158944081563
4381,0.8779511828654781
4382,0.3080452221081634
4383,0.22420586950611868
4384,0.4128315102229031
4385,0.8508629359750897
4386,0.5516452392060395
4387,0.4091184036832537
4388,0.293848743307123
4389,0.7325448120682767
4390,0.5358401542196176
4391,0.5477824313093674
4392,0.8129847325550905
4393,0.9154408317050584
4394,0.7814704744362554
4395,0.8992318391056559
4396,0.7779562934555717
4397,0.41426022241223837
4398,0.21470553750989263
4399,0.3006680173377162
4400,0.9394553139479034
4401,0.5625860408863198
4402,0.7936108092717136
4403,0.2662689224480607
4404,0.4164275075573542
4405,0.2200909630220119
4406,0.38859829256316075
4407,0.6001017915749913
4408,0.30159737372813983
4409,0.4659118748700509
4410,0.6065543094809186
4411,0.3472576922561017
4412,0.3304315129132772
4413,0.5361832889843245
4414,0.6442870946273085
4415,0.5520037248621004
4416,0.7707169480668331
4417,0.7877307845961574
4418,0.6883431974874741
4419,0.45104466302379836
4420,0.7972880752717341
4421,0.789110526195395
4422,0.17304644260664145
4423,0.8657016821246866
4424,0.478613431466631
4425,0.9207223498312516
4426,0.8378661563793415
4427,0.8380683319279522
4428,0.36178578740948897
4429,0.8515368675021221
4430,0.11337600596935615
4431,0.6911907078457269
4432,0.8120793008190248
4433,0.7575977665419577
4434,0.11198449548051045
4435,0.8664516893006815
4436,0.8281598869483636
4437,0.7972351927088092
4438,0.7099413079059054
4439,0.44348262467596583
4440,0.5375294163828527
4441,0.7378677661245632
4442,0.7694227198965139
4443,0.5600258047678955
4444,0.6764130063326835
4445,0.273180108419363
4446,0.6263374687789826
4447,0.31870861352732016
4448,0.7526094760370352
4449,0.5730713484459533
4450,0.30862098491850554
4451,0.8424876744935981
4452,0.45631604920436525
4453,0.8688800497686989
4454,0.6276620010594921
4455,0.4338958031376209
4456,0.32647622653529057
4457,0.6152811591322924
4458,0.7176068114932179
4459,0.27217733150657236
4460,0.746351378398888
4461,0.7684545142214427
4462,0.4408249499603823
4463,0.5008983820812452
4464,0.20736595526241042
4465,0.2453393591609357
4466,0.409045855325687
4467,0.7238265330348297
4468,0.57613698721822
4469,0.8403381279674553
4470,0.8157066080472674
4471,0.4363532784039813
4472,0.1386959668075591
4473,0.769118950412889
4474,0.8647511790216166
4475,0.303048811479012
4476,0.876663826480182
4477,0.8246509852065176
4478,0.7209859503604915
4479,0.7291966409439761
4480,0.7421255474833809
4481,0.4005375781614865
4482,0.5659362863501188
4483,0.7569970413389664
4484,0.8170029442278546
4485,0.3063358002427534
4486,0.6004575991671214
4487,0.4747955495020442
4488,0.21643262564805418
4489,0.8803908273087371
4490,0.21127084350165418
4491,0.9250818120683466
4492,0.7764459096568497
4493,0.6563534300428606
4494,0.6499193658407528
4495,0.525928353313544
4496,0.46612601791942376
4497,0.2143294586411676
4498,0.5475575432873493
4499,0.8421538665875331
4500,0.6502585513094159
4501,0.7925676166286756
4502,0.8107062042171276
4503,0.7254265350998002
4504,0.38224230213017074
4505,0.23713101162426364
4506,0.45376223581349523
4507,0.853016237871161
4508,0.8909881300946069
4509,0.8823563909983887
4510,0.575587815348563
4511,0.45885597964390523
4512,0.7407087566665883
4513,0.9118537702919155
4514,0.5330155448773739
4515,0.7295965730240118
4516,0.859057346302092
4517,0.5102482050187679
4518,0.793977860249131
4519,0.151360884913488
4520,0.25826625345743043
4521,0.7512767893130722
4522,0.4550865479130266
4523,0.30970915483957484
4524,0.6131843155847225
4525,0.6173595067617875
4526,0.44481567440353575
4527,0.17539477145220972
4528,0.2987641807335698
4529,0.40666191933588897
4530,0.4539581844469573
4531,0.12574566428974102
4532,0.8088894541325992
4533,0.24438152920663453
4534,0.8665882707519217
4535,0.5582728086139405
4536,0.5104360730593188
4537,0.695075426555001
4538,0.8888459677875986
4539,0.12131005801380469
4540,0.14897348647114708
4541,0.2406748887119139
4542,0.44787904369544523
4543,0.5960402029610617
4544,0.843167243020495
4545,0.8174286501129517
4546,0.4928044205139979
4547,0.802720672715814
4548,0.5466197420032084
4549,0.7955438819785422
4550,0.3479892476754545
4551,0.6976315944940444
4552,0.8820777803662693
4553,0.15756787775660247
4554,0.8031361811534933
4555,0.8869651564968183
4556,0.8572451228842166
4557,0.6810294208101756
4558,0.5903626334759513
4559,0.3071693355798822
4560,0.3569773450364293
4561,0.8743808776065007
4562,0.19856007313864832
4563,0.9171311402594835
4564,0.8424997051516698
4565,0.6816749768092946
4566,0.6593907914430742
4567,0.7579032365998589
4568,0.4564613041558557
4569,0.45939347265163555
4570,0.8543477851312365
4571,0.2509596074068062
4572,0.476550666631679
4573,0.7426732284786752
4574,0.8867122944208092
4575,0.7052049428085656
4576,0.594095927083371
4577,0.7303064776758422
4578,0.20942028451383987
4579,0.671027473328597
4580,0.8802192131018193
4581,0.47212836754034126
4582,0.8260196941400941
4583,0.5761138875830883
4584,0.8492502496587812
4585,0.8392144325694533
4586,0.46890057743285907
4587,0.7576469097146443
4588,0.7887124948234407
4589,0.4761781519131638
4590,0.8883084067489647
4591,0.9098307394854864
4592,0.570690386631442
4593,0.650439715805716
4594,0.2192566298858023
4595,0.444124021484666
4596,0.6772799556717323
4597,0.5090639548900847
4598,0.8151496106987481
4599,0.5886088188209192
4600,0.6492695312031241
4601,0.5367246157066095
4602,0.8073944579099173
4603,0.7140671228000259
4604,0.8273859037329896
4605,0.21419850968815413
4606,0.7507204125636449
4607,0.2812664756476701
4608,0.6737988067250444
4609,0.3221327367543686
4610,0.44194764666819975
4611,0.6495827352787898
4612,0.674326582591534
4613,0.5660779431975341
4614,0.2528335655953236
4615,0.3607807058238946
4616,0.6881471452761183
4617,0.1191383785208836
4618,0.8782346651612497
4619,0.3380431231785869
4620,0.6869897571699235
4621,0.37108261119014063
4622,0.4096760314873708
4623,0.6159503161567703
4624,0.4657655038375058
4625,0.29285646744099797
4626,0.241554037271446
4627,0.31707793162266296
4628,0.3791754662757073
4629,0.4475184575507975
4630,0.4945590658869149
4631,0.719679880118302
4632,0.8458764653260038
4633,0.21683372218299582
4634,0.7542365447143996
4635,0.21158481744485053
4636,0.2439451572862244
4637,0.8199510264157888
4638,0.3688697704935445
4639,0.806722248742096
4640,0.6626562444752627
4641,0.8354635015786381
4642,0.42947577926690944
4643,0.5722458720392304
4644,0.7165191873048603
4645,0.8640631139844228
4646,0.2459209470058344
4647,0.31670775436057214
4648,0.8554255252306168
4649,0.43737908333059483
4650,0.5422073915249445
4651,0.5126590926967293
4652,0.6757463390347972
4653,0.8313778420562316
4654,0.8080304432841475
4655,0.1649876697029585
4656,0.2415141639629887
4657,0.1379212521407413
4658,0.678647177231332
4659,0.5462831560491803
4660,0.33304208257293877
4661,0.47825539324212757
4662,0.6696325731734133
4663,0.8227555920960808
4664,0.8474323123044296
4665,0.8314855058288625
4666,0.7242716491696888
4667,0.7335219875578726
4668,0.4947473833483621
4669,0.2338505066005685
4670,0.7040638490199395
4671,0.46813127657662046
4672,0.5100678517980737
4673,0.5623400969178237
4674,0.4827075098796556
4675,0.34608138036064273
4676,0.6249457657706848
4677,0.6263709941306297
4678,0.5630535696810566
4679,0.32927382179978953
4680,0.7598843352654827
4681,0.8040258653151581
4682,0.6864193531297664
4683,0.6403287502378783
4684,0.5245966587055516
4685,0.5902769537397285
4686,0.4812606025194663
4687,0.43199101793062505
4688,0.5087597903268621
4689,0.5708374865789871
4690,0.38027528132754257
4691,0.8570075560325479
4692,0.8936944818012573
4693,0.6578658569255873
4694,0.7532715537765896
4695,0.4788048695245529
4696,0.5319124528783581
4697,0.7420386852244245
4698,0.6041791189183578
4699,0.3924263230011081
4700,0.36388639650719906
4701,0.22771963764466224
4702,0.42906454484370454
4703,0.5372601774272759
4704,0.6238976248923348
4705,0.11758241343630074
4706,0.4566669512414154
4707,0.28727399744089904
4708,0.5849520825676
4709,0.5432504931430595
4710,0.7954448385752673
4711,0.7916084776827583
4712,0.39357507321947144
4713,0.5975861204995133
4714,0.18307370122001687
4715,0.6897788016593955
4716,0.5837892301452576
4717,0.7552941116012023
4718,0.5466363350026642
4719,0.7381081386880963
4720,0.5051737839364852
4721,0.3595624792045955
4722,0.779955107704975
4723,0.7607169990139563
4724,0.28532750781861815
4725,0.6016127813780091
4726,0.5090569322880344
4727,0.4129283962088526
4728,0.8260013895952124
4729,0.18695962569505267
4730,0.6418550242320106
4731,0.8159632945094442
4732,0.8153590016429572
4733,0.24075761175774196
4734,0.7790452495354063
4735,0.33824312642228804
4736,0.7731481340885407
4737,0.8175232071953373
4738,0.4739137133805645
4739,0.7102639461983473
4740,0.7290004933220835
4741,0.434021586019982
4742,0.7799427018404775
4743,0.7083335353075465
4744,0.8201243174919461
4745,0.7811102367216696
4746,0.8894904261740337
4747,0.878637290350457
4748,0.18280233383626737
4749,0.6402436787935709
4750,0.9065834540172006
4751,0.3424551068316864
4752,0.11963846371526178
4753,0.5828387053302648
4754,0.7674875376572501
4755,0.16712512045021413
4756,0.3106797635464163
4757,0.8021741262524645
4758,0.7636466706549682
4759,0.5276642125127773
4760,0.6798172826082898
4761,0.7796626486406666
4762,0.6441998303238801
4763,0.5513270050213055
4764,0.899271831590513
4765,0.5355234048329579
4766,0.5401687450165851
4767,0.8206610471173887
4768,0.4296701401914746
4769,0.6872471370519343
4770,0.6921852117139887
4771,0.4922309575589357
4772,0.4120184124422992
4773,0.6964301594105815
4774,0.24841962474096937
4775,0.5987496777915092
4776,0.8150686461554506
4777,0.6768771412418811
4778,0.6797437765564915
4779,0.7535330380997947
4780,0.8012299872348779
4781,0.5200817288384685
4782,0.3305587182968022
4783,0.14604677618052883
4784,0.5832766260317219
4785,0.8541797043349852
4786,0.36424099089837664
4787,0.4006524204725904
4788,0.27720827075167426
4789,0.8933793125160385
4790,0.509304042428656
4791,0.2803531168350705
4792,0.2786100355654125
4793,0.24951551733738936
4794,0.6136242282267865
4795,0.14100316875493568
4796,0.736900383482633
4797,0.4068372377712008
4798,0.5058211642990719
4799,0.644457393956535
4800,0.5604070144468084
4801,0.2915857450880115
4802,0.7575939148651025
4803,0.829955232879496
4804,0.8576299433521879
4805,0.8642489496652691
4806,0.8278099643031565
4807,0.5743409648327262
4808,0.9012612850613423
4809,0.8523151756689523
4810,0.7742943022521092
4811,0.4617026490281149
4812,0.8653992962005215
4813,0.7672811532525614
4814,0.7438476774362266
4815,0.8772291753278855
4816,0.6183878120494728
4817,0.2859477164168301
4818,0.29445699614672516
4819,0.49304091798436533
4820,0.2193819067669354
4821,0.5872964540024201
4822,0.8642459655103849
4823,0.41512779374461156
4824,0.8391832637785566
4825,0.6508208189655771
4826,0.5414144342968187
4827,0.289029643018494
4828,0.8198777951521128
4829,0.7719454393770847
4830,0.8537288015019002
4831,0.8599067839705078
4832,0.23005253975659962
4833,0.8112847759950556
4834,0.22811463571692647
4835,0.6117214474360123
4836,0.2879919849079654
4837,0.39625897711645364
4838,0.7397244047709685
4839,0.7220115392299828
4840,0.862064505303626
4841,0.7985408598386198
4842,0.44079423200139634
4843,0.4992119889474112
4844,0.16585955010975553
4845,0.6082321391488333
4846,0.5974168052520459
4847,0.23935624848396855
4848,0.9114163703001985
4849,0.8260392756059141
4850,0.5283468926790823
4851,0.8283261937923002
4852,0.5334067568040541
4853,0.8893079780413463
4854,0.286660229768416
4855,0.6979134823931217
4856,0.773568518020051
4857,0.31173422267032286
4858,0.8993201737550842
4859,0.49455822889111767
4860,0.7600115515934885
4861,0.22063799571325887
4862,0.4458558745987898
4863,0.5156413657658697
4864,0.16439390848871113
4865,0.7602265129409383
4866,0.5424415324491034
4867,0.21410947711826916
4868,0.5910237860869479
4869,0.8588228084382425
4870,0.619398770059848
4871,0.23693827772439005
4872,0.20426333276431669
4873,0.8913409270612728
4874,0.7873919976865934
4875,0.3806977126610687
4876,0.7126590319154997
4877,0.8842829613144872
4878,0.5551545547864536
4879,0.5234381609080264
4880,0.7516024749914438
4881,0.5261193374036816
4882,0.46200687184591305
4883,0.15902267378229473
4884,0.857750993223437
4885,0.8326281207978545
4886,0.8079533126898841
4887,0.21275496860135007
4888,0.8297406281560664
4889,0.4840846189635978
4890,0.6238729019140983
4891,0.764888582049971
4892,0.8511099127545121
4893,0.38325283163029716
4894,0.2566279483927132
4895,0.7928543577542245
4896,0.2010478553263405
4897,0.5275724404798117
4898,0.21157249073826537
4899,0.42172284642110824
4900,0.5770870993995296
4901,0.5996745783997809
4902,0.7235575984037976
4903,0.1954479071759778
4904,0.7392603030840069
4905,0.7545678239972246
4906,0.1623714472219483
4907,0.7590572022126924
4908,0.6400642025986144
4909,0.20063997446089504
4910,0.3840566802197415
4911,0.6239265224461392
4912,0.7631446966214944
4913,0.790412290339981
4914,0.7818488335716197
4915,0.29856855859970866
4916,0.14827504164466646
4917,0.4942898979062046
4918,0.4497488392009633
4919,0.6923322482599157
4920,0.6603540472301817
4921,0.8394694918941076
4922,0.6781828690980092
4923,0.5538399227093209
4924,0.654351431642126
4925,0.7549155041878363
4926,0.14200717219653747
4927,0.8734742715974401
4928,0.1713634727142513
4929,0.845795437930507
4930,0.6459919185457611
4931,0.3641954974175023
4932,0.2782792081172873
4933,0.3947013672919413
4934,0.5652071945321605
4935,0.3056783947923243
4936,0.9116104904212813
4937,0.1923760584779164
4938,0.5272306695229122
4939,0.6383624560335245
4940,0.5862162377061766
4941,0.8185370024938207
4942,0.22842645332807154
4943,0.3548338609298559
4944,0.7017465285886143
4945,0.21683956614044556
4946,0.46341298582543305
4947,0.6041720240753625
4948,0.13669905746680364
4949,0.6213005053807805
4950,0.8613281935522195
4951,0.17716924841176732
4952,0.5670455325876705
4953,0.6142272634367494
4954,0.7681270450829795
4955,0.23025626835084692
4956,0.5351379867754745
4957,0.8847502880503
4958,0.4240314652707872
4959,0.6050072311816902
4960,0.5891717865988728
4961,0.7997836323968108
4962,0.6421039529518652
4963,0.1761339408985824
4964,0.6666810980782432
4965,0.47774075060800786
4966,0.892431362453831
4967,0.28753650223941396
4968,0.2600615335752692
4969,0.46150687339622154
4970,0.8586811174733604
4971,0.730818230967924
4972,0.4328695677384109
4973,0.2030808390537299
4974,0.6359621114494918
4975,0.6685201177750083
4976,0.6820926791514714
4977,0.45038019700687437
4978,0.36616292564714154
4979,0.713895736444656
4980,0.9268636536729589
4981,0.8432465555919343
4982,0.5589209489322068
4983,0.8655396608259978
4984,0.9147237814776233
4985,0.7096221322205752
4986,0.799902248977562
4987,0.2092099849389172
4988,0.8199341695933549
4989,0.37810579138370654
4990,0.6950736257295169
4991,0.7852753787814994
4992,0.7367518547106576
4993,0.827069890868008
4994,0.17752366649517315
4995,0.4064661115856334
4996,0.7720198114641974
4997,0.7926884013524245
4998,0.46686887566832813
4999,0.8040324815887643
5000,0.36614012630387566
5001,0.5650252945258945
5002,0.5310059217652878
5003,0.625090867391657
5004,0.6810679946833428
5005,0.16508646021359952
5006,0.8412238077578916
5007,0.8471998085684876
5008,0.6827977793596132
5009,0.7900477144605837
5010,0.18086319217964325
5011,0.4348161390409054
5012,0.8199407009114283
5013,0.8463490873262525
5014,0.8597626937832328
5015,0.43260397428833286
5016,0.7713422407395004
5017,0.8815545340338866
5018,0.8464918840176114
5019,0.9150827215428612
5020,0.8749874128002038
5021,0.20244281718893684
5022,0.5667082757921331
5023,0.6591286949756197
5024,0.22311201874687153
5025,0.48472181683106175
5026,0.569930463896343
5027,0.6970614766977079
5028,0.8245686379412602
5029,0.5943356019029049
5030,0.36418461168338334
5031,0.495509478148699
5032,0.4630146898136659
5033,0.3201297524516235
5034,0.685197560420256
5035,0.7146909220153562
5036,0.8556139543533541
5037,0.5689346478503436
5038,0.8962487958491736
5039,0.27184121860351385
5040,0.3264621785390341
5041,0.8092107207017856
5042,0.8965979328161181
5043,0.7475234640271357
5044,0.5187824888149389
5045,0.19877224885493638
5046,0.8985691769170033
5047,0.787245624378437
5048,0.404373403946273
5049,0.5453161624502872
5050,0.8286385178412675
5051,0.27718197852201654
5052,0.5471113018955127
5053,0.5850811608905228
5054,0.4502844061933601
5055,0.8478669448124716
5056,0.7487461804156437
5057,0.8658845702587626
5058,0.1683333037948123
5059,0.8368261945685318
5060,0.683726122737347
5061,0.28576138706720844
5062,0.4763386217369434
5063,0.313501337107179
5064,0.706813813978575
5065,0.4411765830610258
5066,0.8853310995277145
5067,0.467742136770392
5068,0.5147482886984736
5069,0.8318155498408548
5070,0.5754169830078726
5071,0.8696396977513149
5072,0.39551673805600845
5073,0.7978723210752874
5074,0.7839207173240462
5075,0.8392812545545338
5076,0.6245634373404491
5077,0.9085201586442874
5078,0.7914498788672815
5079,0.2744720091643442
5080,0.2504663555078851
5081,0.4514445759092651
5082,0.35833191737388437
5083,0.8073280086474901
5084,0.8350611280133644
5085,0.9167140312603373
5086,0.17151585154670446
5087,0.7628088282306165
5088,0.2887860812894865
5089,0.12653916136700974
5090,0.730091799888167
5091,0.8491717468914869
5092,0.5458323636452811
5093,0.5861872801080092
5094,0.6942853378982423
5095,0.15792261123566553
5096,0.6954950609225949
5097,0.8527692644517418
5098,0.18613833616525022
5099,0.6785995525844066
5100,0.8429142812828189
5101,0.5108165727484418
5102,0.3463155726456681
5103,0.8344704749228682
5104,0.334051207476329
5105,0.2713250678364934
5106,0.44484101580773144
5107,0.9034048009967541
5108,0.8545171947669192
5109,0.6196528732461767
5110,0.2676712168626601
5111,0.37965695479415046
5112,0.41892738726394546
5113,0.862984633189715
5114,0.4982956381137941
5115,0.6036210505197125
5116,0.2997597088511735
5117,0.7693743166098158
5118,0.6099142768684721
5119,0.6225803904613818
5120,0.16630433019616092
5121,0.6927484308667319
5122,0.12326367937723223
5123,0.8329268217144532
5124,0.34343830671350606
5125,0.42438839777346266
5126,0.29302938685392343
5127,0.14461817664148466
5128,0.33488481411146054
5129,0.7996705516582623
5130,0.3645379703783191
5131,0.5999699252618278
5132,0.8771176212204075
5133,0.24126121382727592
5134,0.15034134885970385
5135,0.7687776963742928
5136,0.7835642940637285
5137,0.49547979605416237
5138,0.5669350370573744
5139,0.5667146113860122
5140,0.5398544564080128
5141,0.7636988069319733
5142,0.3906049074301102
5143,0.8561950750671865
5144,0.880845223067373
5145,0.7729410416928446
5146,0.8724285948979664
5147,0.8408089933313363
5148,0.8820887991783388
5149,0.5774336325027147
5150,0.6527366664759844
5151,0.6283815871159287
5152,0.44634992234334503
5153,0.7589299110779297
5154,0.7444244450960991
5155,0.28623092835036135
5156,0.607740058060303
5157,0.450518402194158
5158,0.21441175967540194
5159,0.516919241362468
5160,0.4753196050527132
5161,0.7655454444020022
5162,0.5642440910678641
5163,0.6407385187903847
5164,0.8812578421208797
5165,0.41912704176372123
5166,0.3401993663854296
5167,0.28703132436295864
5168,0.5914485398056222
5169,0.3550128984799272
5170,0.6032214494764557
5171,0.14351885921415236
5172,0.4289034863886317
5173,0.7611018853452849
5174,0.8642159654761524
5175,0.37135016642590013
5176,0.8586451894377939
5177,0.7791515514825771
5178,0.7128880315451522
5179,0.7126483924656521
5180,0.7127701945318003
5181,0.8586717848129859
5182,0.440738590455729
5183,0.24214236105682763
5184,0.25306227863662784
5185,0.6919754170441588
5186,0.564466295150659
5187,0.5857045238826424
5188,0.5108324064715507
5189,0.49738351194032726
5190,0.5743837393458295
5191,0.8537165458635583
5192,0.12665494201360156
5193,0.6392124524886348
5194,0.6988487256479408
5195,0.26029110771382546
5196,0.9291965959483299
5197,0.8760108915884124
5198,0.3910828870543191
5199,0.8887907797581328
5200,0.1509420040841839
5201,0.28723863213923206
5202,0.8750772493427263
5203,0.4926559612453922
5204,0.8263278866877712
5205,0.8041500738533085
5206,0.12379821822322613
5207,0.911332446414024
5208,0.9186437907987269
5209,0.8454880409103364
5210,0.31168158630321363
5211,0.8078429590129917
5212,0.5266763303984062
5213,0.3686040774738112
5214,0.557407776108753
5215,0.08682396141691046
5216,0.41492145549283066
5217,0.373765545243794
5218,0.8338076995541619
5219,0.37665244493078426
5220,0.5562778692588091
5221,0.4027375313291551
5222,0.8884739695059757
5223,0.6981696592666733
5224,0.9186186418988304
5225,0.8759897967486948
5226,0.1364332146084038
5227,0.885786740328183
5228,0.7908009268268724
5229,0.6307655790727702
5230,0.7154374758704753
5231,0.13329771384813177
5232,0.29202271802424007
5233,0.3720435209188726
5234,0.37723516957199227
5235,0.42545476445348723
5236,0.5412920762460108
5237,0.8885327710157225
5238,0.5134014667344627
5239,0.8371801665472806
5240,0.4641933290957988
5241,0.8341169160553007
5242,0.5889858181191393
5243,0.6953865792894155
5244,0.8630595903777222
5245,0.6744840235961154
5246,0.8650057646644173
5247,0.3407550852335457
5248,0.9046259226517255
5249,0.7761344648350407
5250,0.8376296373203576
5251,0.8118055825182923
5252,0.805418111807588
5253,0.45646003350771114
5254,0.463949016773427
5255,0.6940614405500353
5256,0.600806530550868
5257,0.6646670043598969
5258,0.4568633297532205
5259,0.5351218953940318
5260,0.2278300700819217
5261,0.3646672808875751
5262,0.1901374398734291
5263,0.2769780372292824
5264,0.6880338782645884
5265,0.35559309624671176
5266,0.23488137295345046
5267,0.9026377091250984
5268,0.7880473017030108
5269,0.6287013762438044
5270,0.8171214229427844
5271,0.7361325062415871
5272,0.3615410415865442
5273,0.5772918343313672
5274,0.588815447050383
5275,0.8793668287714302
5276,0.5727364842180056
5277,0.4675136352537347
5278,0.7793713500445215
5279,0.2005859281569221
5280,0.8710558379429457
5281,0.8334495947010581
5282,0.37832891105792527
5283,0.8395054851108115
5284,0.5230751811350212
5285,0.45637071917162153
5286,0.83161137008559
5287,0.635849174611876
5288,0.12094023047297355
5289,0.5426822100249553
5290,0.7966817646730459
5291,0.7161822185762764
5292,0.393637480440424
5293,0.2106295139523536
5294,0.6799962244785965
5295,0.3420716754043117
5296,0.5215752017219472
5297,0.48086798239500406
5298,0.5340993610121167
5299,0.7207063012288257
5300,0.8598945393684985
5301,0.8626504290779491
5302,0.7206861627553574
5303,0.6855087753184251
5304,0.6179452944372936
5305,0.8990362107435844
5306,0.4740928408624582
5307,0.6499215062439478
5308,0.7706485521063949
5309,0.6892988796906471
5310,0.8385447533025282
5311,0.6972708811010452
5312,0.5745314029414026
5313,0.1918079354667236
5314,0.7580582037539342
5315,0.2681030614515919
5316,0.5611201534543346
5317,0.21511844567094512
5318,0.3301112606157146
5319,0.35037581863896494
5320,0.6072003170122571
5321,0.27887648770964546
5322,0.5217720114084714
5323,0.14794838656906592
5324,0.3424013425515253
5325,0.1312666642423682
5326,0.8453907355954108
5327,0.8460872070507754
5328,0.7100785431201504
5329,0.6562701388376445
5330,0.3961596634306213
5331,0.8287090572324857
5332,0.09648151548623825
5333,0.4857338964059578
5334,0.7292290497016146
5335,0.15237156577210453
5336,0.5545306493286342
5337,0.8790050417699173
5338,0.33516002458830946
5339,0.4708667869218082
5340,0.2074486348163434
5341,0.17121265402599367
5342,0.8259692122088291
5343,0.42813808357329913
5344,0.6692882702025955
5345,0.8352890843505857
5346,0.7785946437500615
5347,0.7614152624939086
5348,0.6907516746821576
5349,0.2632358127291976
5350,0.6810170742943052
5351,0.6049451063276715
5352,0.9415709374078811
5353,0.5007089959309455
5354,0.8195405100411539
5355,0.6379654379874838
5356,0.7644241596656114
5357,0.7420831488437933
5358,0.6463027843707824
5359,0.13517195686395692
5360,0.18332458647434188
5361,0.1979615351729628
5362,0.44913906548264965
5363,0.730889891964712
5364,0.1622095179391399
5365,0.44255834701974944
5366,0.465582908729535
5367,0.8322646560966586
5368,0.7301694440059912
5369,0.24211946092038303
5370,0.7793585612048962
5371,0.7946048498503366
5372,0.5237346707027346
5373,0.4740206721099396
5374,0.39755547262994745
5375,0.8831359923855575
5376,0.1897424753535452
5377,0.8669506000342209
5378,0.19554045143227272
5379,0.33954957395698376
5380,0.5861282686172385
5381,0.3301411824502266
5382,0.8876862286778877
5383,0.5009536259619771
5384,0.14862884952219038
5385,0.526126110995293
5386,0.7187496256608733
5387,0.3052275511903473
5388,0.7503696788095103
5389,0.84666844975146
5390,0.5236443700384202
5391,0.6786275375522935
5392,0.28958660092888877
5393,0.7026302595944648
5394,0.8478417812162001
5395,0.7941896359422964
5396,0.38016254546581624
5397,0.12070861459255508
5398,0.18379567399949384
5399,0.7688371573658216
5400,0.3445084594856229
5401,0.7132049228014936
5402,0.2530991474389563
5403,0.5299705918272529
5404,0.484248245740317
5405,0.8388120020107166
5406,0.466735024318759
5407,0.6299295826697529
5408,0.9172028080773831
5409,0.829921915059711
5410,0.28204079519772235
5411,0.8114914257131645
5412,0.7736980064450476
5413,0.8580884050744338
5414,0.6019340426071261
5415,0.3018876752360098
5416,0.36588992134038206
5417,0.4228842480924805
5418,0.7822372968836644
5419,0.7793223314411134
5420,0.6743016780414871
5421,0.44127651647006405
5422,0.16374735933328696
5423,0.843908994279762
5424,0.904387096657661
5425,0.8250693815212293
5426,0.9049166680920689
5427,0.23730212773985437
5428,0.16596596028661942
5429,0.2384258725912693
5430,0.39597060240819093
5431,0.8980652440467554
5432,0.7084113851329829
5433,0.8872652176235196
5434,0.868774991220582
5435,0.5133676391094455
5436,0.4144401250593905
5437,0.7098647215649438
5438,0.6764803746730221
5439,0.6019453564102136
5440,0.8502680875288008
5441,0.5750005702912985
5442,0.3360977289800342
5443,0.7699937565916986
5444,0.7791116096770497
5445,0.7479261549666271
5446,0.565433328335902
5447,0.38756741326269395
5448,0.11237940318572283
5449,0.8512682913788105
5450,0.7623510383571358
5451,0.4711473157597019
5452,0.5649489147542948
5453,0.8942985292408601
5454,0.7808609830415452
5455,0.6505952243240767
5456,0.8478150427308275
5457,0.8884608093023165
5458,0.44028374113914354
5459,0.24549653280927777
5460,0.5302413360408172
5461,0.4967568564418403
5462,0.3058393192838489
5463,0.12873463489460552
5464,0.6168767028408707
5465,0.5702516381769112
5466,0.8472688504583404
5467,0.5170421810402117
5468,0.10396245278929724
5469,0.4370206072704692
5470,0.8986385270834403
5471,0.32362917967372323
5472,0.3643613520043567
5473,0.866768139235581
5474,0.3680426368846762
5475,0.25325573245613275
5476,0.8854741082788821
5477,0.28304811439036587
5478,0.19840862254100058
5479,0.24776062318200506
5480,0.5372178825025473
5481,0.2870520142744009
5482,0.3412422992064177
5483,0.5739059225021663
5484,0.1573305012587098
5485,0.34329074435378887
5486,0.6472567742351886
5487,0.6725691776567787
5488,0.2958532126188082
5489,0.40524920258819985
5490,0.6038051354934145
5491,0.7574156237154027
5492,0.5257075185922339
5493,0.8887994710657968
5494,0.14108644271940016
5495,0.21921629270975135
5496,0.6739037643381546
5497,0.8064623803013373
5498,0.32824649956881674
5499,0.4547586967189009
5500,0.8128649977489022
5501,0.5657194289916534
5502,0.2718186457896035
5503,0.2337725736401933
5504,0.7174565001432589
5505,0.19354908363379386
5506,0.8633933731221982
5507,0.4497616603727884
5508,0.5209339640033297
5509,0.58385505092179
5510,0.7141049599752788
5511,0.378334664119006
5512,0.6199126470860599
5513,0.5847528448232834
5514,0.21096199527751994
5515,0.2106073990944073
5516,0.4369897807503137
5517,0.24267118180403083
5518,0.24386120667121033
5519,0.7695556929878398
5520,0.2049348276718649
5521,0.16366525470991464
5522,0.8866792451760259
5523,0.1700529535692191
5524,0.5271904554540294
5525,0.9107697260473225
5526,0.7434978143394979
5527,0.7578423104401636
5528,0.7052516971868275
5529,0.2835752085606897
5530,0.8530843715311995
5531,0.8255095317419568
5532,0.8539956441105758
5533,0.8608464073653938
5534,0.3760527853848499
5535,0.5234029241651305
5536,0.43888899163351924
5537,0.3846745471471736
5538,0.25129934557793177
5539,0.2180622680089529
5540,0.29771905142871763
5541,0.23765149157806173
5542,0.6804905592286826
5543,0.8866326185180882
5544,0.8371440098314136
5545,0.7997258770158449
5546,0.4920254352154373
5547,0.38909761335053683
5548,0.7618796849210325
5549,0.3107314688581273
5550,0.8474376312216565
5551,0.33906649040969167
5552,0.3716758673732754
5553,0.753014212035771
5554,0.49012105784365695
5555,0.8206348439307858
5556,0.911547455409101
5557,0.1920487304333833
5558,0.7147222911275901
5559,0.43876416086810627
5560,0.228096078266002
5561,0.48163410967870446
5562,0.4406693853444902
5563,0.3671570515963614
5564,0.5988265346488386
5565,0.5067708587490375
5566,0.8645276311843586
5567,0.8754914791846414
5568,0.8704892160257889
5569,0.32330127955971905
5570,0.8746757844886727
5571,0.4478038052093262
5572,0.6417180371498223
5573,0.8851004353110656
5574,0.2153581561525734
5575,0.737795950234032
5576,0.8906638514388913
5577,0.7104155277560879
5578,0.45233956383927837
5579,0.9252393224344713
5580,0.8354575335228454
5581,0.6882209824324992
5582,0.4101593093892061
5583,0.3386793191584516
5584,0.8914694287950473
5585,0.4342950398296543
5586,0.5457508470700384
5587,0.4622874625366435
5588,0.8066385934957336
5589,0.3381077562576334
5590,0.9368026329156744
5591,0.19209775040710625
5592,0.7911684492047422
5593,0.8887518487158025
5594,0.8565073359552947
5595,0.4320314468755867
5596,0.8301678229652181
5597,0.5394169579623053
5598,0.8444963152728607
5599,0.47295775535921203
5600,0.5576231655383512
5601,0.587582633737832
5602,0.8075581450838522
5603,0.20227699483517594
5604,0.65872192298454
5605,0.7706141396056214
5606,0.5474252625273097
5607,0.4982687708027751
5608,0.7256271880238339
5609,0.8763524717226295
5610,0.32365671784045746
5611,0.7160237409638329
5612,0.7675776967739237
5613,0.6412579113320851
5614,0.35637412128705503
5615,0.42660984987736755
5616,0.7279877661933023
5617,0.5766699116925512
5618,0.7098488262310189
5619,0.6348057886772238
5620,0.32877353160122363
5621,0.6543399219593365
5622,0.5991100213171054
5623,0.8406321506192098
5624,0.8840446673773082
5625,0.1962072805564833
5626,0.6917033488340221
5627,0.6446561674544998
5628,0.4740661774997936
5629,0.5982698535875652
5630,0.653459843669773
5631,0.3782293523057334
5632,0.5648081514760446
5633,0.3255604304313069
5634,0.7553429621733443
5635,0.8338483990680143
5636,0.4077228667779328
5637,0.5327461334176009
5638,0.7457206744959314
5639,0.7540642691425453
5640,0.8588421641796289
5641,0.7273750745543706
5642,0.8379789521459475
5643,0.22494116735150638
5644,0.5603122343664076
5645,0.38151488552905694
5646,0.22368516972750124
5647,0.6868957646778783
5648,0.6933364663105457
5649,0.628038920969129
5650,0.3522871936348487
5651,0.1464965921339961
5652,0.5459820652970305
5653,0.7948270966619723
5654,0.6380843948996154
5655,0.5437140745324118
5656,0.17891992512270716
5657,0.6891170864030376
5658,0.5124478104145913
5659,0.5934194434998761
5660,0.32850373424454293
5661,0.25509590254431186
5662,0.18400732190429434
5663,0.794207485407391
5664,0.8729252488534922
5665,0.48305785660723854
5666,0.8129607076804978
5667,0.6729970442680233
5668,0.7641455723748682
5669,0.34991155911834954
5670,0.647707128627822
5671,0.7914095618395833
5672,0.9041245862658496
5673,0.2601504058130206
5674,0.6477940817566906
5675,0.6593055355347986
5676,0.23377784214729258
5677,0.4248518728664279
5678,0.24647813553362083
5679,0.7439753869114225
5680,0.8672354892235983
5681,0.6882635273115574
5682,0.76699993595025
5683,0.18442475845125136
5684,0.7029118025154557
5685,0.8623198973466204
5686,0.475471252980868
5687,0.8379467866773738
5688,0.25311969038625737
5689,0.9069808169095702
5690,0.9098363169491408
5691,0.24899210702288513
5692,0.31655834725003207
5693,0.1856002377972406
5694,0.5481068051980147
5695,0.573783851112522
5696,0.7836086736885641
5697,0.2641776358087442
5698,0.6506485838043228
5699,0.7135300844986843
5700,0.7663324247583175
5701,0.32490320385633775
5702,0.4129135059117468
5703,0.6509092631834068
5704,0.8966386763733136
5705,0.8639688631191011
5706,0.8436793468328616
5707,0.47971308715753763
5708,0.7942304611214834
5709,0.8525281644540736
5710,0.4937763884905924
5711,0.2203781294754516
5712,0.5100262782244201
5713,0.6306203277897336
5714,0.4649624524303394
5715,0.8226236030671473
5716,0.705329248318317
5717,0.42474895621654124
5718,0.5999053428247698
5719,0.6323386857295141
5720,0.9126516129318231
5721,0.764843209057732
5722,0.32333650652769774
5723,0.7596534263583129
5724,0.20071332105563344
5725,0.696656734855053
5726,0.4641492587757121
5727,0.3391838806985937
5728,0.3258225868398934
5729,0.2394537087739918
5730,0.6672393774079391
5731,0.3333373106707147
5732,0.8765687607799275
5733,0.38844934609206905
5734,0.5454140473721945
5735,0.1282081679245725
5736,0.4760633639123799
5737,0.5991578759979208
5738,0.7368461679730248
5739,0.24305569283237125
5740,0.22454981584400874
5741,0.6281107577775307
5742,0.7471761769127085
5743,0.32830369185283104
5744,0.21510556871249972
5745,0.8444668606963391
5746,0.7085810696076985
5747,0.9111978833040578
5748,0.6727952994911222
5749,0.809393076821699
5750,0.812660679239749
5751,0.18302101684508212
5752,0.8799554475778558
5753,0.8520869367364292
5754,0.515084778378549
5755,0.7698458209429513
5756,0.7460185435200732
5757,0.5099218697635647
5758,0.6375627891276864
5759,0.34994227133085315
5760,0.5828500882989658
5761,0.8403850628545473
5762,0.5404566235012561
5763,0.44877028526159857
5764,0.6046585392846624
5765,0.3023149929699713
5766,0.3813390698207474
5767,0.6995997596998657
5768,0.6212768041336982
5769,0.23617304022034316
5770,0.7539101036839094
5771,0.28907758072669815
5772,0.7313010695103401
5773,0.8849669709285147
5774,0.382352543236122
5775,0.2190990627592143
5776,0.7106507499004456
5777,0.897755259678081
5778,0.8086351418769739
5779,0.2852052547883779
5780,0.7637014015704701
5781,0.358462371182927
5782,0.47734404171466666
5783,0.4897524536774119
5784,0.8374356193345729
5785,0.7766940263831335
5786,0.42120778391610414
5787,0.4670104788016332
5788,0.3057968421979433
5789,0.43757592735636985
5790,0.46563381487931704
5791,0.21954841916477755
5792,0.8899654435550678
5793,0.7453686716301345
5794,0.8505664242573421
5795,0.7084803404759539
5796,0.7094872096535347
5797,0.2929237864784356
5798,0.8174229812669057
5799,0.2145149243141184
5800,0.8958717197118963
5801,0.45697148389070963
5802,0.3248164719798715
5803,0.4027665238281325
5804,0.8420392774300332
5805,0.8478351578669631
5806,0.22583568589963904
5807,0.6697483433174692
5808,0.8717624869264137
5809,0.6068501135849561
5810,0.7715242701262903
5811,0.8475029754942758
5812,0.4146946541682071
5813,0.8988132852508682
5814,0.4566204711073958
5815,0.4084954153812875
5816,0.34953428114482465
5817,0.1197135677915854
5818,0.41587443833160687
5819,0.37620185365203207
5820,0.7032940236807689
5821,0.652198650863724
5822,0.171423023025759
5823,0.29588687730111585
5824,0.8986586574732175
5825,0.6155036443015753
5826,0.825057622164216
5827,0.6513429562536461
5828,0.6330996364568436
5829,0.4527187069688037
5830,0.32087547777484443
5831,0.7081903186658915
5832,0.34123090146883894
5833,0.6429404804374782
5834,0.39530492436675624
5835,0.398881251629427
5836,0.7664715469805536
5837,0.8305069220605958
5838,0.19394187906080917
5839,0.720457103785947
5840,0.431588510835597
5841,0.21124581648845667
5842,0.7955482126631714
5843,0.45701765859379373
5844,0.3563910451320875
5845,0.827835841785135
5846,0.43749392398549486
5847,0.699629851095774
5848,0.8888899967886006
5849,0.22362621255968648
5850,0.9109690775126763
5851,0.55683118017925
5852,0.8145734469258946
5853,0.8174385682153277
5854,0.5074704072162008
5855,0.8781378161113644
5856,0.19473283468337338
5857,0.8861661889245233
5858,0.819454333651076
5859,0.43883836333895776
5860,0.3057810481421417
5861,0.20956092966981837
5862,0.1949496026148214
5863,0.805155444751529
5864,0.8327172003571486
5865,0.3387748371282117
5866,0.2780086964881576
5867,0.27810623717296007
5868,0.8888997697280631
5869,0.5373438654144347
5870,0.8889525211732502
5871,0.8808679875057397
5872,0.8180531845125305
5873,0.46687764246086083
5874,0.30110832362359974
5875,0.8133984585165528
5876,0.8033760715699282
5877,0.613328818734162
5878,0.8908474560270945
5879,0.40421503822414573
5880,0.7705903448123105
5881,0.1111538318851581
5882,0.8212185386638914
5883,0.7955587633440946
5884,0.2767983248062466
5885,0.26725204571168093
5886,0.7752359354107013
5887,0.5855867326879368
5888,0.8336880086216847
5889,0.5803078751690467
5890,0.1305172134244473
5891,0.6258476631262693
5892,0.2851102137087373
5893,0.363713230958626
5894,0.6135796138679911
5895,0.7422397768655506
5896,0.7589511285927881
5897,0.7862349937901341
5898,0.7774015434255406
5899,0.5179120783207047
5900,0.5913171983069619
5901,0.7363914172744497
5902,0.19402264366596328
5903,0.42452714273435005
5904,0.7296856886178874
5905,0.6659100671518884
5906,0.7133934424746493
5907,0.9135570811238157
5908,0.48016995770197957
5909,0.4939623528710163
5910,0.8161270991634864
5911,0.4962261996626902
5912,0.7330217235500952
5913,0.8775587376680125
5914,0.7510342510338952
5915,0.6143725359609165
5916,0.7496821984189382
5917,0.7955368395717684
5918,0.13861361700020838
5919,0.14364318584609417
5920,0.5142421798672107
5921,0.8093676260637296
5922,0.7591777681471805
5923,0.6718453084617689
5924,0.8057643103890592
5925,0.5281413930103918
5926,0.6150139684260932
5927,0.4276831689235316
5928,0.4660669921432864
5929,0.8331248212600186
5930,0.5815146120206282
5931,0.8248892445359752
5932,0.29419160066388605
5933,0.3263448704692665
5934,0.4289488149338213
5935,0.5979817677349597
5936,0.3134443977670661
5937,0.5228561680108743
5938,0.4841007342440897
5939,0.16599076397828055
5940,0.8518788043830996
5941,0.38895386156283507
5942,0.5891569468967875
5943,0.839608612987537
5944,0.43663170916541183
5945,0.8639217697524628
5946,0.6692966649255397
5947,0.12394570175319632
5948,0.7557367081361642
5949,0.1536191625010597
5950,0.5943011617072651
5951,0.4137831008170652
5952,0.553374584695952
5953,0.7553464365641442
5954,0.7237793363000743
5955,0.12515454724770256
5956,0.16296856607868376
5957,0.47938631339428406
5958,0.7227946843474651
5959,0.31963435624055453
5960,0.9254556401547751
5961,0.727125843660085
5962,0.6186981497000555
5963,0.31141264624212034
5964,0.43368191249164095
5965,0.7949457836169677
5966,0.8314552810684075
5967,0.867815100966985
5968,0.784858891936021
5969,0.7801295986859702
5970,0.6889227885852225
5971,0.2879294699043951
5972,0.8512960056535117
5973,0.16862316116077522
5974,0.48781464864631363
5975,0.5128291114141372
5976,0.3859027705329857
5977,0.20013327732647743
5978,0.4287460409742747
5979,0.12437408088772765
5980,0.29944616187400275
5981,0.8994574593885146
5982,0.5881965956923247
5983,0.7029839537726853
5984,0.8873985155653668
5985,0.48899453901427414
5986,0.40996019027411446
5987,0.8496391737671768
5988,0.2791410752777361
5989,0.8258852267708621
5990,0.3206101039069507
5991,0.5606934956704006
5992,0.28425225831751305
5993,0.22476037206837113
5994,0.29956162641962236
5995,0.5500671316066718
5996,0.3480952482315733
5997,0.5123455413429466
5998,0.44391476351738246
5999,0.5270775247702317
6000,0.8641565719345985
6001,0.5116004894221657
6002,0.9038903325526196
6003,0.8578725667941296
6004,0.7687841815169094
6005,0.8200667327119205
6006,0.8281271835260244
6007,0.14261098731883204
6008,0.6904785787049381
6009,0.20883765234486792
6010,0.5438403210424508
6011,0.8021868994354734
6012,0.7779977061350947
6013,0.6910597875724317
6014,0.14402699473590103
6015,0.522403776674031
6016,0.3772974609808814
6017,0.6034591025148923
6018,0.44944359284908675
6019,0.5902489626981658
6020,0.24586125160083944
6021,0.869948800585387
6022,0.27334637565537023
6023,0.8103638425366964
6024,0.6513808868611629
6025,0.7823378998771955
6026,0.8722736666003649
6027,0.18725940050551573
6028,0.8290774779305663
6029,0.12720795141935448
6030,0.4817270211173502
6031,0.8081647000900922
6032,0.4320093805948461
6033,0.31057967704713557
6034,0.23445712753755474
6035,0.846880258542877
6036,0.63103262447304
6037,0.4725437660668805
6038,0.8299594871542835
6039,0.2214432907061357
6040,0.8565516770895022
6041,0.6557408444141599
6042,0.2971891372176357
6043,0.6938363270031498
6044,0.47350193917541394
6045,0.6013676439462318
6046,0.2277923003751166
6047,0.6833398150050198
6048,0.5881703043532037
6049,0.6335215014388503
6050,0.2387564738631535
6051,0.32592871792558614
6052,0.8830874924976615
6053,0.9203777385154399
6054,0.8682820410146628
6055,0.7437421796256949
6056,0.45181150994459607
6057,0.18005715406793688
6058,0.4076755661022316
6059,0.5255115288417078
6060,0.8784303416046771
6061,0.49352990662464213
6062,0.8822881694536359
6063,0.894620480278792
6064,0.39109185428032245
6065,0.5058024596656909
6066,0.4759559053368396
6067,0.8881967617397682
6068,0.45302500230278053
6069,0.8281075842262716
6070,0.3799730923089001
6071,0.8483544129324754
6072,0.7559507527357562
6073,0.5198360428429776
6074,0.2002030133544835
6075,0.4011876827227123
6076,0.5678591747679005
6077,0.9078008895370657
6078,0.26797187378608617
6079,0.5770026949867353
6080,0.899999081358472
6081,0.562401687467293
6082,0.8513448675084785
6083,0.7467071956563212
6084,0.7693046141897247
6085,0.8527061288781926
6086,0.2823310548727059
6087,0.6003706484936344
6088,0.42220720683510077
6089,0.3840265181258602
6090,0.8947901610844687
6091,0.7891695102894298
6092,0.903365153668439
6093,0.816034686687455
6094,0.32899070758304905
6095,0.40619881242003114
6096,0.8294488603787692
6097,0.7359531397485313
6098,0.8918812651245014
6099,0.6377715171765076
6100,0.2236295002383622
6101,0.8243605316647253
6102,0.21765839589911146
6103,0.951952780839546
6104,0.36308993496907394
6105,0.5967143305344689
6106,0.8223968334894585
6107,0.2827512867603083
6108,0.4701935159545929
6109,0.25215401724893305
6110,0.37165709114488205
6111,0.24675762155715877
6112,0.7459883878770157
6113,0.6600619589960921
6114,0.24447664429629437
6115,0.8404257301932389
6116,0.8185387334409079
6117,0.5371762128805431
6118,0.7982445331873113
6119,0.33254695690936076
6120,0.5952018911611674
6121,0.6667229477942924
6122,0.6131832825490101
6123,0.4956507221318537
6124,0.5334069616213141
6125,0.695767080813064
6126,0.29110929177869876
6127,0.18347573845364717
6128,0.6084038057198453
6129,0.5881860618960624
6130,0.5729351683517696
6131,0.23720260474995702
6132,0.7691208105495876
6133,0.19218485802707774
6134,0.38890454148587345
6135,0.8164366099362509
6136,0.28241392228944895
6137,0.8626399199395809
6138,0.8624977991925971
6139,0.14043525239459795
6140,0.7826752821577936
6141,0.5290675070678332
6142,0.3040782006462046
6143,0.15483361103723398
6144,0.4766587924657365
6145,0.41335022539306787
6146,0.8220534861770787
6147,0.7605168621358463
6148,0.867038923723122
6149,0.91490344872268
6150,0.6375515542115102
6151,0.60854085041555
6152,0.8207499663872829
6153,0.7089792729085267
6154,0.4881733047976504
6155,0.9183907054712641
6156,0.8495749007986253
6157,0.6715191264799119
6158,0.49044530394486596
6159,0.2608393915804856
6160,0.7303741827756544
6161,0.7503651078498852
6162,0.6605973749157679
6163,0.5621997532299695
6164,0.8391784401375636
6165,0.8681020294174229
6166,0.322878371201629
6167,0.26988933783253566
6168,0.7589630107158335
6169,0.5765357122630222
6170,0.8372875892147646
6171,0.6081102494433598
6172,0.6281377467668975
6173,0.7969433470186985
6174,0.4744017086714674
6175,0.8242887343087881
6176,0.711970039477931
6177,0.23623055411107413
6178,0.27676221713282206
6179,0.25532315727959926
6180,0.7155469652157846
6181,0.9335446052452712
6182,0.4482862551316146
6183,0.13201299955643442
6184,0.8453034640959235
6185,0.876480063393577
6186,0.6724342764415512
6187,0.7505431900554046
6188,0.7425770915266394
6189,0.3976305755591337
6190,0.6666385924572626
6191,0.8333813101000296
6192,0.9377943325766255
6193,0.5201189093974584
6194,0.490986845697293
6195,0.22813346933196155
6196,0.33622780603095903
6197,0.6772262995104286
6198,0.7650451701860648
6199,0.6203179687226882
6200,0.7228373328243605
6201,0.4644922080270987
6202,0.8840768763823085
6203,0.3986085188014236
6204,0.5542781884937771
6205,0.8865055000328296
6206,0.14987790263772813
6207,0.38232263338192884
6208,0.8862731834984163
6209,0.23645392840198673
6210,0.7896268723282598
6211,0.4336593773224244
6212,0.7364155443011973
6213,0.8872010355933595
6214,0.8033423789274415
6215,0.6751226290681782
6216,0.803263433549033
6217,0.8114922399686787
6218,0.5777028087912617
6219,0.8250636130725032
6220,0.4751849149342243
6221,0.7767228894589489
6222,0.675810314984223
6223,0.7764989014361009
6224,0.7383772747431326
6225,0.3664590780922168
6226,0.9380208851303524
6227,0.7282603017169064
6228,0.7112421703633427
6229,0.6702944302589733
6230,0.170517011343091
6231,0.7451126427900369
6232,0.6819416470081378
6233,0.6510678708163483
6234,0.678170738262789
6235,0.5399208653057206
6236,0.8248428894693364
6237,0.21544338697084867
6238,0.418394073020976
6239,0.1259242984062231
6240,0.2619876368389635
6241,0.5017456659420741
6242,0.7689044296572687
6243,0.6713837969370199
6244,0.4836278938173485
6245,0.5100347496385395
6246,0.8525170429152097
6247,0.7458523183182773
6248,0.4078358624914722
6249,0.625432653863559
6250,0.525556202771819
6251,0.5373340199708757
6252,0.8344656735024467
6253,0.7791250317057636
6254,0.44994365716440066
6255,0.6462444260223303
6256,0.7187913741086817
6257,0.8696637761711705
6258,0.5985594552464202
6259,0.8795181557736791
6260,0.872013763942854
6261,0.31034840367762545
6262,0.4436621846262828
6263,0.27009734667139285
6264,0.2103994059460323
6265,0.49796272549270426
6266,0.9101461314334951
6267,0.49570103658568915
6268,0.8217915658063062
6269,0.7775854376619062
6270,0.15924502423647313
6271,0.4442348579386463
6272,0.5749343115578242
6273,0.6892664129756331
6274,0.1806620776583981
6275,0.2055180400076051
6276,0.911687970254347
6277,0.7000655078959604
6278,0.6466621085688234
6279,0.6190895440012987
6280,0.9012297042974474
6281,0.6947631718263085
6282,0.2950387609197981
6283,0.8567185286665577
6284,0.2569714671556221
6285,0.5466205213975266
6286,0.7204253709477165
6287,0.3980261897019999
6288,0.769427226643875
6289,0.7026640096980763
6290,0.8658489652208001
6291,0.8050986866423311
6292,0.6730998865797123
6293,0.7621818500150251
6294,0.2594969902882853
6295,0.2957622799293418
6296,0.30961277599747616
6297,0.23633403838130995
6298,0.8710813419312828
6299,0.9084445404520569
6300,0.37383705720666044
6301,0.2454571560993689
6302,0.659967198170342
6303,0.24002305935720064
6304,0.46106206874706024
6305,0.4070232163290055
6306,0.7576469678122467
6307,0.4768719425083817
6308,0.37229805939906035
6309,0.49151964429809386
6310,0.7393131520106574
6311,0.6629749788447805
6312,0.6872941985360012
6313,0.8726135450358447
6314,0.22284252152471087
6315,0.6864064676273274
6316,0.2950407110552927
6317,0.40755200370482325
6318,0.8059851159761274
6319,0.8188139482924064
6320,0.25447463894137357
6321,0.20681948729438435
6322,0.6658882392886939
6323,0.14419353034271337
6324,0.6209798602323456
6325,0.37783864946882806
6326,0.4933906754304742
6327,0.49905508274821037
6328,0.24308961109582655
6329,0.803828764113808
6330,0.6340829394027931
6331,0.4071201706226949
6332,0.3294431651797747
6333,0.584667110897592
6334,0.1768486827812964
6335,0.5614025290936036
6336,0.6507999160767284
6337,0.8910013017876367
6338,0.15766924486151937
6339,0.9319080541024168
6340,0.8975333011948701
6341,0.5600919372609947
6342,0.4867315352286667
6343,0.5470324123451366
6344,0.6770743158053107
6345,0.16217665228466613
6346,0.29657069226217775
6347,0.16542304250871623
6348,0.5437117902623516
6349,0.23259525317463797
6350,0.5349081102083837
6351,0.1867642413798317
6352,0.2050308314390259
6353,0.6084542859566541
6354,0.6953301707277875
6355,0.44897223127296926
6356,0.523654487343603
6357,0.41940461407362517
6358,0.236731496544154
6359,0.6034274675678112
6360,0.22823953899193372
6361,0.5163244402845789
6362,0.3950524089458597
6363,0.3319892671421312
6364,0.5194142264219375
6365,0.8264078711200199
6366,0.5136891245568856
6367,0.47703633554698943
6368,0.8504453272424647
6369,0.35639435116217644
6370,0.5155432498632289
6371,0.41738683513102615
6372,0.5058811341540422
6373,0.8142343203933246
6374,0.44072340390670617
6375,0.8390182701024607
6376,0.8295446853968046
6377,0.24156450240941585
6378,0.49090252046803784
6379,0.5077887483229564
6380,0.250931812405489
6381,0.7344877226523285
6382,0.47437971750663255
6383,0.42306405002868297
6384,0.46583789293130823
6385,0.2519292453283868
6386,0.8237678401983244
6387,0.8271228902818327
6388,0.7229591714587104
6389,0.1625301766392842
6390,0.5155206055298778
6391,0.33224564163723236
6392,0.6993189180550062
6393,0.13541942683580935
6394,0.23090911111526685
6395,0.7639495039080267
6396,0.6697302056258243
6397,0.3912944657978594
6398,0.5544443110491324
6399,0.8048537690335951
6400,0.6934617689801831
6401,0.3014659924151736
6402,0.7398323541376235
6403,0.7535900236839124
6404,0.1866580181212686
6405,0.17174971958047344
6406,0.4426014943247407
6407,0.2476732579331805
6408,0.7064339290054092
6409,0.4898979015547451
6410,0.40805474858975777
6411,0.937983026632175
6412,0.5044048931206124
6413,0.7099041242497182
6414,0.4737513131543652
6415,0.7673977443317209
6416,0.2302233533974596
6417,0.3513805066337485
6418,0.7089633604903526
6419,0.827758002126123
6420,0.666152435532713
6421,0.14324570434093598
6422,0.142077007719203
6423,0.8124730040346002
6424,0.49228520759015965
6425,0.38848242665521715
6426,0.6155406804764322
6427,0.24797521082512286
6428,0.8461789337936501
6429,0.8923910342971721
6430,0.6715741797464024
6431,0.18904280839506277
6432,0.3068386980399188
6433,0.2818838827412772
6434,0.46110557525683926
6435,0.40122460075804006
6436,0.9138940691635085
6437,0.5079190245527422
6438,0.2060812770267578
6439,0.15993750774915597
6440,0.4738126967897897
6441,0.328688875664102
6442,0.24917711620496036
6443,0.8751722830520604
6444,0.7002046662610305
6445,0.7687681392603036
6446,0.4686093916025733
6447,0.8365387004071089
6448,0.856551788282721
6449,0.8397526014830247
6450,0.3678739444695905
6451,0.6600201392080084
6452,0.3386967986450108
6453,0.843088092909567
6454,0.6632081208744508
6455,0.9238574775083102
6456,0.8054041795761959
6457,0.7598776499502041
6458,0.6441601528491521
6459,0.6923248012745022
6460,0.8401506179029654
6461,0.6442695282206359
6462,0.5120090278038694
6463,0.31379023373459336
6464,0.4572762782649681
6465,0.30604412934020314
6466,0.6194881563213539
6467,0.24853064202988262
6468,0.4285959059415429
6469,0.8536477667532281
6470,0.24848150928503895
6471,0.8133052804906697
6472,0.9197791268721387
6473,0.41175773461774473
6474,0.8174557546699094
6475,0.8569286014111231
6476,0.5976335347939923
6477,0.6260539121146448
6478,0.8823642281836002
6479,0.33802889799735686
6480,0.7486578086552539
6481,0.857160151138542
6482,0.2867226209749779
6483,0.7655445182441784
6484,0.26670996031142835
6485,0.9259957889739372
6486,0.10758740770016124
6487,0.7884149265318221
6488,0.783886867420117
6489,0.6934736788306749
6490,0.6304510991614746
6491,0.8588882054082472
6492,0.4981222807141192
6493,0.5184311084838742
6494,0.7929724694084621
6495,0.6119090048317236
6496,0.3646749593284979
6497,0.6258255590654281
6498,0.11278752276031821
6499,0.39627813973809256
6500,0.2987819416436904
6501,0.6095464060771484
6502,0.4407419576898075
6503,0.5372815573360444
6504,0.6117533509193835
6505,0.8226969167387971
6506,0.8752844579794676
6507,0.7787999560761095
6508,0.28046081034432785
6509,0.8096403157337971
6510,0.363165066118025
6511,0.690476172322448
6512,0.8470569441621686
6513,0.8485658831802436
6514,0.8605623937627503
6515,0.5851461931755966
6516,0.6764831789694455
6517,0.7942718713436699
6518,0.8832819898052826
6519,0.3257389429777683
6520,0.3214357194267409
6521,0.871975619847809
6522,0.3363077596591949
6523,0.3159970788680804
6524,0.31877882395073737
6525,0.29737067012033663
6526,0.5742087117442254
6527,0.2549596974755903
6528,0.19849341160896902
6529,0.6299171027633648
6530,0.7895915829577294
6531,0.6231439571830703
6532,0.8207399290236493
6533,0.8923610595325724
6534,0.7352008204908188
6535,0.6351682181188989
6536,0.5024522229799177
6537,0.6867418202528568
6538,0.8829191607238251
6539,0.21793907794173206
6540,0.8187207989351365
6541,0.4479631739638495
6542,0.5441469119335571
6543,0.7652588037603923
6544,0.21690719867139618
6545,0.6157472815309823
6546,0.7541927967749007
6547,0.4089656843362308
6548,0.6602231940156754
6549,0.685572684989331
6550,0.24720540827113613
6551,0.4289544147515279
6552,0.434214165257204
6553,0.8410919599104932
6554,0.43354007018556984
6555,0.6952356704710679
6556,0.7600816775199455
6557,0.8502950434136394
6558,0.46012266381238537
6559,0.7027808560105131
6560,0.48374858845936897
6561,0.5529499643370519
6562,0.8454899505724132
6563,0.7128173931792928
6564,0.9181197169240702
6565,0.7409968427407754
6566,0.43054386865612815
6567,0.33796279104815313
6568,0.508778374033291
6569,0.23968879001617693
6570,0.23960338214257593
6571,0.797141357980372
6572,0.3280759704672662
6573,0.8206387578391693
6574,0.2888716079841456
6575,0.4241448984403166
6576,0.7971960102228904
6577,0.3810425760726645
6578,0.6018546639347743
6579,0.8169790755866781
6580,0.5252405101132708
6581,0.23906334231646853
6582,0.3811362063536675
6583,0.5418749341215229
6584,0.7133571199400984
6585,0.38582826778070095
6586,0.33401976472641187
6587,0.3890852172236946
6588,0.22701911211923548
6589,0.452412611634526
6590,0.37401650446146545
6591,0.35472547271496724
6592,0.2613962572368126
6593,0.6515775759597809
6594,0.15814478413679905
6595,0.2885169070121359
6596,0.18622925615240188
6597,0.526829017896028
6598,0.23470354666238133
6599,0.23933641265816805
6600,0.8168128548249101
6601,0.33395523326221455
6602,0.49597929995474105
6603,0.8540385560749612
6604,0.807020778051028
6605,0.5796739912325415
6606,0.6194506568908003
6607,0.7988089430961011
6608,0.6366089204625711
6609,0.3434865153649276
6610,0.40256184010581175
6611,0.6277079503442099
6612,0.22841202717509546
6613,0.32288902771770567
6614,0.258224381745417
6615,0.3126923419195164
6616,0.4142898448278345
6617,0.4882007937785574
6618,0.6714559950673009
6619,0.39999374211695954
6620,0.7717321834860071
6621,0.20093114639991527
6622,0.7503990171340851
6623,0.178897122581244
6624,0.44621239426061127
6625,0.14534823248911194
6626,0.7339955535257441
6627,0.7874351145318933
6628,0.7056637469819289
6629,0.7808763375824076
6630,0.16976608685829206
6631,0.8687211781349942
6632,0.2514969915552692
6633,0.5742637700635626
6634,0.6052261678816985
6635,0.8709565105898225
6636,0.16302305380401333
6637,0.31702589804083714
6638,0.22836165731031624
6639,0.8364606110743475
6640,0.725041899031663
6641,0.676766317810958
6642,0.8708880991671326
6643,0.6930217937933001
6644,0.8215457758736968
6645,0.4230475915822573
6646,0.8674795393884992
6647,0.8895872185862508
6648,0.7379393757109052
6649,0.6367034951605373
6650,0.6033428636878997
6651,0.4275652296082759
6652,0.9004094082904623
6653,0.9002453136820984
6654,0.6947728058196457
6655,0.7452023251676906
6656,0.8162594521016215
6657,0.5837485548284737
6658,0.9104027794181517
6659,0.23163476521359486
6660,0.7923350882969853
6661,0.4724021211604146
6662,0.7515653290538133
6663,0.7588296361028851
6664,0.808095286351499
6665,0.7061407821477524
6666,0.8795524053882605
6667,0.36760017652215593
6668,0.33834298434281407
6669,0.887114435617449
6670,0.20170571935845444
6671,0.7805924760748324
6672,0.20305104998784282
6673,0.5668570323348142
6674,0.7960054672256275
6675,0.11092500307647753
6676,0.8634195087448562
6677,0.7521108240665578
6678,0.6029280913283946
6679,0.6127338345764209
6680,0.3519700744196118
6681,0.6677436927577689
6682,0.4312663355912419
6683,0.41990773431922446
6684,0.5043249922923562
6685,0.6888689553769641
6686,0.6016078724709226
6687,0.7986592886908215
6688,0.19341284288185318
6689,0.31169808774016117
6690,0.673473899281779
6691,0.8897773013065882
6692,0.7663776919997081
6693,0.30608196164103035
6694,0.6245265218112024
6695,0.5551311545953818
6696,0.6119029609918797
6697,0.7104416312924133
6698,0.8188999981302657
6699,0.29464050541477954
6700,0.8381098487953683
6701,0.8697144191210127
6702,0.7327179856380619
6703,0.35534994942539305
6704,0.8443732011785972
6705,0.8825078073092535
6706,0.20571860960463162
6707,0.6868793548414687
6708,0.8364766263995747
6709,0.4285398696590871
6710,0.652807417479284
6711,0.20790245305811506
6712,0.5091014982714208
6713,0.2511599062292583
6714,0.404664507743697
6715,0.26555012962989955
6716,0.31883765141599746
6717,0.44048906093239293
6718,0.8749404392088346
6719,0.8169271762084747
6720,0.20942834412166966
6721,0.7460905585762247
6722,0.4318630643569572
6723,0.8027170065562728
6724,0.21015343193636432
6725,0.36777280581893096
6726,0.6618813921736653
6727,0.9021663613857098
6728,0.381024121211597
6729,0.7517606084450666
6730,0.6582786602611266
6731,0.4484876447218537
6732,0.6510451561503527
6733,0.787926555317393
6734,0.4405404388765817
6735,0.5241881054345084
6736,0.3992376878498731
6737,0.42825666470004964
6738,0.7636158989726549
6739,0.9084251524813104
6740,0.6256481066993582
6741,0.3279352556462478
6742,0.6418069393373764
6743,0.322142922216177
6744,0.4387250367734193
6745,0.6110615681989406
6746,0.7604200864463441
6747,0.3701886107527992
6748,0.4385612015398511
6749,0.7413218791220877
6750,0.6172297025742688
6751,0.8448026555459749
6752,0.7128089618293684
6753,0.6120378769818252
6754,0.8653781416418325
6755,0.1746675189352274
6756,0.6286923643540009
6757,0.21477629412801819
6758,0.5761397465020848
6759,0.21924289250840778
6760,0.6489374801375495
6761,0.8209646059874235
6762,0.41002694571963105
6763,0.33235464895556954
6764,0.1598037044325983
6765,0.7494256019366959
6766,0.7237682650423659
6767,0.5383302201249294
6768,0.565264890931608
6769,0.794683286909002
6770,0.26315893261706136
6771,0.633867779832774
6772,0.5852597592106369
6773,0.5612993776027777
6774,0.5941328701640501
6775,0.8849980621372774
6776,0.8350083734981123
6777,0.38751902238973157
6778,0.5834755587045057
6779,0.6202409121613174
6780,0.5144955279995395
6781,0.4834836013121363
6782,0.4215886541206697
6783,0.2597554688058389
6784,0.6180560827986452
6785,0.3981015841409605
6786,0.6766840109361723
6787,0.731712144267923
6788,0.9062432898350761
6789,0.6388794553054086
6790,0.20531235921093932
6791,0.9161135780305634
6792,0.31260737950937956
6793,0.3110844833143751
6794,0.28719980685899776
6795,0.2617587416143794
6796,0.5333559739487507
6797,0.6297509720093836
6798,0.4259393232371536
6799,0.7666153320143417
6800,0.29259072967613997
6801,0.7773813756484813
6802,0.6300843701795568
6803,0.6754777184699767
6804,0.3600980595853977
6805,0.5645521236408638
6806,0.6073680004076751
6807,0.25394303292858567
6808,0.7873290813612137
6809,0.8283958472117254
6810,0.8707011959344416
6811,0.8119563419845236
6812,0.8186316868488284
6813,0.9001306341844595
6814,0.7609787528205378
6815,0.5211635846035801
6816,0.2234547958148383
6817,0.3517019503779731
6818,0.7322654533070283
6819,0.6765965063620384
6820,0.44316117988593556
6821,0.27038674149303726
6822,0.40153293910360155
6823,0.8540822510795826
6824,0.681458484578005
6825,0.15852663801029593
6826,0.2235788176189251
6827,0.8375398063597842
6828,0.5296597631677399
6829,0.3726520096646492
6830,0.774467636869934
6831,0.8569232860480125
6832,0.8145306712301067
6833,0.5303099550415981
6834,0.9193370921039619
6835,0.7393744267885332
6836,0.32036568178459285
6837,0.574944149851527
6838,0.8542987789473905
6839,0.23865041718037866
6840,0.3574308511342326
6841,0.2941814811302041
6842,0.7528849796782437
6843,0.4531853196564963
6844,0.565415893880329
6845,0.29518204699808276
6846,0.5500234185267006
6847,0.2623154141571077
6848,0.690067578783579
6849,0.7008893445607965
6850,0.6755013623194325
6851,0.8164473178512078
6852,0.7696822438166452
6853,0.8187577725896248
6854,0.6878642288095292
6855,0.6078547395000367
6856,0.8439019387509423
6857,0.38324160513358424
6858,0.4718075706887336
6859,0.6592736439218777
6860,0.6293825653693328
6861,0.172008468276273
6862,0.5483255563068418
6863,0.2233483015771083
6864,0.8935481208883158
6865,0.4797525007021024
6866,0.7211929039698595
6867,0.3879384264444835
6868,0.8138518924716017
6869,0.23955239949121687
6870,0.8210760867817739
6871,0.7064468358931868
6872,0.8412132928186555
6873,0.4275875464464754
6874,0.7752242508393324
6875,0.8754226155470548
6876,0.6256265536306144
6877,0.287482750441384
6878,0.2501368248917802
6879,0.639051526126074
6880,0.8466425117913815
6881,0.40745143537089856
6882,0.17242184148985454
6883,0.22742168205239538
6884,0.9005210124678946
6885,0.12909137528836392
6886,0.37394618419575076
6887,0.5568461909684634
6888,0.6396890062183724
6889,0.5421132955400831
6890,0.631178559966136
6891,0.32343487282869426
6892,0.39800664622985416
6893,0.7212995935263457
6894,0.8661776121512192
6895,0.12611344929964763
6896,0.1865185787020551
6897,0.4756355597954212
6898,0.4124345196017373
6899,0.49084876856758614
6900,0.8127643458459348
6901,0.508569091482051
6902,0.6849192297399306
6903,0.7829609282639061
6904,0.7251930193252851
6905,0.3088310126086685
6906,0.5582025318047401
6907,0.4159924801463002
6908,0.17533497039555132
6909,0.7278182779346739
6910,0.45288576793615926
6911,0.7335091078251595
6912,0.832726254916947
6913,0.21552786284314937
6914,0.36647952066152956
6915,0.6465289263419205
6916,0.32891067577014976
6917,0.8495500591261014
6918,0.652320149727856
6919,0.5502201718208352
6920,0.7607097373845726
6921,0.7395350823885563
6922,0.3975184944139203
6923,0.5368830977527351
6924,0.4418513381730572
6925,0.45864170136554194
6926,0.3315352437670884
6927,0.5218742681244887
6928,0.44460951276047683
6929,0.7679078097689741
6930,0.7381909941392674
6931,0.4675160740665818
6932,0.22716205945074824
6933,0.2510607553551344
6934,0.5315997511725676
6935,0.37224100123275194
6936,0.2997864134137791
6937,0.757916395428401
6938,0.8909529774814664
6939,0.4255147543522904
6940,0.5420131295001743
6941,0.18894330234243825
6942,0.16089724195084762
6943,0.8741738481297285
6944,0.6123266693743962
6945,0.41162165960384606
6946,0.6233514142243681
6947,0.600737202700629
6948,0.2336832164136402
6949,0.807767050161735
6950,0.8223251574699212
6951,0.6749979578514093
6952,0.30892006708585223
6953,0.5231844701606467
6954,0.5553844113245321
6955,0.7375320270762447
6956,0.445223533737232
6957,0.47259522047493263
6958,0.5896710376407582
6959,0.6620772613781485
6960,0.21050323804788446
6961,0.13166043384911708
6962,0.7377907551688281
6963,0.8270816369293073
6964,0.3872046287454149
6965,0.31518671048562297
6966,0.6123884013801205
6967,0.8423536361824379
6968,0.424632975095201
6969,0.4874459185522611
6970,0.6679693447092225
6971,0.7734924167403482
6972,0.5915581830376818
6973,0.8629756829131099
6974,0.8338970948688457
6975,0.4668293075498219
6976,0.7944608113970547
6977,0.4437870972480428
6978,0.5080110789367647
6979,0.5162535932545206
6980,0.2983772459702481
6981,0.6594800415642066
6982,0.3325073415018215
6983,0.6012543524210268
6984,0.4264651991478117
6985,0.39430239320198124
6986,0.14185008601211915
6987,0.7871649616183005
6988,0.7603612284163824
6989,0.5488427792059195
6990,0.7166069133672455
6991,0.7440105839390304
6992,0.8185825690629431
6993,0.09595347496528817
6994,0.8032191071871193
6995,0.5007438037850613
6996,0.4912970029234098
6997,0.5188858665249455
6998,0.8600156972633067
6999,0.39655676538970813
7000,0.4694698786933943
7001,0.6799346830649168
7002,0.29071187893070166
7003,0.2764770856694661
7004,0.11747473600518658
7005,0.28663364200767216
7006,0.6931734918625101
7007,0.10897289464622434
7008,0.3171603464066704
7009,0.9021208682897158
7010,0.14273881877220954
7011,0.7382580358414583
7012,0.8554463485971691
7013,0.7533786879070694
7014,0.5980861263806497
7015,0.5486390221923043
7016,0.7406100022160703
7017,0.8529828864350553
7018,0.33933786371083396
7019,0.5249355266133277
7020,0.8235167995637881
7021,0.40145013730831597
7022,0.6220477588675973
7023,0.7449341657747689
7024,0.8537332490483043
7025,0.6002492678048087
7026,0.19584750123933647
7027,0.31094721934794983
7028,0.5866808487570853
7029,0.7218255200756172
7030,0.6125826761834902
7031,0.20767238843275962
7032,0.4383976665765569
7033,0.624957133278552
7034,0.6395947803038855
7035,0.38203901573167987
7036,0.6715685179177535
7037,0.4694395545063912
7038,0.6991033851160029
7039,0.24082588333678834
7040,0.6658902259130257
7041,0.5595980020406017
7042,0.5081193036321694
7043,0.6905963538585204
7044,0.7971539153840925
7045,0.41657848913598605
7046,0.5640786490753125
7047,0.8842392979967962
7048,0.7525119569690861
7049,0.548367301657676
7050,0.27193324779569195
7051,0.5879143711273908
7052,0.191229620013622
7053,0.6808211194635063
7054,0.7630647210605522
7055,0.2903304005046815
7056,0.8780124394214774
7057,0.6795984217902231
7058,0.38007213557240177
7059,0.7986178368037786
7060,0.6504465013660271
7061,0.6354446017799861
7062,0.8192985301239127
7063,0.6850348820534078
7064,0.3204330269458734
7065,0.469717349336427
7066,0.1764916629130783
7067,0.8457803448876715
7068,0.7282382328890984
7069,0.9206340050662343
7070,0.8547029845012245
7071,0.8275015754266649
7072,0.32813418455485727
7073,0.5772030605233642
7074,0.4058284458580355
7075,0.7372107386192347
7076,0.8314385550745964
7077,0.893880825834624
7078,0.4045536355439378
7079,0.656233827309874
7080,0.8181582212957637
7081,0.2786343436509443
7082,0.8277093990277686
7083,0.4995734408515495
7084,0.39253047553422143
7085,0.8728964728838962
7086,0.31270557936423654
7087,0.7380302819267469
7088,0.8240455241023723
7089,0.8508763723093313
7090,0.5218824229154283
7091,0.30995514593076673
7092,0.3470576040243211
7093,0.20369035207302125
7094,0.6804144725919106
7095,0.8218909109661507
7096,0.6683859626162318
7097,0.6279019476203331
7098,0.2949539430416461
7099,0.863676579176214
7100,0.5664409773856481
7101,0.8427314912135846
7102,0.26288703593829293
7103,0.5929121847419755
7104,0.24560251475499445
7105,0.48513779477421426
7106,0.18117792704565006
7107,0.40278449515740317
7108,0.7828899212199227
7109,0.6685844996105688
7110,0.49160305650733793
7111,0.7292350100715008
7112,0.43148066621924874
7113,0.61092484533425
7114,0.8625881657756987
7115,0.9211922940778622
7116,0.7744093849150492
7117,0.7842896759249816
7118,0.5821357098908072
7119,0.32826760158878265
7120,0.8203436151226077
7121,0.831442658881682
7122,0.44256135056313595
7123,0.7477654322852321
7124,0.7393825430531822
7125,0.713397012191129
7126,0.2693402455672111
7127,0.5715181039160558
7128,0.32865983495464773
7129,0.400648806848572
7130,0.2602548403641677
7131,0.7380673345003368
7132,0.5002771003518407
7133,0.21014619312766458
7134,0.7847756354715077
7135,0.7120729832266629
7136,0.6452073887792882
7137,0.8907897087901903
7138,0.853680587699918
7139,0.23908345503815476
7140,0.3781479081597402
7141,0.3694207101574854
7142,0.7749984335206606
7143,0.7746790164825088
7144,0.5336293054606475
7145,0.1260958624993705
7146,0.5867892717816551
7147,0.6202913769189382
7148,0.8411624003838549
7149,0.1857362143848693
7150,0.41241462435481047
7151,0.39174739742434445
7152,0.4276628413734369
7153,0.852795095264018
7154,0.8333657146135598
7155,0.7144397777360593
7156,0.7522647513495464
7157,0.8460724449996886
7158,0.8135866081350354
7159,0.6677178570519956
7160,0.7890732884294016
7161,0.2869321698330339
7162,0.32570783835593053
7163,0.4533207487403125
7164,0.2759623012931809
7165,0.8229944623371072
7166,0.18581592503523775
7167,0.22019588178956023
7168,0.21949909218427568
7169,0.8584305121835739
7170,0.7771527940808555
7171,0.8401629321954255
7172,0.7157126554451276
7173,0.707978148718364
7174,0.8670180859580314
7175,0.41313914869494284
7176,0.8449735525990244
7177,0.8431577595485136
7178,0.3866210456047876
7179,0.14373393119187697
7180,0.7430346567868259
7181,0.7765901576554924
7182,0.5462064390831851
7183,0.5680251293425153
7184,0.667536336841986
7185,0.780388162026495
7186,0.4376510917064748
7187,0.33262085620427806
7188,0.32140954962344337
7189,0.34268819500997394
7190,0.590062747438062
7191,0.23468660355639095
7192,0.6958799829225224
7193,0.28704047811028965
7194,0.4014215404940619
7195,0.13443899317010113
7196,0.9178632501289722
7197,0.2746703526152585
7198,0.4651066382929401
7199,0.3589967292183466
7200,0.3399755429483214
7201,0.9029922316851957
7202,0.44490376176339985
7203,0.7739364657577924
7204,0.6879525470534537
7205,0.5559999143432497
7206,0.6980048839541899
7207,0.47305820758320516
7208,0.8210046383206252
7209,0.263604789067043
7210,0.9023052556709632
7211,0.3765169915818255
7212,0.5350571955480263
7213,0.4079854620394274
7214,0.2530481862374909
7215,0.5916532147797311
7216,0.7132529806933238
7217,0.500621367405261
7218,0.6977904683131935
7219,0.7880701252833863
7220,0.23268514035093285
7221,0.29950249998556844
7222,0.850872765732884
7223,0.25403509082494
7224,0.8143684114481432
7225,0.71012717258555
7226,0.8992541199393148
7227,0.8891119419736497
7228,0.33421601076083884
7229,0.2453547229360729
7230,0.36940930008268685
7231,0.5350354866223438
7232,0.2454778693752157
7233,0.6107998600735165
7234,0.832155167062871
7235,0.18842927780155927
7236,0.5945600744506641
7237,0.7968445328101332
7238,0.6205445545506592
7239,0.6296133813643611
7240,0.6594065189067789
7241,0.21370390532530764
7242,0.5956800595923566
7243,0.7399132155587953
7244,0.31564046317409433
7245,0.7450527258604394
7246,0.8716089033268308
7247,0.7670844727751219
7248,0.630457338360763
7249,0.5277014679566263
7250,0.9205531518660087
7251,0.47084524158172864
7252,0.761346858633455
7253,0.5012480578843822
7254,0.4912983598473056
7255,0.5653870652787685
7256,0.7588488288737405
7257,0.5262902124222708
7258,0.305314764880161
7259,0.2908534227823446
7260,0.3656139762564145
7261,0.7183096630085221
7262,0.333101245071177
7263,0.3307250668402407
7264,0.61165192193715
7265,0.5516319174276895
7266,0.6206833557086674
7267,0.6244859012413921
7268,0.3485174860072849
7269,0.7611393919381779
7270,0.43075527009502496
7271,0.5351219228603447
7272,0.8802423701182274
7273,0.44418207702945567
7274,0.570748822880581
7275,0.6306373159171934
7276,0.30556303330843204
7277,0.8747083638034826
7278,0.6225658278194147
7279,0.8563946656865419
7280,0.4616862716990085
7281,0.757140160313732
7282,0.4867811281528302
7283,0.7562261006133159
7284,0.6841381277194204
7285,0.8561110748522005
7286,0.5664136787923426
7287,0.925138308432752
7288,0.6229304795292863
7289,0.24608377264953718
7290,0.42789594723782637
7291,0.7510818057722071
7292,0.22403048227494893
7293,0.4063291170053923
7294,0.8574985270386573
7295,0.5650170191694969
7296,0.7440289157501805
7297,0.533438740941842
7298,0.9083114210278104
7299,0.2505937190634595
7300,0.47901675697882956
7301,0.8671208425283123
7302,0.3724622608966126
7303,0.8589168946316563
7304,0.8791654822031724
7305,0.6962196934009482
7306,0.5773337907845263
7307,0.6753598112096209
7308,0.18721055391062347
7309,0.4670431864173052
7310,0.7499273172032493
7311,0.7212267198308024
7312,0.6289082039321037
7313,0.25471485761820434
7314,0.7703793660856736
7315,0.7502209119631207
7316,0.41083350552308473
7317,0.26409797349372044
7318,0.8687653066702833
7319,0.09282185083462405
7320,0.32072248530434033
7321,0.5698637762875909
7322,0.36035568890905306
7323,0.35459256447521353
7324,0.7894263904817573
7325,0.6152153935063573
7326,0.6149168020659505
7327,0.1050685527650333
7328,0.18481626763684142
7329,0.6610612779757967
7330,0.845065331310492
7331,0.4000760325909809
7332,0.7491232364558542
7333,0.5232374199881307
7334,0.30709509080580333
7335,0.7355080246253709
7336,0.8250719106359435
7337,0.7306085411785962
7338,0.5667698736741428
7339,0.8843358498963375
7340,0.5057011129805317
7341,0.1572599737488645
7342,0.6200248807765114
7343,0.1989428034695092
7344,0.35000800573021
7345,0.48699721225328463
7346,0.8279668480690678
7347,0.6204406980073033
7348,0.2513428116245288
7349,0.8581436493713495
7350,0.5752848003022387
7351,0.7596147796935226
7352,0.8282092981889777
7353,0.6891837665643962
7354,0.653152043738583
7355,0.23410172778341928
7356,0.7184812547441286
7357,0.5889204915431537
7358,0.23541861019127344
7359,0.6090165473181237
7360,0.43721975928213647
7361,0.8145287796030236
7362,0.21241487232448317
7363,0.13837284120115065
7364,0.568642778215611
7365,0.23491990808372298
7366,0.8620323605495156
7367,0.574785643071923
7368,0.7433377418733529
7369,0.31615382733629416
7370,0.12822210049028515
7371,0.8060804551255165
7372,0.6058879320873757
7373,0.4835303131510244
7374,0.20261634167363668
7375,0.419440905728441
7376,0.6277597084428556
7377,0.19158342407655515
7378,0.830950358571541
7379,0.5236295148163598
7380,0.5720227363727987
7381,0.6513519310295778
7382,0.5278701023080269
7383,0.5763893417569934
7384,0.8440201327847332
7385,0.7875498749684574
7386,0.3047814510860796
7387,0.8406008506753675
7388,0.4982192690793158
7389,0.2162291958084452
7390,0.4833348961865845
7391,0.7843957828311603
7392,0.33426577266274266
7393,0.5146190074247671
7394,0.37172054389906956
7395,0.892699035907127
7396,0.8170199646354339
7397,0.842920415558079
7398,0.8846549634582035
7399,0.25174271779503266
7400,0.23207610017801492
7401,0.6041110490963434
7402,0.5646180389321822
7403,0.2728055333271564
7404,0.7903425653282817
7405,0.7982239634623521
7406,0.19620237278612057
7407,0.856418308141992
7408,0.23437192112513042
7409,0.5660708709960975
7410,0.3802624545208816
7411,0.3982074013703286
7412,0.3347415674202219
7413,0.4901432539159656
7414,0.7203902302061191
7415,0.28620870915411
7416,0.29836289392858845
7417,0.4878152527170253
7418,0.6854037766131723
7419,0.5227263795565382
7420,0.4969160796734339
7421,0.8908711128713946
7422,0.7004122588743359
7423,0.8403854811930609
7424,0.20344159810976464
7425,0.2630851262944072
7426,0.7993023393753098
7427,0.3039861794597958
7428,0.31930169153502924
7429,0.5795572448936731
7430,0.9103990973142213
7431,0.21400389834194433
7432,0.1609308626419074
7433,0.19977451829323442
7434,0.566201577497735
7435,0.1669443529971788
7436,0.3448777601313838
7437,0.30469483252629426
7438,0.690534161703757
7439,0.731301488671842
7440,0.16816118206458217
7441,0.7049023700636837
7442,0.7271508666288601
7443,0.15906476749615844
7444,0.6435726337854113
7445,0.7007885117665719
7446,0.4504582820680917
7447,0.7862510035001172
7448,0.21628750865227558
7449,0.7038319178023394
7450,0.7411511207894995
7451,0.8343351610997911
7452,0.5996434635509309
7453,0.16657667862526673
7454,0.73813481922995
7455,0.19957082059551712
7456,0.2825922222308541
7457,0.7096560020618572
7458,0.5941599657828899
7459,0.5695971245538712
7460,0.8532795545850853
7461,0.5837227218815026
7462,0.8352851129835371
7463,0.9081523392866154
7464,0.8383519791543738
7465,0.28702317719634385
7466,0.8051649089938232
7467,0.1807771856596047
7468,0.3794778680337842
7469,0.26596846427556325
7470,0.5707715022931638
7471,0.4885545394094474
7472,0.4499672658295313
7473,0.47713313079738334
7474,0.7873962259534703
7475,0.6438279658038044
7476,0.7601559232225998
7477,0.25901452003675435
7478,0.8911183664956559
7479,0.6074201381298033
7480,0.6190451918653236
7481,0.2372863640432251
7482,0.18676327126468947
7483,0.7569782123726162
7484,0.36389914497923437
7485,0.8836403837503739
7486,0.593259134236714
7487,0.4254765478377823
7488,0.2126355721494368
7489,0.6179185120390641
7490,0.6881464224583047
7491,0.5162305980726185
7492,0.6873979400820166
7493,0.58591416897792
7494,0.8820832886605526
7495,0.6212377722110562
7496,0.5858979121126975
7497,0.7311096632043714
7498,0.7672327363548495
7499,0.8632769637084794
7500,0.38358813901732625
7501,0.31850958250781924
7502,0.6930193772831756
7503,0.31130840633088447
7504,0.658265216140346
7505,0.3057662594041387
7506,0.7029282756714712
7507,0.14183048547127225
7508,0.6495560620588994
7509,0.8683345045090086
7510,0.27598551166386553
7511,0.8203015011122319
7512,0.40564005974566064
7513,0.6949156205074245
7514,0.19696845664146742
7515,0.1468834742048047
7516,0.3838567637112019
7517,0.20107959114741508
7518,0.5031665161808911
7519,0.6275617126581218
7520,0.4117993156676516
7521,0.8063512352439494
7522,0.40064972660798065
7523,0.3171444836375221
7524,0.34864144978280853
7525,0.23495653938280958
7526,0.8103670262678221
7527,0.8097014748271731
7528,0.7634454149208941
7529,0.5125457207162816
7530,0.5329828917207518
7531,0.6587652038263236
7532,0.5548527328542755
7533,0.8622274385350328
7534,0.43974613899520165
7535,0.3220728358664104
7536,0.3656190665860436
7537,0.6448593986429803
7538,0.5192207832832096
7539,0.30148391322590073
7540,0.4359553580979991
7541,0.7445001994693424
7542,0.4775470373661622
7543,0.7096619817600508
7544,0.7842919374749333
7545,0.8248574303055396
7546,0.23340946882391847
7547,0.7880320730106214
7548,0.807673788011156
7549,0.2669818192137934
7550,0.8299181672101651
7551,0.7306080555413461
7552,0.6186489567702345
7553,0.8489741533011367
7554,0.8568979404329878
7555,0.2877069158174351
7556,0.32747944988580596
7557,0.5009866068204654
7558,0.27578923604524025
7559,0.7749966271882577
7560,0.7888673745575645
7561,0.3791974859163627
7562,0.1954749834711828
7563,0.6792090915067013
7564,0.8298777544033988
7565,0.7241924431489848
7566,0.8272212070288995
7567,0.8038577820531381
7568,0.7768954813334362
7569,0.38256745231827577
7570,0.4287530772898221
7571,0.8331176400431946
7572,0.12359486822186742
7573,0.6172982876397616
7574,0.12530654922673481
7575,0.20515202881317202
7576,0.2408341750970882
7577,0.3587187461586645
7578,0.6698519066750224
7579,0.8145529067829838
7580,0.3703596890380504
7581,0.3682708917440145
7582,0.8821840199527922
7583,0.5840833923128087
7584,0.8887138184296385
7585,0.8282391856701382
7586,0.648004179927379
7587,0.210074807502101
7588,0.8541900243388613
7589,0.807403577053818
7590,0.7593150686269481
7591,0.6842611210180625
7592,0.29647028475019815
7593,0.2395577989212858
7594,0.5898378721867958
7595,0.39452836680118175
7596,0.6635315913722669
7597,0.8580332919822771
7598,0.47366443157737
7599,0.7535529913451329
7600,0.17510133407763492
7601,0.37264521669894524
7602,0.3838404913889129
7603,0.7838458913443418
7604,0.7512199678656648
7605,0.8670033460196898
7606,0.5512346232723342
7607,0.8177706854213
7608,0.5595029150823683
7609,0.8124294451003511
7610,0.30167842998942307
7611,0.701550922953871
7612,0.5312809543787513
7613,0.15448063051484262
7614,0.4992355117817902
7615,0.21832504563387822
7616,0.4375113918617714
7617,0.7529026660993505
7618,0.7419273737412264
7619,0.28120922053541986
7620,0.9403112819922663
7621,0.821952575721845
7622,0.4706447260967461
7623,0.1025540370662895
7624,0.5292948190923126
7625,0.7974739044515285
7626,0.13500521448768812
7627,0.152355093010221
7628,0.1557344515606005
7629,0.33592379132145206
7630,0.27686584076389875
7631,0.8038158034702573
7632,0.858503202552501
7633,0.8526065355681781
7634,0.7676294628271912
7635,0.480078281934293
7636,0.3167494636036434
7637,0.7565873115787568
7638,0.2136281635361748
7639,0.7045631743422447
7640,0.3190839671275971
7641,0.859802914323194
7642,0.24842003587347167
7643,0.40940175467234197
7644,0.694044435679035
7645,0.3528548016795401
7646,0.33713436480333153
7647,0.7328758411878002
7648,0.6482032631173013
7649,0.16833069997038438
7650,0.4660442137914604
7651,0.2614333022073404
7652,0.5289554704088628
7653,0.9216712488802199
7654,0.21161860653263695
7655,0.6898759751352377
7656,0.47018874960546986
7657,0.30099200347251714
7658,0.750070606673439
7659,0.43077464875954513
7660,0.7277398705860347
7661,0.32527043222835117
7662,0.3961117895208919
7663,0.7040827955311459
7664,0.2391009707867637
7665,0.8105431646948638
7666,0.24652238726324058
7667,0.8525309021331104
7668,0.7552202643736412
7669,0.6383841401823452
7670,0.8028089946294814
7671,0.8494660502236114
7672,0.8394461022482849
7673,0.7248567109073154
7674,0.8781291260291014
7675,0.428234783692596
7676,0.2615815574249275
7677,0.8682190662702594
7678,0.32932917968168673
7679,0.7440484155740852
7680,0.8041475582409627
7681,0.27228391397503077
7682,0.682862860985356
7683,0.362187046361359
7684,0.6409221677763247
7685,0.677541716613877
7686,0.6814674617359926
7687,0.7791919870552697
7688,0.7898223598911639
7689,0.8615761538366434
7690,0.24888497978077753
7691,0.3992301960449347
7692,0.7156844864243026
7693,0.6165266848810868
7694,0.6510013742016642
7695,0.68794341273238
7696,0.6099799454108185
7697,0.8829665195227755
7698,0.7317511038222309
7699,0.8256546533562297
7700,0.4021368508717339
7701,0.6302382902362087
7702,0.8392392577209693
7703,0.8605761843643304
7704,0.3552131757391798
7705,0.3155528339282072
7706,0.2578346006412058
7707,0.18275925152675007
7708,0.5995022284085849
7709,0.4586305682802207
7710,0.8138769266167779
7711,0.780643322536293
7712,0.3758119328219614
7713,0.41546902157937016
7714,0.2162613623860136
7715,0.5326522743628701
7716,0.3452724502629959
7717,0.8920237865896863
7718,0.20333980856620926
7719,0.2498828526516221
7720,0.87020797659438
7721,0.6262552974458918
7722,0.47835540907625906
7723,0.6472980593603543
7724,0.5842904254333254
7725,0.2559404424633266
7726,0.6736637040945085
7727,0.745706996867244
7728,0.9223733818108568
7729,0.8758542430218561
7730,0.8119791312673078
7731,0.1818912492489624
7732,0.7929569155777864
7733,0.7342284780548832
7734,0.6440911550085854
7735,0.2088446185885605
7736,0.8365549236458482
7737,0.2660907524820476
7738,0.24493153377992105
7739,0.7399568831580987
7740,0.5446810222550669
7741,0.4110997850120221
7742,0.1885149945232208
7743,0.5956850543826544
7744,0.17511752614947143
7745,0.49254178255117187
7746,0.25261413530630794
7747,0.8075581073922617
7748,0.6916759610875778
7749,0.23364938705905336
7750,0.4711667145873493
7751,0.24604381597331243
7752,0.1473189696259074
7753,0.2806822835361216
7754,0.5358059254939747
7755,0.4542404962260873
7756,0.5578426971705557
7757,0.3807670042543287
7758,0.6205567872527997
7759,0.5935667274256472
7760,0.867206129212368
7761,0.7373278759219013
7762,0.20590614339531754
7763,0.487168439862895
7764,0.8629637447308403
7765,0.29269753340605636
7766,0.783528435395965
7767,0.5931274874960913
7768,0.8370695966595398
7769,0.8323961822699791
7770,0.14757800057034587
7771,0.6251202921619002
7772,0.23880291833088904
7773,0.21537593349355233
7774,0.4755419891112627
7775,0.9348617119695417
7776,0.7194149829178881
7777,0.24280386938891604
7778,0.8552752268796145
7779,0.38791868825433784
7780,0.788574893005066
7781,0.384533663013859
7782,0.7280361651588553
7783,0.3660089185846403
7784,0.3337074033978265
7785,0.7068644244322934
7786,0.2024624959257268
7787,0.21884254406272272
7788,0.8099122621331468
7789,0.7375657816582106
7790,0.7509135993138714
7791,0.6985739753278462
7792,0.8958599409572833
7793,0.27111888115325516
7794,0.683178618786929
7795,0.8756804577662036
7796,0.3547488293114349
7797,0.478072464099236
7798,0.5562821613961838
7799,0.3248907253564309
7800,0.4600611106524256
7801,0.7739868701443589
7802,0.8130165476662307
7803,0.273135725786519
7804,0.9035663473207431
7805,0.8764451337011665
7806,0.6236902952190255
7807,0.17818955651801693
7808,0.6286658281650543
7809,0.3754328344288741
7810,0.5888035656725302
7811,0.23967707784462344
7812,0.8449758620205313
7813,0.6455925819247933
7814,0.9321066923800659
7815,0.6709561230714178
7816,0.5229348149802104
7817,0.44005040326849393
7818,0.3004917719350638
7819,0.4661448328011801
7820,0.699446626820625
7821,0.9205406613486259
7822,0.3457961233626505
7823,0.862681686372761
7824,0.8023820672924654
7825,0.28590651388117494
7826,0.5805108047217813
7827,0.8925252313276586
7828,0.9115681223884258
7829,0.6297143146022712
7830,0.34498984803984123
7831,0.45764559909161034
7832,0.5420976097302381
7833,0.8283526729364545
7834,0.7085745384484575
7835,0.9079267552114986
7836,0.3300604445714148
7837,0.778733759525942
7838,0.18136584675845874
7839,0.4370275690775207
7840,0.7833411196299541
7841,0.5831854038511259
7842,0.381817242503255
7843,0.8058002705639038
7844,0.5320438139582369
7845,0.21727223576398436
7846,0.6955624373616559
7847,0.16305946371192434
7848,0.569027693863488
7849,0.8999802524034103
7850,0.49240870816176685
7851,0.8865855037845549
7852,0.3080980077699485
7853,0.7959767475788819
7854,0.8456217214283899
7855,0.5382326474888872
7856,0.4042214491026793
7857,0.661843742828364
7858,0.5626725710989636
7859,0.810755244171429
7860,0.4842021248171113
7861,0.8302084866170713
7862,0.3299956930788756
7863,0.6256183543487571
7864,0.5667133102536936
7865,0.7762039992602632
7866,0.19992592060560846
7867,0.21148357849326183
7868,0.9101060201029597
7869,0.3025851732462264
7870,0.7382724996150197
7871,0.7158516128726065
7872,0.47978160426126715
7873,0.7555448410084629
7874,0.8451807161768105
7875,0.8322193422696242
7876,0.3226672796196607
7877,0.6975623300574704
7878,0.18593637727993884
7879,0.5464310735713321
7880,0.7348247412238496
7881,0.144404038210149
7882,0.745063508664929
7883,0.9026124387895522
7884,0.2776328878582255
7885,0.5733604619331745
7886,0.27267833912962636
7887,0.33575872104795135
7888,0.7887609660016041
7889,0.46358660891859
7890,0.6270708496677629
7891,0.7054517540630042
7892,0.7653121754641597
7893,0.18598715724269727
7894,0.7476616016768646
7895,0.584651314681899
7896,0.21682120973426874
7897,0.44140056342085887
7898,0.799201685532388
7899,0.3042749342094867
7900,0.29250974617610703
7901,0.7162528360660536
7902,0.2811538575018676
7903,0.6857415274047559
7904,0.16517978133216715
7905,0.7829345816297946
7906,0.5098508211776213
7907,0.3268762881956135
7908,0.2948067289044983
7909,0.8159872685372066
7910,0.45867834819428327
7911,0.9321511007252543
7912,0.3288518763925636
7913,0.5573925906157712
7914,0.8035721421673704
7915,0.25414334013552525
7916,0.4954412509464005
7917,0.7857844258749974
7918,0.7071035006028406
7919,0.5400506059953186
7920,0.5528772253711305
7921,0.3169355021826313
7922,0.8147716729379771
7923,0.6744739455214013
7924,0.5778878640676061
7925,0.7832528259538422
7926,0.25812263603538205
7927,0.5996919156921522
7928,0.7188599246551024
7929,0.4306644656515275
7930,0.8704218406545327
7931,0.8196035409335599
7932,0.8022113293702043
7933,0.44912328394527334
7934,0.17153984587342241
7935,0.8212375387436156
7936,0.4682495260681399
7937,0.20271886704487505
7938,0.5680435765353855
7939,0.7764825757994729
7940,0.14087232737245503
7941,0.4579751941471411
7942,0.8032017493656284
7943,0.8581625344897138
7944,0.5454715804744824
7945,0.60751113243459
7946,0.7979742995540589
7947,0.889770683929182
7948,0.333427029885478
7949,0.2640851513229588
7950,0.6337756179681975
7951,0.49859356643126235
7952,0.25076337655137715
7953,0.63236809346911
7954,0.5786193807428428
7955,0.26370398474865636
7956,0.7905660211932464
7957,0.2970682151038304
7958,0.14099028078094517
7959,0.5893972789522189
7960,0.7946666758248149
7961,0.6491885193035208
7962,0.6985276506079328
7963,0.4073544170373531
7964,0.6904684386636519
7965,0.85401334311547
7966,0.31474581764702214
7967,0.2140121038780527
7968,0.5100349991241468
7969,0.457520122061092
7970,0.8511719120434529
7971,0.3811517742432028
7972,0.6269164278861553
7973,0.8750556967603567
7974,0.2271435014238115
7975,0.8120976246034503
7976,0.745530289296686
7977,0.2710193784325425
7978,0.14373015103718786
7979,0.8242417521098286
7980,0.8239518963941629
7981,0.8262579282666395
7982,0.43507790380263706
7983,0.5817731905227588
7984,0.4992150588809595
7985,0.32688199252678396
7986,0.8384069077851186
7987,0.17259273639252865
7988,0.8918770295052625
7989,0.7454716501822831
7990,0.9254169139905961
7991,0.7820568548832825
7992,0.7648687835931215
7993,0.8197825128126829
7994,0.46257803885416376
7995,0.81424629203074
7996,0.2911741818641668
7997,0.7061455199708929
7998,0.8169411637821251
7999,0.2484605039310348
8000,0.5923608888725636
8001,0.7330858907267715
8002,0.4764418810477547
8003,0.25040598272530623
8004,0.6806586576240625
8005,0.5924238428179924
8006,0.4976933240471906
8007,0.4516755270403672
8008,0.8512601839290642
8009,0.8269673103497766
8010,0.8102868787676901
8011,0.9200233528054854
8012,0.5072760541108681
8013,0.7542979334108251
8014,0.6921002646909556
8015,0.7684447512258108
8016,0.29170954843757685
8017,0.8225335649453253
8018,0.697026289045347
8019,0.5462635593690849
8020,0.7389013348828325
8021,0.7158917927703112
8022,0.37047551522529854
8023,0.8823275865464261
8024,0.7556071227446559
8025,0.8434763364213212
8026,0.7795280073819639
8027,0.6234868563800315
8028,0.6080897813368874
8029,0.5599921247471447
8030,0.8737691533177077
8031,0.5306084785059516
8032,0.8441645972827009
8033,0.3572071853175906
8034,0.888022201841259
8035,0.8791750203175037
8036,0.24826346166721147
8037,0.7344384938152289
8038,0.2532183323935252
8039,0.38021339884966543
8040,0.7183666878548707
8041,0.4613991016675346
8042,0.1606712735557152
8043,0.19462239767000625
8044,0.7099950644471037
8045,0.21735035024199242
8046,0.15110855981718258
8047,0.9032751084316095
8048,0.5618253872362194
8049,0.5681769456943553
8050,0.8334095347892637
8051,0.9034862615447651
8052,0.3957521558459026
8053,0.8102970013260854
8054,0.4757713992847383
8055,0.7330330035911314
8056,0.8276487495694528
8057,0.6303194885059151
8058,0.5021567084022376
8059,0.17775865424659995
8060,0.7466259033334112
8061,0.8880505446440337
8062,0.7352810893705196
8063,0.5260707379088734
8064,0.6913472657751014
8065,0.35062880962009063
8066,0.32785491245127774
8067,0.6948979435834892
8068,0.40620823192376376
8069,0.8172177774463197
8070,0.8210683044168988
8071,0.5388843204428438
8072,0.5472776184854786
8073,0.5400853790767708
8074,0.29433791809003784
8075,0.36110355062270544
8076,0.6458208185803421
8077,0.3401451535175821
8078,0.552968517675375
8079,0.6565203376926856
8080,0.5213334957372799
8081,0.7020485013185087
8082,0.3690432001532946
8083,0.8943484757774799
8084,0.4021386016709013
8085,0.7122221633900416
8086,0.6233361416115829
8087,0.353581528630626
8088,0.7063603294854196
8089,0.5096856308142262
8090,0.7200337527914114
8091,0.27100357454169866
8092,0.33836797933112445
8093,0.21344034648486393
8094,0.8035539111854674
8095,0.13491667715910519
8096,0.6126363379298214
8097,0.7751327420485992
8098,0.8853265680512923
8099,0.3023821331185649
8100,0.5296170571365966
8101,0.4776545328546212
8102,0.8177915851949868
8103,0.5566648689843615
8104,0.3890666798215463
8105,0.8215816314390485
8106,0.86717383967719
8107,0.6758068609236639
8108,0.8286147733867651
8109,0.5473339800051031
8110,0.5762064809450148
8111,0.16839230394759402
8112,0.44129572486610935
8113,0.5484895751877277
8114,0.609221584966692
8115,0.8916506284816005
8116,0.5146796674554583
8117,0.7518102862584481
8118,0.4706855399809903
8119,0.7685394074320342
8120,0.8558598602177482
8121,0.2831263028970503
8122,0.7575595906175387
8123,0.8454849980713958
8124,0.6824027245158799
8125,0.8184387782868805
8126,0.8967836216131195
8127,0.9332392722507248
8128,0.4260394997312968
8129,0.3410245883283794
8130,0.6169745696138497
8131,0.2075277445743852
8132,0.5987653120371049
8133,0.15348990631203643
8134,0.6252231766632642
8135,0.24447527971488006
8136,0.31905094812442314
8137,0.912653761515227
8138,0.7019848327663059
8139,0.5537931034193915
8140,0.7334974626119662
8141,0.5764959879389115
8142,0.8580781086414725
8143,0.804103024201321
8144,0.9320797410310439
8145,0.78159461585246
8146,0.46228571897319287
8147,0.22764060853259077
8148,0.8648826998388919
8149,0.8768013492572427
8150,0.5540631282502595
8151,0.6472857993113084
8152,0.7570819518978115
8153,0.3346241625518279
8154,0.24398721023996423
8155,0.47717050432680197
8156,0.690075409622769
8157,0.7000054761598832
8158,0.7736233721322946
8159,0.7154706525124949
8160,0.6738919857402902
8161,0.6639681953254492
8162,0.7408646232373952
8163,0.7040610159643501
8164,0.3440231750632175
8165,0.7936324303292865
8166,0.2897207452118362
8167,0.741783529586707
8168,0.36993694511081665
8169,0.2832065312464714
8170,0.2684644689925081
8171,0.26231434747362126
8172,0.7201829192234792
8173,0.8314851350684592
8174,0.5142508812883556
8175,0.3785086180465213
8176,0.8302427556126728
8177,0.24180884759899307
8178,0.17445802301172836
8179,0.26888910470163424
8180,0.7265371341243249
8181,0.3001983349866698
8182,0.4777879688938447
8183,0.37392938060802433
8184,0.8075561059270525
8185,0.7409229216387015
8186,0.35865814646089916
8187,0.6695908272791
8188,0.2749547070337375
8189,0.3297440447036146
8190,0.8312598986376081
8191,0.9134042253960974
8192,0.6588750871725082
8193,0.7687095752433802
8194,0.3622642374781712
8195,0.6759335433139334
8196,0.772345124590126
8197,0.22272595791447344
8198,0.8940638453565806
8199,0.7567789824569875
8200,0.8176810423144665
8201,0.7575774816932429
8202,0.3805085736326162
8203,0.3832649026421243
8204,0.6973374117966169
8205,0.8397134615881767
8206,0.39305506848747407
8207,0.3165945522898982
8208,0.9030394415511556
8209,0.46443602409570317
8210,0.8404367818402048
8211,0.4269983032807105
8212,0.7101685540993089
8213,0.683460696111619
8214,0.3515215711539593
8215,0.7882697027398563
8216,0.1948376334391036
8217,0.14680006797672376
8218,0.8313013886767814
8219,0.49506947995485606
8220,0.17780716844728878
8221,0.5060772072754667
8222,0.4072512517300995
8223,0.3067885497320301
8224,0.6011066180944764
8225,0.690403152585226
8226,0.7964571944770048
8227,0.5493875274908042
8228,0.8148956897113695
8229,0.45511385261343656
8230,0.4468394301979469
8231,0.8739654818715475
8232,0.5743076732162165
8233,0.5084455018035722
8234,0.7765367283366283
8235,0.3674609429115531
8236,0.24832469327345286
8237,0.2176488034429192
8238,0.8387271363774929
8239,0.8170635210791717
8240,0.24439278731910655
8241,0.5275218263392182
8242,0.6391084254290297
8243,0.36316618479300145
8244,0.34927260466352344
8245,0.8369089837824161
8246,0.6675592974476479
8247,0.7965920782153082
8248,0.5745270742487875
8249,0.6273321721091736
8250,0.8982187324464127
8251,0.43638218702257114
8252,0.8731113988685851
8253,0.7269934204441371
8254,0.2475340184718519
8255,0.3753574256991009
8256,0.34577383898685987
8257,0.13217052341582425
8258,0.8549764215967544
8259,0.862717992797197
8260,0.7312306442219381
8261,0.6794086839118987
8262,0.4707293230681982
8263,0.7327334899925968
8264,0.7922148189102374
8265,0.5420827771602458
8266,0.38157253872507446
8267,0.4431064060127734
8268,0.6455581154182535
8269,0.17673762846789767
8270,0.7529502014726114
8271,0.5585185373770964
8272,0.19458343006152876
8273,0.2568853377301145
8274,0.7466030699681494
8275,0.6699638612538743
8276,0.31860164318963624
8277,0.26545705844103856
8278,0.40791419273726404
8279,0.7843728109959973
8280,0.4987134941114697
8281,0.42530624722620347
8282,0.35968783376982144
8283,0.4742412263844239
8284,0.260589888398022
8285,0.3494614182086808
8286,0.7848452922428002
8287,0.25140528459723627
8288,0.1436970633604513
8289,0.756042078327132
8290,0.8141168928589281
8291,0.5785458761322909
8292,0.5309527473542718
8293,0.4122315719922094
8294,0.8580014004544273
8295,0.5031361070166374
8296,0.2621328672882694
8297,0.37864481740650097
8298,0.36425643193005486
8299,0.49518119723874593
8300,0.5893871232832569
8301,0.2713069958771169
8302,0.849302876750596
8303,0.6672896613383108
8304,0.9027653563468965
8305,0.7961592545309526
8306,0.35251150116734553
8307,0.5198776837428278
8308,0.3495964142346198
8309,0.32624248390405164
8310,0.5377556997263292
8311,0.7143760691490885
8312,0.8421722817545086
8313,0.311895324715387
8314,0.18432664451903988
8315,0.7022397088931205
8316,0.8190302872237836
8317,0.6426380606288736
8318,0.9206025548998005
8319,0.7667143866957014
8320,0.8022681322223915
8321,0.5604800527635341
8322,0.5777980329139156
8323,0.2808667301579946
8324,0.7898340966241765
8325,0.29769025334047045
8326,0.2218014738937308
8327,0.7269319653978014
8328,0.3438895638125766
8329,0.7777244753784284
8330,0.30942659408449047
8331,0.45877806637213137
8332,0.2845078944317216
8333,0.7621514223742321
8334,0.36697641591491903
8335,0.17127474231626247
8336,0.5275923190400668
8337,0.7391633227262585
8338,0.7982532733156412
8339,0.9064773989153008
8340,0.8439487339505164
8341,0.813830681939526
8342,0.21235600633159457
8343,0.6104679333542413
8344,0.2103022104448778
8345,0.8037054813585156
8346,0.17669520713337578
8347,0.45777617372864116
8348,0.6876427752422813
8349,0.7777240769452118
8350,0.25515332205726016
8351,0.7543447408395958
8352,0.7624288357823088
8353,0.5727346998450655
8354,0.27514288038528883
8355,0.3909180181802418
8356,0.7708339164200249
8357,0.7430937193472253
8358,0.47793517317848966
8359,0.9092846012744193
8360,0.32236298455877965
8361,0.8766722616323215
8362,0.9251144902201952
8363,0.8169978772974822
8364,0.37302012378816907
8365,0.6474783966028601
8366,0.545157559148139
8367,0.21164610033871362
8368,0.3920597577432587
8369,0.5075618021452216
8370,0.6421526016045421
8371,0.5941263616547062
8372,0.7540954084063062
8373,0.6513067244140268
8374,0.8659616721693033
8375,0.15405500725326626
8376,0.20506915493885533
8377,0.7863661847217746
8378,0.7119263421548161
8379,0.7196712792007492
8380,0.5196237764572574
8381,0.5405115538753584
8382,0.40344206020931156
8383,0.5227849878744332
8384,0.43002136817473263
8385,0.8661840743907637
8386,0.7763387061007628
8387,0.7390356072682533
8388,0.5359573370241021
8389,0.4594218792221625
8390,0.2301313077581609
8391,0.2751483640306176
8392,0.6824366227483394
8393,0.8508593084617582
8394,0.39288150717244386
8395,0.24629253935229312
8396,0.8231972394692701
8397,0.6525876541598036
8398,0.6569906767464113
8399,0.802300584749303
8400,0.5775361465142705
8401,0.5239476732726768
8402,0.14949653658635742
8403,0.47782288759353014
8404,0.6204688332227395
8405,0.7216152306884775
8406,0.842380768531033
8407,0.39343993182494597
8408,0.5914994229554714
8409,0.1519661075891112
8410,0.3186550116549309
8411,0.6052038801389104
8412,0.6465354693711778
8413,0.8611455680780984
8414,0.6227694013387317
8415,0.2636220728201069
8416,0.40057864949456234
8417,0.27779896977648477
8418,0.8159843775987999
8419,0.8634314368633087
8420,0.6746956656405081
8421,0.5122376111428967
8422,0.8081964304365598
8423,0.14191967717520723
8424,0.4005909277102834
8425,0.8995906566155549
8426,0.8683902564191655
8427,0.8534816604626485
8428,0.687979923399852
8429,0.5050448175558542
8430,0.8375667453923754
8431,0.22629050118192912
8432,0.4488230109566476
8433,0.6181500583880264
8434,0.3992644274803375
8435,0.7996548500005531
8436,0.3613618183402608
8437,0.6775488572654362
8438,0.1909713930160029
8439,0.5925148477997003
8440,0.804423070245284
8441,0.8665056538733683
8442,0.36888689573152766
8443,0.6874862297785445
8444,0.3416106714911088
8445,0.3110540107413984
8446,0.14828375288241194
8447,0.8248135879747072
8448,0.20939904708389478
8449,0.8846158514157713
8450,0.34460757036732803
8451,0.5367738561144481
8452,0.7430303383242701
8453,0.8841899249770637
8454,0.3736148879424059
8455,0.8832979368723195
8456,0.7507145292350137
8457,0.5677841776223221
8458,0.5954653084237428
8459,0.8711543778197084
8460,0.3557347167271271
8461,0.8170499466157048
8462,0.8896517480029684
8463,0.8425767881475651
8464,0.6424417769237132
8465,0.7970390071271278
8466,0.2692293357171327
8467,0.2791284148360966
8468,0.25144262307385623
8469,0.2909433258375076
8470,0.8852398829708297
8471,0.7228893290614749
8472,0.8608270265708998
8473,0.4820743223782769
8474,0.8415668779633205
8475,0.7975021616044943
8476,0.5702829747805744
8477,0.43154639672745554
8478,0.6950055368335519
8479,0.6714793115929285
8480,0.5821768182206272
8481,0.36540596452429414
8482,0.5923552975063994
8483,0.8539723663089047
8484,0.356221359843628
8485,0.3883353986691604
8486,0.4995110665236224
8487,0.8015287706435129
8488,0.4344299477813949
8489,0.811424305529471
8490,0.5893930056352741
8491,0.31186860021562485
8492,0.2874784002495037
8493,0.5429408934563117
8494,0.35022494467015186
8495,0.18384651375640831
8496,0.7780814927373129
8497,0.8017653618693223
8498,0.14791288667496952
8499,0.21369202793496675
8500,0.6958196683167294
8501,0.5559907926386934
8502,0.13795802669464982
8503,0.3484717907845504
8504,0.8482146136081694
8505,0.5339012827054982
8506,0.833279684849499
8507,0.3617065072170882
8508,0.6759281318132372
8509,0.8212753953076685
8510,0.7825464663707127
8511,0.46324076744118153
8512,0.43544693394499456
8513,0.32384803892492764
8514,0.1701646821179856
8515,0.5762727485421608
8516,0.30381218757274464
8517,0.5841850741395886
8518,0.6885952548163061
8519,0.1286121532572757
8520,0.3619200737432849
8521,0.20786472568154507
8522,0.4487145138691917
8523,0.8230534611058808
8524,0.6530906855099448
8525,0.5034249616829536
8526,0.7226276831805306
8527,0.30053864597068314
8528,0.8047772779386142
8529,0.7927013195041621
8530,0.4515428486470127
8531,0.8005332887895744
8532,0.7328507355310039
8533,0.24629497385684254
8534,0.8614731890227789
8535,0.6413762958763053
8536,0.7020380691199912
8537,0.8586293926293679
8538,0.39555613218254915
8539,0.10247050999598994
8540,0.8604690148251383
8541,0.5236610378560445
8542,0.8031337533651215
8543,0.7923281149886839
8544,0.779468083340092
8545,0.3264601731984742
8546,0.5840863909940184
8547,0.7193372342173108
8548,0.28918369516039344
8549,0.8661409638543395
8550,0.8514821040327845
8551,0.8392588534890065
8552,0.8951726617685578
8553,0.6905779849661231
8554,0.6078682287014602
8555,0.7112594540124206
8556,0.3797795953415926
8557,0.3606445312961534
8558,0.6875824866242431
8559,0.9385644574282455
8560,0.7470804009198982
8561,0.22575444490765267
8562,0.7255921313829308
8563,0.8655735705967486
8564,0.2297493531912333
8565,0.33562345933473936
8566,0.5475713302297701
8567,0.45438694534819063
8568,0.7880699324508328
8569,0.18291458326630117
8570,0.9086172632793771
8571,0.761197080879105
8572,0.3988067370739412
8573,0.6972288499132125
8574,0.6809929299602621
8575,0.8427668636110847
8576,0.7818612412905012
8577,0.8438024813328466
8578,0.8612281587253479
8579,0.4583934245807316
8580,0.21219598594798755
8581,0.4518719543556603
8582,0.493466999650185
8583,0.5153055508421415
8584,0.8826425677372447
8585,0.8903375015793784
8586,0.22934786172802488
8587,0.18442501774626657
8588,0.25379659177771546
8589,0.8319924395284144
8590,0.2293540938089631
8591,0.72247590067652
8592,0.5503896807765908
8593,0.6661173000686743
8594,0.901237202986114
8595,0.8321247110007166
8596,0.3998069151297793
8597,0.4242139932627276
8598,0.21113085574589258
8599,0.19193211965379753
8600,0.7153124311985409
8601,0.8740711703097046
8602,0.2365905992051941
8603,0.9085580788215694
8604,0.6996041913414913
8605,0.5407382607056797
8606,0.7311415205332136
8607,0.7271334140374094
8608,0.20504283438402035
8609,0.8454491929218646
8610,0.6740579238672818
8611,0.4241754505195428
8612,0.2554292596853188
8613,0.5232581020231909
8614,0.5409211097721212
8615,0.7965020318163605
8616,0.15352234274599505
8617,0.7701472503159137
8618,0.8408029223430081
8619,0.3070889973688319
8620,0.20523795855823457
8621,0.8991545665340099
8622,0.27846226089659654
8623,0.192734283129036
8624,0.6593923998708607
8625,0.14367829636802498
8626,0.5469401127705599
8627,0.2900884353519567
8628,0.6869492361311069
8629,0.20178056373298012
8630,0.767823870550954
8631,0.7662572017151863
8632,0.6178822821341564
8633,0.895625067919007
8634,0.7327734663422134
8635,0.5209256685240826
8636,0.8601628299137589
8637,0.4000618790861172
8638,0.3885688711641907
8639,0.8113832502616578
8640,0.35873106023367535
8641,0.8570153835504103
8642,0.22001239880776255
8643,0.7473744156951985
8644,0.6946988699044162
8645,0.8239002866222125
8646,0.252770372386817
8647,0.3154689505110599
8648,0.47738065003075314
8649,0.4290110714122496
8650,0.38471149576438685
8651,0.6252237138430712
8652,0.7693185135682251
8653,0.495844222065535
8654,0.12832920783749613
8655,0.2515530140563451
8656,0.25821082330473427
8657,0.6023900954851078
8658,0.7808760512847824
8659,0.6172541477218612
8660,0.4326296018881459
8661,0.7602551740696158
8662,0.7466416710812425
8663,0.930676465031833
8664,0.6241513256433366
8665,0.3195065485581315
8666,0.4184403100773861
8667,0.4537353976936317
8668,0.7893994483697208
8669,0.652658919720714
8670,0.8336586907531078
8671,0.6590646555964179
8672,0.518049529719023
8673,0.7065109377078586
8674,0.25440671480017324
8675,0.24803838228652955
8676,0.5637592825420865
8677,0.17197948688576808
8678,0.7665271237137928
8679,0.432678531021667
8680,0.5584715152042172
8681,0.8133680712912199
8682,0.5902774853574972
8683,0.4455089396967767
8684,0.9061544911498174
8685,0.31878911068650334
8686,0.14343795939487988
8687,0.7006014003942634
8688,0.6657660886003433
8689,0.1334079593358797
8690,0.6723175168122999
8691,0.2353264860705469
8692,0.8592267291126654
8693,0.8178971339453532
8694,0.7381480675005814
8695,0.905865234387147
8696,0.8874874456686823
8697,0.8315328956318088
8698,0.16459605055198773
8699,0.787354872190038
8700,0.6740914906148905
8701,0.8249968459070621
8702,0.8733719981223971
8703,0.7648661406979643
8704,0.4667361030722086
8705,0.6599507652102498
8706,0.36784046333581694
8707,0.839531515446951
8708,0.6884312970895922
8709,0.5820669080835807
8710,0.7361775066825513
8711,0.1557221338215306
8712,0.6872655521564053
8713,0.809099980604471
8714,0.4234970499064915
8715,0.6580120241744833
8716,0.8418875344534744
8717,0.17379111751943566
8718,0.39040296246834577
8719,0.8189248339250134
8720,0.6715868327270448
8721,0.3233503898202735
8722,0.260257818688537
8723,0.7911344317011174
8724,0.6614451707187925
8725,0.6608459782693801
8726,0.49703195969369596
8727,0.6595388603979717
8728,0.6185403481381808
8729,0.5322883014624022
8730,0.5110637617953542
8731,0.4715347041123687
8732,0.16362686657655495
8733,0.8466911698448014
8734,0.3599933398428776
8735,0.8435062817502876
8736,0.5287835154988446
8737,0.47891927835479425
8738,0.5819183825055271
8739,0.8515465403349188
8740,0.8043795245566449
8741,0.35728370613557464
8742,0.8240827455648753
8743,0.266574428809013
8744,0.7215259382701197
8745,0.47442588595517754
8746,0.7333397247497816
8747,0.5634128101089917
8748,0.2521416402260562
8749,0.26141469110431625
8750,0.2367034976168706
8751,0.6526755753438235
8752,0.8304456056850597
8753,0.741829572114655
8754,0.6601265810804633
8755,0.28229555582516985
8756,0.8135592092557273
8757,0.40867550881984926
8758,0.5572960434161115
8759,0.46377723776024365
8760,0.8531035850910191
8761,0.6378084072094513
8762,0.4880363667462241
8763,0.387844508186643
8764,0.6068318814364788
8765,0.6660880032625578
8766,0.5467052554174006
8767,0.58501779328508
8768,0.739072458326662
8769,0.6623618694654457
8770,0.4739610564204092
8771,0.4220943303174423
8772,0.8225818491159059
8773,0.8464570968032289
8774,0.7271530698278234
8775,0.3568331671883922
8776,0.686455540361712
8777,0.6186614826151076
8778,0.13981149769370077
8779,0.5399078030752775
8780,0.6119534542314822
8781,0.8240417074078772
8782,0.6635027849340464
8783,0.49260107673635084
8784,0.23807760069036654
8785,0.8974900476742018
8786,0.7996966579874042
8787,0.515983564488489
8788,0.8018365980907585
8789,0.7920157264799407
8790,0.29703824437845283
8791,0.9149485020819815
8792,0.19952112242597092
8793,0.6138938176407502
8794,0.21278505095145755
8795,0.1556873522487232
8796,0.5585985226732331
8797,0.7086912207869734
8798,0.6415542206472029
8799,0.7409641238895108
8800,0.3537750671501106
8801,0.2590114806644879
8802,0.7236539174066549
8803,0.08925150405543324
8804,0.15079653332677914
8805,0.7657007189336337
8806,0.6141977184326117
8807,0.7481626213848546
8808,0.8632299748956844
8809,0.4633104498329224
8810,0.21868475066532922
8811,0.7053684808420503
8812,0.4809917531040965
8813,0.8479275287064834
8814,0.710156433854749
8815,0.7654471403128745
8816,0.23154718239683034
8817,0.37459969545308436
8818,0.8815342784373774
8819,0.3792243143853979
8820,0.23198654109477052
8821,0.12746563896258406
8822,0.790348388337736
8823,0.7724458755048383
8824,0.2560562420957029
8825,0.7954088163478816
8826,0.9107193873902869
8827,0.3093595043887586
8828,0.3893438017515344
8829,0.27563268271805935
8830,0.8250215156584204
8831,0.167873750144124
8832,0.5465052660047803
8833,0.7890282674495479
8834,0.35494382509096073
8835,0.5677790657419245
8836,0.5603643249201974
8837,0.35285553066558134
8838,0.3847583543216173
8839,0.6272247241545649
8840,0.3037768045006823
8841,0.12394332026625023
8842,0.8087500651539185
8843,0.22865885740821662
8844,0.532543715269689
8845,0.20603433309987018
8846,0.8626735601851423
8847,0.8464621329875542
8848,0.8569789713284995
8849,0.35981715944949444
8850,0.7606551190136979
8851,0.7922032918795889
8852,0.18112102913671596
8853,0.8858840651785166
8854,0.49420352593550687
8855,0.35689392715907065
8856,0.35128379700931284
8857,0.8844342004326327
8858,0.30591865249464506
8859,0.8603352965749922
8860,0.3888261817441083
8861,0.5915044746824433
8862,0.4985095248579551
8863,0.45753942376032175
8864,0.7627021679209642
8865,0.5513608391765777
8866,0.5516067764100541
8867,0.20710404131912138
8868,0.24966003875695975
8869,0.5201998335826715
8870,0.3665184456183995
8871,0.7348965676064564
8872,0.4935079116081338
8873,0.8565485247785386
8874,0.9055847671511708
8875,0.3454648487747296
8876,0.8141305100434739
8877,0.8729896478832624
8878,0.8338252906545868
8879,0.3832734977788777
8880,0.780190196635628
8881,0.3243779099373584
8882,0.6127819758917235
8883,0.8095918907234185
8884,0.7929674369784996
8885,0.19533142819722024
8886,0.5314475276957676
8887,0.7204281936630186
8888,0.7706571145644565
8889,0.8336563525293407
8890,0.8669784478422311
8891,0.7490050528678274
8892,0.7403410716323835
8893,0.42143079679939377
8894,0.41336606135451753
8895,0.697093347648036
8896,0.31248275928389757
8897,0.6738056143477824
8898,0.29955936807982536
8899,0.5685751350587432
8900,0.7366334176057473
8901,0.7828318588308083
8902,0.638069625268268
8903,0.20213008020044873
8904,0.3249043274136484
8905,0.8127836349596336
8906,0.8943841759482988
8907,0.6169550219390431
8908,0.5526332284193406
8909,0.6406668785350828
8910,0.464703796822166
8911,0.8070869131786728
8912,0.8103939708536071
8913,0.42974194429356494
8914,0.29307400956281426
8915,0.427759680807958
8916,0.37999086128895804
8917,0.3265699543280686
8918,0.3560289596626921
8919,0.679624983440873
8920,0.53626665849366
8921,0.37412965320299346
8922,0.23665521110196822
8923,0.4208852329454159
8924,0.795038901446828
8925,0.5365192594619999
8926,0.6001822975886523
8927,0.32660059945833814
8928,0.7980469433691153
8929,0.12705867294746473
8930,0.8028376521351123
8931,0.32760135791868555
8932,0.6876140098802849
8933,0.8159105761261854
8934,0.8210296397859526
8935,0.41114017878980286
8936,0.29012380001937293
8937,0.9181539801418602
8938,0.6441265164876618
8939,0.6405277450009443
8940,0.31667462068087177
8941,0.7814674322975081
8942,0.8296433692890458
8943,0.5173695133573152
8944,0.696901564435067
8945,0.2443106375143733
8946,0.8375569670173848
8947,0.5239827278211469
8948,0.5114321429013235
8949,0.5890835884761874
8950,0.5984189938424225
8951,0.19101060667734002
8952,0.42601582877997046
8953,0.8341779272361382
8954,0.612493420459081
8955,0.5243540784079331
8956,0.6083769400604642
8957,0.43431097715200906
8958,0.6151470948740377
8959,0.3567885539318739
8960,0.6852006894402513
8961,0.4209458153609662
8962,0.1415493329688899
8963,0.8626580577249104
8964,0.7445280594485025
8965,0.8182125657333023
8966,0.2173852074323793
8967,0.7733914749877867
8968,0.634019756851767
8969,0.225897579008724
8970,0.6691305851399241
8971,0.12946021703974375
8972,0.7492927691144942
8973,0.6358346117069179
8974,0.2918308189408383
8975,0.8426472049625936
8976,0.7746659086316022
8977,0.6867163711127997
8978,0.21726945294879574
8979,0.4440620347537211
8980,0.48945019629120984
8981,0.5058625040469438
8982,0.8458535101395451
8983,0.19020403938945835
8984,0.7532618540642627
8985,0.311896990618479
8986,0.4258348138856003
8987,0.6743231672536896
8988,0.8694225840058231
8989,0.6828660850692136
8990,0.21768264141502797
8991,0.6839125751354652
8992,0.8720373422724043
8993,0.6387933402903038
8994,0.7891994832466342
8995,0.447090199805443
8996,0.772846179450409
8997,0.31322913790890583
8998,0.6640028945749363
8999,0.29642861283531113
9000,0.5868030836871301
9001,0.9153753485277808
9002,0.8944736080017646
9003,0.5408152866169872
9004,0.5619331378509719
9005,0.5356887422252846
9006,0.4794705729619173
9007,0.2635847661656521
9008,0.5604380194333118
9009,0.7678988375976874
9010,0.40521231817897135
9011,0.6033184612465643
9012,0.865988866676862
9013,0.6208448596028043
9014,0.8388513508940396
9015,0.20040945806087435
9016,0.6951455964007545
9017,0.21904297124701705
9018,0.29785803019637797
9019,0.8548429787366287
9020,0.8342267081236197
9021,0.1969328960802757
9022,0.5825272141921491
9023,0.6799521944528922
9024,0.5769149259311102
9025,0.6680396186014248
9026,0.2885971140825031
9027,0.5167390892151087
9028,0.6479338815986647
9029,0.7143895259884073
9030,0.10913285357667138
9031,0.5067177120899207
9032,0.6668074112114549
9033,0.23796008135619734
9034,0.3700062507862475
9035,0.2143327135250686
9036,0.5639103943374754
9037,0.6862059461243003
9038,0.4134796982529289
9039,0.37128678130943427
9040,0.10686947223952907
9041,0.7574091566577799
9042,0.3704260028379701
9043,0.282428283170299
9044,0.8837403920852002
9045,0.7919775005428275
9046,0.28193645002635354
9047,0.28839477796867213
9048,0.38572161645786096
9049,0.17103720581689885
9050,0.5491709456639792
9051,0.7738371075407804
9052,0.6625041693376268
9053,0.8670393373476719
9054,0.48400255486949434
9055,0.4610451691750834
9056,0.7902172502250016
9057,0.7513701687032656
9058,0.6834841037770203
9059,0.539134687763891
9060,0.5019933359373929
9061,0.190077922665746
9062,0.6558846573380821
9063,0.8649368090028755
9064,0.5972416094096332
9065,0.15106071545708677
9066,0.7089598473168806
9067,0.35717852207705036
9068,0.5356391315987798
9069,0.73507971522939
9070,0.5640480988163812
9071,0.8540920809936337
9072,0.2523116013132363
9073,0.7216126597435313
9074,0.5088307975334804
9075,0.6644179752490584
9076,0.8608450211004978
9077,0.4049952099638159
9078,0.27559281338154196
9079,0.6775088055330446
9080,0.7169483653777393
9081,0.5002514829839013
9082,0.5704676400591889
9083,0.5294162545799632
9084,0.3844633261101009
9085,0.49719024044292776
9086,0.38833822230485654
9087,0.6614471962885908
9088,0.2621002465733162
9089,0.8418416781303047
9090,0.8953126221491635
9091,0.3980003103673516
9092,0.4561736578538024
9093,0.46447873193134315
9094,0.6972945632449317
9095,0.6661167454117631
9096,0.842843233572949
9097,0.1705326838087945
9098,0.3669255596605481
9099,0.3252233083766708
9100,0.9149813533026965
9101,0.3399577752529516
9102,0.31965742648772644
9103,0.6236846410604189
9104,0.3252152192479796
9105,0.4805520111477818
9106,0.5892767341977683
9107,0.8682216954591019
9108,0.5957617582274917
9109,0.2301071450183383
9110,0.17579616956040353
9111,0.6027865596936595
9112,0.35705065088922455
9113,0.6543319484084791
9114,0.29339164614649516
9115,0.22947341869860452
9116,0.6147035779739833
9117,0.7973897362151388
9118,0.5488629233377735
9119,0.11932772858086341
9120,0.6014217350405391
9121,0.8005416203711385
9122,0.7716806067577753
9123,0.519827977884675
9124,0.7776014859729912
9125,0.7807190002064684
9126,0.5774277215000894
9127,0.33066543392625236
9128,0.15519903857678705
9129,0.4073690919127524
9130,0.4399946435226163
9131,0.8919964732242237
9132,0.2906651379171912
9133,0.7014520950981044
9134,0.5107956881393734
9135,0.8344673275218772
9136,0.1686332171244129
9137,0.8352293362546206
9138,0.6800433134875506
9139,0.4506146467332561
9140,0.7429985481678353
9141,0.4607091916130808
9142,0.7784258788466302
9143,0.6394393273889689
9144,0.6331975741907316
9145,0.3446335458620553
9146,0.6774369062318518
9147,0.8962679720577762
9148,0.47748610722099877
9149,0.4652116208674242
9150,0.6786933127346576
9151,0.5960585735055797
9152,0.4573429356186983
9153,0.21966763251271704
9154,0.5118161114134128
9155,0.7444353315767689
9156,0.24686258009701348
9157,0.8176310595810032
9158,0.3399579593770732
9159,0.7768908495475324
9160,0.5154332100426368
9161,0.7714529781537619
9162,0.44747754636302917
9163,0.16898738264231353
9164,0.6859680310108498
9165,0.5780048871926532
9166,0.7126860491509024
9167,0.8867720246072538
9168,0.2824311640096697
9169,0.8203465208904492
9170,0.8215788502896448
9171,0.263937098740982
9172,0.5405612163837107
9173,0.7299911037515718
9174,0.7482988885002412
9175,0.7382853943676232
9176,0.849525028607715
9177,0.2118100357737699
9178,0.49820726520841185
9179,0.7544311662172805
9180,0.2980655039169876
9181,0.2512603576936021
9182,0.4630166890255978
9183,0.842132755294047
9184,0.39428806873942024
9185,0.8725115326807422
9186,0.22944333785028875
9187,0.8020045604118895
9188,0.5809468027986131
9189,0.8722488718661228
9190,0.46730835682715094
9191,0.6243300361214094
9192,0.6714226908344001
9193,0.3781743865732015
9194,0.8622406389110326
9195,0.36615735109249775
9196,0.29806142615217407
9197,0.6431741300787236
9198,0.2958152998595003
9199,0.7802768398363339
9200,0.9250963183024037
9201,0.7977495967230982
9202,0.7520937394975775
9203,0.7678965834781484
9204,0.8446784992265277
9205,0.7652581443622049
9206,0.4370484709344785
9207,0.7366732810024312
9208,0.8128602678841348
9209,0.5515867449689699
9210,0.29633971513272805
9211,0.5685664144810229
9212,0.20445767418439148
9213,0.7123824339508178
9214,0.18628086625358198
9215,0.5942778383728059
9216,0.7320952114723438
9217,0.2108294671700296
9218,0.7618812791114221
9219,0.7979503006859345
9220,0.41871752932106654
9221,0.6777972366294858
9222,0.38407996818295237
9223,0.7719025706162248
9224,0.7520961822931418
9225,0.7998538071586472
9226,0.40903377219287224
9227,0.7138803217229798
9228,0.9204942110818671
9229,0.629675440533135
9230,0.9189068491755309
9231,0.5314695485334056
9232,0.2821710568678226
9233,0.3769282686754602
9234,0.7652398490673191
9235,0.31209248757543845
9236,0.5603752531481837
9237,0.24042263548224546
9238,0.6330739875416489
9239,0.7319636492474095
9240,0.667940305483006
9241,0.7187921734393375
9242,0.5557422179119945
9243,0.2253593278494163
9244,0.29584610409095397
9245,0.5102685472439931
9246,0.555992588887306
9247,0.19753193507700567
9248,0.6776962316128063
9249,0.5966369372688383
9250,0.8800586005588702
9251,0.8077304080875909
9252,0.7955848433681765
9253,0.7685300969582581
9254,0.48311897708583273
9255,0.8102658706107287
9256,0.7296974573479598
9257,0.6672489866638608
9258,0.7569550429157127
9259,0.28998301919806674
9260,0.2734693267749355
9261,0.3983794407579895
9262,0.530913552197514
9263,0.8738084279786423
9264,0.639395915788138
9265,0.45064424538080633
9266,0.500898665303785
9267,0.6563660172011174
9268,0.7866230932615559
9269,0.45472742741316186
9270,0.883012520935547
9271,0.2509266645796767
9272,0.47706217552839236
9273,0.43868585962478124
9274,0.4746224425988564
9275,0.7372015561390632
9276,0.6381237448054885
9277,0.5413122041870003
9278,0.7055406666122488
9279,0.8018419105825242
9280,0.21069859422316473
9281,0.1581038112566952
9282,0.7152712965198972
9283,0.37548051843239466
9284,0.5925894879673854
9285,0.2667075177387991
9286,0.6474855650098844
9287,0.4789536663636207
9288,0.7891312140282454
9289,0.49049285652422697
9290,0.6603468775844432
9291,0.5053164112559823
9292,0.8252246997577127
9293,0.9017849366149105
9294,0.8923421789968703
9295,0.45463287123112406
9296,0.8862415632266835
9297,0.7595760840399108
9298,0.7607220795053333
9299,0.759407686317656
9300,0.5282717799910528
9301,0.3101129707058469
9302,0.36187779622018923
9303,0.7159847686870535
9304,0.18193248464555448
9305,0.7160824215257298
9306,0.8224496268661323
9307,0.24623177992581163
9308,0.2773449510397882
9309,0.7776544505286737
9310,0.7980763736315497
9311,0.717828809454025
9312,0.4434535336753
9313,0.41886561891098545
9314,0.33360140088528223
9315,0.5940531585791279
9316,0.6616246432003888
9317,0.5952001175681146
9318,0.520932292856891
9319,0.7057552711657807
9320,0.3533607329645048
9321,0.15466556742786786
9322,0.7838010580581719
9323,0.742922710681829
9324,0.8425619429585035
9325,0.5873827239239982
9326,0.3798764431495265
9327,0.8194260805834747
9328,0.4358490296113314
9329,0.7097922119550949
9330,0.5573484232249417
9331,0.8527662968201547
9332,0.7840561727687253
9333,0.20933879292024288
9334,0.2935774103512731
9335,0.7973471103179965
9336,0.8727585527775199
9337,0.8378531264570104
9338,0.5396480265862842
9339,0.4126821328731781
9340,0.18358016753928924
9341,0.7594182849899793
9342,0.6206339763559738
9343,0.712123167827091
9344,0.6029264384726621
9345,0.8410996836577733
9346,0.7397866107973785
9347,0.9225144405207146
9348,0.8476009060475801
9349,0.7722025563028608
9350,0.5625760626325764
9351,0.4389222822295642
9352,0.2977658004748797
9353,0.6976344046428176
9354,0.4240672053927507
9355,0.8235448529160598
9356,0.7643644060011549
9357,0.737817574553119
9358,0.14172828225713682
9359,0.3801017489073575
9360,0.8401094674816495
9361,0.8593779131023204
9362,0.2590998055607089
9363,0.6469002156871064
9364,0.567315907605693
9365,0.54492061293217
9366,0.7234697931660232
9367,0.2717206601323066
9368,0.45590838152411856
9369,0.7892551015339221
9370,0.4425839281252717
9371,0.5629188345644365
9372,0.8022238039324627
9373,0.6155050695988242
9374,0.5378301970269976
9375,0.6787239829962525
9376,0.5196510871772023
9377,0.6786307665744714
9378,0.6844472243812795
9379,0.7810242015910349
9380,0.1612846261164712
9381,0.5801303763574183
9382,0.7127220812144053
9383,0.17244627819800068
9384,0.8944683870759147
9385,0.19414941438140085
9386,0.48030829193028046
9387,0.22906535169451137
9388,0.5861669800140081
9389,0.3252401714049398
9390,0.28238666747096475
9391,0.8092523300992429
9392,0.16196487518106562
9393,0.8643697544070885
9394,0.19782528440529445
9395,0.5661716714498716
9396,0.620208531770174
9397,0.6073702308130137
9398,0.2324707292928727
9399,0.3945937535791753
9400,0.885017333449633
9401,0.6203393321703876
9402,0.485074916386199
9403,0.6686773858793899
9404,0.16051843780555522
9405,0.5646720590025973
9406,0.16870287394494615
9407,0.8696313933818911
9408,0.5489195533017476
9409,0.5798339916730297
9410,0.6077082108952607
9411,0.26760256631177215
9412,0.20619525241359632
9413,0.8664402509466104
9414,0.46997621469415013
9415,0.759171572749565
9416,0.7829814768133889
9417,0.5970347361917264
9418,0.569543196216993
9419,0.8056690364050546
9420,0.7255820011593732
9421,0.6672723190024215
9422,0.5139594119342743
9423,0.6597031834098832
9424,0.4787486319790266
9425,0.46302345617996504
9426,0.5040769589672807
9427,0.8002541205776773
9428,0.48594322226555137
9429,0.7783966503225278
9430,0.8877140399326412
9431,0.8719916210288345
9432,0.6129644650025322
9433,0.8255659988538631
9434,0.8604490965933502
9435,0.18895553546894153
9436,0.5685935496094392
9437,0.8493984379982857
9438,0.7925315701220282
9439,0.38844633464226486
9440,0.37909795298491183
9441,0.8375100055396429
9442,0.25163428923156317
9443,0.7533326899252173
9444,0.1727585266035884
9445,0.7520262652448745
9446,0.6573937142497409
9447,0.8108972613377049
9448,0.5887744573514573
9449,0.1118468675439393
9450,0.6859585105166335
9451,0.6030969377263432
9452,0.5736023495708139
9453,0.5930334098175096
9454,0.2781517591121968
9455,0.7483715809666802
9456,0.7622451539672443
9457,0.19762233655478723
9458,0.6433242054744014
9459,0.19933941935329988
9460,0.7566395527188313
9461,0.11300590546354411
9462,0.435851273821788
9463,0.7041219743600486
9464,0.3479588178054698
9465,0.8461039271869742
9466,0.19091018916819216
9467,0.7378270592633287
9468,0.4179928818125349
9469,0.7683426898947832
9470,0.35550055874887265
9471,0.868105531885347
9472,0.736971190335735
9473,0.3780774949020944
9474,0.44471176404126217
9475,0.6952612017719538
9476,0.2119118470675703
9477,0.864446508033216
9478,0.5378288440903649
9479,0.7809792759004661
9480,0.33798226117134617
9481,0.5443931465652407
9482,0.761327500902841
9483,0.7398178050029861
9484,0.19110103418679616
9485,0.6183936258425726
9486,0.466784439484066
9487,0.17550111754863246
9488,0.6450935494755135
9489,0.5483132648199177
9490,0.306741325818106
9491,0.8814716180507793
9492,0.7567102883598458
9493,0.7425119480597646
9494,0.6561882303630986
9495,0.7613719963770702
9496,0.41838139322648366
9497,0.32323813715796834
9498,0.1750191005787323
9499,0.515472343926573
9500,0.5562772361993424
9501,0.3978412909005974
9502,0.6887195404820124
9503,0.27498903715468537
9504,0.3190727222992805
9505,0.7877513346614506
9506,0.8112616363485031
9507,0.5970043937023479
9508,0.5971481361542502
9509,0.6307673977957093
9510,0.8152884486565686
9511,0.6473795266653961
9512,0.9228739415076145
9513,0.7879950840296188
9514,0.8091278283463147
9515,0.7433661584998277
9516,0.5370466434900047
9517,0.730549965782469
9518,0.7682440063894093
9519,0.8141269004934042
9520,0.3293945695969174
9521,0.564048996631965
9522,0.6170836217398791
9523,0.48446382940600824
9524,0.9039800305398008
9525,0.6677683865154301
9526,0.6237116933164084
9527,0.9056206692981223
9528,0.3879823282037428
9529,0.2880002717033115
9530,0.6275557579367858
9531,0.8669051196082945
9532,0.9031619624055449
9533,0.1719698839179108
9534,0.2766915099812281
9535,0.24766687751130045
9536,0.6457817218279831
9537,0.7084410294646853
9538,0.8697778043620549
9539,0.21381717461578353
9540,0.557901443111661
9541,0.8069155016916533
9542,0.16279547608724657
9543,0.7994702271654526
9544,0.8361920306736841
9545,0.7967551783569706
9546,0.5718408728883364
9547,0.7350785931698636
9548,0.7912771345087991
9549,0.6157570520444668
9550,0.4285085923223147
9551,0.905413869764398
9552,0.6294992166438633
9553,0.8420041890742213
9554,0.5457493129570589
9555,0.6058126249270466
9556,0.6016687100789309
9557,0.4612926165068918
9558,0.555151351038432
9559,0.28104837106341407
9560,0.34169481713710526
9561,0.5109495954398203
9562,0.4230846658295634
9563,0.42353652389793234
9564,0.5847335994419314
9565,0.23989777585914193
9566,0.33353867659687375
9567,0.22587425054895385
9568,0.7059403688291985
9569,0.7817498950638124
9570,0.42217273246850917
9571,0.5658148783626139
9572,0.6366876288409793
9573,0.5896062941054494
9574,0.1741076079861413
9575,0.7328731490952598
9576,0.8556723462466697
9577,0.4540124396119225
9578,0.609622614367273
9579,0.4713968461249851
9580,0.8601489290810423
9581,0.27392599677392077
9582,0.8513521742620458
9583,0.5766868168498415
9584,0.6803250143229475
9585,0.687801466146247
9586,0.7791364645456665
9587,0.1639199095720943
9588,0.7443330558344228
9589,0.5990128556410899
9590,0.7125770683352419
9591,0.5232154165504896
9592,0.3359165290700114
9593,0.5414835965618388
9594,0.7744655003569655
9595,0.37748452036805064
9596,0.557764902979594
9597,0.6637740485423739
9598,0.47531543589662706
9599,0.5574669237579172
9600,0.719705558173661
9601,0.5031408706714959
9602,0.5835881703621929
9603,0.6431309607497742
9604,0.29400616772125665
9605,0.7043117053049144
9606,0.6060052692859813
9607,0.851688691050631
9608,0.8251895350627738
9609,0.6904690463597234
9610,0.42168375417065684
9611,0.909983013604948
9612,0.7542792568657584
9613,0.886331312151159
9614,0.5679361010693086
9615,0.44731662644899733
9616,0.6809701302684941
9617,0.8763951880949538
9618,0.6372124088260344
9619,0.5957994152503641
9620,0.4163117999307979
9621,0.7925466286215495
9622,0.20837259578210698
9623,0.7078871416542142
9624,0.7440172297645841
9625,0.8575165299256596
9626,0.8319634261626655
9627,0.5725215909824457
9628,0.42572242721762454
9629,0.30756603750470546
9630,0.4385456098631483
9631,0.6243083365147309
9632,0.4568706642281862
9633,0.8901312717403944
9634,0.32214243453957503
9635,0.7636842590732351
9636,0.41227264178153467
9637,0.2361345508453082
9638,0.5363957855645305
9639,0.3635709886514571
9640,0.7674698859450958
9641,0.5229231713432685
9642,0.8108060387515648
9643,0.3389802476001647
9644,0.5123186589004921
9645,0.39398978430029474
9646,0.7461976696465356
9647,0.8398249284346914
9648,0.48083967562634533
9649,0.2260155568566942
9650,0.7892475243249395
9651,0.523796507296541
9652,0.843348885835561
9653,0.7163776893976407
9654,0.7046664899191397
9655,0.3150486933522226
9656,0.8580189819319803
9657,0.2705580152507546
9658,0.8370033916637363
9659,0.5714626239658315
9660,0.6834433878738483
9661,0.15451829554363397
9662,0.645764872273447
9663,0.5910553425594285
9664,0.8861291619673688
9665,0.7796714124837626
9666,0.43087449084206225
9667,0.4254838046045902
9668,0.7694290082427547
9669,0.5655805892509214
9670,0.821274074762827
9671,0.6870584268106626
9672,0.21470201064693495
9673,0.769811772893378
9674,0.7516757144260886
9675,0.4264473391469439
9676,0.6393906621612839
9677,0.5958676165057196
9678,0.3191229024445083
9679,0.6534603688741458
9680,0.8383962798043171
9681,0.740428337198898
9682,0.6525295061165016
9683,0.6146596515526855
9684,0.4404773467352586
9685,0.34031194684072685
9686,0.6596567500070383
9687,0.8335256238674643
9688,0.6403902644666012
9689,0.8414766326539487
9690,0.7435934855222494
9691,0.7908177182074343
9692,0.5949971081049804
9693,0.7168386669422524
9694,0.7969996913286357
9695,0.7863043809901776
9696,0.9398116551487857
9697,0.832851211205793
9698,0.32032309294476513
9699,0.646760444359322
9700,0.762782164968149
9701,0.7374773037877151
9702,0.5056569622902768
9703,0.7978146212171496
9704,0.612692727067822
9705,0.4778091504418315
9706,0.6809242178978796
9707,0.5117721064600697
9708,0.17263967403070873
9709,0.32232203537980936
9710,0.8653908423384502
9711,0.7965253735289368
9712,0.25904204618182275
9713,0.6937629052922566
9714,0.25493396723600237
9715,0.8134753844463477
9716,0.6833589355997128
9717,0.7085852765215459
9718,0.8577690487398933
9719,0.20558887609363236
9720,0.6839884020679475
9721,0.36677239619897434
9722,0.4682826243162489
9723,0.6717997721614227
9724,0.29279461136848906
9725,0.7221388722912079
9726,0.666783338819472
9727,0.8813758372975156
9728,0.17499849617960977
9729,0.23053914203590511
9730,0.6004716933073164
9731,0.5544935273290933
9732,0.1822415639912945
9733,0.691784829535228
9734,0.15409589695467224
9735,0.7982579893147675
9736,0.13154265693727693
9737,0.3291169870074335
9738,0.8372343845897527
9739,0.5136208878926215
9740,0.24667964386421004
9741,0.780970203528965
9742,0.3020004662195504
9743,0.8412232732656557
9744,0.3765285409688914
9745,0.20448311484640394
9746,0.9119439451248118
9747,0.8056973652821336
9748,0.8951731311158396
9749,0.8727633213062636
9750,0.2514619665720664
9751,0.6142006545776414
9752,0.7351338363687251
9753,0.21352114289252025
9754,0.22911628333611198
9755,0.8669168055366346
9756,0.5594405843593515
9757,0.2583744809600093
9758,0.19344536887726466
9759,0.6602841241755975
9760,0.37887644988557395
9761,0.9293340706795877
9762,0.696367457333994
9763,0.8952320588147551
9764,0.4584030658528764
9765,0.6542970098764546
9766,0.8346004403990527
9767,0.12708077722431263
9768,0.4729125019244349
9769,0.6925523578746469
9770,0.42895377503612064
9771,0.3326681796506343
9772,0.6427955218064478
9773,0.5679465059720468
9774,0.46919540214266936
9775,0.7263421464016472
9776,0.6854044687382813
9777,0.2877916241883952
9778,0.28538758048737367
9779,0.1922311575389342
9780,0.9001413491719927
9781,0.8933496943683884
9782,0.8991299651789856
9783,0.6625540550148594
9784,0.7835832342953986
9785,0.47479834331626575
9786,0.2859029524786792
9787,0.2581763885806929
9788,0.526531340668469
9789,0.6265244963320571
9790,0.6797112199170485
9791,0.31134587816364256
9792,0.8229373098734523
9793,0.8144437955017801
9794,0.6548535957804001
9795,0.6159876665029185
9796,0.8562983734675083
9797,0.675786733050672
9798,0.653930821630211
9799,0.8628174294882781
9800,0.8074692518929342
9801,0.8621585490929771
9802,0.4907499932147041
9803,0.37851425453897447
9804,0.8107312354178278
9805,0.6253417896388174
9806,0.382231955262346
9807,0.8714168387132627
9808,0.6637282429806002
9809,0.6442199778201617
9810,0.20042426533221575
9811,0.16285762937855255
9812,0.9063770635785356
9813,0.2039092101688781
9814,0.4676263219136271
9815,0.6134440254521818
9816,0.3219225587746265
9817,0.2881421789506516
9818,0.6759056761788031
9819,0.2967440846996218
9820,0.39644460072521626
9821,0.3328628021257113
9822,0.5521397434440577
9823,0.7685748904602716
9824,0.9253992527589459
9825,0.5586488414787331
9826,0.33021339768836905
9827,0.7271006186906908
9828,0.7518478656374373
9829,0.3105298922178096
9830,0.7848781536547558
9831,0.7107738128302348
9832,0.7117573594489756
9833,0.8083570771801668
9834,0.8654505705256135
9835,0.584688209966574
9836,0.4764620116018146
9837,0.4770580463082419
9838,0.1914070548758633
9839,0.7283833771984684
9840,0.835102746010224
9841,0.7280566765821367
9842,0.8532129725387716
9843,0.2341428596218989
9844,0.4258185296563341
9845,0.5182208192511941
9846,0.2797757843649533
9847,0.6423302248401718
9848,0.7442933232907044
9849,0.8778224252007907
9850,0.8263397489424457
9851,0.2077064412852728
9852,0.8318972328460874
9853,0.6425067278271133
9854,0.5761805349271196
9855,0.7307761663160922
9856,0.2648514206409521
9857,0.6210253130006906
9858,0.6562708782082727
9859,0.7591221102542963
9860,0.6469296190139673
9861,0.8761474146724666
9862,0.2990728960947401
9863,0.6335768758106826
9864,0.7993083176992881
9865,0.6977310542347023
9866,0.5375661419602031
9867,0.35037865007111724
9868,0.348666011820595
9869,0.8425057051204455
9870,0.33913315349649564
9871,0.6367738744250523
9872,0.37522773448468777
9873,0.1759989154961266
9874,0.4021018493704641
9875,0.4474936665599707
9876,0.7808571533890513
9877,0.7164791962661325
9878,0.4552844561835004
9879,0.6491312039794459
9880,0.7916439084601318
9881,0.7636427144374421
9882,0.6939074439335929
9883,0.41876392244465266
9884,0.7903968959690999
9885,0.5217183509397809
9886,0.7794367252844435
9887,0.6174162165217564
9888,0.7915152356535946
9889,0.3228624299868512
9890,0.7637326695804336
9891,0.6060923778233038
9892,0.7745747892187976
9893,0.3260125528239093
9894,0.4486789294621959
9895,0.7057216839903395
9896,0.7550105933661746
9897,0.7935632610357204
9898,0.5681425551753655
9899,0.538768631494774
9900,0.1416223823814908
9901,0.8817266690569764
9902,0.6116500294949536
9903,0.17982176098914393
9904,0.6978564553661922
9905,0.8477360570162613
9906,0.2733238025712817
9907,0.7781823793103417
9908,0.2845912580401367
9909,0.25339329393723004
9910,0.15317512592296645
9911,0.7159495340038924
9912,0.4274084102127759
9913,0.8446966664525631
9914,0.4424396656076097
9915,0.607486453699176
9916,0.48603131043822245
9917,0.4072506247312746
9918,0.8683112028399381
9919,0.8393579708558799
9920,0.19177291049213585
9921,0.7574903482110434
9922,0.141691688113461
9923,0.38086141936411755
9924,0.5948786853089529
9925,0.19828662887740137
9926,0.6218749781586062
9927,0.5178990797032564
9928,0.8487007940930114
9929,0.24609898619049553
9930,0.6829214553068056
9931,0.2602463271312019
9932,0.7999030253881563
9933,0.5586166969967417
9934,0.43485804952732393
9935,0.8762352783430929
9936,0.6957545319743348
9937,0.8026241369256634
9938,0.6347156815501409
9939,0.8263349758852514
9940,0.37767687560819446
9941,0.9093912929406085
9942,0.8349732186767391
9943,0.8990163491009691
9944,0.809440629734439
9945,0.8598511235626022
9946,0.7430382820472021
9947,0.6257098995755613
9948,0.27523479669198764
9949,0.48861152859571827
9950,0.694672184472518
9951,0.664113031446983
9952,0.8268781857370269
9953,0.3082881955082773
9954,0.6596291806512298
9955,0.6733074400071559
9956,0.4795565546004069
9957,0.5675511879667912
9958,0.31061077050078867
9959,0.24592251447448976
9960,0.7907309351231472
9961,0.818912625260419
9962,0.7468173402547553
9963,0.72038622678174
9964,0.3179075187269652
9965,0.6988155708008235
9966,0.6253634598697103
9967,0.46275128977543417
9968,0.3913672798727248
9969,0.1220824436930306
9970,0.230995362361534
9971,0.545512601150687
9972,0.7727914076250187
9973,0.6379624626289407
9974,0.21236253597193597
9975,0.21673518852055682
9976,0.799864002823148
9977,0.7764134086443529
9978,0.3971710255913292
9979,0.8309703173398011
9980,0.22510665565480706
9981,0.39083197455290164
9982,0.41065524509094353
9983,0.8478291417968787
9984,0.8851939196717915
9985,0.49835063522152767
9986,0.47019863168078896
9987,0.4275715578669567
9988,0.39950874346051457
9989,0.7940017458179676
9990,0.5806693047898354
9991,0.8627263496084229
9992,0.26154262841744774
9993,0.232773319881494
9994,0.7274343402734149
9995,0.8596606367522275
9996,0.6523590378451751
9997,0.6971841103201866
9998,0.7123856444283181
9999,0.605727427635789
10000,0.7837888885106095
10001,0.779333743325656
10002,0.642761846659768
10003,0.6519739026456761
10004,0.15329415319535938
10005,0.7147483138365943
10006,0.7459574925175807
10007,0.8060296089678908
10008,0.2732425982086325
10009,0.8384475967486171
10010,0.11667305535062061
10011,0.3847165996275672
10012,0.7966655393473002
10013,0.7123734135402788
10014,0.7488752701542547
10015,0.4716973256711514
10016,0.61152073011278
10017,0.5309050907448567
10018,0.7824400017607327
10019,0.20637861894907006
10020,0.5130908691594145
10021,0.45279193148753427
10022,0.712659016755715
10023,0.2612551910459407
10024,0.8135210850824663
10025,0.7703999994087907
10026,0.14455080861264732
10027,0.630796098895164
10028,0.4164652169203386
10029,0.6227696816381656
10030,0.5115614445720558
10031,0.3366206321376662
10032,0.4595413653935481
10033,0.31303304320409076
10034,0.7850671576828222
10035,0.618469237879433
10036,0.46537932349942546
10037,0.5020569183397743
10038,0.8676372092161442
10039,0.2738694447741808
10040,0.8963081571118501
10041,0.3987123664933377
10042,0.46933434302193466
10043,0.2767747627001868
10044,0.7797130397354965
10045,0.3836489256712367
10046,0.3137119249145538
10047,0.8380035258173778
10048,0.5884613332899119
10049,0.17927921112617817
10050,0.46803705954646674
10051,0.6611067500370278
10052,0.1448436899456699
10053,0.7480152304893342
10054,0.38170969918469394
10055,0.3429751097920261
10056,0.20103432597270296
10057,0.6520381314672218
10058,0.603291040213139
10059,0.2866801402144568
10060,0.7105890194233948
10061,0.2567956080861928
10062,0.7913160520788343
10063,0.7636487385834488
10064,0.3662481994698882
10065,0.32408429612346096
10066,0.8434669017522622
10067,0.24074141992644255
10068,0.24328244786984793
10069,0.4373482032849959
10070,0.18634531037480867
10071,0.7429013850802468
10072,0.5626966028381984
10073,0.5699292407039457
10074,0.9139879102232809
10075,0.8354729869247655
10076,0.8803774817941281
10077,0.29779031319047505
10078,0.5520106211588274
10079,0.752200128004733
10080,0.13716097623020224
10081,0.47338879229853703
10082,0.44574013460177975
10083,0.7963582778676394
10084,0.7580031429934803
10085,0.8485938795543411
10086,0.4349437502244901
10087,0.276492664739537
10088,0.8706305488126278
10089,0.1588432598468396
10090,0.2156287091975944
10091,0.2447741150616248
10092,0.43498601097023337
10093,0.4905421918901307
10094,0.2129511110246472
10095,0.925241538377637
10096,0.4586487763211274
10097,0.741378259399507
10098,0.6023483337209584
10099,0.5283730978269264
10100,0.724592535192923
10101,0.8001672316095129
10102,0.8726288670056753
10103,0.4745220277763495
10104,0.6471792431116189
10105,0.26286225270889585
10106,0.6492897644822162
10107,0.19424963961194833
10108,0.5807318081913494
10109,0.3734237351995514
10110,0.7734288366583079
10111,0.821214482659847
10112,0.6733178377346524
10113,0.637822550175869
10114,0.7816626430761499
10115,0.7196686808008936
10116,0.7869991086987245
10117,0.694529454141567
10118,0.8074614210595329
10119,0.755478042339363
10120,0.7744982685007459
10121,0.8717550119348154
10122,0.8441009299286357
10123,0.36237048402625066
10124,0.7233735698864721
10125,0.738627063956446
10126,0.7641212585209932
10127,0.6779311029592268
10128,0.17036096265505044
10129,0.14957876133260903
10130,0.6915744322632185
10131,0.7431779561281254
10132,0.5369932480738441
10133,0.5844793130755555
10134,0.10581843468195966
10135,0.8863888350533398
10136,0.8008218158336516
10137,0.2570945727437496
10138,0.8295252123090558
10139,0.3494157370720815
10140,0.8933418311917847
10141,0.839061451955627
10142,0.3494977541975533
10143,0.6206481981009898
10144,0.4909413887856215
10145,0.5441714299137271
10146,0.6915432629352234
10147,0.26427642040137933
10148,0.8238983061057297
10149,0.7824503039706203
10150,0.7504695792165265
10151,0.6683694626448132
10152,0.658578799243015
10153,0.6638363929752679
10154,0.45421038047095974
10155,0.7677095684254931
10156,0.8245188677956551
10157,0.3403323016106172
10158,0.43497573362600755
10159,0.8980501572763204
10160,0.2408350840634403
10161,0.21003221066957511
10162,0.6225318028570997
10163,0.7699944065409171
10164,0.5333358559717722
10165,0.5887710501660777
10166,0.5232549375357418
10167,0.45279057522016986
10168,0.60738276683586
10169,0.22411900463202758
10170,0.9069353626024166
10171,0.6404012890231103
10172,0.3598083450302676
10173,0.6464711356024093
10174,0.7942872747026533
10175,0.3858281607972399
10176,0.5713757921127327
10177,0.5052695659187695
10178,0.8344920074295755
10179,0.7619832054268527
10180,0.40525462157115355
10181,0.27617843727602437
10182,0.7871922552149277
10183,0.767519932392305
10184,0.8295403121793675
10185,0.4395876687359195
10186,0.6627689524910494
10187,0.4840430479921263
10188,0.32163768437016643
10189,0.3826753198352441
10190,0.706111977875661
10191,0.6775356770151182
10192,0.807995646526585
10193,0.6039302111173381
10194,0.9257113120995353
10195,0.35293983797659084
10196,0.8397441631739739
10197,0.7089640473819848
10198,0.39159056289031074
10199,0.8289564880941065
10200,0.7525351446371799
10201,0.5702771628628983
10202,0.687967546637073
10203,0.44189794890318834
10204,0.24634026685098134
10205,0.38879487156504156
10206,0.9066924594764076
10207,0.6221008621713082
10208,0.675683387157342
10209,0.39887967427055676
10210,0.8320674593699411
10211,0.16990868516121183
10212,0.6553027035400907
10213,0.8791841706168656
10214,0.6027038896827164
10215,0.535454184639271
10216,0.7091566719818616
10217,0.4294513572080191
10218,0.7946911901489916
10219,0.30947195225060575
10220,0.4315558248834246
10221,0.13973170319481198
10222,0.7310336976454574
10223,0.6757908241279895
10224,0.7412801442025634
10225,0.5981705024952194
10226,0.14067125830728533
10227,0.6924537616086123
10228,0.7670201701354054
10229,0.8654096014069663
10230,0.3872727008401887
10231,0.45813374305126936
10232,0.17638779131417331
10233,0.4916597243923714
10234,0.8491029319780031
10235,0.5698964029050032
10236,0.15425941798762577
10237,0.6632684408628529
10238,0.852877143165271
10239,0.18281666525666646
10240,0.7325146922081773
10241,0.7338849509118885
10242,0.8272482307045652
10243,0.30566783174549733
10244,0.3348571452203253
10245,0.3701415543355934
10246,0.1650894237619064
10247,0.8331160644042704
10248,0.7347783115358065
10249,0.15423367126585955
10250,0.6420076456364857
10251,0.7200352699765377
10252,0.7136631556386719
10253,0.5944938626014833
10254,0.8360801513595695
10255,0.3242840230738296
10256,0.5114904277586213
10257,0.7720443412465092
10258,0.7876495425966543
10259,0.2199445328052362
10260,0.7528340940659386
10261,0.8613905860934928
10262,0.3222345653086188
10263,0.5586999714836026
10264,0.6334480994278238
10265,0.8800302546969175
10266,0.4367638023606182
10267,0.8941923380913348
10268,0.33774818831298625
10269,0.6480823046248708
10270,0.42588369139786586
10271,0.8676243336554156
10272,0.23952435130116234
10273,0.6932192827042786
10274,0.6776105123813322
10275,0.15476561345749323
10276,0.5602760818493818
10277,0.32830831480461525
10278,0.6588267372734461
10279,0.8340474279695106
10280,0.473816427261023
10281,0.10444903930964367
10282,0.8000171928911166
10283,0.8682345815861215
10284,0.5462322174341961
10285,0.6607722046554126
10286,0.25200165183089496
10287,0.4078260991070595
10288,0.8870063839083042
10289,0.6043983498695688
10290,0.7208299864490406
10291,0.6058311125895073
10292,0.7766832455423726
10293,0.8191358221592904
10294,0.2305180345686424
10295,0.7249195326487973
10296,0.9204083275635777
10297,0.22493640359676872
10298,0.8124591898370623
10299,0.32415607248169503
10300,0.4877471736941708
10301,0.8326950317648713
10302,0.836254060234206
10303,0.7888628874672208
10304,0.741735386905874
10305,0.8614521654721972
10306,0.5939693592694674
10307,0.553644855420722
10308,0.36144076022600113
10309,0.18109225156180486
10310,0.314258869533542
10311,0.27111269476524436
10312,0.8521170690558821
10313,0.7627240251217783
10314,0.8556145520126295
10315,0.8206345256473125
10316,0.4224099536636868
10317,0.5668699983509938
10318,0.565383792224191
10319,0.5948174779493276
10320,0.46608061930007816
10321,0.7166548129008095
10322,0.8467923247987876
10323,0.2183064090197709
10324,0.8972739033290285
10325,0.49266095557594336
10326,0.8131397011153696
10327,0.8359304056419212
10328,0.18178595636076636
10329,0.4247017120341117
10330,0.524682327746546
10331,0.7499006300027838
10332,0.6987141041979286
10333,0.8663458478621239
10334,0.852639138021376
10335,0.26362191284662695
10336,0.3056217807005809
10337,0.42569969782158024
10338,0.786701744295022
10339,0.20393205487032934
10340,0.2607310329475581
10341,0.5190512391584959
10342,0.7405141152427859
10343,0.20584527583756984
10344,0.8607214552615945
10345,0.32399057699280015
10346,0.8020134571280029
10347,0.9042776633261321
10348,0.4319932465011634
10349,0.8295015364273801
10350,0.8113628439847906
10351,0.6505384829952519
10352,0.8780196863239861
10353,0.8470948442287584
10354,0.6181795606075824
10355,0.7822969396671732
10356,0.6708376651793883
10357,0.4476037179809119
10358,0.647407435949056
10359,0.30271570887379484
10360,0.3695535359039244
10361,0.7261071577334153
10362,0.678641106335055
10363,0.1631738002543096
10364,0.8043116107017072
10365,0.2710964008475212
10366,0.27655272970280703
10367,0.5674950029932027
10368,0.42003081637858447
10369,0.48250776930370587
10370,0.6473622091307814
10371,0.7437593671183008
10372,0.3530635815911472
10373,0.2524839588788958
10374,0.850448504456536
10375,0.6655245916906606
10376,0.901957796212465
10377,0.18870554229251318
10378,0.6132893035564103
10379,0.5079528536272987
10380,0.6407746366680962
10381,0.2949340331327715
10382,0.8179381361503298
10383,0.8173673880754667
10384,0.8217347633591702
10385,0.7922801273825143
10386,0.8017321629173398
10387,0.8733973799002889
10388,0.8248711683992849
10389,0.3379408603160612
10390,0.7985686367467653
10391,0.7545992201120244
10392,0.8403439312792214
10393,0.3752531762327774
10394,0.1547875554151023
10395,0.18332499530611154
10396,0.6345173372085869
10397,0.7099109649514986
10398,0.44137262205778105
10399,0.19928072068696023
10400,0.7664334041081929
10401,0.3208282102282926
10402,0.3960336882190733
10403,0.421161083017946
10404,0.8219393360285493
10405,0.24260797588148633
10406,0.7885068772877079
10407,0.5107083565748965
10408,0.7570299187725017
10409,0.8632476129681306
10410,0.1892456616588847
10411,0.6433503406701107
10412,0.18810051958571314
10413,0.7633747033386056
10414,0.24850184762236016
10415,0.6452696130076306
10416,0.40152739332592247
10417,0.7442449714907184
10418,0.8072549321684265
10419,0.2992584546936325
10420,0.6555044808698507
10421,0.4584680958221059
10422,0.8469548011430614
10423,0.2438995416869047
10424,0.6228408839786543
10425,0.7378905879229252
10426,0.25038286116974906
10427,0.6814304143927532
10428,0.6965529213322017
10429,0.1511683863314804
10430,0.850809438351524
10431,0.6529410673095217
10432,0.5207508642824992
10433,0.7271930015581941
10434,0.6204926314592282
10435,0.16732434660607937
10436,0.7531947082629953
10437,0.8330195391605791
10438,0.7276191566998285
10439,0.6978896012516794
10440,0.4562295922100084
10441,0.82845822763789
10442,0.3818138085673496
10443,0.8401602069303209
10444,0.540901165618566
10445,0.29052856211759226
10446,0.8202243179085972
10447,0.2511336659552476
10448,0.5405052048183719
10449,0.5315588276373485
10450,0.5211603466989552
10451,0.6328598418879761
10452,0.7797399508207953
10453,0.2713240856509399
10454,0.6651926683739051
10455,0.862743343215812
10456,0.3880134077848978
10457,0.2976304661231021
10458,0.7953568956420648
10459,0.3028572799403525
10460,0.8070520980630254
10461,0.6987662266254945
10462,0.12151929116202954
10463,0.4558057097541639
10464,0.5507779967269035
10465,0.5060982939548802
10466,0.7134138295892971
10467,0.7951927224329599
10468,0.8829031607205768
10469,0.3386553516254727
10470,0.6350581066367814
10471,0.2725278035434576
10472,0.8317928556528803
10473,0.44672643243497845
10474,0.8048079416001381
10475,0.8785537862223735
10476,0.8089367256953264
10477,0.7742277422473397
10478,0.7681495893735775
10479,0.668337864481824
10480,0.7792425858092659
10481,0.37483251533653505
10482,0.4502983181043932
10483,0.7715131005131011
10484,0.5477991341985421
10485,0.8611798276797292
10486,0.4383047544564959
10487,0.7012747540583665
10488,0.3345993221560548
10489,0.6761561564065213
10490,0.5447340519148302
10491,0.8060531651444585
10492,0.12493315166758942
10493,0.7847049035767684
10494,0.31142911189107897
10495,0.13091631889387512
10496,0.11324418796097417
10497,0.41248603878205176
10498,0.7405789770920128
10499,0.3489418079746913
10500,0.5253682429367252
10501,0.7583612423177364
10502,0.5799346864760845
10503,0.5245269585275929
10504,0.4301630672951535
10505,0.2699732364939337
10506,0.7135623212453299
10507,0.7594384752058567
10508,0.4631410431007418
10509,0.8432999783626842
10510,0.8802559360136913
10511,0.1774463584474124
10512,0.539436064657449
10513,0.517028550095255
10514,0.5761678338181503
10515,0.756494909207099
10516,0.8402322594172559
10517,0.4601444023596964
10518,0.7816515424220992
10519,0.17132401043160828
10520,0.8492402916087494
10521,0.5104577670698578
10522,0.9113479467309382
10523,0.6414789615098534
10524,0.7753899686926398
10525,0.1418354811902793
10526,0.8420857727382832
10527,0.5361226683293366
10528,0.6817958739095077
10529,0.4936694238066761
10530,0.28850118051940593
10531,0.27705833250977524
10532,0.8479485401424883
10533,0.7623740172084343
10534,0.6139890277327058
10535,0.8630248363679942
10536,0.8295741192847695
10537,0.5803057261883019
10538,0.81348740467865
10539,0.17226653728771596
10540,0.7306483670523702
10541,0.49487397840952224
10542,0.25386565847756837
10543,0.4168927606323386
10544,0.8369570922615812
10545,0.2532924673917622
10546,0.3702948670189614
10547,0.2010358849549568
10548,0.31299898739238885
10549,0.4867404095507685
10550,0.4247354881748243
10551,0.27065599101055393
10552,0.2330518256959659
10553,0.692618746937394
10554,0.5115267063817068
10555,0.3817686690639182
10556,0.35524529097402574
10557,0.5556891866980923
10558,0.4683177529774243
10559,0.441433032232627
10560,0.6241680728892869
10561,0.6113372747720243
10562,0.4868802752234389
10563,0.5346692217763329
10564,0.7758747283028793
10565,0.13270681464306067
10566,0.7464172228079063
10567,0.6070203706778001
10568,0.7506650265593522
10569,0.7897884332707499
10570,0.7127203635065774
10571,0.7622500046985525
10572,0.6544719316280664
10573,0.5945618690126889
10574,0.24668372065150526
10575,0.3771357865459944
10576,0.8876450090007695
10577,0.4850984290818735
10578,0.8832445002647886
10579,0.637393528309636
10580,0.25753710617747283
10581,0.8477445080378555
10582,0.1979575593479424
10583,0.7053795141415431
10584,0.8169524966435782
10585,0.7136426982037767
10586,0.22057202082885213
10587,0.6041108341804846
10588,0.800337442399946
10589,0.28884689874606984
10590,0.8235557015803484
10591,0.6493770767749737
10592,0.8174744670238795
10593,0.6423469675790829
10594,0.42507812296787234
10595,0.8114753799459767
10596,0.42890494074214236
10597,0.8809205912565616
10598,0.8161067598472863
10599,0.28157784486958337
10600,0.282862736680972
10601,0.17797984103824532
10602,0.4579509550201364
10603,0.7416109598894813
10604,0.5090968412291959
10605,0.7819085255641249
10606,0.11672841040980149
10607,0.6985582362685604
10608,0.6612192155163023
10609,0.15288077931549965
10610,0.7830406430905441
10611,0.8547082336810325
10612,0.7607141561058733
10613,0.7086055923629588
10614,0.8120363548627879
10615,0.5856267109100602
10616,0.5738019406260242
10617,0.5251157737400228
10618,0.6506139469738369
10619,0.7235519067824996
10620,0.7922305023466955
10621,0.23741947324418616
10622,0.7922883007225712
10623,0.813906364960274
10624,0.9021276634016038
10625,0.694891034449094
10626,0.5974624946782496
10627,0.5912676310467081
10628,0.1291013532510405
10629,0.6461728863700993
10630,0.5007588212302377
10631,0.8272177431991068
10632,0.8811189801359204
10633,0.6292994604261449
10634,0.2736642539351245
10635,0.49893549923015207
10636,0.4971831138088689
10637,0.4669687111054183
10638,0.7913141773130743
10639,0.5808875711794368
10640,0.296269208008652
10641,0.7497313133298166
10642,0.7263617331324176
10643,0.7725266604063229
10644,0.8722645886831025
10645,0.9003720672209018
10646,0.15301929912729434
10647,0.7581956446294684
10648,0.821867797236915
10649,0.676163384851935
10650,0.8190904498209709
10651,0.7735068537800857
10652,0.6430716149319025
10653,0.44827288903114226
10654,0.23548029968960493
10655,0.5049321730569252
10656,0.5823292001075765
10657,0.20596509525129406
10658,0.7061880246449705
10659,0.7314296940286731
10660,0.24307356753380227
10661,0.5580308640801156
10662,0.7939962269561541
10663,0.7291381798464074
10664,0.4827603239842777
10665,0.5835235784164645
10666,0.22609960372355775
10667,0.19888840590504764
10668,0.8928517823880674
10669,0.7454426568761342
10670,0.18442314881351174
10671,0.3672547215786438
10672,0.6624524664804329
10673,0.5280513082123924
10674,0.8290203575490992
10675,0.6822652410314668
10676,0.22566260259241816
10677,0.8376321068895974
10678,0.8229293883469249
10679,0.6826150461011142
10680,0.7490959485039328
10681,0.47131992614654805
10682,0.38718924499011886
10683,0.4338548030434375
10684,0.314938918168234
10685,0.2691351095707463
10686,0.832818533464974
10687,0.8075344569175483
10688,0.24738429504833204
10689,0.7943906445971476
10690,0.8597372146977446
10691,0.707366041220562
10692,0.19208822324040611
10693,0.4657103835074324
10694,0.7862921215790162
10695,0.7994864086160736
10696,0.8824345439783394
10697,0.46513064755557937
10698,0.20182672123659537
10699,0.21123420355108294
10700,0.6595978477461719
10701,0.6751473964094178
10702,0.6381129027216828
10703,0.9006046079853225
10704,0.5928812425957999
10705,0.7611103891000983
10706,0.8841978237830954
10707,0.12454098974255746
10708,0.3573405228431459
10709,0.8005534892850048
10710,0.7174286163545374
10711,0.6817306472888306
10712,0.3308689985508074
10713,0.45040582933950224
10714,0.2119693138050434
10715,0.5521466193093196
10716,0.7019756730099302
10717,0.4471455723825458
10718,0.6256344632169206
10719,0.8392461424049564
10720,0.8050544779732842
10721,0.5195918609706149
10722,0.8884829574484677
10723,0.8479088739642903
10724,0.3097867576060635
10725,0.6139773987414745
10726,0.8038729218156025
10727,0.17736909700010273
10728,0.8160199837035481
10729,0.7473946084658676
10730,0.8034721120395215
10731,0.7753918070921778
10732,0.30179323886950377
10733,0.4587581315062662
10734,0.6243321790425774
10735,0.8486860758558454
10736,0.636675774982199
10737,0.4031500834451106
10738,0.8071233386826658
10739,0.8026079953705504
10740,0.8220015562594495
10741,0.7441244774059326
10742,0.6682001210212272
10743,0.8899062064638246
10744,0.41925720350339135
10745,0.8811697274186059
10746,0.5324787677906091
10747,0.35034238109555654
10748,0.21421525517946696
10749,0.5799719577249676
10750,0.6591520425289493
10751,0.8434598971563012
10752,0.8862305478613681
10753,0.63563803166705
10754,0.7901207274855973
10755,0.5368278210979689
10756,0.5622914023463857
10757,0.7813096925754474
10758,0.4113388462326044
10759,0.28723532417731507
10760,0.4503036398448882
10761,0.19120226887112302
10762,0.5212966386377753
10763,0.33093631756793696
10764,0.827193038566613
10765,0.27179019697064594
10766,0.38640152571029707
10767,0.7445753819600803
10768,0.20861486288516928
10769,0.7864870237717485
10770,0.7134376731426202
10771,0.7352743605073011
10772,0.17579472611919375
10773,0.3777931096249975
10774,0.2999467306552041
10775,0.8160014101778649
10776,0.7991675940242364
10777,0.8639314484624238
10778,0.271959041876789
10779,0.7242227198870904
10780,0.3812061496324208
10781,0.8510647869189308
10782,0.33856724572469793
10783,0.8458383843588582
10784,0.7711707429897621
10785,0.2773807362880382
10786,0.6954072167443462
10787,0.3197281366970587
10788,0.8564528886001732
10789,0.24476780304089318
10790,0.6706368983959763
10791,0.16806276197663392
10792,0.5694847455509954
10793,0.840422865048428
10794,0.3976146408270283
10795,0.8421718250802285
10796,0.8375857457344086
10797,0.24006895248057475
10798,0.6444649464860661
10799,0.8514078142341492
10800,0.7024467504798999
10801,0.17118757103482524
10802,0.41677964225097086
10803,0.49430866123844475
10804,0.8133830660084835
10805,0.8238252240176887
10806,0.45991612643488
10807,0.8734063553321127
10808,0.8427715590791816
10809,0.8146108518390579
10810,0.6258636827360688
10811,0.8716972842431463
10812,0.5096548885106551
10813,0.3418337299199439
10814,0.7213615731268735
10815,0.45655255738216555
10816,0.8091261962294564
10817,0.43848643665937487
10818,0.22220956639706319
10819,0.7989598334460525
10820,0.8580394150205467
10821,0.3893939659224852
10822,0.3850706298848301
10823,0.5606082596296947
10824,0.42604498304516814
10825,0.4254085817934426
10826,0.7270136594418952
10827,0.40803174482479654
10828,0.7971753884599941
10829,0.7617305017814947
10830,0.8181190779409875
10831,0.878532392000992
10832,0.21733792214248074
10833,0.8166654864140335
10834,0.5872508034028802
10835,0.4806797976055491
10836,0.6560434244763396
10837,0.6306279412869318
10838,0.5846596324373766
10839,0.8360682559946273
10840,0.4075995831054326
10841,0.7689647133834043
10842,0.17920466337370938
10843,0.44391107046002987
10844,0.6531760848938073
10845,0.41078555358652497
10846,0.7697712747226702
10847,0.16878875664295168
10848,0.7154790781960378
10849,0.8585212252266547
10850,0.5244370744582132
10851,0.8519330046659354
10852,0.40145357433157475
10853,0.8552815750969531
10854,0.590307669565674
10855,0.10317265176054084
10856,0.3540119328831355
10857,0.6935816257071733
10858,0.6715908056585969
10859,0.7655470041479453
10860,0.8426395550897008
10861,0.40938498479806706
10862,0.13487862314730698
10863,0.931940840334288
10864,0.6996391637767526
10865,0.7581532648356549
10866,0.9002659251221221
10867,0.3802954405971148
10868,0.3003012269140059
10869,0.550781057431021
10870,0.7539430672225679
10871,0.5346441856397429
10872,0.6527674265002853
10873,0.20774226247596211
10874,0.6108941553996463
10875,0.7700123557806438
10876,0.42391005616071553
10877,0.47034283335091587
10878,0.8242171352197408
10879,0.8528936324183694
10880,0.44999873982446376
10881,0.20012250445431562
10882,0.9015449124511996
10883,0.7689799938137136
10884,0.839252442879734
10885,0.861418689399739
10886,0.854556606203986
10887,0.19944933270766743
10888,0.5955464830674979
10889,0.32608499377937006
10890,0.7714890824585808
10891,0.7644558799423976
10892,0.30843544351301394
10893,0.6009308630249199
10894,0.29383074124355263
10895,0.5655015110513003
10896,0.4238662880559213
10897,0.9400409027341725
10898,0.7031395600692054
10899,0.4493541455625479
10900,0.48755170753167737
10901,0.39528496593334084
10902,0.4972982290163548
10903,0.32719904094330393
10904,0.8877648755091875
10905,0.9067084793843577
10906,0.8365706938133194
10907,0.8019365852198302
10908,0.24836158113750875
10909,0.19785159911727832
10910,0.8179063181094166
10911,0.8491979213946781
10912,0.27643881820099486
10913,0.6055101495618164
10914,0.7309453214837636
10915,0.4631482798671499
10916,0.2972608480177801
10917,0.4241994912627302
10918,0.9140202475719206
10919,0.1701741671234734
10920,0.314171930258215
10921,0.769459123737146
10922,0.4625772283422547
10923,0.8558010047328728
10924,0.13677182845546143
10925,0.7638983867462713
10926,0.8438579442546535
10927,0.5357914676886958
10928,0.7564254135989709
10929,0.48557779575052074
10930,0.22815919705614085
10931,0.7835447583581137
10932,0.6510846506013215
10933,0.7055069762946404
10934,0.7133337582289242
10935,0.17620333274219796
10936,0.7925967017807485
10937,0.5904689320012056
10938,0.8385033966119617
10939,0.39884113193294274
10940,0.6572534578781593
10941,0.9429513281627799
10942,0.23396198736571136
10943,0.3359178041498166
10944,0.39425308691394984
10945,0.4399069487287316
10946,0.5724827845590986
10947,0.49487631894930517
10948,0.14295242536886282
10949,0.8534182708460879
10950,0.298474138339331
10951,0.6333086059928016
10952,0.3454985373527376
10953,0.7925514948578728
10954,0.2526237614232128
10955,0.5809293212188492
10956,0.706198456397854
10957,0.4858124216217452
10958,0.16788470627362886
10959,0.46848758223853176
10960,0.8548878597744846
10961,0.7026935321492824
10962,0.264462538820875
10963,0.21210909348607157
10964,0.7904794273049074
10965,0.9013944517886078
10966,0.23793863614359295
10967,0.8766517043080342
10968,0.4346281514582317
10969,0.43303685861805963
10970,0.5457710675074272
10971,0.49811586093293697
10972,0.41663022012503265
10973,0.3961168433368285
10974,0.23189763982074682
10975,0.3175934148631851
10976,0.291247566235131
10977,0.18389112970681376
10978,0.898033581456062
10979,0.525115195422435
10980,0.5240165415644361
10981,0.32321115251055477
10982,0.5367143511946549
10983,0.5860981220987671
10984,0.7279969989913737
10985,0.8630222255820172
10986,0.7504584658996712
10987,0.4139101429037608
10988,0.41429260042052357
10989,0.8952297451833755
10990,0.8702762199536053
10991,0.8116656478134877
10992,0.3242624109461097
10993,0.5884327087466773
10994,0.6351394141359774
10995,0.8982099239734856
10996,0.8761768984858875
10997,0.17696969513383876
10998,0.22439787355791035
10999,0.7676602213499475
11000,0.6063754427991748
11001,0.8144289052537121
11002,0.8737934236560325
11003,0.5405832191870737
11004,0.5589021466080585
11005,0.5724374590842553
11006,0.6228107131186125
11007,0.8307359943468744
11008,0.678214944475906
11009,0.6002306812729047
11010,0.8450733172354998
11011,0.5978692443805123
11012,0.37102532471860067
11013,0.3718044691395644
11014,0.32130049252196463
11015,0.7976633078596316
11016,0.5698453312573446
11017,0.8379559814955917
11018,0.8192110517852167
11019,0.665791571636234
11020,0.13397608888334664
11021,0.3081137560909366
11022,0.6988603351947574
11023,0.6756847918722327
11024,0.15426236149097772
11025,0.4079886876087703
11026,0.5672901085205849
11027,0.822766894283608
11028,0.7949507671479361
11029,0.6634393999370505
11030,0.5694661631446061
11031,0.3192454232210897
11032,0.6440358856792987
11033,0.5741747769317295
11034,0.8997130665365555
11035,0.6334316869021123
11036,0.7730807358469917
11037,0.8236737795711635
11038,0.17599021944359017
11039,0.8353052499813256
11040,0.766263086231841
11041,0.8395998211215655
11042,0.8334961805746126
11043,0.5715086798842487
11044,0.7878277999690546
11045,0.6784931406123926
11046,0.7955874650181558
11047,0.2820286457594313
11048,0.6741156244169352
11049,0.8501228348230353
11050,0.17935551652511456
11051,0.7712211506217761
11052,0.6966922178178141
11053,0.3322768989823395
11054,0.6055136971358666
11055,0.6579754638971074
11056,0.820540387577244
11057,0.3244823531510446
11058,0.8431497392282195
11059,0.25624282631585316
11060,0.26808477777717815
11061,0.6798209216768148
11062,0.6405112598722466
11063,0.20453444495718212
11064,0.569093014441147
11065,0.5622387181646364
11066,0.8075420008584184
11067,0.8259030695102636
11068,0.7615874542258487
11069,0.6258467520064807
11070,0.590003895196677
11071,0.32831749311800773
11072,0.2850823433829291
11073,0.8774738107770214
11074,0.8867851480277489
11075,0.33216744469551207
11076,0.6826119917872202
11077,0.6351335364625559
11078,0.6685453914032126
11079,0.5066518597412376
11080,0.8214890635401245
11081,0.8082926265736762
11082,0.4990863156500646
11083,0.4092614295897753
11084,0.16658412668577155
11085,0.44340067378031567
11086,0.506260921627743
11087,0.44759305174565983
11088,0.7245280533203295
11089,0.9280808223610704
11090,0.8520659373630185
11091,0.616594659903956
11092,0.7075294079109559
11093,0.357019079736487
11094,0.5506500397240335
11095,0.8499383696580639
11096,0.7665018833590812
11097,0.861865223165998
11098,0.6340826660024871
11099,0.7201255079800961
11100,0.9040637825540363
11101,0.4923506618154003
11102,0.5180472610321724
11103,0.8976181274603934
11104,0.5594564598953761
11105,0.6750081252850045
11106,0.6253122316894274
11107,0.634558452467984
11108,0.293935134251056
11109,0.8213811182329308
11110,0.8091270955855154
11111,0.448622240038442
11112,0.3620919342715434
11113,0.6146918983843171
11114,0.5468972110215413
11115,0.6928642885097855
11116,0.38790508326483003
11117,0.8987389292025179
11118,0.62021199034125
11119,0.13397014435459217
11120,0.5627288535005347
11121,0.5914733253108263
11122,0.25600448511551654
11123,0.49030732850105196
11124,0.6181824398766067
11125,0.7237434152293802
11126,0.4830063904923251
11127,0.6164907536504738
11128,0.891459057018287
11129,0.7142742608718904
11130,0.6341506881203693
11131,0.5395904447453105
11132,0.10995450847145229
11133,0.4306043089590697
11134,0.825612402783711
11135,0.5413280156222807
11136,0.6089312419607262
11137,0.6198877926199202
11138,0.19552396310455425
11139,0.1433121198644124
11140,0.7629458581201123
11141,0.514507103776366
11142,0.48815584230764486
11143,0.8828425086637425
11144,0.24920926877064237
11145,0.8514408867440659
11146,0.22780876783137752
11147,0.4511657193533843
11148,0.717808449875499
11149,0.12928959300902093
11150,0.342230472300239
11151,0.3730394727684251
11152,0.8449778872390244
11153,0.3655611767492424
11154,0.4163227698773724
11155,0.5435075799072542
11156,0.5197882655080655
11157,0.5988259349286881
11158,0.8021661383573812
11159,0.8559414179422223
11160,0.7882645298204781
11161,0.2461326438656531
11162,0.9260112338816568
11163,0.8562430233771109
11164,0.44938584443149204
11165,0.7929851166656977
11166,0.39302038689115826
11167,0.7885464120452562
11168,0.4340022877571575
11169,0.8015655152478814
11170,0.8789086407780355
11171,0.8538947084409548
11172,0.7586564926135486
11173,0.8853582484627973
11174,0.711738054376104
11175,0.36487317241771533
11176,0.42678902278987063
11177,0.2937441861080273
11178,0.703600945480399
11179,0.4712741585342376
11180,0.5947315577222564
11181,0.56915416025318
11182,0.6493759776098246
11183,0.5870237185517383
11184,0.4909087281620335
11185,0.6781491795210774
11186,0.7049809167652712
11187,0.7578597084122632
11188,0.286980726999668
11189,0.557516427377461
11190,0.637028063106411
11191,0.8914966477000925
11192,0.44490272201086994
11193,0.6528549370150825
11194,0.5936417990052649
11195,0.7424486753239701
11196,0.52577100087845
11197,0.5418267263691068
11198,0.6732888184641842
11199,0.8517801029760484
11200,0.7302831336647517
11201,0.7592060170310041
11202,0.5420236288852868
11203,0.2960507914563061
11204,0.7961353037279799
11205,0.5948162254778004
11206,0.5403932070149349
11207,0.9047959558507079
11208,0.8729303209761645
11209,0.7572356485046987
11210,0.16078076639681452
11211,0.6985926231920876
11212,0.4113035827166178
11213,0.26470100676290187
11214,0.6618915095860617
11215,0.2761751350534455
11216,0.4497490864742396
11217,0.6290167858090285
11218,0.4068087302577704
11219,0.8269054414895354
11220,0.7110903939962824
11221,0.3325419473586341
11222,0.820708098327908
11223,0.27000650301515633
11224,0.2728862986730423
11225,0.7002883646849637
11226,0.8644606936007893
11227,0.43152076458661137
11228,0.36591680087318684
11229,0.6744310593949597
11230,0.8406828329534931
11231,0.5357378581741374
11232,0.30749909568892786
11233,0.7793441635528785
11234,0.8932680152968218
11235,0.908674357672918
11236,0.4468198465702871
11237,0.7695433720641762
11238,0.5754036175395656
11239,0.26337013326402364
11240,0.8021854502700638
11241,0.4346856277300208
11242,0.6819276665524174
11243,0.3546920810591423
11244,0.8724034570195593
11245,0.7178776165299234
11246,0.816555112833805
11247,0.800972419121329
11248,0.27118765820332835
11249,0.7545018391474502
11250,0.7707723318618785
11251,0.8632410399287546
11252,0.2712523446438947
11253,0.7715089825659652
11254,0.35133107037921696
11255,0.8919453795699198
11256,0.4101572803511391
11257,0.2161725523680681
11258,0.30162042161799074
11259,0.8352457438792112
11260,0.6586551700170742
11261,0.8135038739507467
11262,0.8801011568237768
11263,0.23818961558168883
11264,0.6875327724487382
11265,0.6786411596701499
11266,0.3698276183307646
11267,0.7001957136306933
11268,0.5642732772522855
11269,0.5676151557382022
11270,0.16508474886818544
11271,0.4051977121464419
11272,0.6869824737217713
11273,0.6800404945258928
11274,0.36583397301249193
11275,0.4218983606234478
11276,0.6147477796720275
11277,0.8690394565812121
11278,0.16218254353477435
11279,0.12543136144516234
11280,0.17869243608068774
11281,0.45833092864869673
11282,0.25298282926588317
11283,0.3341563625649507
11284,0.7783699376905435
11285,0.6332517278022403
11286,0.48495442017816043
11287,0.8263333194731376
11288,0.8299782369361924
11289,0.30203383218999275
11290,0.3449150840113077
11291,0.34392772086420587
11292,0.8114707596693058
11293,0.6221751066552164
11294,0.18783860556272716
11295,0.868323556390252
11296,0.35362853037119185
11297,0.407494590413454
11298,0.4731061271264489
11299,0.6875736438910962
11300,0.687550361068735
11301,0.8670611679865248
11302,0.47187268106592967
11303,0.7285061632126923
11304,0.8683290495636301
11305,0.7774666315764435
11306,0.4271288264220599
11307,0.7959423644337239
11308,0.7398972550874265
11309,0.5455382700183672
11310,0.8469985700631539
11311,0.6981763408458949
11312,0.3681296570467424
11313,0.7878146236228226
11314,0.7657281162800427
11315,0.3345552148494075
11316,0.5933386442653804
11317,0.8305335394208134
11318,0.8658667795216899
11319,0.8840392268609694
11320,0.7838801000876453
11321,0.5788083093891077
11322,0.6514331583535432
11323,0.8447163016476036
11324,0.6056241487554603
11325,0.8246056609611828
11326,0.8085905400406324
11327,0.7499169137931703
11328,0.7037666058069592
11329,0.19477871259411658
11330,0.725333508333753
11331,0.7022031382826301
11332,0.33012124575219354
11333,0.6442397992373451
11334,0.8902549911806847
11335,0.4193259411621238
11336,0.5972873878910098
11337,0.4793156676348225
11338,0.44175172371640353
11339,0.419225190880067
11340,0.8225715697374592
11341,0.1907109512424704
11342,0.3867879022862435
11343,0.8339885452406537
11344,0.8171625531993113
11345,0.7862043334460826
11346,0.26159041696363106
11347,0.4983717652304187
11348,0.24153707082732198
11349,0.2712304828978536
11350,0.3460587573558837
11351,0.6820383885569363
11352,0.6073479639597607
11353,0.7124569484867647
11354,0.7826152980348224
11355,0.5316253048486099
11356,0.7416785678427977
11357,0.9013964568104305
11358,0.8817646674393789
11359,0.33735653960762735
11360,0.8474146650352206
11361,0.9045356280168004
11362,0.7529194087927121
11363,0.6530679078187077
11364,0.5430203556774547
11365,0.35786234979757847
11366,0.7289548670764918
11367,0.42308390140534546
11368,0.7486845383145914
11369,0.8729476793362995
11370,0.899809157491017
11371,0.86118355082623
11372,0.5098835377978491
11373,0.7618749715207245
11374,0.7215892299979955
11375,0.3479496237882318
11376,0.41564162980042657
11377,0.22979285790704337
11378,0.37062954681750865
11379,0.6523779961882015
11380,0.14662464076727155
11381,0.862504297788443
11382,0.7306100842328705
11383,0.20837624317755538
11384,0.4122222534166734
11385,0.15055708386209626
11386,0.874342537930445
11387,0.48198450228431805
11388,0.7289513059575964
11389,0.8761482182787543
11390,0.3843055239366002
11391,0.5868546176053371
11392,0.8242510480376224
11393,0.4939043322545833
11394,0.44593058959045284
11395,0.1869272040389915
11396,0.2279311603520754
11397,0.3031500304886694
11398,0.25620002834637784
11399,0.2125241532259493
11400,0.8539150592113451
11401,0.9123898384322757
11402,0.29325104699085686
11403,0.6229059383251022
11404,0.38327835031845475
11405,0.3098241359231602
11406,0.764957743105158
11407,0.8283256826169191
11408,0.7597324997061334
11409,0.6714332973801488
11410,0.4642028182936969
11411,0.5485491218470788
11412,0.6669519095086778
11413,0.4795652356715685
11414,0.5287593367824535
11415,0.2028493211916791
11416,0.6042830355870974
11417,0.2964283761707844
11418,0.26200808185161756
11419,0.39499987913368656
11420,0.8557724334610431
11421,0.7535279977599035
11422,0.7038511143349033
11423,0.2563343256914289
11424,0.5190247777326659
11425,0.632233930182263
11426,0.7392020056835311
11427,0.761441102587227
11428,0.6027921719216067
11429,0.16861473906752877
11430,0.7220834630079654
11431,0.5432545243003006
11432,0.8429044251787485
11433,0.49640573876924476
11434,0.4412157080484005
11435,0.8673229794851389
11436,0.6491576472730007
11437,0.4654534191983565
11438,0.780844595793791
11439,0.8035808415216737
11440,0.189105542603889
11441,0.4641437210055593
11442,0.33123048490613805
11443,0.7221472209985456
11444,0.625942999133053
11445,0.6793958764193173
11446,0.9160770416390238
11447,0.2360381706834283
11448,0.4507411118138614
11449,0.3997860615103756
11450,0.1811230589863903
11451,0.3990298872635932
11452,0.46789176997726534
11453,0.7317868300383978
11454,0.6190449224571067
11455,0.7966620473446753
11456,0.8826090455331471
11457,0.7365477953051717
11458,0.17689068556568271
11459,0.6185531707721056
11460,0.6335770723993939
11461,0.8780257996882642
11462,0.6390375014750578
11463,0.34654945686628646
11464,0.2784891254367867
11465,0.43256073082616997
11466,0.3679997462462608
11467,0.39085121463100897
11468,0.8116540624372004
11469,0.33096938647837826
11470,0.8265109058791735
11471,0.4650561150911851
11472,0.6212673155024548
11473,0.24284624496869775
11474,0.6357874604530555
11475,0.47682199307405565
11476,0.9011138437963824
11477,0.26851543090082425
11478,0.7779222474805769
11479,0.1500081602994134
11480,0.16693286742697705
11481,0.7345960980551718
11482,0.860890422255665
11483,0.5020588073846352
11484,0.7726797212135271
11485,0.8497874464569135
11486,0.18079847839604887
11487,0.7522955727100178
11488,0.48828695554990237
11489,0.5756093302778074
11490,0.24948672641813185
11491,0.31513430444996
11492,0.8169568270354801
11493,0.6430608451417098
11494,0.8330752576495797
11495,0.33324996243596045
11496,0.505476759517741
11497,0.6012580331553746
11498,0.9132579267136598
11499,0.3949941299530858
11500,0.4826585288941378
11501,0.5917133315616876
11502,0.7647153571335432
11503,0.8317594811813845
11504,0.35821602771322353
11505,0.44617801050793804
11506,0.24448121184663008
11507,0.16553661888070478
11508,0.35732807110709786
11509,0.8238838876901545
11510,0.13343954610656983
11511,0.4979426191998095
11512,0.7135524107064652
11513,0.5592655983893212
11514,0.7135841871730995
11515,0.8022112439623299
11516,0.88039687259533
11517,0.5587433467852696
11518,0.4853161717364434
11519,0.8744729093481226
11520,0.7293818525474901
11521,0.4197480418734241
11522,0.8633135842550158
11523,0.8621794131599393
11524,0.6588072272882262
11525,0.5562701266674729
11526,0.4758335986600919
11527,0.46761358038180795
11528,0.8352539183860914
11529,0.9183681107870213
11530,0.8188836971496573
11531,0.38895079409692135
11532,0.4155475183192919
11533,0.8185434986503637
11534,0.8657257372750939
11535,0.3848999205564423
11536,0.5900273198122816
11537,0.5317769271338966
11538,0.7043942831051291
11539,0.703678446910013
11540,0.5385257356284869
11541,0.48245822161712404
11542,0.5466510536497758
11543,0.36782917748575333
11544,0.39481539408417854
11545,0.7878483841789391
11546,0.19448140347362797
11547,0.8252890774750377
11548,0.8469125597510693
11549,0.8751479881734844
11550,0.18021178019099887
11551,0.602524500476175
11552,0.6373467163699359
11553,0.871215197064836
11554,0.1932847082631737
11555,0.34150525351470806
11556,0.5931215380645284
11557,0.3584731114970852
11558,0.5596146350125077
11559,0.7895084064496724
11560,0.8486492106785934
11561,0.862467584326305
11562,0.8427480115590177
11563,0.4822973484008051
11564,0.614482178933513
11565,0.7354152757708189
11566,0.7822595184688681
11567,0.4100598363683122
11568,0.26222550921964666
11569,0.721649051077845
11570,0.765334849995357
11571,0.6867464290582773
11572,0.7730890542903495
11573,0.8125231855639083
11574,0.541272774428744
11575,0.8999734922312586
11576,0.1846023763705659
11577,0.7773686547499918
11578,0.7596713887488884
11579,0.8171884600305498
11580,0.7217970871712902
11581,0.4735124846364932
11582,0.3323809016450452
11583,0.13454540231115908
11584,0.4912743639814043
11585,0.32670215312751766
11586,0.8871488887215114
11587,0.2419532749442109
11588,0.848996140132971
11589,0.7322120749417589
11590,0.2968626083530394
11591,0.6435377373050659
11592,0.552330117077572
11593,0.885927803502222
11594,0.7406278081249095
11595,0.12110267244866797
11596,0.6269561908183389
11597,0.35954608957068374
11598,0.3889066601805259
11599,0.21095712670864902
11600,0.8488978713442507
11601,0.7390523568279558
11602,0.4647338736187889
11603,0.8809801277637525
11604,0.6780445307491927
11605,0.6666350700278032
11606,0.2077909545776161
11607,0.26601354266635724
11608,0.5185164066819767
11609,0.3520802164766575
11610,0.35336699886786077
11611,0.6335832601975981
11612,0.7697099381355119
11613,0.6984039511610156
11614,0.17911792420905623
11615,0.6727431610761394
11616,0.8757006095947457
11617,0.3814605069557848
11618,0.6640925893970525
11619,0.3379786439903631
11620,0.6868111385313576
11621,0.643844331814957
11622,0.7301005954978278
11623,0.7091063132618631
11624,0.7731509471087872
11625,0.9251136876727571
11626,0.23465191879620662
11627,0.47531928110261323
11628,0.8010116252799981
11629,0.6861182385965657
11630,0.6400038505545061
11631,0.2535178037268188
11632,0.22835951362120463
11633,0.27901601939574916
11634,0.687580080352053
11635,0.44830792745331993
11636,0.3948967927445942
11637,0.8140266885722172
11638,0.18302437694571136
11639,0.8016388720412317
11640,0.8983007674568771
11641,0.6428066145910407
11642,0.5281519534223534
11643,0.3970233414370784
11644,0.2059419305356483
11645,0.6739935594190919
11646,0.3325557006174504
11647,0.48796624093677093
11648,0.6042614619070995
11649,0.8771274553675216
11650,0.164638811711896
11651,0.6236525172007694
11652,0.6992416884896142
11653,0.8887914301445295
11654,0.3477870649687705
11655,0.5245952187399149
11656,0.835825153680971
11657,0.7281641822380257
11658,0.21071786210322954
11659,0.7667844120619742
11660,0.6263017430616471
11661,0.7852271313007723
11662,0.6261782717919478
11663,0.8239589999840922
11664,0.6548823221959758
11665,0.23304971898570045
11666,0.3747150209232195
11667,0.21574555358459568
11668,0.5735024242274642
11669,0.11306425579113984
11670,0.24332310541343044
11671,0.5558888764628207
11672,0.7770505558508943
11673,0.6423201202965456
11674,0.675676471615806
11675,0.5073323612245489
11676,0.6636601755963251
11677,0.8054479892804285
11678,0.5280220414125725
11679,0.8876146809470155
11680,0.3622275829435509
11681,0.61432163502571
11682,0.7892445196747374
11683,0.586499813212428
11684,0.2541141467109419
11685,0.22685360976805782
11686,0.5209832092729487
11687,0.7964287445962499
11688,0.8811103476336702
11689,0.8824987557768613
11690,0.36035817227802636
11691,0.7567387590038046
11692,0.8783410178537411
11693,0.33146830179422626
11694,0.702942200045637
11695,0.7921130399509028
11696,0.8635760856373451
11697,0.5406721373614866
11698,0.6290773622488344
11699,0.6638928839719601
11700,0.810536921332399
11701,0.22425600646260896
11702,0.26369933847109017
11703,0.7339726760370278
11704,0.21275195316058132
11705,0.27201328835856015
11706,0.6194227526253087
11707,0.4578388704845735
11708,0.579336020960348
11709,0.4070854774498418
11710,0.34543357647141537
11711,0.7810095170395936
11712,0.6916322058088277
11713,0.2706887102112002
11714,0.4004227024583302
11715,0.17967686233926614
11716,0.5903241558396322
11717,0.7974713128594769
11718,0.8673919524409143
11719,0.384087600028063
11720,0.52583418245654
11721,0.6312354292837725
11722,0.9020734148940781
11723,0.7274640591790257
11724,0.8484617556727883
11725,0.5397676123942368
11726,0.6182391039969242
11727,0.8048470595787406
11728,0.16499815809589216
11729,0.6598928761834291
11730,0.29749283275111793
11731,0.6620665400692403
11732,0.43905349223362916
11733,0.7828087403381182
11734,0.19238897819153505
11735,0.6589216693787074
11736,0.5058745696525166
11737,0.874506778729926
11738,0.7448660661124451
11739,0.17429557787723787
11740,0.45064719254917485
11741,0.8866463734658842
11742,0.6628199187896471
11743,0.4668101961303499
11744,0.8220312893140622
11745,0.38609519871751447
11746,0.3087050003277269
11747,0.29126870143602934
11748,0.8158400054419656
11749,0.8458501278545352
11750,0.5384490212361286
11751,0.16938998726819882
11752,0.7299403608121295
11753,0.7914330904873254
11754,0.6771293680343891
11755,0.6281493757789353
11756,0.1761344121545398
11757,0.5070148445952909
11758,0.22947173130168136
11759,0.45334298969767767
11760,0.3325126288050178
11761,0.6765679502070708
11762,0.8623356000788602
11763,0.6606378710652837
11764,0.18618372852397458
11765,0.8196228771901778
11766,0.48032372588675265
11767,0.671089932156637
11768,0.7497194738383928
11769,0.7422315045353196
11770,0.9154442235150508
11771,0.3772994432196426
11772,0.8731929052687541
11773,0.8711978394543035
11774,0.45991867546044046
11775,0.7994454145693717
11776,0.7918915077589963
11777,0.36882939023789224
11778,0.859008384253888
11779,0.4237739215441283
11780,0.29532086402163454
11781,0.4401451488822006
11782,0.8129345614204754
11783,0.12821591793216094
11784,0.2640614984352308
11785,0.45301022393296353
11786,0.29145889680650083
11787,0.4958835857987516
11788,0.397616676045252
11789,0.36035960524897714
11790,0.5896814831631215
11791,0.22003588520463535
11792,0.8562974754414417
11793,0.2959355025826675
11794,0.6436696877936322
11795,0.8571366672761547
11796,0.8292697412645287
11797,0.1957124792317069
11798,0.4744036945696456
11799,0.8811310018853765
11800,0.712949681554054
11801,0.088538309725109
11802,0.7411150192011395
11803,0.2000928704528112
11804,0.9228537187116771
11805,0.3320141559301941
11806,0.6498040026935981
11807,0.8121328966168437
11808,0.5345653522971473
11809,0.5023153159690162
11810,0.7836581867755154
11811,0.7238622435866909
11812,0.32397076495635185
11813,0.1984015136609676
11814,0.3556411186741188
11815,0.8529578581297319
11816,0.6545859403115813
11817,0.17282584124736758
11818,0.3910242750525221
11819,0.36728594660553576
11820,0.19036017325064636
11821,0.6630958011678348
11822,0.8099618721249323
11823,0.8712023176281358
11824,0.5433795315236127
11825,0.5241366545431263
11826,0.8738864293983309
11827,0.8963225627141559
11828,0.6694277074553703
11829,0.893991870688468
11830,0.6788920140496363
11831,0.7460484219325325
11832,0.15014241348646779
11833,0.19543844421592838
11834,0.41414731469269495
11835,0.58929650916668
11836,0.8895098313058046
11837,0.39607035350036757
11838,0.3272945381583513
11839,0.47204885560950405
11840,0.6222743275016247
11841,0.8284812396540296
11842,0.7866376208477955
11843,0.7908214949151405
11844,0.8352286664362762
11845,0.8415596365963673
11846,0.754225648091043
11847,0.8625636994106769
11848,0.21015273627869627
11849,0.7081613436935715
11850,0.42858352894374563
11851,0.5198137749206407
11852,0.38052535675740096
11853,0.8635994965421155
11854,0.3965221450554135
11855,0.8554583065994559
11856,0.6643581324400563
11857,0.9208050698127461
11858,0.7549937842100788
11859,0.830194192073012
11860,0.4682280266798446
11861,0.1953705177627368
11862,0.8995264047650602
11863,0.2468309593450768
11864,0.8910882175235644
11865,0.8115992685737945
11866,0.549369584369378
11867,0.3467746067335425
11868,0.257224927697043
11869,0.8064123961698992
11870,0.5739141319680465
11871,0.3627991949555805
11872,0.13726778051034283
11873,0.8571176425791989
11874,0.8174631168202331
11875,0.9274611789614209
11876,0.6588232387139947
11877,0.6769758111719614
11878,0.3195248748795292
11879,0.1703153524380067
11880,0.7656946716567123
11881,0.8588008524322257
11882,0.47664991876041995
11883,0.4228896677617253
11884,0.32633002725268223
11885,0.553250114111671
11886,0.3808855709681999
11887,0.3260635364313423
11888,0.29639472805449313
11889,0.27833886159372456
11890,0.5572527788556733
11891,0.8801281245722966
11892,0.9288256179174894
11893,0.8309987339471617
11894,0.42526271142052596
11895,0.8739638881293765
11896,0.3677613438460044
11897,0.5879427928866258
11898,0.8360029968728602
11899,0.7508862995018803
11900,0.7030095504364509
11901,0.5558575721202492
11902,0.7862170054973563
11903,0.4056484749485024
11904,0.20916731902537172
11905,0.46905445130032664
11906,0.7505750152706409
11907,0.2708354668947089
11908,0.8203387234445121
11909,0.8347951895529033
11910,0.6517783924807415
11911,0.7447033893275968
11912,0.5189166176998158
11913,0.30580873657374286
11914,0.8322778112066356
11915,0.3073241240704421
11916,0.8418952157437245
11917,0.8506354657347854
11918,0.79929109537874
11919,0.5730111471996497
11920,0.618237389056491
11921,0.46541485592497944
11922,0.2933562617811203
11923,0.6595200993177835
11924,0.2217084482414633
11925,0.705895164082128
11926,0.8646378328509888
11927,0.7943325644422979
11928,0.8573097995903632
11929,0.9189152645377225
11930,0.8616455168006569
11931,0.518587211584656
11932,0.4005820193454343
11933,0.7697378811562723
11934,0.4365781423894165
11935,0.40146823661605957
11936,0.5425873256172307
11937,0.7855371240515341
11938,0.9396885808334539
11939,0.7581705516896308
11940,0.8002211446938422
11941,0.8358066211287283
11942,0.7736835220722582
11943,0.17343043927171167
11944,0.6936161256965371
11945,0.8782188042261164
11946,0.5263708481335517
11947,0.5014229894533714
11948,0.8132949531374207
11949,0.7129038079107394
11950,0.20682527316242325
11951,0.2393299665277994
11952,0.7037015037796736
11953,0.3689347538271668
11954,0.20990628259614302
11955,0.44795246777612197
11956,0.19859354088230996
11957,0.6307137438256862
11958,0.30549640150206175
11959,0.6942853374535953
11960,0.33192409750500107
11961,0.885418096321718
11962,0.7176744960495804
11963,0.7772968827002332
11964,0.7281995843920068
11965,0.7089597401145367
11966,0.4525443569545149
11967,0.20195850905225043
11968,0.41865435257090294
11969,0.7330401784688938
11970,0.3232595757886247
11971,0.3975518712516198
11972,0.1624785269462638
11973,0.5592166908656813
11974,0.3182493783904328
11975,0.8242847835254233
11976,0.8595529044125716
11977,0.18578298673537508
11978,0.7657281363348414
11979,0.3880218754644526
11980,0.9161345184159753
11981,0.6800487366959312
11982,0.44607379746744014
11983,0.5060987035962093
11984,0.4935144571683239
11985,0.7625725970219244
11986,0.584090927102594
11987,0.7121278772181174
11988,0.4175661670904089
11989,0.37176333534206424
11990,0.7162941649318382
11991,0.4573214878663448
11992,0.7353670882593318
11993,0.7013766238333784
11994,0.7165550773656567
11995,0.4285059161360072
11996,0.6216352616490913
11997,0.8006036236428203
11998,0.4530575459365832
11999,0.8519892054248145
12000,0.6583536772311385
12001,0.810529927933505
12002,0.8070069992310664
12003,0.7418749526566766
12004,0.9042493248984923
12005,0.5550455328602942
12006,0.5073254659479586
12007,0.763528002056608
12008,0.8262823234058461
12009,0.27706436671621737
12010,0.7801007178979766
12011,0.1989053408829047
12012,0.48617033344369853
12013,0.5178025944981448
12014,0.32664479551249503
12015,0.28502538974451214
12016,0.6143251378120786
12017,0.6261104713755092
12018,0.8486806958405867
12019,0.568556194702638
12020,0.6047617969312409
12021,0.7094932933350229
12022,0.8193829972285619
12023,0.48395912552437986
12024,0.7556613766199769
12025,0.6633257132144373
12026,0.8566229172976552
12027,0.8821965268421921
12028,0.5522011704986514
12029,0.7522128496026558
12030,0.8101698655622005
12031,0.6568498114715327
12032,0.5047508999060891
12033,0.6901975752978209
12034,0.2170084645063554
12035,0.1660291859491414
12036,0.4338209159663504
12037,0.8344939437630581
12038,0.24860962384615162
12039,0.3651281175891541
12040,0.7094340459551433
12041,0.2445895192509247
12042,0.856038515339631
12043,0.797846773029076
12044,0.2717374411206823
12045,0.5340236728732647
12046,0.3007595385230524
12047,0.45784465239124406
12048,0.3797279686161992
12049,0.4003560059579352
12050,0.8979891802390021
12051,0.27756617060077327
12052,0.4530061691212147
12053,0.32253955614834995
12054,0.3773286672136543
12055,0.2083728460787518
12056,0.3092675348631624
12057,0.5181639769006345
12058,0.6597770062750236
12059,0.7170527528886199
12060,0.9272041499582221
12061,0.6017684358387957
12062,0.780609898744436
12063,0.4701143854041983
12064,0.7097449547157275
12065,0.23186821571011326
12066,0.35248779093304616
12067,0.48071476082931286
12068,0.7721753888851977
12069,0.6580662987507699
12070,0.7592925197206019
12071,0.7799878862807734
12072,0.590413428590288
12073,0.804350671802686
12074,0.2835980151472176
12075,0.6058825304963344
12076,0.5641590641086599
12077,0.6797785079228654
12078,0.6846960552182496
12079,0.78909250492805
12080,0.3230672028044335
12081,0.8763000323029821
12082,0.7273019225484139
12083,0.17159929635579865
12084,0.5816071014707267
12085,0.6455127393409523
12086,0.48684277302421747
12087,0.09675392071447177
12088,0.4355391468896207
12089,0.6012349124953064
12090,0.7654486427513904
12091,0.5318798318772939
12092,0.7982656845106053
12093,0.7528608573635085
12094,0.927439918997976
12095,0.8197595507498319
12096,0.7323853967516061
12097,0.11800701247373176
12098,0.7031806241252765
12099,0.5214937914220813
12100,0.870149072103597
12101,0.38437910787205887
12102,0.7115277122233308
12103,0.22982537440901615
12104,0.3414790450124626
12105,0.31571552297133604
12106,0.8873251517141227
12107,0.34224809009311946
12108,0.6490933678476917
12109,0.7684463003214446
12110,0.3703443844242945
12111,0.5705271101796184
12112,0.7877717120565049
12113,0.6912137948986801
12114,0.8596750282510297
12115,0.677142023719955
12116,0.8308317582393062
12117,0.9086726728962413
12118,0.8202293307065163
12119,0.8210563642407999
12120,0.27401731827016995
12121,0.5901555467030978
12122,0.4465769813009595
12123,0.23304724365687726
12124,0.6731570698969728
12125,0.5315661985920076
12126,0.6137357104156157
12127,0.31429507496218395
12128,0.5625729605357405
12129,0.33973527818200805
12130,0.7885496364744039
12131,0.16383061978823257
12132,0.26799079081334526
12133,0.28359092023146587
12134,0.7364450201547504
12135,0.8280782150510081
12136,0.6521419427700611
12137,0.3842223361064933
12138,0.7166823372610622
12139,0.4925975471843217
12140,0.8226933728314455
12141,0.38631768990559956
12142,0.6605949890877097
12143,0.8715653203011131
12144,0.7424340614896304
12145,0.24802854852907938
12146,0.8617645623882473
12147,0.4861785380112343
12148,0.6555364912589888
12149,0.8170869514048469
12150,0.6030679728846088
12151,0.5986615329591135
12152,0.9025223837547429
12153,0.8471973607396057
12154,0.8282544202559913
12155,0.9178263477042917
12156,0.781779539515359
12157,0.705512497555955
12158,0.897767816144561
12159,0.7707567228252791
12160,0.7494616433410174
12161,0.36697974467229383
12162,0.2041961933402145
12163,0.6298585144084043
12164,0.4077621737017162
12165,0.20660863697552953
12166,0.4809374316979417
12167,0.8543568153560833
12168,0.8870147570904726
12169,0.6791456382569374
12170,0.2318673644484277
12171,0.8264779408307531
12172,0.5904795290009389
12173,0.5566426899558294
12174,0.39182974517509955
12175,0.7617350060540254
12176,0.2708206444868126
12177,0.7315032491556712
12178,0.8208825849285347
12179,0.59396431117414
12180,0.7865753071416279
12181,0.5457150414544998
12182,0.21981241320808192
12183,0.8987963429395055
12184,0.7164909390273244
12185,0.869803372290187
12186,0.7462823129622401
12187,0.5255858837500456
12188,0.7860879045288631
12189,0.14928942930075614
12190,0.45036349351851407
12191,0.540239265657767
12192,0.6415511436946675
12193,0.6541118629527947
12194,0.3360049570456761
12195,0.8302761070663742
12196,0.37973964077039457
12197,0.28384304989327275
12198,0.8236681483669149
12199,0.48971009381227926
12200,0.27807828417189584
12201,0.2037245731683943
12202,0.8528467036270135
12203,0.5726358872737105
12204,0.499051311240866
12205,0.5462085523513436
12206,0.3973807890879775
12207,0.6231136682563393
12208,0.09589601498377867
12209,0.4388363641068758
12210,0.30882482961085594
12211,0.45008341279960834
12212,0.6376136780489212
12213,0.8393600698099041
12214,0.46102933752785413
12215,0.5530048639907845
12216,0.7886735368262026
12217,0.6846058376871488
12218,0.7641542751926477
12219,0.6367121055395512
12220,0.35869389364716636
12221,0.4505879912436975
12222,0.29388070316298787
12223,0.4731061167646694
12224,0.5850560151903668
12225,0.7703513680460434
12226,0.5802029136882161
12227,0.4395419356887926
12228,0.6425605845342541
12229,0.7586820626564948
12230,0.8124026972668918
12231,0.4974202826375976
12232,0.634808759429117
12233,0.4098107601664621
12234,0.7625347409882156
12235,0.19170123643662515
12236,0.24829959891426848
12237,0.45611612902498827
12238,0.8341258667998053
12239,0.19340657339066
12240,0.8055940343781596
12241,0.4459866479237361
12242,0.4180457555411785
12243,0.6839551300078018
12244,0.5134015279962032
12245,0.8091830916461722
12246,0.5978566168759335
12247,0.29047377512848926
12248,0.8250583388670755
12249,0.883070072714493
12250,0.2645133406911119
12251,0.28926221423206605
12252,0.5629742720432976
12253,0.6525611573547153
12254,0.4453814342628685
12255,0.19541579290990865
12256,0.12045281759772879
12257,0.8458426731474348
12258,0.2876494845095854
12259,0.44433670090782934
12260,0.6641993809224218
12261,0.4628328148130818
12262,0.7143584444262102
12263,0.3002129844965127
12264,0.873266261921912
12265,0.39318925991702103
12266,0.5121912582911043
12267,0.38349620667332135
12268,0.6347646140712775
12269,0.41317654141663845
12270,0.5734108580859185
12271,0.2078911339485108
12272,0.3394783499970399
12273,0.3474342890499328
12274,0.8840427125585922
12275,0.6955956485297149
12276,0.5817167105761102
12277,0.8931039769158431
12278,0.9058206291173745
12279,0.2986388215381557
12280,0.5155172412350677
12281,0.7515412664958501
12282,0.29761851247638593
12283,0.9177668116125847
12284,0.35524135185180117
12285,0.8338787111963145
12286,0.1887537362346974
12287,0.5289450852708436
12288,0.30802216863446225
12289,0.9040376716995185
12290,0.6939765136668983
12291,0.6925238804223472
12292,0.8484953780791276
12293,0.6166628416116622
12294,0.23785472500912166
12295,0.16622785416718847
12296,0.921777399602269
12297,0.2962770444839685
12298,0.584734330460033
12299,0.39256396739227695
12300,0.32682420964421344
12301,0.4959374006512515
12302,0.6206415485599996
12303,0.6939355339552858
12304,0.6534429722898635
12305,0.6137449723231796
12306,0.8159950512358922
12307,0.24616957848752696
12308,0.508589443908519
12309,0.3113174482284751
12310,0.18752731447074789
12311,0.8540445472650258
12312,0.3598819906592154
12313,0.8325469284884458
12314,0.3161705370421966
12315,0.6978499315992275
12316,0.8656110251781498
12317,0.4988583730712066
12318,0.7833548673251708
12319,0.6092191424637858
12320,0.7932020639995405
12321,0.8088080760288507
12322,0.19346123634561557
12323,0.6841743612428701
12324,0.7763411030402777
12325,0.7307562982817535
12326,0.8094362077404084
12327,0.5792798161416329
12328,0.66950326287178
12329,0.46370868374587204
12330,0.8962849427347863
12331,0.407694579533605
12332,0.5062261272826826
12333,0.4194519976863407
12334,0.6985224335642192
12335,0.6382108605165981
12336,0.7508742382608551
12337,0.3327565724373466
12338,0.492392153071455
12339,0.7123528143533471
12340,0.5613915258908887
12341,0.7503606864316141
12342,0.6451113701251419
12343,0.23980883574530662
12344,0.17264329104875356
12345,0.6429036544911013
12346,0.51425959983576
12347,0.5712411430092372
12348,0.8347431914250422
12349,0.6666596352689989
12350,0.7581090955527611
12351,0.3181352400090914
12352,0.6509840088025521
12353,0.17129858982032614
12354,0.236171530392326
12355,0.15770783155945192
12356,0.5750311899565741
12357,0.8615418026126814
12358,0.5882662852184586
12359,0.4124780542525537
12360,0.6870377192859154
12361,0.1294986923124932
12362,0.7025900030945688
12363,0.5467190947770786
12364,0.7558391759476562
12365,0.6545626775501212
12366,0.8815633831495348
12367,0.7151733077168169
12368,0.5548723795157336
12369,0.8270900473165559
12370,0.20058515073924932
12371,0.19719713730401708
12372,0.5405846067290115
12373,0.4597087877551542
12374,0.5987168642786234
12375,0.8036071657609571
12376,0.30972410859072613
12377,0.6337340303599931
12378,0.44363296819400194
12379,0.3869175331170577
12380,0.8046782630159076
12381,0.4938490876187992
12382,0.49081028651838665
12383,0.7286084711518764
12384,0.26429403135940677
12385,0.8713899723859342
12386,0.25166706067399536
12387,0.8817650411574034
12388,0.3573813081615189
12389,0.7915438557919672
12390,0.9327486167404266
12391,0.6524636311007503
12392,0.8463434203814074
12393,0.8219479008984393
12394,0.6145130466739469
12395,0.7229176901754953
12396,0.29955864950929906
12397,0.6527008148520872
12398,0.6042538671245112
12399,0.8286119004239184
12400,0.9281861314708784
12401,0.3120975462320271
12402,0.39241031621907574
12403,0.7763635122356749
12404,0.702090149044114
12405,0.2953764244636232
12406,0.6369864200054068
12407,0.567638491127014
12408,0.9003835011845901
12409,0.5658176450707451
12410,0.8580442496137475
12411,0.6148212270153146
12412,0.611339483910527
12413,0.7998791018517017
12414,0.22065472290908344
12415,0.8475349803611203
12416,0.49346946819745335
12417,0.47933084295864387
12418,0.8252945055916062
12419,0.7175035816295646
12420,0.5481153064176735
12421,0.9054587342812506
12422,0.632539709194386
12423,0.4745289138596415
12424,0.778640183254762
12425,0.6279621474627017
12426,0.8176136721123519
12427,0.8157005011548681
12428,0.7764334552094689
12429,0.4581629557684605
12430,0.38266599166836907
12431,0.39717449913107294
12432,0.1872484866995926
12433,0.3795413815768553
12434,0.4033989502872458
12435,0.6323807009267383
12436,0.7062397530490734
12437,0.6134145026884451
12438,0.4140517955946762
12439,0.8812091757540448
12440,0.7981327518013089
12441,0.743541534954396
12442,0.5017672619083181
12443,0.8631400185877667
12444,0.8177732967412068
12445,0.8083018780094436
12446,0.6538125378663623
12447,0.6893493290518615
12448,0.7918419731542222
12449,0.802853967927834
12450,0.48170284529890584
12451,0.8846491341495762
12452,0.8845480175798486
12453,0.8751700261743363
12454,0.48727581049347196
12455,0.8687534737825537
12456,0.620280389479461
12457,0.46723107940396635
12458,0.16638551166322704
12459,0.8212177936582128
12460,0.7275940445534972
12461,0.18340337815167873
12462,0.5617566738212472
12463,0.3424785266200666
12464,0.6162511015879011
12465,0.6667478539029165
12466,0.29468306558319496
12467,0.18456867772829882
12468,0.4385941098370624
12469,0.6328693799259748
12470,0.8681129003428222
12471,0.7447304632035208
12472,0.7382762388447734
12473,0.35945687885110633
12474,0.45036456995827956
12475,0.7527518812220365
12476,0.6453190939823698
12477,0.7710607902651261
12478,0.2783410357474941
12479,0.2967749015891243
12480,0.6400409037545254
12481,0.5113975061715835
12482,0.7334491853409351
12483,0.7945646079742561
12484,0.523000523973482
12485,0.08128423616510777
12486,0.2541115861669613
12487,0.5551837980526413
12488,0.8476650447255345
12489,0.7896773522157448
12490,0.9253414104446466
12491,0.746556160973219
12492,0.7110557019889885
12493,0.3222266777942075
12494,0.8311879806676168
12495,0.3961555505521881
12496,0.6248038270221675
12497,0.839860760317676
12498,0.38787721646999723
12499,0.15863314430733522
12500,0.5415960514198521
12501,0.7285587609576099
12502,0.5080405960000736
12503,0.2590626934501237
12504,0.21581596432362224
12505,0.18923709486429968
12506,0.8563760243238377
12507,0.7597630243871533
12508,0.8653500464033171
12509,0.4761750218334346
12510,0.7374852279782965
12511,0.37238629750048324
12512,0.8531763869489629
12513,0.5157997864948022
12514,0.8299409377746507
12515,0.9128710302638069
12516,0.6541205152777796
12517,0.943656364897603
12518,0.8454734714052103
12519,0.8575240487476156
12520,0.2921568753634038
12521,0.42457939331922834
12522,0.5864429592870427
12523,0.1493172386540646
12524,0.12721058852485811
12525,0.8670247371322943
12526,0.17870378788522326
12527,0.4649522697639056
12528,0.7122528795314591
12529,0.34389404591754347
12530,0.550506541052783
12531,0.8963783329165507
12532,0.3034470382280698
12533,0.89826567142297
12534,0.8738335678828173
12535,0.8561300553900035
12536,0.6466108635457837
12537,0.8723482139431277
12538,0.2340279433591674
12539,0.3330372089662359
12540,0.8214477893301412
12541,0.24470401761679228
12542,0.8210676346061317
12543,0.5944390464243673
12544,0.7927634631414874
12545,0.4687889181007778
12546,0.804042742280204
12547,0.5285965327224229
12548,0.2756905010068366
12549,0.14880735086149882
12550,0.7180312457021132
12551,0.9375273920442782
12552,0.2740047206981351
12553,0.5137671607052373
12554,0.7726683125517476
12555,0.8664212822721771
12556,0.9089668417519831
12557,0.3692207359344194
12558,0.8694593624568013
12559,0.43639178584364036
12560,0.4041769868132564
12561,0.18791916568524164
12562,0.3176642632418469
12563,0.718491505815096
12564,0.4722333650092532
12565,0.7822738975134966
12566,0.24169541200446498
12567,0.7216548624915331
12568,0.734658922211546
12569,0.5494631132724249
12570,0.14991595234205152
12571,0.8804762796173082
12572,0.4023386779880481
12573,0.7531659629160883
12574,0.3522291021768598
12575,0.48318483505459453
12576,0.722910811193102
12577,0.7148915358178176
12578,0.4147150476454534
12579,0.8152260153119169
12580,0.6034132480730181
12581,0.683144377416234
12582,0.6117838747728046
12583,0.4936509247082404
12584,0.8686482927700693
12585,0.8713789554199022
12586,0.5028412202467509
12587,0.8171972933798598
12588,0.2082741500659815
12589,0.5622287904333048
12590,0.7231105014661401
12591,0.6971780399187897
12592,0.680204985759081
12593,0.790088520466917
12594,0.9032495489729822
12595,0.5487577679789903
12596,0.76381405541833
12597,0.6725791945021533
12598,0.5869427422103979
12599,0.8971872784487326
12600,0.8681492528057171
12601,0.5821444400086975
12602,0.7905515615616843
12603,0.9048265837917853
12604,0.8837419369376547
12605,0.5317427494096733
12606,0.6428640731613476
12607,0.6685284042439031
12608,0.6712802812991118
12609,0.7431287199857587
12610,0.8481134967941876
12611,0.6756189089106683
12612,0.8428667213692339
12613,0.2588946124471606
12614,0.19807654921489118
12615,0.6260603189904467
12616,0.5492824929500426
12617,0.8829552178654023
12618,0.8060642439689043
12619,0.7920149374027865
12620,0.49393108061483065
12621,0.40108486139818145
12622,0.6588854952498628
12623,0.7425792566253739
12624,0.8083510231122206
12625,0.2059894037384924
12626,0.8880773900371063
12627,0.26886557037284486
12628,0.2757978653752717
12629,0.2596807037819764
12630,0.934472424268172
12631,0.7961332618438055
12632,0.4934056817116961
12633,0.7576259142733189
12634,0.7989602600568677
12635,0.8277919867167038
12636,0.7740142531310445
12637,0.7570430332166335
12638,0.1585475326737781
12639,0.8762959129800869
12640,0.5327633443017142
12641,0.5840724448398599
12642,0.9224573643375894
12643,0.3398779314035939
12644,0.583899057769201
12645,0.8779750785022986
12646,0.6612274690753889
12647,0.4241328680762473
12648,0.7465352677087772
12649,0.8250707112994341
12650,0.5708600746210064
12651,0.14699556693784493
12652,0.5872861700990543
12653,0.3292314510327379
12654,0.4810609266537232
12655,0.864364147491393
12656,0.32601653302950634
12657,0.9268531817355702
12658,0.5143194618009423
12659,0.5471401498050997
12660,0.11326154369770265
12661,0.854334750682579
12662,0.4201434601146159
12663,0.31900520781350966
12664,0.7799631610655079
12665,0.8587326211232297
12666,0.32633991172055354
12667,0.3846348792911222
12668,0.8692359110279889
12669,0.6394511347975943
12670,0.6638315464151294
12671,0.6598529454435755
12672,0.3293017564189769
12673,0.6412467734675744
12674,0.7110014785572271
12675,0.86168774180688
12676,0.8945457196948798
12677,0.6066037001728913
12678,0.5223372156078634
12679,0.5155259948745899
12680,0.7381088497186282
12681,0.4645981892967101
12682,0.16078494722718717
12683,0.7173496884358594
12684,0.8034547807181327
12685,0.8475321257942539
12686,0.3780471348809656
12687,0.7023547368376916
12688,0.16891905278376718
12689,0.8653201024657041
12690,0.6120620037702615
12691,0.7492117845769941
12692,0.19775400286069614
12693,0.7656978997494983
12694,0.9142639901630616
12695,0.9144979220712073
12696,0.500773056710432
12697,0.42391211286051933
12698,0.7581304440997659
12699,0.49380106353572434
12700,0.8241635873822789
12701,0.4488255776698376
12702,0.4881867103817058
12703,0.27882291836077855
12704,0.6894103647181573
12705,0.8489993594373271
12706,0.28092067498629936
12707,0.4630419278092939
12708,0.3279812018114314
12709,0.7965137831348988
12710,0.4558777931153295
12711,0.2894299510169567
12712,0.7461592816403195
12713,0.7737805034227057
12714,0.6625818492334781
12715,0.26582223193129567
12716,0.3681675336534344
12717,0.4044486205903554
12718,0.4351115568358434
12719,0.39636649880458497
12720,0.32399287527662635
12721,0.7428201147256085
12722,0.8107963845015385
12723,0.3314124608243667
12724,0.7415606135651582
12725,0.6159036903923629
12726,0.3900159873054075
12727,0.6442389148468342
12728,0.8978053281877963
12729,0.7560687072182668
12730,0.9126745296176204
12731,0.5908952048794074
12732,0.854263682153324
12733,0.7366032611479804
12734,0.5428422268681493
12735,0.8469251470776481
12736,0.19242477329525112
12737,0.7233951645275901
12738,0.324923173582217
12739,0.3494293693163178
12740,0.7459970021582312
12741,0.33028923118800735
12742,0.3954728840199267
12743,0.740617400067001
12744,0.2670357849197991
12745,0.5440950270738003
12746,0.7517291805710777
12747,0.3795779829281788
12748,0.239732129292957
12749,0.30497600487397925
12750,0.7551612262932804
12751,0.24020874741223464
12752,0.7801172478967905
12753,0.7925281658665156
12754,0.8818219270274015
12755,0.40426707531037265
12756,0.8542427564423252
12757,0.8703296886023587
12758,0.5751135627597485
12759,0.7359110397754334
12760,0.7535013579282979
12761,0.6350493916033049
12762,0.3045885571971584
12763,0.9111736641838311
12764,0.7308889190896548
12765,0.5292140933351451
12766,0.4907846112146441
12767,0.20309948619944024
12768,0.8679339980163459
12769,0.24664953575860327
12770,0.26019959525801667
12771,0.739641942333544
12772,0.3155760539117783
12773,0.6008484130968328
12774,0.3854786718416914
12775,0.7241647806576212
12776,0.8922699966869533
12777,0.30581843022918204
12778,0.4796749955780538
12779,0.6211781619515806
12780,0.7209457120957525
12781,0.825491455595525
12782,0.8572158947206272
12783,0.5348575730194469
12784,0.8193989587214708
12785,0.23829472389780137
12786,0.11773789575370043
12787,0.6470248381870686
12788,0.47958591037120546
12789,0.8078882681198124
12790,0.6548365840004591
12791,0.6155541150083075
12792,0.84148933271071
12793,0.7064317267959885
12794,0.7833349634818828
12795,0.8582860006335724
12796,0.7084536213881316
12797,0.531629207709931
12798,0.6261558279864304
12799,0.528131256591122
12800,0.14778390199874153
12801,0.8960881551429977
12802,0.6846839423340599
12803,0.8304055592618859
12804,0.426809083920761
12805,0.8274139924712679
12806,0.5861000307128478
12807,0.6576785869887303
12808,0.35181065816892293
12809,0.7556187901448734
12810,0.862259432514317
12811,0.11054574187332177
12812,0.18856631332745627
12813,0.5691581893313937
12814,0.21482729004469617
12815,0.7566977480351804
12816,0.11340437180706762
12817,0.3110471024717561
12818,0.38953112989516003
12819,0.5326563518109435
12820,0.788672848038419
12821,0.8466052597992554
12822,0.37201349262987077
12823,0.8553214771540792
12824,0.48259742349548373
12825,0.4743982733901276
12826,0.7812955964283859
12827,0.6624654837014038
12828,0.7661582392284305
12829,0.9134350135102411
12830,0.13675802399754558
12831,0.535975467406689
12832,0.8472343433256537
12833,0.7202013484672931
12834,0.7155555038351032
12835,0.8268573666924561
12836,0.7461874889582873
12837,0.47937952720680116
12838,0.15429553163694185
12839,0.926993374849954
12840,0.6176891649462709
12841,0.5574528788185245
12842,0.6889016981219048
12843,0.23361150054204277
12844,0.8017789459770073
12845,0.18630593040769627
12846,0.6598114243974784
12847,0.10839889285217412
12848,0.5998065085336584
12849,0.27732901088771356
12850,0.48181773104129083
12851,0.3185091841103811
12852,0.8709767342760766
12853,0.22167070265468564
12854,0.596126338690633
12855,0.3842776442718101
12856,0.5679611362463187
12857,0.7598048747625253
12858,0.8536926130553754
12859,0.7208859629322304
12860,0.644335467334744
12861,0.724817352454006
12862,0.49514269324989335
12863,0.7995477260617434
12864,0.5452705864471095
12865,0.8535724550498412
12866,0.6691378254839566
12867,0.7679085177261813
12868,0.6750251591236093
12869,0.7646308586256778
12870,0.8379239822651252
12871,0.7418908733616106
12872,0.8113666914708819
12873,0.7785881103267038
12874,0.9113057121618291
12875,0.27622989537220616
12876,0.250066407179544
12877,0.1547345243372454
12878,0.31794076956556316
12879,0.8544864423235348
12880,0.8336303261336192
12881,0.8598017781956843
12882,0.3972168209313959
12883,0.7910322457726147
12884,0.6215141413291954
12885,0.8772738305194256
12886,0.18471538483111494
12887,0.3701794377081944
12888,0.499651978386587
12889,0.7572824904040114
12890,0.6303522975527749
12891,0.38049352963085514
12892,0.8121445318654307
12893,0.2915016420457225
12894,0.3931442256822186
12895,0.7979143906126261
12896,0.5987073882222734
12897,0.2728855593333375
12898,0.3192113622005856
12899,0.15640699258196492
12900,0.35107067561138
12901,0.30104826889606456
12902,0.729950077887049
12903,0.3448356055883735
12904,0.3050538640173814
12905,0.7845054683736948
12906,0.8222673144419947
12907,0.8570264812614303
12908,0.8250629567707252
12909,0.28881364928407555
12910,0.36851753054776837
12911,0.5877088093359458
12912,0.8035373580078199
12913,0.5791508243604518
12914,0.8144056060576823
12915,0.870925928724079
12916,0.3474275051373044
12917,0.8051034280726251
12918,0.6290316737429203
12919,0.1811510123451588
12920,0.9079470577835982
12921,0.7652898387981366
12922,0.3748346542244967
12923,0.7338886834935467
12924,0.5078747889443268
12925,0.28177582555265057
12926,0.5493512489871129
12927,0.4451563357849841
12928,0.8498121915842818
12929,0.6157277616885978
12930,0.40946880581549244
12931,0.2717839968214813
12932,0.7309724213927195
12933,0.6533785818433612
12934,0.2256993751345005
12935,0.48135997829635163
12936,0.20575565978403892
12937,0.7816981125180653
12938,0.6413570499095236
12939,0.28970362264377425
12940,0.7367056875501287
12941,0.5115334881549973
12942,0.6872029750574111
12943,0.5790659285836552
12944,0.5526307929026311
12945,0.6404878353649026
12946,0.9198105608467932
12947,0.8149353478136541
12948,0.8162978782043455
12949,0.4582912121084146
12950,0.738178558176256
12951,0.23136093792651585
12952,0.42985844505040965
12953,0.6787680275671373
12954,0.36674082160076255
12955,0.5552874620302051
12956,0.6360449166715703
12957,0.5265538331214621
12958,0.4653059944178791
12959,0.276415507240206
12960,0.6795203134157298
12961,0.7958579030288709
12962,0.8741155773461463
12963,0.7732974358978189
12964,0.6031977728246352
12965,0.37135137601526874
12966,0.5197162543988124
12967,0.7322270629271966
12968,0.8718456905085755
12969,0.7391983190818624
12970,0.17202965980144233
12971,0.7731813817424822
12972,0.3273871698719302
12973,0.8545919438250511
12974,0.6200589121741186
12975,0.4078982587900402
12976,0.6662824108300853
12977,0.6428680343045652
12978,0.6897022479158177
12979,0.43004686583018703
12980,0.8349116377760881
12981,0.7747516230574387
12982,0.7834331878672924
12983,0.19990129299654325
12984,0.5716207530735818
12985,0.8142637392527736
12986,0.8709888170894335
12987,0.2632120015091503
12988,0.5376329693553374
12989,0.1341311589299075
12990,0.6789399707899779
12991,0.8729563164149944
12992,0.6272053224749824
12993,0.478283406709517
12994,0.8922036480402931
12995,0.41900689035429234
12996,0.19413081798896098
12997,0.5084141916374487
12998,0.6914807761652096
12999,0.8681114862190562
13000,0.2861680723381601
13001,0.15314724473244962
13002,0.18590287076112808
13003,0.8308328305549791
13004,0.8646671247109461
13005,0.3764830760147178
13006,0.4392251485350733
13007,0.5998215479656772
13008,0.6772173064074017
13009,0.3107656231012622
13010,0.6578353312866081
13011,0.7197179579322767
13012,0.7568933880502227
13013,0.36817182579741525
13014,0.7237258152263424
13015,0.6601614417933266
13016,0.3971670310907143
13017,0.11872743048227985
13018,0.5972886227255052
13019,0.6666985745400399
13020,0.8464459443890164
13021,0.5032128990167274
13022,0.49428997462336877
13023,0.26473887024768267
13024,0.33986802207897926
13025,0.5604120203978928
13026,0.6686107857475557
13027,0.29519318033158465
13028,0.47544660723499765
13029,0.5269055774102457
13030,0.7628110493332203
13031,0.4288563015585331
13032,0.6353405437718214
13033,0.6538556768192517
13034,0.8230699449682949
13035,0.4570364709177392
13036,0.34020135706290455
13037,0.49857869673786487
13038,0.6540519657984474
13039,0.430773710220377
13040,0.27513437132358876
13041,0.7430932272056727
13042,0.6956475433210639
13043,0.23539600596601365
13044,0.8247300583710377
13045,0.8744816162232817
13046,0.6670188996502524
13047,0.5821447490185703
13048,0.13179584313737813
13049,0.42078995496671623
13050,0.5205862083899481
13051,0.569656374733311
13052,0.17837764273577528
13053,0.769150085204995
13054,0.8476817165028374
13055,0.8626956432679381
13056,0.5811170470545687
13057,0.8378990252334534
13058,0.19151756808364642
13059,0.9329802519646264
13060,0.08941323484776086
13061,0.609336992540893
13062,0.7839118695228827
13063,0.5122394662734489
13064,0.9006104339396543
13065,0.14213986466897044
13066,0.7287786514497534
13067,0.8600829726500667
13068,0.31070483030412366
13069,0.8545969292003155
13070,0.297674717160608
13071,0.48223395659252705
13072,0.5311272519704545
13073,0.48960577280496653
13074,0.8544205858075762
13075,0.8081197535168745
13076,0.7116453479830288
13077,0.49927670073169245
13078,0.726352504306851
13079,0.813274093411406
13080,0.6560546940027182
13081,0.3520947130021841
13082,0.2926921015374886
13083,0.6771053732176457
13084,0.7499749890208536
13085,0.5612354816648017
13086,0.3838050353523732
13087,0.35877352652962013
13088,0.527437496606612
13089,0.5557878080917287
13090,0.5398736824300951
13091,0.49888129013834803
13092,0.7677425002421748
13093,0.3165884455319622
13094,0.28590058674255914
13095,0.8680230796424488
13096,0.8990014491832824
13097,0.34699708480068664
13098,0.2933152031682695
13099,0.7998242047402838
13100,0.8432648306572059
13101,0.708481605814839
13102,0.30881656729978324
13103,0.695301829641513
13104,0.29809025113565885
13105,0.8337141512760846
13106,0.3257637955417812
13107,0.3331092733291627
13108,0.5651471219997162
13109,0.7786622574807442
13110,0.689287753323172
13111,0.8399695744983828
13112,0.6900563833493402
13113,0.45944055561735764
13114,0.5300336779591728
13115,0.1790124919006983
13116,0.8317005832493579
13117,0.11811910677725056
13118,0.25983241240692195
13119,0.448116040786679
13120,0.8149098766670599
13121,0.832122000536669
13122,0.6486031662345002
13123,0.7477594111148333
13124,0.28732898804057433
13125,0.7822497113905595
13126,0.5917785259187996
13127,0.456604196507033
13128,0.8037097435775377
13129,0.6828482837825508
13130,0.5498670007646312
13131,0.8855632173081176
13132,0.8510444833767383
13133,0.8602552511376602
13134,0.5312710430943547
13135,0.5903585587257422
13136,0.8326054251559556
13137,0.8017859156623253
13138,0.712215151919154
13139,0.4659560940647418
13140,0.6902523535979825
13141,0.8290987602852246
13142,0.894933042860306
13143,0.8031590012515445
13144,0.8884876280843808
13145,0.2905086387489978
13146,0.31150998271717373
13147,0.18887896635676044
13148,0.4232842616479562
13149,0.6599141965525174
13150,0.2135589616697547
13151,0.2994287874664267
13152,0.7171829112194605
13153,0.8640194890652597
13154,0.6378979497374824
13155,0.7881261725005928
13156,0.7919446187633207
13157,0.8593440919038097
13158,0.8565059930299621
13159,0.7638304478776242
13160,0.38676216832166455
13161,0.18144168129969634
13162,0.7283249568668814
13163,0.5759653742562088
13164,0.8511208801004789
13165,0.7224765501190641
13166,0.8018843581104551
13167,0.8196528299038246
13168,0.8188718047961049
13169,0.4961347170739588
13170,0.5929211606920065
13171,0.6955045774822526
13172,0.33476507200109185
13173,0.7938695959365706
13174,0.23542204378753495
13175,0.1898445268898648
13176,0.528275966665971
13177,0.7770802186229876
13178,0.3473412349479864
13179,0.39272994248702897
13180,0.7801236390760695
13181,0.7475283593706169
13182,0.5505672650405964
13183,0.2045345786942131
13184,0.8684622394474304
13185,0.2717704971480214
13186,0.20739408446842852
13187,0.8558267436243092
13188,0.4764920622444381
13189,0.8062428006642022
13190,0.4664396033809168
13191,0.8932234432096628
13192,0.32988824898449903
13193,0.6805778499694333
13194,0.4359833405912079
13195,0.8449815575618655
13196,0.7093523697992028
13197,0.22551552722650145
13198,0.2981809801640221
13199,0.5329922717546368
13200,0.8550827384377131
13201,0.5170378852756807
13202,0.20620159362215107
13203,0.2993853413094852
13204,0.6229666139046142
13205,0.9090380952290059
13206,0.8338483891855192
13207,0.7845172548986641
13208,0.4381550540313778
13209,0.4478961283950586
13210,0.19505121252810365
13211,0.801260070657752
13212,0.8031464934635958
13213,0.2649091562693535
13214,0.662548721939303
13215,0.4244832905361849
13216,0.5286754210933993
13217,0.3268690621408752
13218,0.9093199486734145
13219,0.47170367545466163
13220,0.7205018162127321
13221,0.4982796688106929
13222,0.658284471685386
13223,0.6381875774885908
13224,0.47943075906731897
13225,0.36782352836083254
13226,0.7480260675527896
13227,0.4408454188778458
13228,0.8819606055390672
13229,0.44805734958111
13230,0.44550054673931355
13231,0.24870308067029295
13232,0.283889428948527
13233,0.5608054050185984
13234,0.6669886843430451
13235,0.7780150421321196
13236,0.7624941622639151
13237,0.5696367296038556
13238,0.8017042317431866
13239,0.5867836913552655
13240,0.3524151949333352
13241,0.4732655304474681
13242,0.5024512488338992
13243,0.3755766399372617
13244,0.2276660523399582
13245,0.7557732376087173
13246,0.3736493256764674
13247,0.6730348669247793
13248,0.2898609277982774
13249,0.8841602800774601
13250,0.7244297570041291
13251,0.21002342634178434
13252,0.5318503059485012
13253,0.127394812706365
13254,0.7314967065278002
13255,0.7802109563274139
13256,0.3533037960496854
13257,0.3049716508482173
13258,0.8125071038021952
13259,0.8888200026319988
13260,0.8777522937476832
13261,0.8137760789426794
13262,0.39601172600038775
13263,0.7594754251882245
13264,0.7853982488029918
13265,0.6886937824893767
13266,0.596133721709296
13267,0.7983371196122584
13268,0.6591693520860834
13269,0.8627166271506016
13270,0.8268827574444162
13271,0.5025970160729902
13272,0.3012595937806947
13273,0.8317929851560429
13274,0.4733494276735945
13275,0.20313623728698496
13276,0.8258457528791806
13277,0.36549341876455926
13278,0.47741864245949506
13279,0.5739218421802511
13280,0.7153471465010464
13281,0.8349412576865953
13282,0.8325711573930976
13283,0.5261554256014718
13284,0.803127807305104
13285,0.37306986352552296
13286,0.5163320241842719
13287,0.13999706646237003
13288,0.8996820477424475
13289,0.6879023144979856
13290,0.8234172940420372
13291,0.8746338492716308
13292,0.6596879383189781
13293,0.38136593495121784
13294,0.5312443031805875
13295,0.7709641370479013
13296,0.22102156727500438
13297,0.48426256404925777
13298,0.7845589365565164
13299,0.7338400817955318
13300,0.2440022322364266
13301,0.8490366558448827
13302,0.6416935032784261
13303,0.1814434393243476
13304,0.6626614948383882
13305,0.15119188309808687
13306,0.6861608378920481
13307,0.744366546687259
13308,0.8263574828969443
13309,0.1477608078951715
13310,0.17566814901556282
13311,0.5701694492959067
13312,0.5730098981135011
13313,0.3017931359418508
13314,0.7573406488987287
13315,0.8453190836719889
13316,0.611672794268273
13317,0.1559118728966013
13318,0.20965051296384082
13319,0.2976314774828273
13320,0.775955995193834
13321,0.6405438519507695
13322,0.7742643913018726
13323,0.4053593829290972
13324,0.18622988992617434
13325,0.6772095138155011
13326,0.7167199395363087
13327,0.6380933809682647
13328,0.5550872524037987
13329,0.16229301195509935
13330,0.5270067074707043
13331,0.3612036980083947
13332,0.8579636957402879
13333,0.622394508645547
13334,0.6571697836447378
13335,0.8865816886905413
13336,0.2357516608865831
13337,0.6621928292396924
13338,0.7653360690198068
13339,0.11488880849038136
13340,0.8112231208347891
13341,0.31591472184464636
13342,0.7280152351796207
13343,0.8298957315353873
13344,0.29027482346877825
13345,0.7410675195204978
13346,0.3687736050515767
13347,0.47388343170456704
13348,0.6374704999588708
13349,0.8060139072334254
13350,0.7664924161211186
13351,0.5256501952958624
13352,0.8997006306354548
13353,0.2599336459840002
13354,0.6913462355705172
13355,0.4867474937813314
13356,0.7964280166623731
13357,0.8426271089194854
13358,0.40734119148375864
13359,0.6337977508959884
13360,0.7919496712039569
13361,0.8147367773027453
13362,0.16338142426042143
13363,0.5491428233006319
13364,0.8392573345851155
13365,0.6753345635051223
13366,0.780016368834037
13367,0.6824695432716973
13368,0.8804553964319937
13369,0.6046955986950329
13370,0.4762810056843653
13371,0.4297582129432904
13372,0.5927433425720314
13373,0.28625378226457177
13374,0.9291622197761137
13375,0.3440297315931854
13376,0.3761094727782486
13377,0.23587728306029498
13378,0.8515310518473622
13379,0.35662989524888505
13380,0.33559444517320636
13381,0.609264073624339
13382,0.3870248012795888
13383,0.6681496043192389
13384,0.8647846520314095
13385,0.5848983756537213
13386,0.39168986561460806
13387,0.7412151743289929
13388,0.22475547794212347
13389,0.5579024152378409
13390,0.6934924231897293
13391,0.47842051761996823
13392,0.16582591274675196
13393,0.6664184114838702
13394,0.6077729461008828
13395,0.5022079534033458
13396,0.8203112885132804
13397,0.21378611505145584
13398,0.6647254898309248
13399,0.7486403741567424
13400,0.4698447544171773
13401,0.7950226643830092
13402,0.9034109211673624
13403,0.6266436793682114
13404,0.43458179804733127
13405,0.29477621345681465
13406,0.6835165200673459
13407,0.764769592444559
13408,0.7958927098724814
13409,0.1949101642502698
13410,0.29713921594942777
13411,0.8545520017816255
13412,0.8207278604033694
13413,0.4036580729318751
13414,0.7723560381794412
13415,0.7980224608468203
13416,0.3305423038792396
13417,0.7888397290988983
13418,0.4367948862228061
13419,0.7968289177468847
13420,0.9238252599402134
13421,0.22760922173475873
13422,0.30615652337493804
13423,0.5455308733500233
13424,0.5536292512665284
13425,0.5002412800163176
13426,0.8942513201307024
13427,0.5143178887131038
13428,0.3840585280965287
13429,0.4241913003004606
13430,0.26312143056329823
13431,0.8099423818243611
13432,0.41787934666447085
13433,0.8138368861034999
13434,0.1557758749124298
13435,0.8672473637631422
13436,0.3704241268762886
13437,0.5667120751403322
13438,0.5547720253900352
13439,0.5550754306425789
13440,0.17744146617616757
13441,0.24767975057953734
13442,0.7724785036502829
13443,0.8517264806546347
13444,0.7070809053661472
13445,0.7345241436043757
13446,0.6096085770542944
13447,0.6822872091725706
13448,0.8672464375604619
13449,0.8479959571394338
13450,0.553041363927063
13451,0.7306803793373524
13452,0.7126192181859939
13453,0.3576249653995587
13454,0.7573157711291262
13455,0.5153316270581316
13456,0.6327101209961039
13457,0.6962126280455039
13458,0.3571852288122186
13459,0.2231272613852394
13460,0.2901419779960439
13461,0.3930678381667124
13462,0.7293557365214831
13463,0.29777163947025703
13464,0.9097159560639152
13465,0.7379854239987369
13466,0.7181387576454797
13467,0.6961119216402337
13468,0.8349625653065734
13469,0.7494198096554143
13470,0.19494116374638712
13471,0.5811360511763874
13472,0.8298467622809848
13473,0.6254996671932785
13474,0.7683791761914056
13475,0.8496661976384178
13476,0.2122587302327195
13477,0.8964360122293014
13478,0.19976344779276528
13479,0.3284045240156726
13480,0.8696480956385021
13481,0.13275662281704823
13482,0.8051738955128769
13483,0.4851221367627353
13484,0.2783916555349111
13485,0.37273841882353265
13486,0.7369284816982251
13487,0.4792776691991994
13488,0.6676350275817537
13489,0.26346891195417255
13490,0.7985013602583603
13491,0.828388900476766
13492,0.8853937160160579
13493,0.7034499335478646
13494,0.2898427152318999
13495,0.6343140399063734
13496,0.20558396574267093
13497,0.5050320782657624
13498,0.8851255906503679
13499,0.46418558845666674
13500,0.2695861571543086
13501,0.8782048068824178
13502,0.5552242597306614
13503,0.6908492287539668
13504,0.16120223419469173
13505,0.6720115291322788
13506,0.8223039123641132
13507,0.22037397664708983
13508,0.20446335316039435
13509,0.8403108468631874
13510,0.39670391328382903
13511,0.656783898948791
13512,0.39912849750364465
13513,0.8100273221423961
13514,0.36247334923760827
13515,0.6695852275932331
13516,0.8351983724201476
13517,0.6269567074316587
13518,0.2702498395524585
13519,0.48439938466230237
13520,0.14397967030534237
13521,0.7243724978445863
13522,0.3044334097683037
13523,0.3577259951453851
13524,0.7125147108701795
13525,0.3137285237664049
13526,0.6628248675139474
13527,0.23705799656514076
13528,0.6347688240841947
13529,0.4126401459565801
13530,0.752781674383048
13531,0.8808643430192383
13532,0.5179738347013535
13533,0.5342480357358034
13534,0.6010836734445575
13535,0.19163401822871867
13536,0.49365021991362495
13537,0.46243259309248225
13538,0.5646650210855553
13539,0.7685965720901975
13540,0.34405853314756
13541,0.6943679727515304
13542,0.860432944713516
13543,0.6718547420119442
13544,0.4253624157885586
13545,0.2622301922570789
13546,0.8332435333989895
13547,0.11339904360951095
13548,0.7507771778448294
13549,0.5020534988731871
13550,0.8197038374583866
13551,0.7318445306100193
13552,0.8819483554561388
13553,0.8783826640004359
13554,0.1809523301998378
13555,0.8334405017092464
13556,0.371005629374769
13557,0.8779582717636012
13558,0.6797099012709016
13559,0.8030566364664877
13560,0.4877934581633683
13561,0.6798865266792002
13562,0.569673567131406
13563,0.9002743834432082
13564,0.3934368425360939
13565,0.6921261453719432
13566,0.6167669006309372
13567,0.16728053823552458
13568,0.8086059001406352
13569,0.8429045853379176
13570,0.1523849236629607
13571,0.8649446655290669
13572,0.7915114538219902
13573,0.8505569304992298
13574,0.2572264134470207
13575,0.8792106358691959
13576,0.6901421263790993
13577,0.8385002010706678
13578,0.632742229030657
13579,0.2756496184835324
13580,0.2863618990715729
13581,0.34828860239809867
13582,0.238775236748989
13583,0.6457302278349479
13584,0.7971229647163098
13585,0.6567082876516454
13586,0.40048317473319855
13587,0.357739792887203
13588,0.369595634138128
13589,0.8581626791275275
13590,0.3015007786678029
13591,0.6868662760495925
13592,0.5901719871633877
13593,0.5821064929006927
13594,0.6152892518276909
13595,0.6257295916977337
13596,0.6161360585961729
13597,0.34625956799916413
13598,0.8992899317959676
13599,0.23287369767618216
13600,0.7777525848006266
13601,0.6026949242397719
13602,0.6861838287824343
13603,0.3267213453392906
13604,0.8207273180068646
13605,0.6495027981723219
13606,0.20540879091889747
13607,0.41467158486159034
13608,0.8868334809645934
13609,0.40130528519111075
13610,0.9346771823967486
13611,0.8396478654105852
13612,0.525613271474576
13613,0.35182287442827986
13614,0.40332726169694755
13615,0.9523360899714615
13616,0.3131838673502958
13617,0.3574184566646117
13618,0.561525808019677
13619,0.8060175923555183
13620,0.7568886372405521
13621,0.9054786674851889
13622,0.5436294850086912
13623,0.3623427077273244
13624,0.25988404182205027
13625,0.3658136325314236
13626,0.1619119196578961
13627,0.4601799076895223
13628,0.32964306812724364
13629,0.45638758457655826
13630,0.7610599445758576
13631,0.7332048175302956
13632,0.4627346925462128
13633,0.8490940694376942
13634,0.8895201413483959
13635,0.6567477777313766
13636,0.18394727440247957
13637,0.6962825960757537
13638,0.3976910667244758
13639,0.1906855482127504
13640,0.28017638841699616
13641,0.6001348304652798
13642,0.6705224692244395
13643,0.8178330553166384
13644,0.2048603945431227
13645,0.28287018604937647
13646,0.4766402378764933
13647,0.253702592940642
13648,0.6722974910010999
13649,0.8359219234157061
13650,0.4581275089382842
13651,0.16326721108594677
13652,0.6204874862074806
13653,0.16910112369789326
13654,0.8751616649890163
13655,0.2747774447999179
13656,0.538652382889456
13657,0.7755981714158691
13658,0.5502861309137748
13659,0.15654659440912247
13660,0.7762799346135503
13661,0.7514909229766146
13662,0.513664297517263
13663,0.6649430533506187
13664,0.8300413217331666
13665,0.7716686842843532
13666,0.3789661937899294
13667,0.9073659044934694
13668,0.28526869893989887
13669,0.8457795706069642
13670,0.6237744896945624
13671,0.5228837717946051
13672,0.6620080116940659
13673,0.3031315573455068
13674,0.50018861694617
13675,0.7650294656903142
13676,0.86930431579487
13677,0.832086194090987
13678,0.7611505747570487
13679,0.32744792897228414
13680,0.9190559643791204
13681,0.8956651799915085
13682,0.7162302573860972
13683,0.4981103622296252
13684,0.418424263220353
13685,0.46771269020348755
13686,0.5805883060880255
13687,0.658266740810202
13688,0.5092043460159474
13689,0.2804828981572351
13690,0.7519715427220136
13691,0.6641289996808107
13692,0.34246284901319907
13693,0.3931963848886749
13694,0.4884437766237542
13695,0.45533165711584156
13696,0.8293111466425936
13697,0.344416370674665
13698,0.5458262127396097
13699,0.840095679436632
13700,0.7175573057583504
13701,0.0851359314339057
13702,0.5074904674837543
13703,0.8492379998074454
13704,0.3927542837256555
13705,0.8037613796651448
13706,0.6680275092056357
13707,0.3483253856762229
13708,0.5822444442590826
13709,0.17946615820023537
13710,0.738632326738772
13711,0.6377454913272551
13712,0.6322107785470491
13713,0.6691654085132395
13714,0.4786431458865558
13715,0.8322038433714295
13716,0.4327398871701692
13717,0.2965326329260881
13718,0.2794017610596661
13719,0.7851676105589892
13720,0.921380611409911
13721,0.519977646720548
13722,0.1785126457825233
13723,0.17890530775229496
13724,0.7197032959483745
13725,0.2910852794863854
13726,0.6939962575972777
13727,0.7796182684771281
13728,0.9134699351950104
13729,0.5927057390258605
13730,0.8564890195762106
13731,0.7886623472436739
13732,0.8861149860301794
13733,0.816316873469375
13734,0.6531875897761442
13735,0.17787841347197103
13736,0.36712412935940253
13737,0.7829341950656299
13738,0.8980841426505062
13739,0.8564167744904958
13740,0.6829154985827861
13741,0.5042524272820154
13742,0.5343491836107991
13743,0.5821711153819329
13744,0.9323462390106275
13745,0.3697622761642776
13746,0.6897627198538502
13747,0.5400963191438263
13748,0.23483194478159647
13749,0.7575444957459082
13750,0.578874197554597
13751,0.7046404595178237
13752,0.6740821932758301
13753,0.8461373650699613
13754,0.8522499257374145
13755,0.8130070175098623
13756,0.8560853008389999
13757,0.7972868060476117
13758,0.6609436075974598
13759,0.23210471455712095
13760,0.8778900349295287
13761,0.578354341334507
13762,0.840935978740368
13763,0.7647692940366556
13764,0.5243978265147332
13765,0.2798825864358795
13766,0.31929540222802116
13767,0.7027939865302302
13768,0.8576001023156093
13769,0.3468867435730104
13770,0.3156615730887895
13771,0.2755435632286531
13772,0.8094695246369565
13773,0.9252489876472195
13774,0.872195884346968
13775,0.7390770543757035
13776,0.27371970867168327
13777,0.8159854047658897
13778,0.27763837292924853
13779,0.3166248074938252
13780,0.42078283229853286
13781,0.24250934099603522
13782,0.5482790149134855
13783,0.8959298836132995
13784,0.2689078272835351
13785,0.7673914859423906
13786,0.4656039419109747
13787,0.5890138642755535
13788,0.7726626368572226
13789,0.2012159898882404
13790,0.42916424625950456
13791,0.659295640194067
13792,0.7551297241737684
13793,0.8848814916022156
13794,0.6710772848256822
13795,0.5208784085697554
13796,0.40339729155251525
13797,0.29477461800805477
13798,0.5524411621207972
13799,0.5543763034723388
13800,0.7309189901932761
13801,0.5915763490417258
13802,0.14519827313015735
13803,0.7818298780047381
13804,0.7211478431672781
13805,0.32303619040697895
13806,0.3816000740756238
13807,0.1846031946986457
13808,0.4510894736195469
13809,0.6707785932786386
13810,0.4910151591452392
13811,0.2741151943367785
13812,0.7189920349726887
13813,0.7568452343124853
13814,0.32308982970170214
13815,0.6578313310755786
13816,0.6693785084520036
13817,0.8515804133546205
13818,0.8816902698297546
13819,0.881982224177875
13820,0.8711622207662432
13821,0.4226664700866485
13822,0.6442632339800991
13823,0.8212239032686013
13824,0.7424147486713956
13825,0.7943018784321942
13826,0.6623220287636555
13827,0.7495473181043071
13828,0.43671592632699074
13829,0.3060982889517778
13830,0.273283820357762
13831,0.8414745095921149
13832,0.5595753112123488
13833,0.1620506380801492
13834,0.35876063898540006
13835,0.8014451335842814
13836,0.5031131688679937
13837,0.4707791767362581
13838,0.19399545193281387
13839,0.9214662792099475
13840,0.22057756564892975
13841,0.7149000883389656
13842,0.4228768812327237
13843,0.485588449978843
13844,0.41864405379531355
13845,0.7407283595972642
13846,0.7721150068597491
13847,0.634965674241886
13848,0.8368505822222941
13849,0.1927361004470707
13850,0.27130603850201773
13851,0.7520250084756614
13852,0.8805710280930693
13853,0.8996090444873893
13854,0.863669212080727
13855,0.8907542958647414
13856,0.8905802150464178
13857,0.4639802703938162
13858,0.7225516757096739
13859,0.8826165112401632
13860,0.5399880945412123
13861,0.24126114221781997
13862,0.3480785298082718
13863,0.22076392699249398
13864,0.48728896503826713
13865,0.8650481766786424
13866,0.48320622905606636
13867,0.7629451599092562
13868,0.2249531067000826
13869,0.5194198020104811
13870,0.6751093772865469
13871,0.751383106798687
13872,0.6580983431994905
13873,0.5750157267226063
13874,0.7576342783148864
13875,0.23723298823104355
13876,0.24273609269978333
13877,0.5673744644391163
13878,0.34283297677621355
13879,0.17548795735465555
13880,0.850984111981554
13881,0.32487097792444664
13882,0.8576597307472192
13883,0.7981251505374165
13884,0.4800279145956751
13885,0.6336653978357857
13886,0.7361738182565655
13887,0.28781133694558836
13888,0.7458356064101419
13889,0.1561648588178292
13890,0.7449797277592652
13891,0.2446869129849987
13892,0.3194172991255654
13893,0.5541491800825392
13894,0.5921056272267624
13895,0.6514239375936237
13896,0.6559429334977909
13897,0.5046504529030258
13898,0.6226067701581584
13899,0.8602799677915186
13900,0.7801645690411363
13901,0.763850019815297
13902,0.7148536104101489
13903,0.8272343285150027
13904,0.8384219035884374
13905,0.24662622239167487
13906,0.3335507137510292
13907,0.25375964858805183
13908,0.8088307490120389
13909,0.4398974509876573
13910,0.36078443963415785
13911,0.36367047496874066
13912,0.2786829180861906
13913,0.4356669577023405
13914,0.7876028039240918
13915,0.454554252062977
13916,0.14270501956529516
13917,0.28704094734753544
13918,0.2552395106822367
13919,0.7417904444100336
13920,0.3633599457502747
13921,0.2170074755322794
13922,0.4970263251368713
13923,0.31784505245928374
13924,0.22950511066418566
13925,0.69123028837173
13926,0.8191021724738154
13927,0.35505324346024003
13928,0.21494177520717264
13929,0.4939508566683554
13930,0.4242060582941598
13931,0.6621477970311196
13932,0.7171349823737434
13933,0.8254047085528584
13934,0.5625725017207167
13935,0.8070854515624079
13936,0.4788315151922331
13937,0.8203031354459184
13938,0.8363415362976458
13939,0.5690919224746912
13940,0.7930606864131455
13941,0.6265822491906277
13942,0.8433045644976542
13943,0.37822576956846365
13944,0.37006611350859575
13945,0.7011052119588619
13946,0.6451327551908058
13947,0.9410397369125203
13948,0.5517005033238337
13949,0.8076182428982637
13950,0.5951498439376531
13951,0.29099741217561625
13952,0.7689993153187927
13953,0.7152204142928087
13954,0.7501764778137834
13955,0.12646567981594348
13956,0.7119234438638664
13957,0.39327299377909264
13958,0.3857653788699124
13959,0.9038391704164876
13960,0.869160288021791
13961,0.5840074023161175
13962,0.7504285539428118
13963,0.4307906735709862
13964,0.8596037362213392
13965,0.8311498848910926
13966,0.32474217653651816
13967,0.8305117225826429
13968,0.599440491299543
13969,0.8210166657118664
13970,0.16208893205237893
13971,0.881794978440134
13972,0.8388792930210706
13973,0.21709964276870586
13974,0.8611282934020837
13975,0.31976074555025774
13976,0.42905440485452895
13977,0.5528005299695953
13978,0.8554369976878218
13979,0.5223716633569384
13980,0.8432139346934925
13981,0.7608758461479133
13982,0.6815893023439105
13983,0.6780248972412249
13984,0.47011758477089083
13985,0.6535311776297212
13986,0.8089850148114935
13987,0.5608213902263535
13988,0.2092688784009775
13989,0.932014762219863
13990,0.455701706782352
13991,0.1457024451690886
13992,0.28262816231249666
13993,0.7488210914228028
13994,0.8606113501813144
13995,0.8675475793198377
13996,0.18529071750416495
13997,0.7170792447677617
13998,0.8324910266054655
13999,0.33372657568822606
14000,0.6973422059512595
14001,0.4575862732747974
14002,0.9121721683154236
14003,0.8182468872958811
14004,0.2172207136362974
14005,0.8388694348030323
14006,0.8121496652724447
14007,0.49939127784787096
14008,0.5537246282830515
14009,0.2894974951213272
14010,0.8259946527707961
14011,0.8203238806551902
14012,0.4957231700138196
14013,0.10541196086793211
14014,0.5369799440841118
14015,0.8957832404623118
14016,0.8806635030876504
14017,0.438773276960601
14018,0.28459039479129045
14019,0.24003246420105823
14020,0.24808017155762485
14021,0.24662207646217577
14022,0.2010571379946382
14023,0.8371336063320072
14024,0.7508383181302694
14025,0.6294620103849352
14026,0.5829014824856649
14027,0.7330882521004921
14028,0.6764200220431897
14029,0.8101385727579588
14030,0.599043656656349
14031,0.8426518215312191
14032,0.22257905664154096
14033,0.9177251365057316
14034,0.8120383918109693
14035,0.6202767618118953
14036,0.30826241311871444
14037,0.5826467710473502
14038,0.7950618536160923
14039,0.7785730958389997
14040,0.8052434227392593
14041,0.6909112135323511
14042,0.7649413563054577
14043,0.8727113574130949
14044,0.8159011861492095
14045,0.5348740403389587
14046,0.8049619294199191
14047,0.46566086714062715
14048,0.3719574800119476
14049,0.7493229927380256
14050,0.43888322817324354
14051,0.47384607273466056
14052,0.8665638850334193
14053,0.4857742466295325
14054,0.6568870408628132
14055,0.6645864832946452
14056,0.5018014729681883
14057,0.9219325411522301
14058,0.8036318612187472
14059,0.17878201120083714
14060,0.35924089552105914
14061,0.14859833273013054
14062,0.5239045053501626
14063,0.9086292995584125
14064,0.3610424773631426
14065,0.2887528935390827
14066,0.16965423635974794
14067,0.5481112231076313
14068,0.4971669342271945
14069,0.8723267654162709
14070,0.3197429009970082
14071,0.4364277469548975
14072,0.5030132780411883
14073,0.5159576117031116
14074,0.6423798503925775
14075,0.8037380343927807
14076,0.30320055492162284
14077,0.3973183152105669
14078,0.8592273086074361
14079,0.27768502232237546
14080,0.4934510916353195
14081,0.3575330852270819
14082,0.8643297479578432
14083,0.30130302455961655
14084,0.8555597031846531
14085,0.837099340513446
14086,0.6492177628212323
14087,0.7089547025299953
14088,0.6438698742095655
14089,0.7696272020480946
14090,0.7282502560419124
14091,0.49536372494534087
14092,0.18722522357861568
14093,0.33607228953792
14094,0.873095683052604
14095,0.4305155131874278
14096,0.27595147580834034
14097,0.44936128402744957
14098,0.4851786202025606
14099,0.8208027451783363
14100,0.8819644430299912
14101,0.31591413158930903
14102,0.3612312653573702
14103,0.27561661005524307
14104,0.5348049404396735
14105,0.631733191629433
14106,0.8068802856470662
14107,0.9065200241324579
14108,0.6700965639132739
14109,0.6226691294275528
14110,0.6979015260745283
14111,0.40248926508517413
14112,0.5344432974150205
14113,0.45410798992689205
14114,0.15959440184184148
14115,0.4614090884783564
14116,0.6942832675362903
14117,0.6356680645088597
14118,0.3416577636622396
14119,0.8231300219270268
14120,0.5193717540139245
14121,0.7654541781854843
14122,0.9274907257363527
14123,0.7338946814054974
14124,0.32299217835555394
14125,0.7294922305338565
14126,0.7826019436009093
14127,0.6113356703022933
14128,0.7570195261178371
14129,0.7397771080795994
14130,0.6186484262737184
14131,0.23382585819804794
14132,0.8610537446705545
14133,0.2052695699252749
14134,0.6926602583383494
14135,0.7414967258487185
14136,0.5660886946077626
14137,0.9152790165457215
14138,0.43831045111071537
14139,0.8527177026365004
14140,0.4678621407913369
14141,0.7285686028739241
14142,0.46634828870213735
14143,0.8114631402054007
14144,0.6312968467585147
14145,0.4745570812637392
14146,0.3091677606811062
14147,0.7386417750634887
14148,0.25903483794119025
14149,0.42405045131887553
14150,0.4677089349027443
14151,0.543684228185337
14152,0.4186957658622987
14153,0.45722673319363527
14154,0.31691421635759154
14155,0.566884814822445
14156,0.7651849492604894
14157,0.900962550477563
14158,0.17514683099601083
14159,0.43937334630782116
14160,0.7443515167743758
14161,0.7879524038515892
14162,0.655091600276169
14163,0.15214205446217233
14164,0.8388646503245456
14165,0.22078097403985872
14166,0.791304442721924
14167,0.6671421576853926
14168,0.5581663412393618
14169,0.9169034660355155
14170,0.7856321164574651
14171,0.6603481931261891
14172,0.5934134347355187
14173,0.8542682293922006
14174,0.39104212552074213
14175,0.8371082247529653
14176,0.7720331719447312
14177,0.7200263320247303
14178,0.3514478710552693
14179,0.6170030897946618
14180,0.7148777213730083
14181,0.6038680813885152
14182,0.4866118123472112
14183,0.8560883897997742
14184,0.31182434285148847
14185,0.38348917559568574
14186,0.8638252634977268
14187,0.2301249837249495
14188,0.2570378134931167
14189,0.3380618445797297
14190,0.4786292307585524
14191,0.7684371645739068
14192,0.7551461741737452
14193,0.759042716010548
14194,0.8051140788061913
14195,0.21896227293371578
14196,0.4605899401643785
14197,0.7588409437857896
14198,0.682285567415873
14199,0.860015071667983
14200,0.4021833163347651
14201,0.7096099305292153
14202,0.9152722046268994
14203,0.7998471553519388
14204,0.7976835080637669
14205,0.8601117804650685
14206,0.7499254486780582
14207,0.1945168791143086
14208,0.31797839918066745
14209,0.3053240530795067
14210,0.6694953246026327
14211,0.20223478263041744
14212,0.7315445479721154
14213,0.30872726208356016
14214,0.5241600789813755
14215,0.5523271101115513
14216,0.4306405733003489
14217,0.3900505899095784
14218,0.8578695682246156
14219,0.4463718627532956
14220,0.3517570243136644
14221,0.7523898277607484
14222,0.7387837933138623
14223,0.34559022278193247
14224,0.6155368641258827
14225,0.7390800172126607
14226,0.8416214660284089
14227,0.8488815213267549
14228,0.47692885288474435
14229,0.7681646274013123
14230,0.1980813424160806
14231,0.6244753977920836
14232,0.7909380753607864
14233,0.6514581469405691
14234,0.3707393585993817
14235,0.8371799654330896
14236,0.5754725879976764
14237,0.6923804150425907
14238,0.569785473918893
14239,0.5741963788413422
14240,0.17071789697577275
14241,0.7742828029264924
14242,0.5808901409696425
14243,0.8067664007640635
14244,0.5511810237783279
14245,0.8242798346450821
14246,0.19840722358626564
14247,0.2752101557274072
14248,0.677377139496528
14249,0.6882130557809277
14250,0.3656318152233838
14251,0.8504214613176664
14252,0.8287117415640833
14253,0.25108720838875864
14254,0.2012198384023778
14255,0.506985871468913
14256,0.47152003351991856
14257,0.6552758904020953
14258,0.26547915870212946
14259,0.8439440580120924
14260,0.7237638196592409
14261,0.9287123552856905
14262,0.21463165746568072
14263,0.3067948397040159
14264,0.8997114029766531
14265,0.27290120592183387
14266,0.3546766951624277
14267,0.5627826626507652
14268,0.7470929846365719
14269,0.5049251666328911
14270,0.8236599468716763
14271,0.27610669877950067
14272,0.7777717466472207
14273,0.5422618047474421
14274,0.35146171503166057
14275,0.8412870970895283
14276,0.20902860288189185
14277,0.23748596985984996
14278,0.38127310021042704
14279,0.13242026007854338
14280,0.46123906952676574
14281,0.3409346408186138
14282,0.6837320573306159
14283,0.76158249449032
14284,0.8088530995511702
14285,0.7342690132884068
14286,0.3058066544491653
14287,0.3726403429068118
14288,0.4566781127894726
14289,0.4490764675083071
14290,0.34005336507589273
14291,0.7876841292732878
14292,0.3816311596194774
14293,0.811302379556669
14294,0.8988984514348561
14295,0.24267650447719263
14296,0.7183229060459202
14297,0.5590638100528753
14298,0.22808249359747648
14299,0.8439966988349414
14300,0.3086209528713845
14301,0.5333924235504451
14302,0.27370931586563163
14303,0.562724986681407
14304,0.7610297876033375
14305,0.5018433710378543
14306,0.8614274871867184
14307,0.6139327837831108
14308,0.4375195931349012
14309,0.7932914918345519
14310,0.330476839143
14311,0.8167043766938685
14312,0.7015369136156314
14313,0.862701807389715
14314,0.5761830533412758
14315,0.8169043375543981
14316,0.8291986869131005
14317,0.4543910978359326
14318,0.36841262834552035
14319,0.8076729153422473
14320,0.7179653512404367
14321,0.1987721893928809
14322,0.7257007287597288
14323,0.17050080023006334
14324,0.8100910548823237
14325,0.7424800868558524
14326,0.6193335184830371
14327,0.5838222198115856
14328,0.7441607940081808
14329,0.22223670270665796
14330,0.6365551745495304
14331,0.3215906848237393
14332,0.7808604495408353
14333,0.5363576178299811
14334,0.7962077901837892
14335,0.8682227026225205
14336,0.3715017747719183
14337,0.5434196291014306
14338,0.5735841783450635
14339,0.47628825195239627
14340,0.5118503544840062
14341,0.18109746951552164
14342,0.40030356419062985
14343,0.6873764378678082
14344,0.7584443253734023
14345,0.21252340228853964
14346,0.8322440390881894
14347,0.2288928994772591
14348,0.6129106254865796
14349,0.7372075376997433
14350,0.4533075029409033
14351,0.40968254161593964
14352,0.3790197805367117
14353,0.6097875696649292
14354,0.2796559948016624
14355,0.8097273344409412
14356,0.21760929627680706
14357,0.4051740665478588
14358,0.6557643042629224
14359,0.6869538075528623
14360,0.7722242836864552
14361,0.35110989006823523
14362,0.42911092196337164
14363,0.5863280914751792
14364,0.669233049074736
14365,0.5090109425967912
14366,0.5759647212597148
14367,0.3458244361839118
14368,0.3719913072217522
14369,0.5581768473585774
14370,0.8036719587655787
14371,0.8143041774560006
14372,0.8032710519674402
14373,0.7513946736134877
14374,0.7976514410408483
14375,0.4442706533111115
14376,0.8183069078361591
14377,0.5151267770239939
14378,0.6981522673504797
14379,0.8555223286302588
14380,0.5176265400624385
14381,0.7449461789319172
14382,0.8600595673124376
14383,0.3769486484367448
14384,0.7629421683202656
14385,0.48450536446163084
14386,0.6937346701960355
14387,0.43204413154095983
14388,0.7222745379295165
14389,0.3723684556773419
14390,0.2871410124643022
14391,0.1859163816092975
14392,0.7269315093084124
14393,0.6539547394993607
14394,0.8435377277953305
14395,0.821348567936502
14396,0.6266731115518452
14397,0.7064604658798767
14398,0.34218547719130277
14399,0.887331578409254
14400,0.18774702244234873
14401,0.6665087162022076
14402,0.5138744919425627
14403,0.6789551117436028
14404,0.7756659100735432
14405,0.8400531071997195
14406,0.49439005785254836
14407,0.6866034901477999
14408,0.4803122994532225
14409,0.3767158815857836
14410,0.7844193392498042
14411,0.5166108679060097
14412,0.7450306631700232
14413,0.5144233405157185
14414,0.5517165701529783
14415,0.9157234829933364
14416,0.44825211619002836
14417,0.39291185593806643
14418,0.17356079634315286
14419,0.7461178349239717
14420,0.41897931771799357
14421,0.6200947354529548
14422,0.6126602714619154
14423,0.7487704604560844
14424,0.3172965726040789
14425,0.47521864404877523
14426,0.6115404527678708
14427,0.34905897552022025
14428,0.8422282867054329
14429,0.925376559082325
14430,0.2964249144718071
14431,0.4328003036655647
14432,0.24767394404752294
14433,0.1729847168272584
14434,0.7038821260321502
14435,0.831849160644123
14436,0.2928327170581326
14437,0.1607894511051104
14438,0.8196103825456004
14439,0.6653650362412066
14440,0.4563007310280976
14441,0.4649485844289167
14442,0.27785476351663146
14443,0.6144516759363481
14444,0.8624879747241776
14445,0.7306093193764491
14446,0.3575278712359663
14447,0.7099296021954574
14448,0.42512903843808764
14449,0.28078680409212714
14450,0.3899291519474359
14451,0.696740430501605
14452,0.6425387219725477
14453,0.8542000323442748
14454,0.7861180706282132
14455,0.45411128280202867
14456,0.4938553076271188
14457,0.3575885987532157
14458,0.7858806572996384
14459,0.1921600820662686
14460,0.28373967250401716
14461,0.8405215422424096
14462,0.6329448142061023
14463,0.8382856348147706
14464,0.8830725518375613
14465,0.34642768307450283
14466,0.7425082484134983
14467,0.26180370713580636
14468,0.6251303252819209
14469,0.4765323142219315
14470,0.5020906090507876
14471,0.477025996643645
14472,0.7443519258060824
14473,0.4355062429675304
14474,0.7372851388701048
14475,0.6241550784269242
14476,0.6779188387569983
14477,0.1681939287017874
14478,0.5290868074672669
14479,0.8219500800687904
14480,0.8890380912910395
14481,0.6925670587672679
14482,0.4082988116096943
14483,0.16375084472404489
14484,0.42921024938609076
14485,0.9287998069623165
14486,0.44582872002575835
14487,0.8526039369561975
14488,0.42223534062012547
14489,0.3875600279966707
14490,0.1823420245259464
14491,0.8955644118946052
14492,0.4353247680461232
14493,0.337046516237428
14494,0.3544081463626086
14495,0.6060237075763923
14496,0.5294458992112813
14497,0.7356479416234417
14498,0.24440659799348513
14499,0.8406445921758214
14500,0.6803157243979562
14501,0.8220551666504649
14502,0.5325726933879928
14503,0.8747452158617163
14504,0.3234143636972475
14505,0.27207897881095194
14506,0.5694703824191164
14507,0.5599484596746394
14508,0.6271297813213647
14509,0.9075474336577066
14510,0.8528466232707745
14511,0.4226109042148847
14512,0.20298970045539055
14513,0.5837523477055493
14514,0.29645225138880615
14515,0.5055361009571029
14516,0.6039640005655227
14517,0.77105443676892
14518,0.7845191686771233
14519,0.7241400330908122
14520,0.7613853686021468
14521,0.508720024012016
14522,0.5906357105608849
14523,0.46424965199219226
14524,0.8592331433286023
14525,0.543219724765047
14526,0.8465444398772721
14527,0.8796045101816765
14528,0.6230425765838197
14529,0.7236123528046124
14530,0.2057296887144779
14531,0.807663301988972
14532,0.8169000194830456
14533,0.2367741758326103
14534,0.6182732969321809
14535,0.8447168271406739
14536,0.8381843727412928
14537,0.4617927922030793
14538,0.6314347403917906
14539,0.13293465945013216
14540,0.45266515595667417
14541,0.8171261040374624
14542,0.8325462701959875
14543,0.36586072008671056
14544,0.6089991672215596
14545,0.2853275455854416
14546,0.5878244036567657
14547,0.7961422522904826
14548,0.11618108528864661
14549,0.8366407883645932
14550,0.3910088480527689
14551,0.5913870437882118
14552,0.6096736843840064
14553,0.25153234003743935
14554,0.44701714289763106
14555,0.21904681527411402
14556,0.818041046671963
14557,0.45552702495242225
14558,0.8486776500003487
14559,0.9007302995627666
14560,0.5734086152369638
14561,0.7718230769112658
14562,0.916743155401414
14563,0.7674776926086851
14564,0.5433461423561681
14565,0.7972814377210228
14566,0.9220088747168735
14567,0.6730158211904426
14568,0.4043135184309122
14569,0.21875195928995006
14570,0.28458844940985484
14571,0.8881840115795361
14572,0.5048534611297298
14573,0.7042966322976751
14574,0.23294123082561655
14575,0.4717768469151388
14576,0.8201338717680541
14577,0.8590697944258355
14578,0.7104305194945693
14579,0.20260628166436753
14580,0.8118372093402718
14581,0.4708510624503925
14582,0.8307510644709976
14583,0.4928732855542759
14584,0.19632520129862657
14585,0.8068207818575253
14586,0.3962095976727125
14587,0.23416548320272915
14588,0.599639319694191
14589,0.18439039857003797
14590,0.424667420136421
14591,0.2675792261749995
14592,0.9036136537312439
14593,0.8014901360272677
14594,0.7090824939898821
14595,0.22440454369884674
14596,0.7452562483425007
14597,0.3566072100589163
14598,0.33898671125586494
14599,0.14031674531585964
14600,0.7739900441100327
14601,0.44134632597028384
14602,0.624703951562213
14603,0.7767015075171829
14604,0.7432537903143764
14605,0.3244301709855451
14606,0.4953459426409428
14607,0.3693245866635996
14608,0.834649323808929
14609,0.8816405835666351
14610,0.752347885032849
14611,0.16821940457864634
14612,0.6283753330777065
14613,0.9403941676047228
14614,0.2635222751326693
14615,0.33324505556092365
14616,0.8516834980733965
14617,0.6986605570331307
14618,0.8097896224626864
14619,0.8496027111911995
14620,0.31055289965180044
14621,0.8438025692716268
14622,0.8284086043691263
14623,0.5068541636299558
14624,0.8740452213897982
14625,0.8145335159095266
14626,0.6100007255426676
14627,0.5974527206240389
14628,0.5586768659608917
14629,0.26864324377758253
14630,0.818172057323123
14631,0.848175534054539
14632,0.4604241272633179
14633,0.7000552899206043
14634,0.7951249685627451
14635,0.4697963720062658
14636,0.24923960322399963
14637,0.508037295927693
14638,0.9214443455776808
14639,0.7724554050332741
14640,0.8176756086181154
14641,0.5227347789268321
14642,0.1874525970894429
14643,0.76774157404166
14644,0.3223146570491316
14645,0.8593842971743523
14646,0.5082217920971064
14647,0.6146376551875984
14648,0.7601728183396992
14649,0.6210910389712041
14650,0.5043379439025563
14651,0.39648596161926636
14652,0.8514538584696777
14653,0.2186820292418289
14654,0.732400806419747
14655,0.5095896601314811
14656,0.6289277460772897
14657,0.6858032547289943
14658,0.6637308848428872
14659,0.3905214779008152
14660,0.8665359459390488
14661,0.8076643686479024
14662,0.28717703670310646
14663,0.6769751292388964
14664,0.7966000220632595
14665,0.45165079839384575
14666,0.6678487415943112
14667,0.45275794377793704
14668,0.7500740648045942
14669,0.798772870328267
14670,0.1238959649322743
14671,0.8195585159334666
14672,0.15955404765335318
14673,0.3072477317158132
14674,0.8507190739774865
14675,0.8146823803755737
14676,0.3715937565495838
14677,0.30758788609127874
14678,0.760850211166046
14679,0.8544606408692383
14680,0.7961784407115398
14681,0.3367206359993372
14682,0.8567169072704285
14683,0.263523325497152
14684,0.1829346563962785
14685,0.7073261463141096
14686,0.7589062069776714
14687,0.7724909154885055
14688,0.4297169336362949
14689,0.685842878900698
14690,0.7250683044529697
14691,0.8003345534298022
14692,0.8469593244974638
14693,0.2152324574972025
14694,0.8513793522319815
14695,0.1966724485927626
14696,0.46689572232037246
14697,0.49902286580451494
14698,0.12552226808531147
14699,0.7972403205167217
14700,0.25258521477621276
14701,0.8679664698339007
14702,0.31034973856243214
14703,0.32785109967574916
14704,0.9119172502932753
14705,0.3362851899223106
14706,0.7881542370819309
14707,0.2795996469106271
14708,0.8977573281938024
14709,0.6406628786863323
14710,0.5763953815018751
14711,0.3138647041845761
14712,0.5228773670694512
14713,0.5021656293954366
14714,0.40509161021119955
14715,0.5135645530262665
14716,0.4895359459057029
14717,0.36228683345514934
14718,0.8372654447977084
14719,0.8897977616159031
14720,0.4415291340761761
14721,0.49647709861553474
14722,0.8914525652659517
14723,0.5113390784683352
14724,0.7345790858415884
14725,0.4281232737770968
14726,0.1814709853184306
14727,0.8343757473033101
14728,0.2787444686096773
14729,0.18364641793357223
14730,0.7919619833620096
14731,0.8119785287103984
14732,0.3547074860305013
14733,0.3710953477108633
14734,0.31003755485244006
14735,0.9099287328617143
14736,0.29185396287439813
14737,0.49154456605611113
14738,0.8336821721144536
14739,0.4891138286182003
14740,0.623291911233536
14741,0.26432908212068296
14742,0.565642765914919
14743,0.39793604515205544
14744,0.8172887871845186
14745,0.5660578398724441
14746,0.838936296605858
14747,0.7026958001082536
14748,0.6340620354582396
14749,0.7883975015155125
14750,0.2923873570117118
14751,0.44850240534461244
14752,0.4492308278470091
14753,0.8547706123922403
14754,0.8640597823293881
14755,0.667273494972096
14756,0.6227868367601224
14757,0.5945842095891456
14758,0.3739576608297522
14759,0.5820090569260256
14760,0.35447521507355223
14761,0.31197458296774816
14762,0.9123041690360548
14763,0.9150314106929787
14764,0.8733316847533529
14765,0.8573723331421046
14766,0.36866841336255346
14767,0.6802569956847293
14768,0.3228758387462904
14769,0.9022748365177611
14770,0.9315257170771105
14771,0.3044291532852636
14772,0.4004098849817837
14773,0.4918371902086648
14774,0.4861674172620935
14775,0.8382374448727756
14776,0.5364714047295375
14777,0.8452402543350761
14778,0.8770860467797258
14779,0.7607294446034548
14780,0.8582864266705246
14781,0.5414204938855822
14782,0.20752071912367737
14783,0.6935219735318514
14784,0.8651016151001191
14785,0.336084945110541
14786,0.5770254417111949
14787,0.6669511212212089
14788,0.48549656172936045
14789,0.5553214528752862
14790,0.559230513198692
14791,0.16294359787958565
14792,0.5542536004039358
14793,0.26701815269870355
14794,0.9246790886228959
14795,0.7775687395370596
14796,0.9091128078359559
14797,0.837846925292854
14798,0.4994003654662088
14799,0.8826272309109819
14800,0.11566376074333316
14801,0.4148560265181441
14802,0.6763224786362758
14803,0.2626307715061587
14804,0.4005215278872886
14805,0.250435804454339
14806,0.6992854973586209
14807,0.7315869307381725
14808,0.3953719042587123
14809,0.6160193098994826
14810,0.9113766037411212
14811,0.7628406577048202
14812,0.21930610906373493
14813,0.1876496949516354
14814,0.331978534800343
14815,0.737072736929209
14816,0.38093096867724274
14817,0.5034321181716802
14818,0.35198184088621665
14819,0.8106465543914176
14820,0.7540358035068551
14821,0.3917290930812084
14822,0.7902542546146154
14823,0.4130539087312136
14824,0.601659886093373
14825,0.6020070260590551
14826,0.5277613601857182
14827,0.2904380339014044
14828,0.8212857144646628
14829,0.7917812689007759
14830,0.7278638439181391
14831,0.8333065221381097
14832,0.27854233162981074
14833,0.1942570121737494
14834,0.777200234835768
14835,0.29089533189042155
14836,0.831918849815283
14837,0.5724102898395768
14838,0.7756774067461727
14839,0.7918991637446329
14840,0.4555092806190228
14841,0.5880666985091396
14842,0.43984620876205544
14843,0.7641509357887957
14844,0.9189071675304412
14845,0.5007199650310814
14846,0.32544266421109325
14847,0.49874268996482274
14848,0.6903920974089107
14849,0.4130882224233625
14850,0.6650759258443282
14851,0.2653604561299411
14852,0.31181746571845315
14853,0.4281868799140729
14854,0.6436133501895434
14855,0.34768030752918105
14856,0.6120012807811471
14857,0.4212278778319797
14858,0.2501345636830855
14859,0.7660047357542304
14860,0.6636484692250015
14861,0.9104220052974502
14862,0.38877514428539195
14863,0.44156778192584895
14864,0.4458406812091913
14865,0.18376198352962328
14866,0.7056711225820703
14867,0.5779950740991222
14868,0.6675639601026523
14869,0.47016922891626256
14870,0.1556703215402253
14871,0.5348864227352399
14872,0.3487992026661924
14873,0.7849379107979909
14874,0.5733959434768973
14875,0.8681645962614494
14876,0.14826015143028795
14877,0.37099367290716045
14878,0.6513266785698184
14879,0.8996437668539607
14880,0.610764131412557
14881,0.2912299339975982
14882,0.38195520438869246
14883,0.5324156674402268
14884,0.6061889910230067
14885,0.7473828116717244
14886,0.897781879443271
14887,0.8530233661648391
14888,0.5625664936642084
14889,0.7755268758843133
14890,0.5940999812564796
14891,0.9145237522566917
14892,0.5807358304597723
14893,0.49117137741149497
14894,0.3518505643614256
14895,0.7631608812574241
14896,0.5936340769539341
14897,0.6959394061359654
14898,0.6151609497755617
14899,0.21597988096852314
14900,0.771138764531818
14901,0.8747992286015578
14902,0.857450145252781
14903,0.792005428861998
14904,0.8637532162206198
14905,0.5770883026047897
14906,0.7659582950888991
14907,0.42101367607622336
14908,0.7558044720683531
14909,0.8205181448809142
14910,0.6677688613955316
14911,0.6535717588781571
14912,0.5451451326508306
14913,0.7912157025887968
14914,0.8666642270590814
14915,0.17024322385794186
14916,0.4090227107581092
14917,0.7675106663028024
14918,0.727907986676695
14919,0.7557722365131195
14920,0.5713353826981094
14921,0.8067085585995403
14922,0.5760830823832064
14923,0.920351770076058
14924,0.8229556703571987
14925,0.8819388941380313
14926,0.8076432716230942
14927,0.5041841206679357
14928,0.5606742757695026
14929,0.6667324078330998
14930,0.750595878279734
14931,0.6163181121475204
14932,0.7224878162956043
14933,0.5778560512110233
14934,0.6801730015669264
14935,0.3717140042019801
14936,0.6536480191628202
14937,0.8608831853290654
14938,0.8599793076428763
14939,0.4221119078479616
14940,0.4984113537881161
14941,0.6898158179280163
14942,0.6766197982458513
14943,0.7321041894765269
14944,0.612659217232804
14945,0.6550708274291457
14946,0.2950591329149773
14947,0.61137193505222
14948,0.29015554699647483
14949,0.71445741532725
14950,0.7662070423654797
14951,0.6666309280936346
14952,0.5154121208267136
14953,0.37514022641135436
14954,0.712466053853562
14955,0.8337975233049677
14956,0.41415185946364796
14957,0.39895017354153817
14958,0.6300928343706811
14959,0.8476579951132983
14960,0.23558052643480148
14961,0.7820680411778139
14962,0.18653962084577588
14963,0.6103353511144662
14964,0.9046095961624636
14965,0.28113214832854705
14966,0.2838184614882144
14967,0.7822168576899998
14968,0.7102678347549698
14969,0.5134025032662702
14970,0.8551396321031355
14971,0.8461313322648137
14972,0.8199548168445978
14973,0.15291765436988813
14974,0.8041891333487565
14975,0.7824562201212393
14976,0.8648479947338921
14977,0.25125665991639096
14978,0.3955580794959498
14979,0.7612754383042951
14980,0.5301947146866638
14981,0.19215827457200274
14982,0.5480867722022941
14983,0.7689023480833437
14984,0.558982813044706
14985,0.5030728373012398
14986,0.4477633196748041
14987,0.6155479117187885
14988,0.7516121167542255
14989,0.3510979522811846
14990,0.1282148388278141
14991,0.5857348466460047
14992,0.4558209937381056
14993,0.5793518508440798
14994,0.32969810898881513
14995,0.7709415289198845
14996,0.8967561062937779
14997,0.6363710943707617
14998,0.44830507450440493
14999,0.30407132472004894
15000,0.41963518763450997
15001,0.18558714025251424
15002,0.28365361433453534
15003,0.8435179293888133
15004,0.3657386280001542
15005,0.8630442372524266
15006,0.31584587425790006
15007,0.284693451283327
15008,0.42938148596252124
15009,0.2435990794981765
15010,0.29517395286764364
15011,0.5245183304845004
15012,0.7815222379527612
15013,0.8393159438518915
15014,0.8325869706890472
15015,0.8496530963719371
15016,0.8150720550912282
15017,0.2136161070018232
15018,0.5858390921807974
15019,0.7685538162079539
15020,0.59460330974701
15021,0.2986188936609724
15022,0.6186479684012469
15023,0.8998943193160834
15024,0.22111437174924856
15025,0.6138895168658651
15026,0.2352260156588284
15027,0.9090591134428413
15028,0.3384261146556871
15029,0.36785587902293654
15030,0.42329786250387713
15031,0.4774702740753774
15032,0.45518715589087744
15033,0.42180848704873575
15034,0.6144337660209745
15035,0.3196323329984842
15036,0.5731512622780084
15037,0.626435852144827
15038,0.25067032568908815
15039,0.4777860403720214
15040,0.4210757838023787
15041,0.36781037387382054
15042,0.5931706277128189
15043,0.6745173891279366
15044,0.7266573689772936
15045,0.8773053131077162
15046,0.682352341654529
15047,0.8092380753051878
15048,0.9191248435267658
15049,0.7300362307464796
15050,0.24163831094206684
15051,0.39571705956765435
15052,0.24866712782534806
15053,0.8047109365379053
15054,0.8800513950885995
15055,0.8414169524348699
15056,0.3494224153757799
15057,0.4026159333709042
15058,0.566701773209032
15059,0.741738340157826
15060,0.7545624582025278
15061,0.6080642275202403
15062,0.8292147999118221
15063,0.16004359905975518
15064,0.7107068592495711
15065,0.6953979325067399
15066,0.7456273338858409
15067,0.6835722594562836
15068,0.5684720726488834
15069,0.5363227903498551
15070,0.7976862768882497
15071,0.5132321214530885
15072,0.28510377771422535
15073,0.7360094244449651
15074,0.5276778527028927
15075,0.7576211187524331
15076,0.6319977510234095
15077,0.5877755867034296
15078,0.6675548975698699
15079,0.21173220081724528
15080,0.5246513299789859
15081,0.2637905115837659
15082,0.2531809824130763
15083,0.19947014725726886
15084,0.7058723652905659
15085,0.5080707158229798
15086,0.9013070837324748
15087,0.3943454989498013
15088,0.8852334498010819
15089,0.9069329084505748
15090,0.8934844955188216
15091,0.3037715678656934
15092,0.5196777257720371
15093,0.7800918709995467
15094,0.8606461572938806
15095,0.22813242632839412
15096,0.8017667705671425
15097,0.8960687925491156
15098,0.8736003452838268
15099,0.2834964807190029
15100,0.17055750437069406
15101,0.7305275083718586
15102,0.6519450794220916
15103,0.3594796096652287
15104,0.8088664666439658
15105,0.3427911515870022
15106,0.49152474369706767
15107,0.8716334583742387
15108,0.16664309407243666
15109,0.13237002839517648
15110,0.7919993764555033
15111,0.38461656587754195
15112,0.7736795446997522
15113,0.41362982288453587
15114,0.7657332006337358
15115,0.8322071384499874
15116,0.5872558762835205
15117,0.4919524380422148
15118,0.9022560863488986
15119,0.8691802311707982
15120,0.41485402434383806
15121,0.1139714441136555
15122,0.522377192848226
15123,0.37632305492071066
15124,0.24564831516554814
15125,0.8817349588858949
15126,0.4894092732568258
15127,0.8364494208316953
15128,0.6557207825428792
15129,0.624225647066948
15130,0.4550854641301564
15131,0.683963058808432
15132,0.3041950573985736
15133,0.49116436181150847
15134,0.8166638658222777
15135,0.5330843405021024
15136,0.14983161703130385
15137,0.3340982622154729
15138,0.7970541141461817
15139,0.5840716483885632
15140,0.38624116773809175
15141,0.7634277078982564
15142,0.12760075541180113
15143,0.12294093556062431
15144,0.8480820872532133
15145,0.42273881599641683
15146,0.8667091446951545
15147,0.4638913766133029
15148,0.2891969795002159
15149,0.774437356639133
15150,0.9253011471417826
15151,0.5987372945402324
15152,0.18667053551567692
15153,0.7822763970053108
15154,0.5116573854318538
15155,0.5986606303706943
15156,0.5895612027595674
15157,0.5437561698625057
15158,0.6400277854248474
15159,0.22110403785987887
15160,0.515398466144125
15161,0.8563153277787164
15162,0.8829422875407752
15163,0.8484606404291442
15164,0.355927457416362
15165,0.3177967302476025
15166,0.6378718515501435
15167,0.3886484686380873
15168,0.24576681187152677
15169,0.5631556978042986
15170,0.3195829754587887
15171,0.8436129977108261
15172,0.1359442696036777
15173,0.9245969340187447
15174,0.14879984965142298
15175,0.2818492795223138
15176,0.4144676009177946
15177,0.7311535051922655
15178,0.2537456813610547
15179,0.3666676150677782
15180,0.718236559528664
15181,0.7773899048328607
15182,0.43994822005941536
15183,0.658006957117919
15184,0.2782686536288924
15185,0.6848669905661042
15186,0.4060079040226874
15187,0.7661708076244755
15188,0.47700797948461704
15189,0.5745198493243099
15190,0.7452351301533211
15191,0.5103352268275065
15192,0.8561577116047009
15193,0.3668118308539384
15194,0.1558702903128921
15195,0.6585164309642496
15196,0.5909498238917756
15197,0.8497837440992935
15198,0.8795249136162715
15199,0.23637688268991786
15200,0.6215426986863956
15201,0.6259714599283666
15202,0.668880574116812
15203,0.6939382525920603
15204,0.3845052348370841
15205,0.5639063296393649
15206,0.324409380273054
15207,0.8117577718569922
15208,0.7318877719555761
15209,0.5101991028268903
15210,0.6222742820355078
15211,0.572199999714111
15212,0.1942603559907064
15213,0.1402907642487715
15214,0.6655419232345214
15215,0.8163042359549668
15216,0.38218715747322707
15217,0.5215864155619709
15218,0.427169239485664
15219,0.8598352630908814
15220,0.8096476372229019
15221,0.6031586070945623
15222,0.8689010441849144
15223,0.7708406667210331
15224,0.6340029793602668
15225,0.9128809890888626
15226,0.6221407669938532
15227,0.43910939003385285
15228,0.7453960327345782
15229,0.7196298788423969
15230,0.29224876330144073
15231,0.7877541134011988
15232,0.4453227462673455
15233,0.5243009069691371
15234,0.7698514102768215
15235,0.5730785747572689
15236,0.24576193232113142
15237,0.46798860301310236
15238,0.48387415769216796
15239,0.2037512762663892
15240,0.6077826992104726
15241,0.27254143794491725
15242,0.7322420184446934
15243,0.849618344378717
15244,0.7435739106761573
15245,0.5065222791133579
15246,0.35228816217078773
15247,0.7974898209684274
15248,0.5475229023023792
15249,0.4490323768280779
15250,0.8779817182087842
15251,0.24733870245728182
15252,0.7782687903850317
15253,0.8830855068648444
15254,0.5978558973498043
15255,0.6329353604887493
15256,0.44935859250556115
15257,0.5877758962738597
15258,0.6833467714821998
15259,0.5542200284260826
15260,0.8845186745540211
15261,0.8350599319967537
15262,0.5927702775006071
15263,0.3316340258376974
15264,0.22604933631397037
15265,0.946479646355259
15266,0.6653831935613006
15267,0.19637469524981033
15268,0.6381001030029956
15269,0.9022401477875147
15270,0.25136433929707114
15271,0.5336265130331463
15272,0.8704043404372528
15273,0.587151958418763
15274,0.6978469285094405
15275,0.524331442853668
15276,0.8576224899305414
15277,0.819869347749662
15278,0.48111314202510036
15279,0.2085936428268695
15280,0.816422390984575
15281,0.2920232406597295
15282,0.32701547588528956
15283,0.6780824631296851
15284,0.1596673371427922
15285,0.7661148601801169
15286,0.8476031216827509
15287,0.7546040482511097
15288,0.8522117301489248
15289,0.39372399773876726
15290,0.34410623085238856
15291,0.12509344004068626
15292,0.34805958316422514
15293,0.49728002668754456
15294,0.12260423306047982
15295,0.24039386318665246
15296,0.8009893452379274
15297,0.689524007086106
15298,0.5629286654709872
15299,0.612991729535006
15300,0.7112261125613268
15301,0.11091656402006375
15302,0.8802226786534287
15303,0.6176219322468944
15304,0.8181903202618209
15305,0.3875747514441804
15306,0.5659654902485552
15307,0.2529999479298968
15308,0.8492345490906587
15309,0.21604656587391702
15310,0.5207994084645521
15311,0.8302899811246596
15312,0.7966647593710765
15313,0.765968474290157
15314,0.756437654903145
15315,0.8599222790931778
15316,0.4157646838698971
15317,0.5881538401473355
15318,0.5089166371045433
15319,0.22834665534496526
15320,0.3950465246955894
15321,0.6503993839071065
15322,0.27283303432503575
15323,0.8846282500547734
15324,0.8006888056902157
15325,0.5202985811521726
15326,0.9209085548374499
15327,0.4802008328262999
15328,0.8662739367694544
15329,0.3627791415472162
15330,0.35521588376284385
15331,0.18646293114482104
15332,0.8465417555993797
15333,0.5556995399477412
15334,0.3675506918803687
15335,0.7742299266082562
15336,0.7348748256399847
15337,0.6852361081344139
15338,0.3042328553025062
15339,0.37077982641506785
15340,0.6109741464936699
15341,0.20365779096536746
15342,0.6674337908506787
15343,0.5763968806681392
15344,0.5446951272869898
15345,0.38181572166774447
15346,0.33741415853868917
15347,0.7731268829856555
15348,0.2227543015435588
15349,0.6359038627591296
15350,0.7769062938735725
15351,0.8269256973575624
15352,0.5049994659004464
15353,0.6604206670068193
15354,0.677030412753821
15355,0.21185698164848366
15356,0.744107216157895
15357,0.6819353872604772
15358,0.252994319581688
15359,0.8447660631449572
15360,0.7085208736991454
15361,0.14609639798650292
15362,0.6587522765758111
15363,0.49407844512554877
15364,0.27781215891412986
15365,0.23457895668083142
15366,0.8740449291737841
15367,0.8598326068296773
15368,0.12925300358302638
15369,0.23184506122035
15370,0.18077941221026153
15371,0.7744376275422752
15372,0.555442397513689
15373,0.4785347198271207
15374,0.896800287337172
15375,0.2641468583212399
15376,0.4075796919678806
15377,0.7495218265111284
15378,0.23363788606974717
15379,0.8318806849749205
15380,0.3649219797773714
15381,0.41660616052953703
15382,0.5913556777793938
15383,0.8625107153869637
15384,0.4693511764406384
15385,0.6220367962492891
15386,0.8384395960091662
15387,0.7558552500930932
15388,0.3051138579524644
15389,0.7377902993700601
15390,0.12262821219620748
15391,0.7037567582299423
15392,0.8890721032406722
15393,0.7619913952758856
15394,0.848009336530146
15395,0.4153717693560061
15396,0.4461152684771741
15397,0.3335919028781363
15398,0.8067824593680889
15399,0.9015787507727748
15400,0.26797857981706685
15401,0.8596813187805453
15402,0.1962807806501679
15403,0.8275422307825998
15404,0.26576295845668263
15405,0.6550327825434501
15406,0.21926456599095479
15407,0.9052832168160408
15408,0.4660834682703101
15409,0.6404434111286658
15410,0.41411398602157
15411,0.5422380715980081
15412,0.5739170687519023
15413,0.5333311173718656
15414,0.29004160177150773
15415,0.7996861975973693
15416,0.3454184801209932
15417,0.45133630937646807
15418,0.6372453759621592
15419,0.4722766166137571
15420,0.799201770100663
15421,0.6965298303623625
15422,0.18212056430891466
15423,0.3678628903643295
15424,0.39160239029868077
15425,0.4240300491047502
15426,0.2991018573076959
15427,0.9107490629207435
15428,0.2031193356608355
15429,0.5157215648782559
15430,0.15217224163457405
15431,0.6778029606331055
15432,0.8157333232910954
15433,0.5049066992231336
15434,0.7046990912349982
15435,0.8914824540276682
15436,0.2184787113369865
15437,0.8379064660739993
15438,0.7259749820814967
15439,0.5509289173539702
15440,0.6199437055760257
15441,0.4218274519252321
15442,0.773313985201312
15443,0.6238691467759468
15444,0.5134486561964853
15445,0.16479968803666145
15446,0.24940026074813565
15447,0.26221047145976717
15448,0.48767078698349164
15449,0.6904497776427495
15450,0.16884040376398543
15451,0.2551051081724209
15452,0.40190771933376435
15453,0.19850447658144862
15454,0.5896245982248024
15455,0.2720439979541194
15456,0.8329011859377534
15457,0.3342367420259331
15458,0.28222031075981835
15459,0.4689375978030104
15460,0.311090109146499
15461,0.8037013329668486
15462,0.665889138502962
15463,0.4962518425486044
15464,0.8230415305511847
15465,0.6527706764726648
15466,0.3835239588487246
15467,0.1204974051069825
15468,0.33599980012579345
15469,0.83427699364645
15470,0.18460885693421897
15471,0.32311879834435364
15472,0.675491211613806
15473,0.41188066707028903
15474,0.8224925171659554
15475,0.2086189256921535
15476,0.6459614781578172
15477,0.5028838332327182
15478,0.8401701180656713
15479,0.5529281624200598
15480,0.8257841802389236
15481,0.4950562036454479
15482,0.6323954826637191
15483,0.5586517353676091
15484,0.674281053395156
15485,0.29420454057707485
15486,0.8447803046681511
15487,0.39937689325647363
15488,0.3813202673701676
15489,0.41758560589845306
15490,0.8201639914148651
15491,0.875925298892319
15492,0.27585975486753644
15493,0.6101661996187353
15494,0.1424279107445743
15495,0.8614960319001608
15496,0.2385807707407166
15497,0.7465468689533626
15498,0.2816262610344829
15499,0.23533372900545207
15500,0.8204130793097087
15501,0.6181117656456202
15502,0.6131167642260648
15503,0.4533708894090438
15504,0.6318030337523942
15505,0.8117109335730885
15506,0.22137888017376173
15507,0.14701990479235624
15508,0.20732930006071493
15509,0.7081055002934429
15510,0.7493028995708534
15511,0.7142414976612983
15512,0.8734262325476111
15513,0.902608831716981
15514,0.7101069399804074
15515,0.7769075857121397
15516,0.800808901731069
15517,0.7992194292372682
15518,0.5095682860494379
15519,0.71312511845494
15520,0.7518793113721214
15521,0.7596643217412812
15522,0.8214502684544734
15523,0.6464425364262308
15524,0.25789672690769316
15525,0.9092148936757027
15526,0.9068202494150149
15527,0.7511606660401398
15528,0.4338870550176739
15529,0.7257029799630106
15530,0.5862835077446511
15531,0.6848127648970611
15532,0.4479400209883844
15533,0.4007722959944574
15534,0.7724468075099922
15535,0.828809303142319
15536,0.5515099910099678
15537,0.6361899703583372
15538,0.5092238972491114
15539,0.28733776918665366
15540,0.27317905120433816
15541,0.7663443318384727
15542,0.8499535575278987
15543,0.15901507591282657
15544,0.655893047514549
15545,0.8587300674185424
15546,0.42568257199837417
15547,0.6508839148467206
15548,0.8715437350548578
15549,0.49373232766891656
15550,0.7864682922538094
15551,0.5085476093990579
15552,0.3515865414673473
15553,0.5514740794985792
15554,0.7532206599601622
15555,0.5786701907598477
15556,0.7746137421396686
15557,0.7924472816697716
15558,0.4588528643265638
15559,0.20955947523225793
15560,0.46244396243104025
15561,0.43562786445514956
15562,0.8706022866778335
15563,0.383560039737375
15564,0.43844341922065205
15565,0.901625726017417
15566,0.6238221065484643
15567,0.7757734661367872
15568,0.8238747628613234
15569,0.8336613958201429
15570,0.46756261346930683
15571,0.6715852137128011
15572,0.6976313982919682
15573,0.2684062325005091
15574,0.47508939079853146
15575,0.3711315280599329
15576,0.5187706090145087
15577,0.44881995558578114
15578,0.7353002149158993
15579,0.4065435133638607
15580,0.18457440099683614
15581,0.6634266902462512
15582,0.3085167018757337
15583,0.7847976846406761
15584,0.35953469381818365
15585,0.6262935955832873
15586,0.7461772585885876
15587,0.6905562731981516
15588,0.3907066066181716
15589,0.773338660249753
15590,0.699395295228868
15591,0.5733423774654268
15592,0.5417754889842218
15593,0.33529208585446857
15594,0.36171662167864765
15595,0.4775518280334884
15596,0.8300496857178833
15597,0.6440339805077585
15598,0.4892873282874271
15599,0.19672713390016838
15600,0.7194530900997745
15601,0.2329494313482507
15602,0.47287482364475736
15603,0.4699455796130135
15604,0.46040642597475323
15605,0.19419422954353516
15606,0.21552510680968967
15607,0.12201347476938525
15608,0.5399441401125044
15609,0.6600148132892062
15610,0.43791084843025063
15611,0.5224332110435623
15612,0.31470594842522903
15613,0.2963605036362325
15614,0.19226435212798973
15615,0.6330681519899328
15616,0.8782611758512107
15617,0.6654329381952624
15618,0.4256978501414549
15619,0.691476401275649
15620,0.18676708862904007
15621,0.2022803291211643
15622,0.8527637607168665
15623,0.2688083024981054
15624,0.5628900756502926
15625,0.23780954626278666
15626,0.44569906572353707
15627,0.5319646967997447
15628,0.8093467966870258
15629,0.16087072003154915
15630,0.26317192017417695
15631,0.1964503745344428
15632,0.2321333763152381
15633,0.40249136388212714
15634,0.5359764449287286
15635,0.6391165461884962
15636,0.7724585542117326
15637,0.27517331797287786
15638,0.7222333327740628
15639,0.8772475000529617
15640,0.38452895966803036
15641,0.39190898760673987
15642,0.8749292762544125
15643,0.3468025049919509
15644,0.9295434249093768
15645,0.28326636269731537
15646,0.3247652008224482
15647,0.3068589096668141
15648,0.5957110451134033
15649,0.7316603251553273
15650,0.5555716639705538
15651,0.77173866493953
15652,0.7650810332204894
15653,0.38562594124728344
15654,0.45926729894192997
15655,0.8734091376655173
15656,0.5861001688949078
15657,0.5376967520017834
15658,0.4522948217709025
15659,0.815375843892145
15660,0.18794026681664067
15661,0.8881000627561424
15662,0.10349456160686843
15663,0.8335787126669532
15664,0.6293996160554232
15665,0.31489045831644447
15666,0.17668017385127008
15667,0.4825270889554781
15668,0.8747447591509949
15669,0.8849462091424365
15670,0.7600558555495583
15671,0.8427375411007773
15672,0.844781541100698
15673,0.8239367361924063
15674,0.8342079635050017
15675,0.15020071291247725
15676,0.865221554792935
15677,0.7917079708613364
15678,0.8838628796923393
15679,0.612485302236859
15680,0.6817708389650567
15681,0.23030940257251642
15682,0.8068448895944709
15683,0.7229884326859206
15684,0.24730549620276104
15685,0.8132981405935064
15686,0.8347369517233312
15687,0.8094304889111712
15688,0.8074572687282954
15689,0.7208899676336898
15690,0.6357219698732485
15691,0.48921168258496994
15692,0.18534102945661865
15693,0.19546225294857147
15694,0.8858354183092818
15695,0.46027160581121596
15696,0.8288864286586505
15697,0.27857256393449936
15698,0.4158490562655701
15699,0.3498077247103432
15700,0.1726815830462734
15701,0.6958950134380262
15702,0.7512902725022137
15703,0.20490101343425582
15704,0.5948135238663603
15705,0.8031309260154912
15706,0.2823501786904197
15707,0.27236202101749024
15708,0.8555889973273052
15709,0.757101921390836
15710,0.7882186463314206
15711,0.3586113243453608
15712,0.710733387938551
15713,0.3953126227653355
15714,0.5623005777929393
15715,0.6130106164395707
15716,0.6068733133634084
15717,0.6070490024009262
15718,0.13602302611108597
15719,0.7210876422831294
15720,0.7031956838744645
15721,0.596007282470089
15722,0.8651434099560622
15723,0.8795805761713958
15724,0.6100177474314755
15725,0.5320244639520795
15726,0.637277728450575
15727,0.7701806873410303
15728,0.4420627655158429
15729,0.36576879328498496
15730,0.7269890223593655
15731,0.15023602074143838
15732,0.591799605543095
15733,0.342426007126355
15734,0.4984001908817118
15735,0.16205710267510995
15736,0.7442726233197783
15737,0.7399434381249119
15738,0.6763701697684558
15739,0.3329101037553068
15740,0.6917394398348174
15741,0.18066828838349142
15742,0.8192123889093443
15743,0.5856608661179931
15744,0.7466944688803503
15745,0.5151210039689019
15746,0.8870654487611239
15747,0.7869019581917965
15748,0.45338048833322553
15749,0.6803806567094957
15750,0.4153912708080996
15751,0.8467471875982123
15752,0.8918145303099195
15753,0.7819213109084899
15754,0.8195359709014004
15755,0.7297502144678716
15756,0.7938389151828097
15757,0.849512982322354
15758,0.503606882576349
15759,0.26099332651565155
15760,0.8168955170938461
15761,0.37254214270823005
15762,0.8804614415568204
15763,0.3888319388770684
15764,0.8486936407474244
15765,0.26449800756459535
15766,0.1947438582277909
15767,0.8254145177092671
15768,0.8147410936988468
15769,0.912319098595088
15770,0.8183806306659684
15771,0.2657415218826713
15772,0.32395864356308507
15773,0.8975688482200709
15774,0.8236324585163602
15775,0.6392030494152513
15776,0.82059942831206
15777,0.1399935216704031
15778,0.6866637372793265
15779,0.22603449734313713
15780,0.724978338746621
15781,0.41882711436117426
15782,0.854112957091297
15783,0.34708285963723107
15784,0.6214776498601646
15785,0.8521410339774861
15786,0.16775828432377804
15787,0.6486745166528659
15788,0.7684780778145346
15789,0.6111400671640393
15790,0.2076715480792996
15791,0.2314162765468022
15792,0.6683198570360911
15793,0.9050300456157228
15794,0.8222791892168134
15795,0.26556011111843375
15796,0.6233521034885724
15797,0.33123551969598786
15798,0.892061310426075
15799,0.7823731159828251
15800,0.48575603501006104
15801,0.8405853102569314
15802,0.7332926867729488
15803,0.41828947975597347
15804,0.7480298168460682
15805,0.2417770554864488
15806,0.32571090659743496
15807,0.6631706912499562
15808,0.3130044753135543
15809,0.6092260228104808
15810,0.3399029970751216
15811,0.8822933195914342
15812,0.942183841605484
15813,0.6582345916859041
15814,0.8610625725927206
15815,0.6517171337228735
15816,0.14011575376847596
15817,0.8340036688538255
15818,0.2643390675875237
15819,0.4263463720175361
15820,0.20791676744135734
15821,0.15757817925250112
15822,0.6814516122739901
15823,0.5477882801566012
15824,0.3386802606037839
15825,0.267420702177061
15826,0.2909864404981375
15827,0.19643237404899574
15828,0.3427290085201019
15829,0.9058889525353364
15830,0.1601482363368924
15831,0.2865123788619481
15832,0.7439237541975845
15833,0.3184958119307502
15834,0.11517206831431183
15835,0.30566499266933556
15836,0.6549979267073074
15837,0.577568467867521
15838,0.6920487378221267
15839,0.8531351751362559
15840,0.41682888428632414
15841,0.35607150883550076
15842,0.7925067612014315
15843,0.40396400051399206
15844,0.1994448180993016
15845,0.3709845959440309
15846,0.6249449530344237
15847,0.6750215175409963
15848,0.8649430053724891
15849,0.6798644928804346
15850,0.8152926109933544
15851,0.9316455763030356
15852,0.623747671009526
15853,0.670311148928285
15854,0.9405133132754264
15855,0.7669267661264122
15856,0.5161783826767691
15857,0.8193834424543673
15858,0.7783018493146407
15859,0.907966659723944
15860,0.5144866915806169
15861,0.7590397917626969
15862,0.6383692967671488
15863,0.3313295160470716
15864,0.8629885307152186
15865,0.33812615400621737
15866,0.31466548245702364
15867,0.10428156702221848
15868,0.7274910040464999
15869,0.5934118464681644
15870,0.859562744301503
15871,0.7582319280600583
15872,0.5082216570883838
15873,0.9073445073860277
15874,0.7160022105064303
15875,0.6516930552223649
15876,0.19171122493527434
15877,0.7970051224946675
15878,0.4703612842650985
15879,0.7116140580984789
15880,0.5209543612312988
15881,0.8008376696702991
15882,0.8770924735570098
15883,0.5422300324724814
15884,0.8502085640676252
15885,0.578482469255331
15886,0.6179700142469978
15887,0.400685709716069
15888,0.7650503564072398
15889,0.6925202084091068
15890,0.25444224116470426
15891,0.6225123704146793
15892,0.654959237645277
15893,0.750342902655321
15894,0.7483192108348606
15895,0.855226325736569
15896,0.27904875535204554
15897,0.4165521490094225
15898,0.3102988631721247
15899,0.8743639959915906
15900,0.6370072944900526
15901,0.40444200319982954
15902,0.812907874781881
15903,0.6512645268569556
15904,0.530241384717221
15905,0.7652241343453117
15906,0.862619867658196
15907,0.5669194953309212
15908,0.786449282860638
15909,0.4832347583728368
15910,0.6779284130892578
15911,0.9060317507232379
15912,0.22738476088879966
15913,0.6562569221979567
15914,0.6376486753063064
15915,0.1787879301375802
15916,0.4547537618923574
15917,0.7887608434044427
15918,0.6597753629378362
15919,0.35778180668829934
15920,0.6289420526364472
15921,0.75262341789639
15922,0.21225533900275614
15923,0.4758929995001053
15924,0.6367960759514874
15925,0.5684130990785963
15926,0.4438690822725433
15927,0.3538679089694466
15928,0.11310695801662189
15929,0.1697675486925657
15930,0.8568155078238944
15931,0.5966763870362595
15932,0.1532637424329775
15933,0.37592857579939004
15934,0.7578156369086311
15935,0.7900771583486951
15936,0.6100030312402344
15937,0.2629543004656794
15938,0.45853831710091597
15939,0.3806556360012636
15940,0.2370158981261764
15941,0.824200471510111
15942,0.12481402992907555
15943,0.8732951332478949
15944,0.9195990148700526
15945,0.7094400783949099
15946,0.5224538250825917
15947,0.1861951659470372
15948,0.7426370786616142
15949,0.6115464670462752
15950,0.4215399127510719
15951,0.2797572504215612
15952,0.7435425055112624
15953,0.5768502061658615
15954,0.6108221745756062
15955,0.7533347499924622
15956,0.46782018701826855
15957,0.5258634110047969
15958,0.7690342782662897
15959,0.1665146353519958
15960,0.5982007573431477
15961,0.32275963984548506
15962,0.40822492135297517
15963,0.9231518529002328
15964,0.43497628103591035
15965,0.8587465136213086
15966,0.2950571365124811
15967,0.6058681099795463
15968,0.81300495446888
15969,0.46155061283587007
15970,0.21121327684503047
15971,0.2779020215429803
15972,0.2938150241833622
15973,0.80441212797005
15974,0.8632797633702938
15975,0.8408878872278702
15976,0.5961082690851696
15977,0.5836213469106275
15978,0.4728227908053273
15979,0.46410178742749614
15980,0.8155510051898719
15981,0.8917363704798409
15982,0.5900759260178421
15983,0.3860466391910375
15984,0.502552042401467
15985,0.8647521565895728
15986,0.6552001731048817
15987,0.32699103937143154
15988,0.7844627564352205
15989,0.17933087925258612
15990,0.7418310594760212
15991,0.1679985294643837
15992,0.3769394971931458
15993,0.7710644488705204
15994,0.33365516724509153
15995,0.7057564596179469
15996,0.32073654838151133
15997,0.3472312408261671
15998,0.8186540204371119
15999,0.880400731574683
16000,0.4621563662310938
16001,0.3000877473825347
16002,0.6585684568055378
16003,0.6182725525725001
16004,0.46649506470061336
16005,0.8046642502710133
16006,0.5823232877354685
16007,0.7007890352230026
16008,0.5862643572562565
16009,0.34433602656885187
16010,0.3738734626218726
16011,0.8779963027939737
16012,0.40157667201255803
16013,0.30027016769993703
16014,0.7175782308112749
16015,0.46951662919578296
16016,0.8178810568383599
16017,0.7389310329306356
16018,0.6749370845614946
16019,0.8959723674753158
16020,0.7766885157607927
16021,0.8964595011946791
16022,0.28057688104849116
16023,0.398377922602821
16024,0.8546775886294792
16025,0.18516917573968864
16026,0.8462705774802461
16027,0.4537795666354638
16028,0.47280259088133586
16029,0.35338757209669713
16030,0.9154948723051204
16031,0.47690604755627347
16032,0.7963311147009744
16033,0.18095630301630786
16034,0.5030103911947165
16035,0.5445228958719452
16036,0.7300752647800226
16037,0.4872213148728142
16038,0.5993651278496225
16039,0.14979436514080502
16040,0.22560659472049388
16041,0.18849268454603807
16042,0.9309550088585029
16043,0.3971533796587129
16044,0.20766402434828113
16045,0.32342382762688787
16046,0.44326819935351885
16047,0.13916429517310017
16048,0.19776484294157437
16049,0.774682351849572
16050,0.6782932925924252
16051,0.6890364274794161
16052,0.8934294354332178
16053,0.5103460372754105
16054,0.8968245966494952
16055,0.8488060029613751
16056,0.8259502416053098
16057,0.11964214891007506
16058,0.8253559072030751
16059,0.7119765396056433
16060,0.22281223175497783
16061,0.10579590679353161
16062,0.20360184987486743
16063,0.8079930168964641
16064,0.6430855750313629
16065,0.34830523123119705
16066,0.1557502436912981
16067,0.450815122362363
16068,0.5793673038205067
16069,0.5314602875556447
16070,0.6868282386027775
16071,0.8939708040763923
16072,0.36559771297468646
16073,0.6784371635236193
16074,0.5327403234432424
16075,0.47970565220137706
16076,0.7266950085522091
16077,0.20313070088421983
16078,0.23779827333052053
16079,0.5122940501596933
16080,0.8444743979674727
16081,0.3997764796167453
16082,0.5986700515022265
16083,0.6431927219347578
16084,0.5847521712223348
16085,0.5181855692182553
16086,0.541505388560215
16087,0.7925236865369164
16088,0.8014623936560504
16089,0.8342002637489037
16090,0.5095986626655739
16091,0.47653930765068725
16092,0.5560306030230244
16093,0.852902269494963
16094,0.8560395339956893
16095,0.7854881222051185
16096,0.4758370935547557
16097,0.7858034731793065
16098,0.37658918453960066
16099,0.6926310433452896
16100,0.8463740964655173
16101,0.5800725277246389
16102,0.38128088184382897
16103,0.3736187363197472
16104,0.7166426288512477
16105,0.8215784928712705
16106,0.8037001654127176
16107,0.17933529928451075
16108,0.6898317073652216
16109,0.6575590815012782
16110,0.3090004569080725
16111,0.34399108837671366
16112,0.42867876410566014
16113,0.5015282207322822
16114,0.4634191564063323
16115,0.8856829396852496
16116,0.5975372332559699
16117,0.3718479569343753
16118,0.829381166453128
16119,0.3881069927949858
16120,0.429699651713655
16121,0.5406680380584881
16122,0.5108624585076388
16123,0.2206156323414629
16124,0.197011980724802
16125,0.2208836631404701
16126,0.845785810118958
16127,0.2665006846125911
16128,0.16205771434945346
16129,0.7556881896206068
16130,0.8353114060553298
16131,0.7051554240986369
16132,0.4342336722021318
16133,0.6781773900456177
16134,0.25228996525659936
16135,0.13562370444711253
16136,0.48228169303889945
16137,0.17963097314696636
16138,0.6741028967356003
16139,0.2917362991107495
16140,0.4861293119228756
16141,0.8185070466973071
16142,0.6030049473906995
16143,0.6626181673526939
16144,0.5758889079281
16145,0.5638212702389653
16146,0.6605944367485193
16147,0.36858036678929385
16148,0.2769306586646959
16149,0.18931635569867808
16150,0.817159842136863
16151,0.857850381263066
16152,0.3302191516301574
16153,0.7122221607537028
16154,0.6785817132511648
16155,0.2675489353043077
16156,0.5602875187675532
16157,0.5725855038426104
16158,0.31809365047567767
16159,0.8442510365587919
16160,0.47698688374065
16161,0.7109400547865316
16162,0.4875991092455325
16163,0.22072700411518992
16164,0.4633401450237445
16165,0.7761401098277656
16166,0.7988195558918773
16167,0.3099137795845932
16168,0.8199571681029588
16169,0.3502288536341036
16170,0.6425094425953874
16171,0.39904093717500444
16172,0.26476320483891064
16173,0.44469651620851275
16174,0.5012191537200685
16175,0.8622271411730495
16176,0.632386723551904
16177,0.4600110959474076
16178,0.9054154888382234
16179,0.7114879719357626
16180,0.9334333748792367
16181,0.586933523911686
16182,0.7325988758328451
16183,0.8684570234306515
16184,0.5829361194549105
16185,0.47271313706282847
16186,0.8030711673132391
16187,0.8602739550958777
16188,0.7629950858176766
16189,0.8879187511923146
16190,0.6736643908699573
16191,0.8460476888821886
16192,0.8892153013533273
16193,0.795483688840007
16194,0.304052650844205
16195,0.14037247045644174
16196,0.29438222079351445
16197,0.7476001412595688
16198,0.2623733718524926
16199,0.6385505810806151
16200,0.696447481341952
16201,0.4856686392051779
16202,0.6077820090392605
16203,0.7843166085036176
16204,0.415282986471917
16205,0.18856076550528705
16206,0.7913339492144381
16207,0.5670921835957239
16208,0.883400201784694
16209,0.7990814938176973
16210,0.7897848065844356
16211,0.7532687522114578
16212,0.12760705209489562
16213,0.6898116958481146
16214,0.7356650647695571
16215,0.5396997995723617
16216,0.5861301570337244
16217,0.17052619852970557
16218,0.4931665733364504
16219,0.7268025321565537
16220,0.39540314033685264
16221,0.5148140799944112
16222,0.8488637042819853
16223,0.5607291944043042
16224,0.7134653697546935
16225,0.20438768880057748
16226,0.557387181297561
16227,0.6213023224789523
16228,0.6279622930377073
16229,0.8222929696181439
16230,0.18952617967144958
16231,0.27964301938685043
16232,0.807080050222162
16233,0.6371297535837933
16234,0.3812050716710984
16235,0.7671694685907612
16236,0.26584502585282144
16237,0.47320828371324786
16238,0.8988918730046364
16239,0.5320993921891465
16240,0.6929650233915216
16241,0.13481032364286405
16242,0.6975881638413144
16243,0.27704666878778117
16244,0.9142662432802794
16245,0.33622762078284657
16246,0.8032503453857004
16247,0.7885008941641557
16248,0.5107988791680877
16249,0.3343642147904113
16250,0.7885124772359493
16251,0.8295421699683403
16252,0.4517564169030196
16253,0.7801769116063139
16254,0.7015331401296145
16255,0.7760485635326297
16256,0.7064315472135252
16257,0.6976798285502392
16258,0.5453690541024023
16259,0.7967173795118588
16260,0.6447902076322773
16261,0.4157891095458932
16262,0.39156203510620624
16263,0.7952395128995736
16264,0.5944866245974731
16265,0.8374335704678241
16266,0.3327625738742016
16267,0.2207816238404458
16268,0.44024357359303357
16269,0.594047470396309
16270,0.19972008245710543
16271,0.8048839779356254
16272,0.4924275845854498
16273,0.6501279427808617
16274,0.6558760427918221
16275,0.7905730333341621
16276,0.6007079602024747
16277,0.39058199675842625
16278,0.6165200495260797
16279,0.25694766452297346
16280,0.7169180856865605
16281,0.4700190952131421
16282,0.428023036983661
16283,0.7897900849613727
16284,0.13788992607880093
16285,0.3706617448294016
16286,0.874925507707817
16287,0.5895005733621013
16288,0.44452850181293785
16289,0.27468440743942646
16290,0.4509894169250348
16291,0.19207111736180876
16292,0.6800580519409327
16293,0.7941445252714681
16294,0.8363856264104764
16295,0.2213536600972096
16296,0.4957877300794323
16297,0.8177803720139796
16298,0.8174807289104995
16299,0.5853054333602941
16300,0.4806431655886962
16301,0.7697141965197432
16302,0.18867352388740613
16303,0.8414698070446941
16304,0.4417329766685544
16305,0.40619471812659286
16306,0.31510401690795653
16307,0.4388754868311476
16308,0.20966458324303489
16309,0.639908506985353
16310,0.195487171512281
16311,0.5741991499612827
16312,0.8997987668242354
16313,0.8044376845115695
16314,0.7894534166284322
16315,0.18481576684086373
16316,0.6441211685910009
16317,0.9106968436506788
16318,0.7785033308133478
16319,0.3805242445860059
16320,0.9082137347158927
16321,0.32326239623921205
16322,0.6783383330092805
16323,0.4867893526986995
16324,0.28685496055956416
16325,0.6468418306050846
16326,0.7492099028579785
16327,0.5812565078059181
16328,0.7963992305855614
16329,0.8884326922967597
16330,0.26996874161520024
16331,0.5760107866014077
16332,0.7195644591793902
16333,0.9208133893409435
16334,0.17476339154556061
16335,0.9099361582210856
16336,0.7194497929784888
16337,0.7571795979729025
16338,0.19711780504517995
16339,0.6924932133077034
16340,0.7905305303637663
16341,0.2560315763241863
16342,0.4409027888436767
16343,0.46129268931761125
16344,0.7184297537595943
16345,0.425790567312789
16346,0.7062541419928166
16347,0.8353946318974922
16348,0.7522529880238429
16349,0.8265413240666234
16350,0.7722424171844544
16351,0.13932861414001066
16352,0.8639130681442118
16353,0.5746622934566932
16354,0.8846227972630226
16355,0.44866260362861177
16356,0.7077244838577941
16357,0.8945083036077072
16358,0.5622234865728294
16359,0.756269945910155
16360,0.5784803537110565
16361,0.7840528115107495
16362,0.381338539053776
16363,0.9062229355011415
16364,0.5154563575569092
16365,0.8229643953509007
16366,0.7839018575747576
16367,0.8511576338839201
16368,0.8594624170357859
16369,0.8542663797000147
16370,0.7596955655539244
16371,0.8456318375878492
16372,0.48854512489521684
16373,0.8321746761131308
16374,0.32992689532495695
16375,0.4933183123094677
16376,0.5097391108474897
16377,0.2276863829843483
16378,0.599063505082065
16379,0.6479640320945261
16380,0.3615409741992902
16381,0.25903731041215095
16382,0.24850385535103797
16383,0.4293134346400272
16384,0.3485836125994031
16385,0.5878942390219695
16386,0.36373434379341896
16387,0.7557558512550442
16388,0.5050921263033474
16389,0.6082853758821737
16390,0.5206317578749828
16391,0.8236364347110116
16392,0.8960038035359309
16393,0.5099216242411132
16394,0.6801089666957311
16395,0.7826761407368612
16396,0.5274839536943834
16397,0.578075574908357
16398,0.5453063479322957
16399,0.6507830835887524
16400,0.5238101028829079
16401,0.5862151756827321
16402,0.631021228530427
16403,0.2177371781793556
16404,0.6620002964292495
16405,0.7380267347980728
16406,0.8509939736739229
16407,0.895326262353802
16408,0.5357844948804309
16409,0.7700567630581401
16410,0.735363678573371
16411,0.7266224667830168
16412,0.704562113407288
16413,0.24323870731517674
16414,0.7701098825856534
16415,0.8347482994141502
16416,0.79666874039993
16417,0.872069339258097
16418,0.7844215686428978
16419,0.7694245016905592
16420,0.544290369182
16421,0.3854527397282911
16422,0.748617068013452
16423,0.23279228058706863
16424,0.6406078198056786
16425,0.6695358931204554
16426,0.8274338418240732
16427,0.807332550648853
16428,0.8491448636370711
16429,0.6781987442139931
16430,0.31202102040019575
16431,0.19702971579685846
16432,0.6037711122270605
16433,0.8111081169361265
16434,0.8484401852455123
16435,0.8863603710341262
16436,0.8144659268239425
16437,0.6511685803354083
16438,0.841819098068479
16439,0.2915227959969101
16440,0.6524037176395445
16441,0.39345230930365105
16442,0.2530519456382548
16443,0.6047295021278023
16444,0.5396395224836497
16445,0.5452877234763955
16446,0.23899456791397433
16447,0.19342861271314013
16448,0.7578115077293504
16449,0.8048979596493343
16450,0.40154562261061955
16451,0.2526369767149609
16452,0.44876187366599635
16453,0.30694337379272857
16454,0.7077038039197145
16455,0.2851896268853269
16456,0.4372467881799899
16457,0.5162584787553219
16458,0.8583874869316517
16459,0.8395009634856019
16460,0.8471591295727474
16461,0.6431859062639766
16462,0.5292280200130377
16463,0.6740096910953104
16464,0.8706066780613093
16465,0.6200783213217234
16466,0.29617593226431166
16467,0.8633013962888879
16468,0.7869904222213461
16469,0.3047101933747416
16470,0.7237663524745356
16471,0.5051412093063423
16472,0.3870742459042962
16473,0.2472735298304216
16474,0.7139623530522875
16475,0.19195008870064414
16476,0.21001835173246897
16477,0.8032951860227263
16478,0.3767014768837263
16479,0.19849683883304378
16480,0.8484346766443616
16481,0.6692685310006751
16482,0.16521172401668657
16483,0.471451164206253
16484,0.7680937938216126
16485,0.4565062665098116
16486,0.30630701743503796
16487,0.3803241286415402
16488,0.4826474709921153
16489,0.5669847288454064
16490,0.8087204661204245
16491,0.5483869436247055
16492,0.5900377378356059
16493,0.8280357597817969
16494,0.5960961001342575
16495,0.8828108158227467
16496,0.9205295902025323
16497,0.12851333499762144
16498,0.7475270677039295
16499,0.9212410322672906
16500,0.5804254141906244
16501,0.8451823307290174
16502,0.8012431018861276
16503,0.47654427514056463
16504,0.31079705401661784
16505,0.45318317408441644
16506,0.8213029631570711
16507,0.8728382629377492
16508,0.32545715588938745
16509,0.7177906607170034
16510,0.34565906458940576
16511,0.8130761636416877
16512,0.770911279055525
16513,0.8067796921631356
16514,0.5811138358879684
16515,0.8640240037809316
16516,0.6563526712134115
16517,0.7617427080870875
16518,0.3439838036298558
16519,0.6994483702721582
16520,0.2045557652809557
16521,0.5678429189344522
16522,0.6852078439189069
16523,0.8593925989248145
16524,0.20924303542419215
16525,0.17376055634301635
16526,0.7355096411974277
16527,0.6709848602393548
16528,0.790510595030787
16529,0.4753137090322409
16530,0.8273885546280327
16531,0.8266189294834285
16532,0.7880985842285647
16533,0.5115880740730779
16534,0.7368504994171463
16535,0.9106671098148844
16536,0.8798800017566251
16537,0.6910478022892341
16538,0.7876902152839205
16539,0.41519060277755415
16540,0.8413307842437104
16541,0.31984110076290045
16542,0.7929029644639161
16543,0.37521371216294863
16544,0.7549658563416528
16545,0.687360466230244
16546,0.5731386656452112
16547,0.6811924647247657
16548,0.4618065469529251
16549,0.5012709371881812
16550,0.325919787205695
16551,0.8367050815073643
16552,0.884582724831567
16553,0.28220152515486246
16554,0.21281785952381416
16555,0.30826724918060344
16556,0.298488897526305
16557,0.7529156692998336
16558,0.8412542181968052
16559,0.6266771149848189
16560,0.8707076687948244
16561,0.4602128037679718
16562,0.3881388912362189
16563,0.8007920061445705
16564,0.7527049229902455
16565,0.262369775588075
16566,0.40648108412042044
16567,0.739106579287972
16568,0.3287539681402081
16569,0.6122521741055124
16570,0.18986762263181892
16571,0.8842676875351394
16572,0.6124993948504661
16573,0.3059313785907389
16574,0.3862761386039317
16575,0.8349137859833444
16576,0.6045881149645858
16577,0.8517059671561252
16578,0.49068199177728467
16579,0.5669956858640606
16580,0.5296775924584011
16581,0.2527557619127657
16582,0.25061108827875134
16583,0.6112579420356943
16584,0.7010653642935624
16585,0.8815754976297226
16586,0.9069557451985047
16587,0.9168597559729914
16588,0.7205868100024759
16589,0.8804959127710532
16590,0.5373462593424093
16591,0.5776866231286751
16592,0.31721275662005993
16593,0.7869079102525705
16594,0.6596173333601134
16595,0.8037482616230199
16596,0.8403740127326152
16597,0.5048727949393245
16598,0.5442581052175213
16599,0.8827231731217504
16600,0.7218683979852984
16601,0.41736004507980373
16602,0.6642063949778108
16603,0.21708667824484634
16604,0.5342883291354915
16605,0.5866548092088336
16606,0.5225523624649584
16607,0.8214060021909966
16608,0.870353171677879
16609,0.20451671158055745
16610,0.6963796763539614
16611,0.1845393285301477
16612,0.6747341796979227
16613,0.5096161061878861
16614,0.5339165579627252
16615,0.7846799580918158
16616,0.3725031214478822
16617,0.35731432440572275
16618,0.2296401114083922
16619,0.5323596943941291
16620,0.259023482914328
16621,0.462796879247958
16622,0.17051239216728684
16623,0.7635770665665969
16624,0.9349192252922233
16625,0.8590976990984877
16626,0.4846402357493148
16627,0.4873008976410804
16628,0.319268356296207
16629,0.8179963999207085
16630,0.8085205670366755
16631,0.8323529954374457
16632,0.5136247113033936
16633,0.617426166667793
16634,0.8301299417921819
16635,0.8720379681457329
16636,0.8063046929814864
16637,0.5755546420297909
16638,0.3172331301783487
16639,0.4376389915679634
16640,0.46501974391396217
16641,0.9053304597824715
16642,0.6837621716579829
16643,0.6415812962217579
16644,0.7665807123904956
16645,0.858524006546596
16646,0.666135512952285
16647,0.7021367624982249
16648,0.8422900471957631
16649,0.7492803869653822
16650,0.870851146526617
16651,0.7196317103327776
16652,0.7575585169546178
16653,0.23986167968332162
16654,0.730309638160453
16655,0.6960923871879144
16656,0.41629390728737237
16657,0.623334493325954
16658,0.29738423959070276
16659,0.6023330393337765
16660,0.28870021963667786
16661,0.7237279409704411
16662,0.6511788721950816
16663,0.3275562665582512
16664,0.6190810795005354
16665,0.09348040249462772
16666,0.44801253121927337
16667,0.6394551284086817
16668,0.6458534794280059
16669,0.8231522659403745
16670,0.1881092154448934
16671,0.238334261687046
16672,0.7589445144067876
16673,0.4014035422394152
16674,0.6647427853277539
16675,0.8884662036858566
16676,0.2820552576413641
16677,0.8092333313572027
16678,0.2042625366983744
16679,0.5478681920503273
16680,0.5492866803266225
16681,0.703915388134424
16682,0.2952094697701589
16683,0.900218915108175
16684,0.2972742894132312
16685,0.7114163116127326
16686,0.9060334906630764
16687,0.3951991672309565
16688,0.7945140194919162
16689,0.8884805412634716
16690,0.2120253031886261
16691,0.5019015479956745
16692,0.7942844953554339
16693,0.6930388961251154
16694,0.30835450884154275
16695,0.8407440999211745
16696,0.4282636046112022
16697,0.24816686399012122
16698,0.6977166206852671
16699,0.5230185295517059
16700,0.9017617114512781
16701,0.31309368871169957
16702,0.6561829040946972
16703,0.883277036036056
16704,0.6673965771577091
16705,0.10884138681392841
16706,0.7211706853851206
16707,0.41684672419578667
16708,0.5951783336944302
16709,0.5327659531775151
16710,0.8148139123037343
16711,0.742756465481617
16712,0.29579656045798036
16713,0.4407660717909644
16714,0.8074253624276773
16715,0.44666893208285546
16716,0.5325283410151631
16717,0.7585140191488476
16718,0.8138368385417086
16719,0.7237032058430595
16720,0.27061596719727493
16721,0.6912758905443823
16722,0.8337737481599211
16723,0.8848019875763344
16724,0.8866417336021017
16725,0.3205795653140243
16726,0.25887530314688045
16727,0.504204641788186
16728,0.21477133576317448
16729,0.8872238025930294
16730,0.44900571410516715
16731,0.7584352378781065
16732,0.6571919120000332
16733,0.752593536462674
16734,0.8730150059179158
16735,0.5301831969296549
16736,0.874318893342177
16737,0.43161622830987056
16738,0.4518549950049778
16739,0.8872857016615697
16740,0.7786699269033844
16741,0.6584747091399971
16742,0.8554174912356609
16743,0.727654072617652
16744,0.32601218630074175
16745,0.6434794170023102
16746,0.9014982669425395
16747,0.7709351924154989
16748,0.4104498846025309
16749,0.5542482763025987
16750,0.23863142111008306
16751,0.40140686079590704
16752,0.6432028206446041
16753,0.379977122291303
16754,0.6978273745988712
16755,0.3377575711973577
16756,0.6123256093143916
16757,0.6478903310514615
16758,0.22583618205255918
16759,0.5930728839520041
16760,0.5321250003055379
16761,0.48541814413757084
16762,0.6583381767446574
16763,0.13696326678143655
16764,0.7548308694983636
16765,0.5184784204153986
16766,0.5386030773408035
16767,0.555264322144809
16768,0.599591980717988
16769,0.13806734811949586
16770,0.7945213342624147
16771,0.25347839665066174
16772,0.8773400504382031
16773,0.6149326302571632
16774,0.708967897686214
16775,0.8134539172375835
16776,0.6104813675961105
16777,0.4987782438126602
16778,0.567619966227899
16779,0.6891919970783286
16780,0.7531489352759592
16781,0.9234790261973804
16782,0.7647796375391647
16783,0.7910124931147536
16784,0.7296555813783308
16785,0.5082433786892709
16786,0.799670470966815
16787,0.3847671923672463
16788,0.5101756767677567
16789,0.5240401578912396
16790,0.6463350432439348
16791,0.5989244536823113
16792,0.44230731575540605
16793,0.44856146087661053
16794,0.5308364614996335
16795,0.3488448628085294
16796,0.8197314786927952
16797,0.46376371266187133
16798,0.7988545057629945
16799,0.8749373348582018
16800,0.879870966691946
16801,0.8878425907509455
16802,0.4829645267317088
16803,0.8997374063195654
16804,0.5844358419428608
16805,0.5710247472629335
16806,0.20039869280343683
16807,0.8049419035025893
16808,0.7642621234696302
16809,0.6158973481256682
16810,0.30493142822375235
16811,0.8027214164874018
16812,0.6948104510403014
16813,0.7154300844287961
16814,0.18161211784536138
16815,0.6285755771721834
16816,0.252052141507838
16817,0.5643347946947619
16818,0.6436819349652816
16819,0.7209933657369386
16820,0.3605165180059565
16821,0.4834580519630459
16822,0.7525524767386577
16823,0.39580577713354104
16824,0.4243818557780995
16825,0.4845561166339488
16826,0.3035376605287078
16827,0.675103399818962
16828,0.36548986387193205
16829,0.6441737370121371
16830,0.46209992494652474
16831,0.8650895189798057
16832,0.8966627645130887
16833,0.7584325253896979
16834,0.4362683305764896
16835,0.6131048247167178
16836,0.8592681078708525
16837,0.6923969378209138
16838,0.6692608157969605
16839,0.884370395039173
16840,0.8915894755258433
16841,0.6179966479738114
16842,0.7915075688531528
16843,0.4842663335492722
16844,0.8595180022887907
16845,0.6306573144545221
16846,0.8968386594060251
16847,0.7767058469573376
16848,0.7096386199336507
16849,0.31123679394789633
16850,0.511830110887793
16851,0.7434985673781738
16852,0.641082376190844
16853,0.7640781779060153
16854,0.6636678347123002
16855,0.8446833660155453
16856,0.2744353510444419
16857,0.7929239792690743
16858,0.7602380870360674
16859,0.29860661708083114
16860,0.40983376710082126
16861,0.9091132524650629
16862,0.3291365194615052
16863,0.6759205431018522
16864,0.6059931474483697
16865,0.4315329019072397
16866,0.7399210661220279
16867,0.8753191098614606
16868,0.5985806144594277
16869,0.5363913160569228
16870,0.46103176129459356
16871,0.6274199359254817
16872,0.6853912165489835
16873,0.3044421189793341
16874,0.8176448121293769
16875,0.541963483327598
16876,0.5542268543674082
16877,0.18815577119910526
16878,0.4281843583297015
16879,0.2544582187708354
16880,0.20896684516397065
16881,0.6148407776376361
16882,0.5368185909576674
16883,0.4472365623191912
16884,0.2058873119900401
16885,0.5587421244932151
16886,0.7411044113114613
16887,0.6749741743414369
16888,0.6981629364661568
16889,0.7081661185214738
16890,0.7249641214780461
16891,0.28155742593262195
16892,0.14858282290932737
16893,0.8182811715777525
16894,0.8204975302497544
16895,0.719634435772761
16896,0.667433142138806
16897,0.9182099635795901
16898,0.4386207290213129
16899,0.6076410401969361
16900,0.6771469880358347
16901,0.5174482693971096
16902,0.6759823272064203
16903,0.26491421496254874
16904,0.6484819512850916
16905,0.7762528157645076
16906,0.882940709307357
16907,0.6278993020092027
16908,0.8307046801436209
16909,0.8391554882257507
16910,0.8641269925957803
16911,0.7043579717840381
16912,0.6739903022911946
16913,0.515458643734721
16914,0.8860491448184205
16915,0.6419930220795061
16916,0.6937029934178278
16917,0.2494251939640314
16918,0.10946996899795494
16919,0.8461596289432277
16920,0.8634373689737707
16921,0.45204247422327554
16922,0.7202135499689208
16923,0.8801212070234482
16924,0.3269663288863772
16925,0.6244702966384688
16926,0.6992297474805537
16927,0.539549763160748
16928,0.6072954511670725
16929,0.1955568494316521
16930,0.8252370203475575
16931,0.615949179096002
16932,0.2176435672031627
16933,0.4439055125610794
16934,0.4235871421189944
16935,0.78600514648504
16936,0.7275738278157374
16937,0.27171081008148745
16938,0.8734652105059391
16939,0.8527525594268986
16940,0.8193301129387964
16941,0.6420632265484443
16942,0.19741032571169775
16943,0.8200018331096824
16944,0.21818497689397515
16945,0.14078871576689125
16946,0.8631592000026154
16947,0.10245707789436494
16948,0.17280527803757698
16949,0.7600820547965889
16950,0.19445302910549908
16951,0.5134509422050015
16952,0.5051112209690384
16953,0.6605814479184606
16954,0.8835280654596049
16955,0.3844642128892837
16956,0.8583690017833503
16957,0.6310684689112598
16958,0.7947606785449037
16959,0.5999040177603687
16960,0.9102946098880027
16961,0.649288043070095
16962,0.2690313877947856
16963,0.5942935922257311
16964,0.8164972885270172
16965,0.3311151261584938
16966,0.539211350579974
16967,0.8175630849548333
16968,0.8478675830979128
16969,0.5980167350695955
16970,0.5474682768939184
16971,0.41293084431935817
16972,0.4440384740936222
16973,0.5532111880837275
16974,0.7179003431104355
16975,0.4120711174949944
16976,0.8796762553948098
16977,0.8733377437928109
16978,0.4843951349447279
16979,0.22365092418333546
16980,0.4518646010100818
16981,0.8730470016823494
16982,0.883425894349291
16983,0.22824101076231423
16984,0.7997605663835877
16985,0.7922887249101618
16986,0.8090310389606779
16987,0.3568432903276992
16988,0.5291929402495008
16989,0.21046973236132363
16990,0.4398416090965558
16991,0.8869898047441754
16992,0.32591564096010056
16993,0.35126700423753887
16994,0.6633825305073685
16995,0.8093921597131151
16996,0.6155238151277607
16997,0.8653940217419899
16998,0.5347787441133938
16999,0.5297525462632795
17000,0.876815191677816
17001,0.5146108335403607
17002,0.5134685393655753
17003,0.16350650497265437
17004,0.38567388339886954
17005,0.25271730563936895
17006,0.5882123433247943
17007,0.9213851664471024
17008,0.5269846638414565
17009,0.8496365114798742
17010,0.46381835107208397
17011,0.3310085742455166
17012,0.3663867869547992
17013,0.7968183812289086
17014,0.7287153211318342
17015,0.8905597048337134
17016,0.7378638738888226
17017,0.8190694396175946
17018,0.7976748897244588
17019,0.7176213989240976
17020,0.24744071926814287
17021,0.5753686858684026
17022,0.48518765253041024
17023,0.6817063203047584
17024,0.491151527857761
17025,0.6890239630894406
17026,0.8624890093955517
17027,0.38817869567924523
17028,0.8476447664349529
17029,0.4388869250854261
17030,0.6652352160524603
17031,0.8259755956246237
17032,0.20843733743425563
17033,0.564419522468003
17034,0.8011098582447783
17035,0.8447643835951921
17036,0.2489898463460056
17037,0.6339433140193066
17038,0.48839686220332545
17039,0.8289017265441115
17040,0.7175552439819171
17041,0.7263813982679352
17042,0.7274776799039159
17043,0.8880196609013916
17044,0.3518476597946909
17045,0.7894278378498295
17046,0.30478833235606106
17047,0.6676388305797146
17048,0.7814134207469837
17049,0.8827555949019288
17050,0.7445256437311142
17051,0.653247004016465
17052,0.30866824881191673
17053,0.24657476074909263
17054,0.3902935953555867
17055,0.4558140563973385
17056,0.6519646793955112
17057,0.6751137970664212
17058,0.6996037359604923
17059,0.8183998226598926
17060,0.8295821759662753
17061,0.515859582048765
17062,0.8926565772734891
17063,0.8488329838605879
17064,0.4407698151319411
17065,0.5015070961951157
17066,0.2697495479152707
17067,0.762486884460388
17068,0.8398072763573113
17069,0.20984050439637242
17070,0.4478656525807198
17071,0.758063995191743
17072,0.30128219436781384
17073,0.7050737623306238
17074,0.45731143138181896
17075,0.9141050150170492
17076,0.5172657758059719
17077,0.269810540906486
17078,0.757791893798208
17079,0.4947126632090151
17080,0.3916364509767169
17081,0.8830757646502896
17082,0.36580612941446733
17083,0.7492136185859684
17084,0.5969741808183868
17085,0.4385264847394691
17086,0.8218428402734566
17087,0.36587066453197326
17088,0.807360202124065
17089,0.3314262673314524
17090,0.34265256764019014
17091,0.4675384019015853
17092,0.2965014880259717
17093,0.8948127163228039
17094,0.6717492107327605
17095,0.8093395910492898
17096,0.1986634157016116
17097,0.8133965663084711
17098,0.7723942381152517
17099,0.88032309271791
17100,0.7771754199550462
17101,0.6818685939809396
17102,0.8400884981730216
17103,0.1254307045908369
17104,0.73501457161027
17105,0.725742307172588
17106,0.4223104254523859
17107,0.6661861128737938
17108,0.38614836575079536
17109,0.7814528468445254
17110,0.3807836240135266
17111,0.2452860494122979
17112,0.8528906872734465
17113,0.8495101362736304
17114,0.25715458649167233
17115,0.7613738793117322
17116,0.6821664270832081
17117,0.6867831270674466
17118,0.7748626618601098
17119,0.4349955919386703
17120,0.7368821267090209
17121,0.742963674312175
17122,0.5355293589104515
17123,0.8090146800277118
17124,0.5834603628113347
17125,0.3769162029761697
17126,0.5571803560730362
17127,0.7335863285374351
17128,0.46906940252011514
17129,0.30495148428330127
17130,0.2529180952309395
17131,0.3330364046181332
17132,0.25143915208493284
17133,0.31781922717782163
17134,0.2792957095827759
17135,0.6770026046885654
17136,0.8119522488815558
17137,0.19192043986920723
17138,0.8772642716760489
17139,0.684967713255158
17140,0.7505206377645759
17141,0.7079009414820946
17142,0.792794964639718
17143,0.797576228221285
17144,0.8777622878950463
17145,0.8442922292893023
17146,0.6145224720791961
17147,0.8448626450243388
17148,0.17389277729738406
17149,0.537827582736802
17150,0.45947647308928913
17151,0.8403460102193685
17152,0.8807269285743295
17153,0.7900830207862504
17154,0.35843632748773624
17155,0.1323007734864791
17156,0.28074831170751435
17157,0.24292245040354418
17158,0.3178827249591374
17159,0.18911535492195763
17160,0.6868627081462664
17161,0.8731012038792433
17162,0.38332883264298
17163,0.50562433013754
17164,0.3069304866821813
17165,0.29351704124087546
17166,0.5563294781869558
17167,0.7134740332517918
17168,0.21314670505262684
17169,0.3480479540937774
17170,0.385474236539054
17171,0.16329147792292792
17172,0.5599530032804207
17173,0.654951118755754
17174,0.5828421946451406
17175,0.8059420082667526
17176,0.5813201430129262
17177,0.7705459642385021
17178,0.8221892506289057
17179,0.8860225891692368
17180,0.17203218752140823
17181,0.8283343744423172
17182,0.7489081937725361
17183,0.8288776631620197
17184,0.8326905493898967
17185,0.8730154288205598
17186,0.3469766924822793
17187,0.8337612004526063
17188,0.4361804988479948
17189,0.15559377401389665
17190,0.14702191243343563
17191,0.408889485755465
17192,0.4114823031344722
17193,0.7474840282648861
17194,0.8338741326041591
17195,0.5912918902861833
17196,0.7804355935214232
17197,0.19121322798027598
17198,0.37671755908706195
17199,0.9143036879420127
17200,0.8659420553141397
17201,0.3808450773435244
17202,0.7561990064553498
17203,0.763489720160003
17204,0.644835849687729
17205,0.31719358808712744
17206,0.26141839009723056
17207,0.8552764625604046
17208,0.29556438547284947
17209,0.8296451697260429
17210,0.7588879265595033
17211,0.629230761124452
17212,0.26158667960675
17213,0.9229883137847147
17214,0.8482170754820615
17215,0.3245213228545004
17216,0.175365143264898
17217,0.6656643015758561
17218,0.5080379743199273
17219,0.26918477395601736
17220,0.7554743493572094
17221,0.9162104254342057
17222,0.30476135808608174
17223,0.36703887915817146
17224,0.4042085667668208
17225,0.7564299452552031
17226,0.25748358940367727
17227,0.6596168847416659
17228,0.4573187612622605
17229,0.5944927341460715
17230,0.5807517603503656
17231,0.6750141982333817
17232,0.7772472946312876
17233,0.2543756216234331
17234,0.2877950763029103
17235,0.8358977656980915
17236,0.866865118892672
17237,0.8794389154934975
17238,0.8302653550854728
17239,0.4893004198252698
17240,0.3703688950293884
17241,0.7236646040500301
17242,0.6942528421225935
17243,0.14637096401224872
17244,0.7073032825165783
17245,0.3506445073634866
17246,0.6426192705421881
17247,0.48920591501950905
17248,0.6498261989583178
17249,0.3028290676974903
17250,0.8746497919381653
17251,0.3434483511656707
17252,0.7209754597195022
17253,0.7353431348910869
17254,0.3139331389237851
17255,0.7142489857866995
17256,0.29494049690963314
17257,0.9024251665434765
17258,0.5402976151196373
17259,0.6626542016897063
17260,0.21651679105069904
17261,0.8347146226837838
17262,0.8150786814299695
17263,0.6784279821818384
17264,0.3307424313904429
17265,0.47712892984421706
17266,0.25319602942494557
17267,0.887516670390904
17268,0.8507424992997841
17269,0.2914763428640932
17270,0.7771494630171323
17271,0.2850963221853987
17272,0.6785869616621052
17273,0.7509089744589665
17274,0.5795850852033695
17275,0.881431501945577
17276,0.7107097827501064
17277,0.6121156878448119
17278,0.4461629882602817
17279,0.7603455652563688
17280,0.7679937430866828
17281,0.596157593234843
17282,0.779708494929641
17283,0.30411618387391864
17284,0.538350101667964
17285,0.827900543194819
17286,0.3723593008773835
17287,0.7499310634179639
17288,0.8430940510430431
17289,0.10122779936166706
17290,0.7877325406305598
17291,0.7778615661463644
17292,0.3665857255065109
17293,0.5637281322778136
17294,0.7905902677868185
17295,0.530062985393993
17296,0.5277615776408626
17297,0.3529907047914417
17298,0.750269769238797
17299,0.19186754522471414
17300,0.841961204047248
17301,0.6744008590059989
17302,0.31828162835530066
17303,0.8750747400985817
17304,0.890154915827731
17305,0.13669136669679624
17306,0.5185611838638235
17307,0.3933863004439621
17308,0.7737773473341182
17309,0.2029591029604692
17310,0.8345216050990076
17311,0.7781687606266721
17312,0.8711098780593889
17313,0.5733095860197657
17314,0.622647656253838
17315,0.6457490646400742
17316,0.8726315705897
17317,0.46959832472755453
17318,0.1423100945636199
17319,0.34371755110612606
17320,0.8433048264525989
17321,0.6470052439098636
17322,0.8210964663871535
17323,0.5956380125378664
17324,0.28355428758776036
17325,0.6286410751160458
17326,0.18557849645298855
17327,0.38634473112450124
17328,0.21361455571348206
17329,0.4507235761182743
17330,0.7484788403629676
17331,0.66298954164646
17332,0.20923668019733688
17333,0.5287900538958851
17334,0.3435414830023604
17335,0.40204871138520454
17336,0.40736630944688124
17337,0.6880780648938744
17338,0.5460839341506789
17339,0.3977690023846647
17340,0.7168390655229299
17341,0.7002536891379618
17342,0.48293849513663484
17343,0.47308955368523753
17344,0.6355669180823296
17345,0.7421251848095142
17346,0.5859218167138178
17347,0.1644324170980464
17348,0.3493021998678201
17349,0.3839704685101443
17350,0.8720409382237766
17351,0.1603285017915201
17352,0.4875585601965613
17353,0.14180208660869403
17354,0.4789478968435988
17355,0.5300425359119993
17356,0.8536134035351508
17357,0.8510529985681303
17358,0.3750074809627736
17359,0.17403074222979953
17360,0.5038783586611638
17361,0.8299336243828839
17362,0.3250340064204414
17363,0.3122987455962992
17364,0.7426009735146155
17365,0.6653037089654774
17366,0.4973406073503974
17367,0.16069295768930975
17368,0.3335921201028621
17369,0.7024918699461085
17370,0.3187850206790064
17371,0.7037643125647806
17372,0.6088127160683224
17373,0.43748485554474664
17374,0.41049803028164783
17375,0.334965341647996
17376,0.8600841340421068
17377,0.4433327610019778
17378,0.6356939456403506
17379,0.7595519679568219
17380,0.4968401483508393
17381,0.6616484000474532
17382,0.719495471681417
17383,0.7434559985807307
17384,0.5904566967929538
17385,0.18005724360795822
17386,0.5841013663826065
17387,0.2667625762228622
17388,0.8351832239359254
17389,0.5768354996319707
17390,0.5752273455640512
17391,0.7619338856391108
17392,0.7755150798058031
17393,0.4226137756056748
17394,0.3566221366869444
17395,0.7087706296437267
17396,0.7281823715240208
17397,0.8941343955413152
17398,0.877912543370303
17399,0.808385286838338
17400,0.17231659370205304
17401,0.5089500973934714
17402,0.20145800721943363
17403,0.4178640111914407
17404,0.16812628893113632
17405,0.618668127713007
17406,0.7014467995214632
17407,0.8272595407181592
17408,0.8511269866363063
17409,0.7058568398463889
17410,0.8355268641271854
17411,0.14713877851865417
17412,0.5442576092687366
17413,0.8992475502422941
17414,0.8022612542626759
17415,0.27290730210621017
17416,0.45740328881895265
17417,0.8455911954687793
17418,0.7294867422093986
17419,0.23089856497664896
17420,0.3153087460290389
17421,0.8729000777414728
17422,0.4704508592407159
17423,0.2218567147970923
17424,0.6377707765118514
17425,0.19512967166123707
17426,0.3471339348141692
17427,0.4657426976897751
17428,0.6157156653286721
17429,0.3019174735815774
17430,0.3768996347513785
17431,0.7543634570954564
17432,0.9332530428470535
17433,0.21342001130642563
17434,0.9210534090990367
17435,0.5113601120179768
17436,0.16710412368923797
17437,0.5514743139372742
17438,0.5924930969917452
17439,0.26347649649853416
17440,0.6273662006016592
17441,0.8953401868210528
17442,0.31071823182000635
17443,0.5179707793022791
17444,0.4875353761419351
17445,0.29746289156836214
17446,0.3230213736353939
17447,0.4871987073303421
17448,0.8083789086417762
17449,0.7555412013622521
17450,0.9062051915112035
17451,0.5845695329829287
17452,0.16456458017153291
17453,0.843331480001838
17454,0.2557893282836977
17455,0.8490474690577341
17456,0.23005189850543317
17457,0.49028826263036945
17458,0.8973402517610126
17459,0.8760609830245074
17460,0.7439322832912376
17461,0.6802414779085033
17462,0.16239404199143292
17463,0.1715825358140433
17464,0.900104703475682
17465,0.4847595658301777
17466,0.6899559439715088
17467,0.4488025739725543
17468,0.8516981824182965
17469,0.8063437015484161
17470,0.8403545114154382
17471,0.5442416099914056
17472,0.7806208615833212
17473,0.8290102286664519
17474,0.8229622807038794
17475,0.6113179372235533
17476,0.5336801203085864
17477,0.6152523372629305
17478,0.5841605154906893
17479,0.7432033947408611
17480,0.8365861693887974
17481,0.5844762210364198
17482,0.7999827395276775
17483,0.20966429740319562
17484,0.44310872826881276
17485,0.4519607390776534
17486,0.8829105683054221
17487,0.8785726365097655
17488,0.18665071131276648
17489,0.7514623848127018
17490,0.4866588049264601
17491,0.5815674771656052
17492,0.4111810497233607
17493,0.7507611729552073
17494,0.3731820210789306
17495,0.32884232105632893
17496,0.5167900436156508
17497,0.5989776113837527
17498,0.5231421275295499
17499,0.8586891942848616
17500,0.631345661716629
17501,0.7170085360638868
17502,0.22856267627996002
17503,0.4258042124571117
17504,0.5060962808395262
17505,0.6940361015139335
17506,0.40529517457455
17507,0.7124663861902751
17508,0.5126118400155594
17509,0.2581268280763337
17510,0.6361172254574899
17511,0.5042905964643067
17512,0.8077022459851417
17513,0.45646647049989214
17514,0.7346860678206815
17515,0.7030606147915082
17516,0.6587731990235195
17517,0.294977149941986
17518,0.7298094916637824
17519,0.8736022900613019
17520,0.1997763058055846
17521,0.9074621243755874
17522,0.5518646361635535
17523,0.6326598373226093
17524,0.24432357473196178
17525,0.8294673049629995
17526,0.887261370739444
17527,0.8564252594478002
17528,0.6238697967327563
17529,0.8436799747599393
17530,0.6842092030172595
17531,0.915677872489487
17532,0.4330534665745393
17533,0.7570900536273428
17534,0.3431179228612883
17535,0.4599530807219291
17536,0.3323715460025245
17537,0.26636345894010016
17538,0.8842244801943773
17539,0.16200267366102084
17540,0.6490991819734451
17541,0.31257746317511903
17542,0.5827699580335957
17543,0.8603906610725347
17544,0.8327267686933376
17545,0.90316255154959
17546,0.833340529157611
17547,0.586993711830324
17548,0.8716297722898783
17549,0.5195554031584981
17550,0.5853841546796741
17551,0.5151551776506504
17552,0.8425159754323438
17553,0.8669327033165204
17554,0.15586574477568962
17555,0.24278366853827835
17556,0.8744247318021672
17557,0.5178808622388207
17558,0.7677756169683014
17559,0.6057437540324709
17560,0.5655329590227254
17561,0.6084933320710795
17562,0.347287446438901
17563,0.7708531173894602
17564,0.21858037359924276
17565,0.16663254306315634
17566,0.23504769716991022
17567,0.4105863499792829
17568,0.7617060008520442
17569,0.35869237226014905
17570,0.7992484921517615
17571,0.8394859998688715
17572,0.38323825307904086
17573,0.5854736137212478
17574,0.8520355987292677
17575,0.36837900031283
17576,0.8163212138032327
17577,0.20939514033543563
17578,0.4335072522222375
17579,0.6321288086450749
17580,0.854700949659866
17581,0.24261616931296193
17582,0.6965889824825815
17583,0.38712252548699566
17584,0.47761069601349654
17585,0.9276770902456231
17586,0.7050393713062889
17587,0.38191763166707515
17588,0.7410799014910718
17589,0.5503178852493484
17590,0.7817968895376479
17591,0.4057541570390496
17592,0.5733588077096754
17593,0.2421552848249269
17594,0.42626700657061406
17595,0.2153764850289781
17596,0.5222919619262164
17597,0.3089230607539365
17598,0.7063158837869857
17599,0.6806077309107963
17600,0.6263254358909583
17601,0.38734981490166276
17602,0.915522991982645
17603,0.8320920173041446
17604,0.7326312576259328
17605,0.809112613664501
17606,0.8141643917765217
17607,0.9161523478048901
17608,0.7241438244667553
17609,0.7248738117438256
17610,0.6932660414094763
17611,0.7480622338785186
17612,0.8951435185034503
17613,0.5564529780528626
17614,0.6312078766450062
17615,0.6423492906846664
17616,0.34447629385490763
17617,0.8439780985816281
17618,0.7353132932182663
17619,0.7890906600797231
17620,0.6060284298499536
17621,0.818776378820758
17622,0.6463742340831443
17623,0.24209489725251687
17624,0.7937596958425903
17625,0.4195556905369585
17626,0.8742253800282491
17627,0.4542649677484781
17628,0.3988773956316274
17629,0.5802298560172321
17630,0.8885744132597329
17631,0.8809042136209814
17632,0.6629861382553539
17633,0.8368817791211863
17634,0.7759369990415138
17635,0.8289409576264916
17636,0.6367350104490996
17637,0.3490721502556149
17638,0.6473277778034217
17639,0.7865481807716721
17640,0.7295529319664625
17641,0.5791034187214961
17642,0.8770427493681864
17643,0.6353559424714726
17644,0.8265782749867568
17645,0.854872855507883
17646,0.8256811227110692
17647,0.8076125842834401
17648,0.8399009095286118
17649,0.4266042366531139
17650,0.6340320519756626
17651,0.8828015932210626
17652,0.15592591234649134
17653,0.6161670081571171
17654,0.8908571023355667
17655,0.2753252970311778
17656,0.24134352336960468
17657,0.38356800093225085
17658,0.30831994825730663
17659,0.19940951797021397
17660,0.4492764285211602
17661,0.22024496114621966
17662,0.726147424732472
17663,0.2171372983456622
17664,0.4129322114473477
17665,0.8780149112815013
17666,0.7975538600034283
17667,0.35893638814928996
17668,0.7650552774892964
17669,0.9262548699038542
17670,0.851764363812191
17671,0.5617596231613605
17672,0.8137163115106658
17673,0.7175479604262659
17674,0.8593361115606
17675,0.2221485965408164
17676,0.6567934701978357
17677,0.753276750882092
17678,0.49051333653232176
17679,0.3195467530129553
17680,0.4561871707483848
17681,0.47597637337736753
17682,0.3493513713086983
17683,0.5898815871681482
17684,0.3072964062567136
17685,0.6838104940627174
17686,0.5758090239323201
17687,0.5112050682911176
17688,0.49331067611057655
17689,0.1895872381060579
17690,0.35091933453779567
17691,0.5359951369748538
17692,0.8716245935359541
17693,0.5423751296381982
17694,0.6971176555612606
17695,0.25447605161580994
17696,0.8728602464821149
17697,0.5295544403979084
17698,0.7905834752654046
17699,0.9007164044654551
17700,0.2936134307804419
17701,0.48124168978939896
17702,0.802196686325084
17703,0.49122910625832134
17704,0.5717870567589967
17705,0.3806950578125359
17706,0.3527479978564075
17707,0.2583002853279809
17708,0.48755873770930214
17709,0.8540059445108764
17710,0.5442739246003568
17711,0.5310652253126762
17712,0.8073549938755494
17713,0.6009364896929225
17714,0.4875956638928939
17715,0.8226446644703983
17716,0.54072457031394
17717,0.42856427387445656
17718,0.6747204045240992
17719,0.6434723379188343
17720,0.5608053256625477
17721,0.25814008654344517
17722,0.6521283231075448
17723,0.8996365500438999
17724,0.5580681774595464
17725,0.7078445007716151
17726,0.427094149164993
17727,0.798345965653702
17728,0.444098368236018
17729,0.6132042559773119
17730,0.7414667526345413
17731,0.2126985195036763
17732,0.6845577716860719
17733,0.28423061586486664
17734,0.6435711325384114
17735,0.5512076393575989
17736,0.6858999316211482
17737,0.8452878555324159
17738,0.5091384538054843
17739,0.2629504585811553
17740,0.6647313632867282
17741,0.2194793088426827
17742,0.7747750361759793
17743,0.48180100338968535
17744,0.45064175236902576
17745,0.18813976640428864
17746,0.5540434148462032
17747,0.42079149958077566
17748,0.15694702494841287
17749,0.24397994762297784
17750,0.8408051073934916
17751,0.20758480943735405
17752,0.8006414424946015
17753,0.7478010795285956
17754,0.18798642654931247
17755,0.6175869420402079
17756,0.23522331376738168
17757,0.847729837651686
17758,0.8439033175357961
17759,0.19732626966822206
17760,0.4221691183348371
17761,0.8059822246823949
17762,0.39745431569080614
17763,0.8795193151008006
17764,0.7759550954982185
17765,0.2641122246732533
17766,0.26239290708462065
17767,0.8415536689127534
17768,0.3983032885459884
17769,0.6084577692189375
17770,0.39408031710031444
17771,0.3152052232362875
17772,0.6580217922654662
17773,0.5312524639057332
17774,0.44809778254843646
17775,0.8573003769599615
17776,0.5754319471417311
17777,0.9160570830444724
17778,0.8288121912058015
17779,0.9205363971685323
17780,0.5544895323582935
17781,0.5062168845892316
17782,0.8161162201375336
17783,0.3351966187055009
17784,0.338117733794396
17785,0.8540532427526513
17786,0.20212725084891892
17787,0.31010886297265894
17788,0.6958980925006849
17789,0.5317628817883675
17790,0.8908463527218843
17791,0.558465098054226
17792,0.5235745144752109
17793,0.4013911854586025
17794,0.16251142751484549
17795,0.7407984099544876
17796,0.6944567712806373
17797,0.2446614079780592
17798,0.3060519390819635
17799,0.3935064611005597
17800,0.5175048365103497
17801,0.4990157753586817
17802,0.35766503284243795
17803,0.4460056833859434
17804,0.33580552790711693
17805,0.6553981956105019
17806,0.721610924685041
17807,0.4235099061518788
17808,0.901430336918552
17809,0.4624004689414407
17810,0.6374225475726257
17811,0.8432889025332516
17812,0.29587563167178266
17813,0.8629604294174406
17814,0.23768932480933025
17815,0.3174269769548804
17816,0.21037538600807082
17817,0.8444291660511227
17818,0.2184840607360221
17819,0.8665193087901262
17820,0.8524514572243267
17821,0.5683169261616915
17822,0.6558100170657133
17823,0.5632483242229298
17824,0.14326753967252923
17825,0.5494124341902147
17826,0.5580277253077702
17827,0.3757242056339856
17828,0.7213929379565194
17829,0.8592261054344752
17830,0.88973545790402
17831,0.6860136405454422
17832,0.48557311836188316
17833,0.7361188430491652
17834,0.3527633123446469
17835,0.1718134312030678
17836,0.3818026770102309
17837,0.5592503758128924
17838,0.6822777764253084
17839,0.7885458530864168
17840,0.6998912573360123
17841,0.741971651213243
17842,0.6488825278186471
17843,0.8694965406148537
17844,0.8938228434758421
17845,0.7234980367521723
17846,0.8367774446478156
17847,0.4051970486669423
17848,0.6040663812774758
17849,0.4205906936788177
17850,0.6365390665419624
17851,0.38959485806246374
17852,0.7452446793885428
17853,0.6163249815152696
17854,0.30243536634015156
17855,0.7394868348823391
17856,0.22104530489644744
17857,0.8380487976376954
17858,0.6989708596410277
17859,0.607491816194036
17860,0.4598033681365019
17861,0.46698301217088256
17862,0.8658399980392743
17863,0.7385995457734368
17864,0.5582679704297759
17865,0.8521525144007781
17866,0.788177990234714
17867,0.7595417502557673
17868,0.5029044662894351
17869,0.8370079530441666
17870,0.8010690801804234
17871,0.36140732268825054
17872,0.7954419787219865
17873,0.5843576588641518
17874,0.36335460232704225
17875,0.8664502121228566
17876,0.39668474625404204
17877,0.48140286228952367
17878,0.8570838402087595
17879,0.67985449297903
17880,0.7589215146398691
17881,0.5370169986941513
17882,0.30549896705512347
17883,0.8959071251189096
17884,0.2319406714221002
17885,0.7654446182775305
17886,0.24362903947422335
17887,0.3413460709021866
17888,0.8431389494687993
17889,0.510372090859282
17890,0.411639633054594
17891,0.46397585322156387
17892,0.6091452495872739
17893,0.18292003815386043
17894,0.8173464124241407
17895,0.7457881931591496
17896,0.3374327972210745
17897,0.13480576027890884
17898,0.7786909491817847
17899,0.8950558471162385
17900,0.7994117767679216
17901,0.3194014612404823
17902,0.40212769056482633
17903,0.37120016411812456
17904,0.7541034314218313
17905,0.7866694160253771
17906,0.942127944177353
17907,0.44950958609775266
17908,0.302321093226587
17909,0.4079340166502765
17910,0.25701578932383584
17911,0.5396865648484699
17912,0.5791683594256195
17913,0.3225962390235229
17914,0.5137309918296588
17915,0.7483778388554063
17916,0.8888021602372369
17917,0.6175399437133803
17918,0.7709903116722956
17919,0.7434031174828337
17920,0.6984071291355631
17921,0.88017959766764
17922,0.2596773919084298
17923,0.9199305206663376
17924,0.8221639169592009
17925,0.38742258424677123
17926,0.6665664851907831
17927,0.28352905793466493
17928,0.6367733415149539
17929,0.34326983003585254
17930,0.30845232774346937
17931,0.3021887135758837
17932,0.1834621284990215
17933,0.5827831390166023
17934,0.10800750999398341
17935,0.19760358472041323
17936,0.16858403406822406
17937,0.44495747267671293
17938,0.6896907406012839
17939,0.3543173853227284
17940,0.6183782292659142
17941,0.20100249220004202
17942,0.2024081462426669
17943,0.8217562378533644
17944,0.4652688287322903
17945,0.7488260870408426
17946,0.6587756820013255
17947,0.41291890828564504
17948,0.8944561100801558
17949,0.8358389394825608
17950,0.8561108067489756
17951,0.6418145204584828
17952,0.5125671956234246
17953,0.8475586971329181
17954,0.7097908555579765
17955,0.5145287596144341
17956,0.8178798283670959
17957,0.8271305838656562
17958,0.5899969238310627
17959,0.7698699575881158
17960,0.5295251660538947
17961,0.8941676336004495
17962,0.23264643833498586
17963,0.19173466503682565
17964,0.6178923442946009
17965,0.8692488263353119
17966,0.6301066516240676
17967,0.13292292229807734
17968,0.5236360397486849
17969,0.842508475525122
17970,0.24154102541237885
17971,0.8836516661736802
17972,0.35219756175683825
17973,0.5101518405551234
17974,0.5898153796815053
17975,0.45988095905463655
17976,0.2862826831006725
17977,0.8831727252409735
17978,0.4492704860426201
17979,0.12217595420090473
17980,0.7071841237445634
17981,0.16526109389273436
17982,0.5653421648888743
17983,0.9139908539513301
17984,0.8055455323130754
17985,0.14634421624972777
17986,0.8502432952755271
17987,0.6886864627264152
17988,0.4626221073851559
17989,0.2449170762517048
17990,0.2725802633270128
17991,0.7091861790867104
17992,0.8269690751118819
17993,0.8362971633775446
17994,0.8086342438851138
17995,0.8030264219441142
17996,0.7129444312932416
17997,0.32599555598506746
17998,0.8452635761564099
17999,0.8943788691915011
18000,0.4918916815040918
18001,0.1482853256812011
18002,0.8616499015219827
18003,0.4139790474042917
18004,0.648651678846584
18005,0.46588700646605047
18006,0.5823376425150077
18007,0.608763006879084
18008,0.44867583777500636
18009,0.4488529114668863
18010,0.1412269738434284
18011,0.6755197578359159
18012,0.4679926037768378
18013,0.33140720434105364
18014,0.8750748578445312
18015,0.2602769856206081
18016,0.362226381065808
18017,0.39835922390853057
18018,0.8761846448647604
18019,0.21326193365968008
18020,0.8355908452303699
18021,0.5005560611706137
18022,0.8608264235196018
18023,0.6459216380046626
18024,0.8792908580729714
18025,0.42246172482526856
18026,0.8449593026288464
18027,0.8426679081013777
18028,0.4556390603289688
18029,0.6280586004402792
18030,0.2187300259200198
18031,0.7092179310947629
18032,0.8947709482197569
18033,0.7083599622177104
18034,0.7625849415825038
18035,0.28467880915433685
18036,0.8656195263975046
18037,0.5730192677290911
18038,0.5199683334679088
18039,0.4735399740853946
18040,0.3595816718019476
18041,0.6579247130503812
18042,0.755940372085737
18043,0.17730730725686122
18044,0.8802901042640162
18045,0.20718474447953433
18046,0.5716527090971292
18047,0.6340478678045094
18048,0.3922776701706949
18049,0.11464505723898917
18050,0.5196393885558093
18051,0.8269144777311283
18052,0.9486020503742182
18053,0.1404740088471444
18054,0.37330118618991504
18055,0.2148196640386859
18056,0.38327155107034855
18057,0.7302933600721053
18058,0.5737129683191525
18059,0.6616586775801603
18060,0.25416322630533894
18061,0.29657483058707323
18062,0.9249398390725563
18063,0.23254033106184552
18064,0.5065548158485137
18065,0.5281299603963995
18066,0.6741408698019603
18067,0.36811503724385364
18068,0.6949958140003876
18069,0.4621146563806088
18070,0.4923621026887726
18071,0.8304808831854906
18072,0.18728560623887333
18073,0.26931049487303743
18074,0.6911438296821345
18075,0.30877590032387736
18076,0.4029846913941032
18077,0.7477080296432266
18078,0.8559440955054891
18079,0.23562058193958652
18080,0.5386232148352651
18081,0.7386586154835719
18082,0.20776245677634048
18083,0.5697605206136952
18084,0.3342606976426447
18085,0.7655395431249865
18086,0.16736882855072302
18087,0.8201127795755793
18088,0.8588451972766363
18089,0.5856247086191233
18090,0.506869955862046
18091,0.22063358378439785
18092,0.667100579445264
18093,0.7089800178326537
18094,0.8308471322458117
18095,0.8385509914853091
18096,0.47616224699779847
18097,0.7041763931806218
18098,0.40838533712202485
18099,0.22062064035571852
18100,0.8391119722101745
18101,0.6954240940028917
18102,0.2961035682725895
18103,0.3734089285804104
18104,0.5713122908232576
18105,0.46651038804118544
18106,0.21437266605112887
18107,0.5484956612140253
18108,0.35034288111558215
18109,0.7838685135962442
18110,0.6078049928567654
18111,0.24827386479777447
18112,0.23107698279833946
18113,0.756352606859371
18114,0.8186416858101232
18115,0.1068931622429925
18116,0.2030168638946897
18117,0.7556239743423456
18118,0.35153722856677544
18119,0.48607840270667557
18120,0.20969251165810376
18121,0.7186278729328055
18122,0.6200837265246647
18123,0.8123343616986977
18124,0.6254135458269966
18125,0.40598032929562555
18126,0.6675456963628443
18127,0.8600320667373074
18128,0.17020713424143777
18129,0.8385045439768448
18130,0.8439874929765162
18131,0.5008512048353482
18132,0.2919900039326691
18133,0.9238809363161573
18134,0.8593595313806959
18135,0.8068402771180191
18136,0.4875394922831025
18137,0.9150225502123116
18138,0.5531765966685095
18139,0.7090741689908078
18140,0.8847702921467241
18141,0.763361357904424
18142,0.6751397784495021
18143,0.521432446088786
18144,0.8082572712794635
18145,0.8716215344348659
18146,0.6719193754581194
18147,0.48246668162492934
18148,0.39135309837561394
18149,0.8099135997573051
18150,0.2575609702043304
18151,0.3881683857305661
18152,0.558242151386003
18153,0.21737505196803042
18154,0.8844649073639589
18155,0.7338987401734356
18156,0.2681032426511974
18157,0.6319097460738079
18158,0.6232486850656265
18159,0.16826244753885017
18160,0.6760801154426105
18161,0.8719702934804239
18162,0.38392729600354986
18163,0.47264315365508475
18164,0.4720719997996916
18165,0.4164730271500937
18166,0.7603500235950185
18167,0.8928751929108671
18168,0.13874134666545065
18169,0.7477852612867883
18170,0.15047782597920717
18171,0.9093560074353944
18172,0.3345047791596438
18173,0.33572429055135344
18174,0.8185719154162606
18175,0.23480128237757747
18176,0.8037453784282589
18177,0.18842288090489598
18178,0.3632753499034064
18179,0.6704017456872675
18180,0.6282742208979873
18181,0.22783304202950186
18182,0.7376660578350884
18183,0.4972199905090334
18184,0.9115966434790421
18185,0.9324788413795368
18186,0.6640089605889169
18187,0.49168213670464045
18188,0.4388943949067571
18189,0.6445597874314712
18190,0.4047626882624956
18191,0.10958264364857355
18192,0.3576738433618099
18193,0.12113379130072013
18194,0.576503311285348
18195,0.4651648164435248
18196,0.6722825126577275
18197,0.4890991513315559
18198,0.1060706477598054
18199,0.910744140235175
18200,0.7811116416926628
18201,0.8777397969414058
18202,0.5487447434656344
18203,0.2423329028807238
18204,0.23723600729193597
18205,0.6061373604322576
18206,0.8660885828072699
18207,0.4169513435338136
18208,0.4621276635122942
18209,0.16576482580371688
18210,0.3200188394425836
18211,0.8500652640478038
18212,0.8721048371329782
18213,0.698278752230917
18214,0.7220228445496469
18215,0.1662356556523298
18216,0.635290998840869
18217,0.8191089645772541
18218,0.6756499328281861
18219,0.7007007186628003
18220,0.4662993145880625
18221,0.7392880258741825
18222,0.4199563346127347
18223,0.5096194722152027
18224,0.8011617919531417
18225,0.5728310084363938
18226,0.6631447964956634
18227,0.7888641216623532
18228,0.8332738478889853
18229,0.21695653862382772
18230,0.8466285862587202
18231,0.8064229303228916
18232,0.5770375812199762
18233,0.7373428827358167
18234,0.9094224061054004
18235,0.7254431765942375
18236,0.6399807084077247
18237,0.3253515360112381
18238,0.8335488830097666
18239,0.8581263639681656
18240,0.7434114546694918
18241,0.6854263188042471
18242,0.11766746183264486
18243,0.46752164394798035
18244,0.8723241394126445
18245,0.2537550189506561
18246,0.7527100521586892
18247,0.6155034056381546
18248,0.5874713545270307
18249,0.23741793291442465
18250,0.4058709118918629
18251,0.6166312282645376
18252,0.7595341101966796
18253,0.5286936646248769
18254,0.4796906382849728
18255,0.3646256328905574
18256,0.8042761488744488
18257,0.7897192683359112
18258,0.43359179967100925
18259,0.6883401356743536
18260,0.8145640693906817
18261,0.4027383380861234
18262,0.2835672653087137
18263,0.6992563471609595
18264,0.5119844519593219
18265,0.15244657012816362
18266,0.29036341416147243
18267,0.6856511591997475
18268,0.16857541926570802
18269,0.8135584408625604
18270,0.29486052411175856
18271,0.13563961161361462
18272,0.31927089417201515
18273,0.4513830582870708
18274,0.6189940541135784
18275,0.4759888793313095
18276,0.3999236506620965
18277,0.586386551798062
18278,0.6699115626073676
18279,0.47351321097417587
18280,0.19947519700680238
18281,0.675461619441029
18282,0.1871274893059312
18283,0.28398542254584536
18284,0.5281012344875038
18285,0.6250324920844949
18286,0.7761139775077719
18287,0.45268252026098627
18288,0.534701578663897
18289,0.6016912560069116
18290,0.35240545284030417
18291,0.7769434759484896
18292,0.2165153895018666
18293,0.8745638367726025
18294,0.2178812398844044
18295,0.7468824204685967
18296,0.5456439022647839
18297,0.8731885063709252
18298,0.1657646171453277
18299,0.4861620905022531
18300,0.5775264750311848
18301,0.4571681442471375
18302,0.2984951451235916
18303,0.593127901786634
18304,0.2561420913656125
18305,0.5443374393268082
18306,0.458036355786789
18307,0.6503259703409051
18308,0.7747889696572577
18309,0.24930166648487148
18310,0.734028606596902
18311,0.16424722058454613
18312,0.5162264091729083
18313,0.7511787487818706
18314,0.4673366023194207
18315,0.6774024354708462
18316,0.21624123405496903
18317,0.5837828625385215
18318,0.8712096420985634
18319,0.3123420992554196
18320,0.9005358282138107
18321,0.27879230837869695
18322,0.24379801619216424
18323,0.42517576302588533
18324,0.8637149209341757
18325,0.7130724244903198
18326,0.8489805661890931
18327,0.6049675753428181
18328,0.8404096326831672
18329,0.3359773560773053
18330,0.909153734134183
18331,0.524681420465968
18332,0.8004591982839626
18333,0.6478938337113076
18334,0.4225513881975477
18335,0.8492443103323116
18336,0.4306039760641695
18337,0.23934188577896887
18338,0.3148141272380165
18339,0.7641642290920764
18340,0.14841757801168837
18341,0.4224815451526249
18342,0.2933837896168034
18343,0.8223112286778597
18344,0.4547783783355312
18345,0.6037781687095376
18346,0.8042331659079055
18347,0.8909150055531219
18348,0.8520790275828201
18349,0.6858202001017699
18350,0.7775424757565828
18351,0.37970963788540896
18352,0.6794034970672004
18353,0.6277148668038787
18354,0.7154236964064754
18355,0.8683151173112957
18356,0.33598012505634856
18357,0.31380651477125376
18358,0.8737297211308495
18359,0.20010913289815974
18360,0.7594180365683935
18361,0.6906855568411395
18362,0.8288039623087404
18363,0.7027239621731981
18364,0.867243624231295
18365,0.9001202422187355
18366,0.636525578164414
18367,0.23582400711907892
18368,0.8056113740574622
18369,0.858238735568937
18370,0.21533521225056332
18371,0.35244597459164884
18372,0.338736332580341
18373,0.2936354030659723
18374,0.4823361328465691
18375,0.5815659087791902
18376,0.47525840950147186
18377,0.6750834240830086
18378,0.28200863070426396
18379,0.799102852189912
18380,0.7204159312715797
18381,0.5886864622335193
18382,0.6496069632663284
18383,0.3140314300495367
18384,0.8784570948289214
18385,0.6560713495659704
18386,0.6404257667421774
18387,0.8659843955840608
18388,0.7042949358826095
18389,0.6768426352883625
18390,0.2816418604744115
18391,0.7450133424660464
18392,0.5215666294786765
18393,0.6461883170986542
18394,0.3477817610225617
18395,0.2004214003210222
18396,0.5990925033418965
18397,0.204146723247225
18398,0.7291987001770491
18399,0.8182474735789449
18400,0.44573846324763483
18401,0.6952118361654683
18402,0.5732551398470851
18403,0.25915614920510843
18404,0.5845641943588356
18405,0.19854283425059766
18406,0.9115695271265205
18407,0.8606255956734248
18408,0.16925230347322714
18409,0.8475116096530173
18410,0.13533847913231836
18411,0.3011502836793763
18412,0.8956682280410284
18413,0.40416060972250367
18414,0.501702308280816
18415,0.8722339397602119
18416,0.10579874562180594
18417,0.8489785327969915
18418,0.19912173635099256
18419,0.20725342301502123
18420,0.3368206571824599
18421,0.28489905595715054
18422,0.8465311179861166
18423,0.5757450157749666
18424,0.8540560876587127
18425,0.7524630357717789
18426,0.8928147408949687
18427,0.8504626062119963
18428,0.2061789266411167
18429,0.41350983171371236
18430,0.2978965098222708
18431,0.39785958391389326
18432,0.31168127905156584
18433,0.8566622690792243
18434,0.5638158396779108
18435,0.44558945221028057
18436,0.7504289482989209
18437,0.7197962051986447
18438,0.11648723765382925
18439,0.17599732834023116
18440,0.9046221481160319
18441,0.5802023394015542
18442,0.22813430153488218
18443,0.6793732755900057
18444,0.20114466217823765
18445,0.868102631515151
18446,0.532710454320306
18447,0.35991290800675946
18448,0.8341182994003227
18449,0.5031710215920872
18450,0.7200926216171617
18451,0.788903472064501
18452,0.23593084181351892
18453,0.8600258384782966
18454,0.8217682748352574
18455,0.7646908702841326
18456,0.5152524508833004
18457,0.8316350613955719
18458,0.42073521309914286
18459,0.5035947444144934
18460,0.18031379693225488
18461,0.9320896267098956
18462,0.8788996690387221
18463,0.3900484134089873
18464,0.5864235784148725
18465,0.5014654114838575
18466,0.5716394237783857
18467,0.8020261913916846
18468,0.4056513360481269
18469,0.8141741183108366
18470,0.3893768829438712
18471,0.5580571305599611
18472,0.5985890995470067
18473,0.7388446796717663
18474,0.16590957054163458
18475,0.8086498571970772
18476,0.5724110836390328
18477,0.3877083603733883
18478,0.43112925105891275
18479,0.5234869947248707
18480,0.32757137399854663
18481,0.7839184469491602
18482,0.901485976789981
18483,0.8584716189456701
18484,0.4305165038125922
18485,0.6106800754044254
18486,0.3263293495879542
18487,0.3206290153220264
18488,0.7859671758191432
18489,0.4866915882250614
18490,0.6553901706931617
18491,0.8766972381879714
18492,0.8649308978995557
18493,0.7467851192874108
18494,0.7569066996072942
18495,0.3151162126903494
18496,0.11220961744255163
18497,0.6585583023135227
18498,0.7932700327701193
18499,0.7861364016337814
18500,0.5715729358831576
18501,0.3301421112435472
18502,0.7625639772336613
18503,0.6933602160306322
18504,0.15489342073469342
18505,0.7186831522525284
18506,0.36940311108057694
18507,0.350301359674205
18508,0.8454373692100045
18509,0.6525226823000052
18510,0.9198410157586355
18511,0.7774715846214355
18512,0.5790371201488684
18513,0.7315888125758684
18514,0.7920868591388588
18515,0.7704459034178559
18516,0.8508974985472741
18517,0.7900553247396725
18518,0.19716710843206642
18519,0.8081437936789955
18520,0.6818272775694055
18521,0.6354738221310682
18522,0.48724339890689833
18523,0.48853662356915273
18524,0.6301440044361107
18525,0.2325192712013332
18526,0.3788163483074776
18527,0.4584233360542549
18528,0.49606478080770916
18529,0.45282846018303424
18530,0.5273119894348182
18531,0.10580911300613818
18532,0.23747757123572738
18533,0.8214900333021424
18534,0.816218465268761
18535,0.8109616333617724
18536,0.8720782982864814
18537,0.34370591787579774
18538,0.3590326490870789
18539,0.7991383171040278
18540,0.40959347605731844
18541,0.6783001099890615
18542,0.1959407068660789
18543,0.44543137768484664
18544,0.7957175277071274
18545,0.8550391042964758
18546,0.36948125413128585
18547,0.8172414649824674
18548,0.8821761024929918
18549,0.9027015969064887
18550,0.4870486806912566
18551,0.7714532546741024
18552,0.7481813705478249
18553,0.4233236491043016
18554,0.48204191144117037
18555,0.560516437819199
18556,0.10883778402081686
18557,0.4571359486491713
18558,0.6730782816353745
18559,0.6585583290592751
18560,0.6900832285953277
18561,0.21422795559309854
18562,0.7979634558032261
18563,0.3284304993885448
18564,0.23661075894375516
18565,0.8226004692696149
18566,0.22572582266928048
18567,0.8817015081837519
18568,0.8080592916062871
18569,0.6649618738225105
18570,0.8296495547409443
18571,0.2554907938346257
18572,0.2684467676248803
18573,0.44960699031539886
18574,0.7411821161877485
18575,0.7999184557815725
18576,0.27183847775390857
18577,0.8949820277417576
18578,0.7314366247000739
18579,0.7994880082012826
18580,0.8335258593680649
18581,0.35065284854382023
18582,0.6818138173528135
18583,0.7798769633052126
18584,0.3594948268375849
18585,0.3884353470804943
18586,0.17565888985451458
18587,0.6001677424108157
18588,0.37568759739554275
18589,0.21861857181129377
18590,0.5088034693319066
18591,0.25065449539728146
18592,0.79645348697467
18593,0.31983077484807265
18594,0.18036667597308906
18595,0.29777849303940457
18596,0.4780501057003681
18597,0.8891998037352223
18598,0.4142605120275977
18599,0.6896014613815699
18600,0.40444581857259554
18601,0.8894075112573943
18602,0.48888772058620894
18603,0.7516631299080592
18604,0.7900800992833285
18605,0.8791969435262597
18606,0.6873302143279355
18607,0.4355951166478804
18608,0.7245292041495873
18609,0.404355429889808
18610,0.8655526776426704
18611,0.49081451812049126
18612,0.2074230683614484
18613,0.6524971237152326
18614,0.7364919178098915
18615,0.7463698242198977
18616,0.8220839898848673
18617,0.35110167893436106
18618,0.782209121113577
18619,0.8635004185770804
18620,0.5899205534169021
18621,0.8067969056029775
18622,0.7939694752782727
18623,0.5245471101007502
18624,0.8587339053974089
18625,0.5496283435947774
18626,0.8581086903477293
18627,0.31666492587878076
18628,0.4812243731277396
18629,0.3573038373792731
18630,0.7135267903217413
18631,0.42548992373269034
18632,0.2940776355658579
18633,0.5901152067624924
18634,0.42933600584391574
18635,0.11895894983712346
18636,0.421542057882071
18637,0.8937063247552395
18638,0.25539300052041825
18639,0.7133114349506234
18640,0.16630649429013167
18641,0.3627964000502121
18642,0.17288004912526553
18643,0.37881295021292216
18644,0.8766865413575378
18645,0.8863407764303468
18646,0.8482213764067266
18647,0.8766556314682078
18648,0.6038366562094024
18649,0.5801246339833115
18650,0.6764162625292363
18651,0.597949827760168
18652,0.4010845791593992
18653,0.2684081392580439
18654,0.8346348138797735
18655,0.4354409304014965
18656,0.19726499964246402
18657,0.6677641576045846
18658,0.8152896691448461
18659,0.7861724658432825
18660,0.42272490364578674
18661,0.2789150880641547
18662,0.4206986364270964
18663,0.4815830496186885
18664,0.793388780489574
18665,0.22951162801789735
18666,0.2523285801663448
18667,0.8448572051936248
18668,0.5815605449535335
18669,0.29454479468114425
18670,0.6637745622725783
18671,0.2978623547023078
18672,0.8578481427929003
18673,0.5837357876602984
18674,0.5612820176860203
18675,0.7244517185014542
18676,0.40997191223895746
18677,0.347457916886807
18678,0.7402420244988427
18679,0.6428911414926842
18680,0.8236227758488213
18681,0.7190343159690217
18682,0.803575525405843
18683,0.6395612766656166
18684,0.22107688871243186
18685,0.8052273845122105
18686,0.5625171912790462
18687,0.34370326577295696
18688,0.7015278271712991
18689,0.4383909970741099
18690,0.8426359883129095
18691,0.7486231516892363
18692,0.6529482719648166
18693,0.7482728858888035
18694,0.9266608294305916
18695,0.8251205596309344
18696,0.5741813768806416
18697,0.8439987408386613
18698,0.6481827396343142
18699,0.68320192361979
18700,0.2409158057582665
18701,0.2683989844114652
18702,0.8488322136495207
18703,0.7257596528165385
18704,0.3108866297329606
18705,0.612010825818614
18706,0.3869170806218729
18707,0.4034356802018212
18708,0.6056356119798563
18709,0.8788742666566066
18710,0.3699497692832039
18711,0.740078762920657
18712,0.649274827318114
18713,0.8368174665893041
18714,0.8149813709468016
18715,0.4220083324980971
18716,0.8520056655144468
18717,0.3313504702749267
18718,0.45915436380416497
18719,0.7859396363487872
18720,0.48092544337275306
18721,0.4249541288838749
18722,0.6242289598849564
18723,0.18814082207469335
18724,0.4620233673349092
18725,0.7222645024837455
18726,0.5760938697634487
18727,0.3312817059657287
18728,0.5163811448617651
18729,0.7195668464089882
18730,0.8897678669362998
18731,0.7766652784753258
18732,0.6678458921750174
18733,0.6046173042963501
18734,0.6036962267373975
18735,0.2225746485905066
18736,0.3049529073670321
18737,0.6140801619044856
18738,0.5876529521201636
18739,0.6847661336989326
18740,0.8839179405677471
18741,0.8500718078760201
18742,0.7595919920863382
18743,0.8025095137582849
18744,0.7619597815950692
18745,0.7688990928926446
18746,0.5450540047481777
18747,0.8173365686513464
18748,0.18968433286988817
18749,0.5957335333606254
18750,0.7643227962092157
18751,0.29364546067747727
18752,0.7497379231517312
18753,0.7046348565030016
18754,0.6727618056726192
18755,0.5056216405257773
18756,0.4163691640120952
18757,0.481448957080458
18758,0.49043641351734013
18759,0.1842469664131253
18760,0.7010107877526686
18761,0.8799386154576228
18762,0.6031200099460311
18763,0.8406354361159011
18764,0.3330306461951642
18765,0.3279714285477062
18766,0.29313023722713616
18767,0.6229922243335517
18768,0.497403208928013
18769,0.6894393141566011
18770,0.6998359903539118
18771,0.4778287814045825
18772,0.35211882417938195
18773,0.5091432529706451
18774,0.6837263319002794
18775,0.17081269451408865
18776,0.1701122446807181
18777,0.300764218318847
18778,0.26928577781137564
18779,0.32097115241962704
18780,0.45344595292234646
18781,0.20244767577847145
18782,0.8122160693742797
18783,0.853734579836653
18784,0.45751542419816593
18785,0.9242610137924188
18786,0.44905903413794945
18787,0.7556113133003344
18788,0.49156162241646134
18789,0.6573571052195865
18790,0.3125934181439795
18791,0.47050953773477217
18792,0.8784619009659419
18793,0.4120679951768515
18794,0.5176348578686281
18795,0.4078628586759778
18796,0.7523295108495214
18797,0.8536027097946632
18798,0.6471728100793807
18799,0.8659577925121014
18800,0.4046216239645929
18801,0.2912023460128482
18802,0.5548902984843352
18803,0.20797626847232636
18804,0.20911215952212192
18805,0.618258988179352
18806,0.41565220063598457
18807,0.4589181820241022
18808,0.8898111627504388
18809,0.7801519129873211
18810,0.4742527668585814
18811,0.5702611735522025
18812,0.5611189470020302
18813,0.6370261477624566
18814,0.5248723991184774
18815,0.36811052873789646
18816,0.24662643417838803
18817,0.5839759182073871
18818,0.8579185466677888
18819,0.16035070737612303
18820,0.2615954556772712
18821,0.7702059926785148
18822,0.4099998869075897
18823,0.5208112421511303
18824,0.5072523632133323
18825,0.3421549973651505
18826,0.8607599470871296
18827,0.8913218542734205
18828,0.26015336556668517
18829,0.26798698866901155
18830,0.1996755459357025
18831,0.8367553052453115
18832,0.3316556128107222
18833,0.6184617516123317
18834,0.47404478423459134
18835,0.3444132658775733
18836,0.8079675308765996
18837,0.21505612990864642
18838,0.5949767307001903
18839,0.2813645940849518
18840,0.29277080225003377
18841,0.5719800474193928
18842,0.5890213921358319
18843,0.30906271373415994
18844,0.9151865444159731
18845,0.2392279333031113
18846,0.2586399188896189
18847,0.8862584512277394
18848,0.43715488876101044
18849,0.5700354929823529
18850,0.629768551418001
18851,0.5185793181954312
18852,0.8356739082894373
18853,0.5036581797039295
18854,0.7555368259277806
18855,0.6743972128090349
18856,0.7009920569257414
18857,0.23399397678744227
18858,0.800955161291837
18859,0.2520732825277122
18860,0.7504183882809875
18861,0.5103538191321222
18862,0.34577280407107885
18863,0.5481291890706902
18864,0.6175150937840687
18865,0.14226296236106578
18866,0.6513695399057668
18867,0.5890437520403934
18868,0.6166403017571025
18869,0.6085179798789337
18870,0.13473888987776983
18871,0.38918859202357114
18872,0.572815800585778
18873,0.26700517541643237
18874,0.40348480428428996
18875,0.4923267029664805
18876,0.12731059817466756
18877,0.29521331190462297
18878,0.833027927500449
18879,0.3915967423876751
18880,0.30642748330658937
18881,0.5333545657396802
18882,0.3299293375780529
18883,0.4540671182199624
18884,0.7705771240251444
18885,0.5279939207986091
18886,0.5158352473863659
18887,0.8587480539802751
18888,0.4414153185704264
18889,0.8789157432403973
18890,0.18628966297005223
18891,0.850855223239348
18892,0.6215686299421418
18893,0.49161570338148364
18894,0.7981802817750269
18895,0.847738865818186
18896,0.7020256590159007
18897,0.1812999261821546
18898,0.36036426611176275
18899,0.8140886546916272
18900,0.7447981070898487
18901,0.662742331694671
18902,0.7911989729194328
18903,0.8015074646498781
18904,0.12608806636745393
18905,0.7010370091839134
18906,0.9258354481751644
18907,0.836686429692347
18908,0.7239889174394213
18909,0.2623921449800609
18910,0.8535681488972696
18911,0.34351123532634487
18912,0.8467174352154444
18913,0.7520624000840217
18914,0.484699720766471
18915,0.6172737253697946
18916,0.8470571557942043
18917,0.3657412871325366
18918,0.7993460572265365
18919,0.6662296309476767
18920,0.5797843514625319
18921,0.6567414408758987
18922,0.3610861003478596
18923,0.4244884362360055
18924,0.7297432087096947
18925,0.6751958047111155
18926,0.3940667227074776
18927,0.6770200252101071
18928,0.8796062155884856
18929,0.2857702366207913
18930,0.8050922512034457
18931,0.8854968199503969
18932,0.337172234295888
18933,0.3582245307921699
18934,0.6916502223978355
18935,0.6624458635153107
18936,0.42237072757011046
18937,0.573046780685043
18938,0.6958748789000586
18939,0.4610787660753511
18940,0.7682296461077428
18941,0.2634784817431558
18942,0.5492236187235723
18943,0.24379886368246814
18944,0.4333267285345214
18945,0.5859892595687652
18946,0.8523716939315795
18947,0.42739782812890276
18948,0.8331577321268898
18949,0.8149309534762786
18950,0.8147795348147185
18951,0.4091540024463166
18952,0.2923237701111982
18953,0.5783545948015341
18954,0.22381927734910204
18955,0.7543490064587884
18956,0.37891227642457725
18957,0.6246221320039168
18958,0.6639184146515081
18959,0.9132957222424137
18960,0.5840376412268564
18961,0.6093765269076354
18962,0.8021448807538107
18963,0.9115347351777652
18964,0.7741471677345784
18965,0.7428146090587721
18966,0.7965800260554015
18967,0.22359018982744913
18968,0.383028862422401
18969,0.8476287581850305
18970,0.5389301922641888
18971,0.8358674929152571
18972,0.6749936806634589
18973,0.417855534272431
18974,0.5738047255253943
18975,0.489699073598232
18976,0.7260444463579266
18977,0.8533203791639107
18978,0.4608463597679453
18979,0.3479024587581992
18980,0.8334801527675828
18981,0.5664153787193815
18982,0.7693021824390018
18983,0.8664602048854824
18984,0.6502312069213562
18985,0.32348584019793536
18986,0.4108507101182384
18987,0.8488588902730125
18988,0.760147359955184
18989,0.6359623066682227
18990,0.5347135488994393
18991,0.2368010401846407
18992,0.8475264668522022
18993,0.6752905984128885
18994,0.7446739143070416
18995,0.17052177217716857
18996,0.2288723949363119
18997,0.16383608764229834
18998,0.8625982784303192
18999,0.7737509031800589
19000,0.7429134823718027
19001,0.6811114367314914
19002,0.5896259857609163
19003,0.6843755250361004
19004,0.7083037503182044
19005,0.8973673135330004
19006,0.8529351979159208
19007,0.29991793069284445
19008,0.5772490440529163
19009,0.47462758124028526
19010,0.21783706567977507
19011,0.31370827206717034
19012,0.2269280675860994
19013,0.19079670524789996
19014,0.6008112138598702
19015,0.8133538766639752
19016,0.7622248365012829
19017,0.6738253573710492
19018,0.4462668612036206
19019,0.9209967940273999
19020,0.677806286161424
19021,0.24752713675224663
19022,0.5174277859652259
19023,0.30071384669585116
19024,0.8365198130257987
19025,0.766466638327537
19026,0.6543741251036282
19027,0.5060059426633814
19028,0.7637349701682068
19029,0.7321145444421728
19030,0.8787005472645351
19031,0.1711235083967442
19032,0.4157541868586361
19033,0.4235742673097293
19034,0.2225439891428484
19035,0.5716974179096204
19036,0.38944675947893775
19037,0.5253139049298932
19038,0.6171027600069839
19039,0.8899214953702018
19040,0.5927632245208115
19041,0.6130905906464814
19042,0.2705430206773915
19043,0.3108090404850622
19044,0.5941755998915467
19045,0.7138964512016258
19046,0.3991969279398573
19047,0.5873406625956423
19048,0.7591829804707504
19049,0.8599810637051231
19050,0.8441156407162209
19051,0.49488164996429074
19052,0.8799592126866248
19053,0.24958877569275337
19054,0.8705451812668731
19055,0.5762468938370829
19056,0.612400385370871
19057,0.8410775815696546
19058,0.3242351370811459
19059,0.4679308295936207
19060,0.21044518960733874
19061,0.33364597563830845
19062,0.807709091837704
19063,0.8500905246975762
19064,0.4945965118793042
19065,0.3163415092231582
19066,0.8588440412152096
19067,0.6279068947264226
19068,0.8249936591258155
19069,0.3250286465995867
19070,0.7999158834122567
19071,0.92685296263243
19072,0.388370358683337
19073,0.8824776630211802
19074,0.8790060863128067
19075,0.27653915568709714
19076,0.453968296717688
19077,0.3234035133414826
19078,0.7529601429555899
19079,0.7347843066601523
19080,0.4205181819068887
19081,0.2561916116278966
19082,0.5938413587268885
19083,0.2568241685027306
19084,0.7637540307623017
19085,0.4265819083310086
19086,0.8165514581598508
19087,0.45642242736126626
19088,0.8790106854960338
19089,0.8100619067263279
19090,0.5908713309920357
19091,0.20922214708711873
19092,0.30082928107690704
19093,0.9080243255088998
19094,0.7211163277641804
19095,0.5412599835555089
19096,0.23289233958866606
19097,0.3251927999231061
19098,0.8733179276860682
19099,0.3381146566330424
19100,0.8636938501832473
19101,0.6194430364316875
19102,0.16542412026054645
19103,0.5300386177878285
19104,0.5228043152185023
19105,0.8745552167430934
19106,0.48394617695144726
19107,0.7567467327144569
19108,0.2737097748142535
19109,0.3425289606344441
19110,0.3624116537831414
19111,0.9193091315978548
19112,0.1321781454538447
19113,0.41100013561568394
19114,0.41966991526276665
19115,0.7592632919811055
19116,0.8079637171927891
19117,0.5120429595056717
19118,0.2145132493061675
19119,0.34192882845686356
19120,0.5045520196443155
19121,0.6654341147867457
19122,0.7535978417575918
19123,0.20750840285652442
19124,0.7992039229870467
19125,0.6311315583163999
19126,0.40049778458024404
19127,0.34526964445379693
19128,0.7437627329165615
19129,0.2001144020555538
19130,0.6639650970909815
19131,0.6360231844833594
19132,0.8409267974514892
19133,0.3928827913840461
19134,0.22154427615302835
19135,0.4072270270379007
19136,0.5021035611131108
19137,0.25388679823394
19138,0.7988628351121209
19139,0.4764556704097792
19140,0.343858032988577
19141,0.8579453676266803
19142,0.561099078352309
19143,0.8793969474192334
19144,0.8206986389315698
19145,0.6931132213084614
19146,0.5035107695362416
19147,0.6552923094530559
19148,0.8747578654711669
19149,0.512418525280427
19150,0.8390872605880034
19151,0.25287894020262874
19152,0.38621206934410346
19153,0.4257594113693411
19154,0.3916455679503847
19155,0.40190487094583033
19156,0.5339909020386213
19157,0.8301717983128711
19158,0.19980313712160225
19159,0.8497992324531085
19160,0.7953531173922275
19161,0.1911119211976031
19162,0.2196604582815641
19163,0.7535348925191054
19164,0.7860832045593025
19165,0.8294146988269587
19166,0.4366488512114108
19167,0.29616927522790665
19168,0.41308458513275825
19169,0.6161941083061675
19170,0.4701816135152045
19171,0.7166398827948566
19172,0.564330253756475
19173,0.7160447256183484
19174,0.16228686824915484
19175,0.6056723537992291
19176,0.5921982206979364
19177,0.8810252064321556
19178,0.7760966276283063
19179,0.842720637646218
19180,0.4538950438557757
19181,0.47670964069271027
19182,0.32828675955766423
19183,0.27698686665752875
19184,0.541584964873174
19185,0.701225252247187
19186,0.46624468852056294
19187,0.3605155878086977
19188,0.8279650711397312
19189,0.6676270846977947
19190,0.5002105862783984
19191,0.3855059515668961
19192,0.7701449291842271
19193,0.7729672706370508
19194,0.30272466322365266
19195,0.36532106917819906
19196,0.6301216544815507
19197,0.1975336782702963
19198,0.21819669503496292
19199,0.7847835288951757
19200,0.24141091025050565
19201,0.3777802130613357
19202,0.7973325904206809
19203,0.6524110145687377
19204,0.3298788395682989
19205,0.6785177260215848
19206,0.8517946229643589
19207,0.3028349729637631
19208,0.6634445253430948
19209,0.6372703110229107
19210,0.6144791802096522
19211,0.8792231733930198
19212,0.27230222189967823
19213,0.5676115692483701
19214,0.292367853203754
19215,0.6690816464038206
19216,0.8642623088200649
19217,0.35587662199224834
19218,0.8749613605179016
19219,0.2139219944188483
19220,0.9212362178307049
19221,0.48272041735162374
19222,0.09930227959610692
19223,0.3898392072107311
19224,0.2912186161828293
19225,0.6447852103260554
19226,0.685978612335129
19227,0.46975376750404585
19228,0.32361799513050765
19229,0.5225492363922726
19230,0.8101550991166082
19231,0.6316176559325527
19232,0.7403123565546333
19233,0.8697622583769846
19234,0.6670135809856649
19235,0.7865593945326204
19236,0.606072139565709
19237,0.3824988259964905
19238,0.5105132510027829
19239,0.35244214756894454
19240,0.9059607346391232
19241,0.309724222456372
19242,0.23455235169652924
19243,0.6033000480013821
19244,0.7592286035424252
19245,0.34896787709989974
19246,0.273114024721446
19247,0.4194762646757249
19248,0.43169764154808615
19249,0.371929751394071
19250,0.527027576463665
19251,0.8579996856305037
19252,0.5833836466616829
19253,0.2606170201315552
19254,0.6190796486327625
19255,0.8961780851488198
19256,0.32858586868471
19257,0.5043407014625353
19258,0.7109324626753288
19259,0.35130825657634895
19260,0.8778970461634756
19261,0.20893835419672174
19262,0.7012058392456977
19263,0.785474765077522
19264,0.64297739942761
19265,0.206706733520222
19266,0.5721754663171342
19267,0.8505031407157994
19268,0.6828450260783773
19269,0.5955008682703947
19270,0.2487916563196112
19271,0.48037186819659583
19272,0.8892832084998944
19273,0.5190830679933689
19274,0.5831914365419512
19275,0.27491940026191397
19276,0.718361791063555
19277,0.5262902122912433
19278,0.8169656166959058
19279,0.8535666331025978
19280,0.773376689990648
19281,0.5864450698808441
19282,0.6830445781033596
19283,0.6873931823537134
19284,0.6020034999095096
19285,0.24946090221126782
19286,0.5746196936331673
19287,0.9008937144375182
19288,0.3318075414843854
19289,0.147658931717598
19290,0.17241672535261693
19291,0.20628694491563604
19292,0.1754292693653008
19293,0.3679349853791475
19294,0.6812365764012641
19295,0.6175647459929053
19296,0.6918353005914023
19297,0.617321103146593
19298,0.5397288784963455
19299,0.8668068070478686
19300,0.8185083878001504
19301,0.3835888384764345
19302,0.6780868160251122
19303,0.5590037508024255
19304,0.3603320999284154
19305,0.22248433301059145
19306,0.7819543076168977
19307,0.5771560601184776
19308,0.18444264151959838
19309,0.7247153050506114
19310,0.845129038853355
19311,0.5886578290263869
19312,0.4816663822632562
19313,0.6088545672165706
19314,0.2302549098167441
19315,0.1311303258805931
19316,0.8974979223039152
19317,0.8606886530751608
19318,0.5884768510976993
19319,0.45261123364412653
19320,0.8592309206182864
19321,0.8687086315480556
19322,0.7946097141497358
19323,0.2678021695405873
19324,0.7889342024492838
19325,0.1624428203430654
19326,0.8328435339655083
19327,0.8552013931158029
19328,0.4438307563330168
19329,0.7352217090393791
19330,0.8446950367595935
19331,0.6870071372210843
19332,0.19429903738792656
19333,0.6633932252563073
19334,0.402268222339701
19335,0.7764850153564316
19336,0.599985950482542
19337,0.5583912687696024
19338,0.5725437937873451
19339,0.6313438405032707
19340,0.32868442606840215
19341,0.6505472754190772
19342,0.2550955868399787
19343,0.2578518909353238
19344,0.20835038229234593
19345,0.39723864584293317
19346,0.8750809755012064
19347,0.7377387634472943
19348,0.3554300707323073
19349,0.2702285323286756
19350,0.6019058981348897
19351,0.8637149327828619
19352,0.8868583150797914
19353,0.4480909263797473
19354,0.6196945531914504
19355,0.8638160904564014
19356,0.10387877616787028
19357,0.6014818375473971
19358,0.13387624527212294
19359,0.763215572902903
19360,0.4380081539442363
19361,0.17666380707281726
19362,0.867648051868112
19363,0.7087046096779608
19364,0.9008844275410052
19365,0.5730170506049659
19366,0.23698924590372963
19367,0.5571758879754051
19368,0.24398686825756088
19369,0.888968465342304
19370,0.24603612701830724
19371,0.7552647837389093
19372,0.16395147079136935
19373,0.8184963940864733
19374,0.5816027471759737
19375,0.8311268465411246
19376,0.3991580986997558
19377,0.8702616302821631
19378,0.3486829611719511
19379,0.6120058994898377
19380,0.8041034796117904
19381,0.8310761178030068
19382,0.3502709493498259
19383,0.5299214703390138
19384,0.7963082254652047
19385,0.18939116914311627
19386,0.30408622338916524
19387,0.28097244162586493
19388,0.7073056028537046
19389,0.5556565545324956
19390,0.6448462699997006
19391,0.8307981708961789
19392,0.7480585936776921
19393,0.4469614813894133
19394,0.5684279456722745
19395,0.8172049260068845
19396,0.47797529441412817
19397,0.21343659090839134
19398,0.6109331435667444
19399,0.49613973495645625
19400,0.11713093691255462
19401,0.8158884094351413
19402,0.8834354525355615
19403,0.6667794063699208
19404,0.7791656541121758
19405,0.9134210506319136
19406,0.8266124846373613
19407,0.7523371477331514
19408,0.6616021280391597
19409,0.6627745668600852
19410,0.34715738148276254
19411,0.9404256667977337
19412,0.24842228223724933
19413,0.8239959674198356
19414,0.856264002147832
19415,0.41327212235434907
19416,0.6899633332123728
19417,0.6495419047594692
19418,0.6492004341685368
19419,0.41154034617235097
19420,0.806178840883494
19421,0.4497548623170621
19422,0.6591394577695052
19423,0.48263241065236195
19424,0.3208546880441188
19425,0.6024806790789328
19426,0.7832327388893767
19427,0.1826809719013477
19428,0.2637351089116764
19429,0.6636509542034084
19430,0.6696404318884772
19431,0.1580232113849976
19432,0.7783908592083727
19433,0.7530650234688072
19434,0.28522559221182314
19435,0.8319890544394655
19436,0.7791835735203139
19437,0.8636737857718936
19438,0.20635563197485918
19439,0.7416893086334242
19440,0.7975237636171026
19441,0.8315321259160242
19442,0.6055933940825858
19443,0.3784040054673119
19444,0.7250789757254967
19445,0.17081877603350173
19446,0.8435867615799325
19447,0.4498712910259792
19448,0.8695204794168934
19449,0.8499440652286097
19450,0.8536047913280268
19451,0.13239767906568511
19452,0.6755251906624631
19453,0.23273334572389284
19454,0.17435501819790716
19455,0.3901254839441962
19456,0.8454593153038849
19457,0.7040636197405296
19458,0.10474885364363279
19459,0.8527478904238066
19460,0.12257426913802083
19461,0.8743858278181647
19462,0.821664032096121
19463,0.7380135133291937
19464,0.5900619660469608
19465,0.7603603485778304
19466,0.750158514627149
19467,0.2841561997505713
19468,0.7803959774238797
19469,0.44413555414849665
19470,0.8013481957640431
19471,0.2689225006546069
19472,0.42801436538073956
19473,0.618505889712346
19474,0.6497045532179199
19475,0.4699430166176633
19476,0.7113698548386751
19477,0.7782850353369192
19478,0.35485537058807737
19479,0.7695480298648208
19480,0.7239029964969766
19481,0.6630775224018362
19482,0.8535706841823879
19483,0.3427149150790799
19484,0.8982994713620837
19485,0.7379057029026777
19486,0.3772005467332423
19487,0.7672066750187759
19488,0.8992502098520537
19489,0.8002712409031216
19490,0.570472331492675
19491,0.39239271634178846
19492,0.38474680157761243
19493,0.4022448026428256
19494,0.8393089784012491
19495,0.7745850570910059
19496,0.8419069338524507
19497,0.48845455293790907
19498,0.49029178300929366
19499,0.8354352614243735
19500,0.7526407922395597
19501,0.6240695447677929
19502,0.6101746579133839
19503,0.7685055920448187
19504,0.10009659633440263
19505,0.3261113288278802
19506,0.625384577401539
19507,0.8795979296772313
19508,0.7786871018442253
19509,0.45015164336168706
19510,0.6871281491329658
19511,0.5318827440850122
19512,0.28740796234419985
19513,0.41098869953253725
19514,0.4660247937793054
19515,0.2567205491303143
19516,0.18295169723135574
19517,0.5385744346100974
19518,0.901313923707419
19519,0.27285445986589224
19520,0.8264866891582443
19521,0.2950376279792246
19522,0.37155807947829345
19523,0.5975139468183528
19524,0.8029625575206321
19525,0.18698501731805628
19526,0.8247860182155792
19527,0.33113964638559074
19528,0.7057354921593557
19529,0.5576931654590981
19530,0.555953718704448
19531,0.6009686801758592
19532,0.8250037692886978
19533,0.4786571951139854
19534,0.6888441875008863
19535,0.7616114968597338
19536,0.7790855612124002
19537,0.8807035400995904
19538,0.4629308067024839
19539,0.6247993792326652
19540,0.5759031911681549
19541,0.339473419488055
19542,0.39695083073568976
19543,0.646052794396031
19544,0.7276601597677361
19545,0.44998044779147744
19546,0.2656926755518638
19547,0.5561998576985716
19548,0.850415028522724
19549,0.8430513344094662
19550,0.913913831665712
19551,0.590880788607939
19552,0.10666635601915461
19553,0.8734586985287631
19554,0.6710699904059074
19555,0.149304648605737
19556,0.7363123453896186
19557,0.7276374023429861
19558,0.786920925446311
19559,0.8142192963999335
19560,0.7979298067815092
19561,0.3424256917001563
19562,0.8551261300177646
19563,0.6291769993436354
19564,0.7319494629488109
19565,0.31518179163257043
19566,0.3823426398455258
19567,0.5385130272633394
19568,0.515067525162939
19569,0.8402443846268669
19570,0.6530284529858149
19571,0.43731515566444173
19572,0.22347401814672058
19573,0.8108121360217957
19574,0.8634452251696012
19575,0.86267340364586
19576,0.24086638154521375
19577,0.6312831977800359
19578,0.6446739517292029
19579,0.7104913858368629
19580,0.366374846822038
19581,0.856370257938495
19582,0.665338252406205
19583,0.3012252175893965
19584,0.34022754573050434
19585,0.8562982434816252
19586,0.44043102541366397
19587,0.21391213821627336
19588,0.38227237310720075
19589,0.7207384362992526
19590,0.39622212619492825
19591,0.3089305250760108
19592,0.7904046902721211
19593,0.8367505576277245
19594,0.31023843401416035
19595,0.7747440952069778
19596,0.2613992840347169
19597,0.789798020322549
19598,0.42946424389088234
19599,0.6547433742238676
19600,0.8081846918889379
19601,0.245742706549633
19602,0.1891826390813732
19603,0.6032219881423592
19604,0.8789111707817682
19605,0.4838317888125453
19606,0.18320122440608952
19607,0.6887980960220894
19608,0.1457508631658257
19609,0.7426982156412607
19610,0.7226619629091278
19611,0.7624271614163678
19612,0.1656891341919942
19613,0.8529677703064804
19614,0.8198589184631199
19615,0.5189544656738153
19616,0.4591631171719163
19617,0.5360617007119616
19618,0.708188746272512
19619,0.5464086053948773
19620,0.7338513338166162
19621,0.22650492524916713
19622,0.4887701945543893
19623,0.27041627777521754
19624,0.22009794037473865
19625,0.48805966607500073
19626,0.7493360596300971
19627,0.6552395754349932
19628,0.64590878712083
19629,0.5718373374144108
19630,0.7460474173293838
19631,0.7191717404017963
19632,0.8220264160319763
19633,0.7815619207581389
19634,0.49221211487895394
19635,0.308108790246364
19636,0.8876466549944056
19637,0.8194126608406097
19638,0.9140065082797301
19639,0.45383122909894325
19640,0.3971364618249654
19641,0.75413324560042
19642,0.5833482866489078
19643,0.6498108141673031
19644,0.5728581103339069
19645,0.8470057105294906
19646,0.5501238344355861
19647,0.15283919692588657
19648,0.21457627153596404
19649,0.5462667846442253
19650,0.7236934652575435
19651,0.21562991208916124
19652,0.8415684296743662
19653,0.573065263117452
19654,0.7893801493473465
19655,0.34352648839764727
19656,0.8516078042987741
19657,0.6888028433301656
19658,0.8911438734985301
19659,0.7688812137984968
19660,0.7116251370565312
19661,0.5604955368267912
19662,0.3561198102056731
19663,0.4906405916853197
19664,0.18648514530089236
19665,0.46751327300534484
19666,0.7768669077623324
19667,0.30393730975873223
19668,0.7884329213547804
19669,0.2306953383288246
19670,0.24492287483725955
19671,0.19630240030502738
19672,0.8021655533864425
19673,0.3133525610381108
19674,0.40042663915804655
19675,0.5949769294697083
19676,0.6232667970568765
19677,0.9032635054182822
19678,0.7680979413202793
19679,0.808338379396527
19680,0.452183745310474
19681,0.8452761881372471
19682,0.4159523297358661
19683,0.6048036296601274
19684,0.711636763977795
19685,0.3351904472741805
19686,0.8382514758996399
19687,0.15890565999061762
19688,0.8105190040964388
19689,0.5704535733440571
19690,0.8279962044559033
19691,0.28012373752133235
19692,0.6042956887228552
19693,0.5320416866816762
19694,0.875521408909192
19695,0.3149050555402471
19696,0.503566532155278
19697,0.3026948114330828
19698,0.18668412518133087
19699,0.6749879497589717
19700,0.28319861854565814
19701,0.6575275076205027
19702,0.41601099217691956
19703,0.3305358069812915
19704,0.476898522779012
19705,0.5848766179737196
19706,0.5929453885537329
19707,0.6579361852022011
19708,0.5523135491935058
19709,0.5877719227544526
19710,0.45917964674516404
19711,0.2477232738474635
19712,0.9060443100791669
19713,0.7612967810610403
19714,0.7670215080606106
19715,0.6729940271530552
19716,0.8476792265965879
19717,0.9189991135361724
19718,0.5001666414526541
19719,0.7282694302793538
19720,0.6368429069242532
19721,0.7258154860760607
19722,0.2719662604951003
19723,0.27475716931370864
19724,0.4789454109050726
19725,0.8422058996045294
19726,0.4216746902055577
19727,0.26475989832508817
19728,0.7490061100902006
19729,0.5542185453625683
19730,0.633366662389251
19731,0.9140494943779619
19732,0.8097610006981988
19733,0.13991263378842028
19734,0.7317458926678523
19735,0.7545572164156328
19736,0.40390328213185067
19737,0.5619737954824031
19738,0.5624746039534989
19739,0.6243674789795641
19740,0.6717807764203655
19741,0.8984700209685739
19742,0.28337760803332424
19743,0.35614321866706544
19744,0.39173263455390844
19745,0.8483842536305316
19746,0.2018642866190983
19747,0.6773334120750245
19748,0.4978064983758063
19749,0.37097914813396954
19750,0.1901524445833507
19751,0.12210755020513839
19752,0.5473718314278548
19753,0.5764628184130549
19754,0.8733522954706565
19755,0.7482498170675359
19756,0.8838757529628232
19757,0.24808655317085235
19758,0.3960699095767664
19759,0.46602424235618045
19760,0.7575211085790581
19761,0.3478408059547024
19762,0.5585346996320398
19763,0.31346027204574317
19764,0.21812612470836995
19765,0.7517659038142226
19766,0.540012193213124
19767,0.8606399946893142
19768,0.6211331563523261
19769,0.8513332863430523
19770,0.7708184860233309
19771,0.3199484355057761
19772,0.2694098408858627
19773,0.9164652715732048
19774,0.8431308018279998
19775,0.13316732645236773
19776,0.540226716029298
19777,0.4139342504000335
19778,0.9081239217670092
19779,0.7045186625730323
19780,0.859824063888801
19781,0.30677385841763505
19782,0.585565867941166
19783,0.27545098963063624
19784,0.21110412225037745
19785,0.8644943095559383
19786,0.7438774195525607
19787,0.19178016976561704
19788,0.8208819766408734
19789,0.3172280821474721
19790,0.8584483773452388
19791,0.47966960678332615
19792,0.6019791159830613
19793,0.6626741651733815
19794,0.3465734171194462
19795,0.4169047642834789
19796,0.09722266617335029
19797,0.6435788702175453
19798,0.7943825734277288
19799,0.5189265228557008
19800,0.575837713789452
19801,0.7490758964585521
19802,0.6350750862425592
19803,0.43027446911165856
19804,0.7812360661992446
19805,0.11605074280095166
19806,0.6237291461005395
19807,0.7678879737959972
19808,0.7520436655457894
19809,0.5272414758512011
19810,0.8779192162417546
19811,0.6005262054103607
19812,0.4845103987435942
19813,0.19717136446998954
19814,0.7346308968078497
19815,0.47879953676968323
19816,0.3237728294332055
19817,0.4260729949364058
19818,0.8000594680313641
19819,0.5570322458618696
19820,0.1974426914917384
19821,0.41837808283556277
19822,0.8608482557121483
19823,0.5665405968178386
19824,0.3283972629695711
19825,0.5357350701344494
19826,0.7409568180059416
19827,0.7742439234857769
19828,0.6928771558404706
19829,0.9219082538524389
19830,0.39952535713859216
19831,0.43512216398202835
19832,0.34997483825231923
19833,0.4264911135650008
19834,0.20708054031478304
19835,0.8462304832511359
19836,0.21192224684182184
19837,0.38224224276468066
19838,0.8528736486559828
19839,0.4870820514921933
19840,0.815292989566171
19841,0.2970011216870689
19842,0.3651261362846853
19843,0.8549847601078623
19844,0.8554409316978523
19845,0.6653307428377528
19846,0.6850485347002259
19847,0.7580092456420477
19848,0.5316273621426231
19849,0.41245646523263063
19850,0.4292831869556062
19851,0.31419402283140063
19852,0.5149074612024278
19853,0.3336186569408095
19854,0.8520372583639607
19855,0.32136145246052433
19856,0.637160692649225
19857,0.8003033526830188
19858,0.13968906337889875
19859,0.5336989096441935
19860,0.863395281212491
19861,0.5487590136668445
19862,0.7579069119105348
19863,0.19002557747952786
19864,0.7134735082985325
19865,0.3917678658434076
19866,0.33070461119984884
19867,0.46675520875834114
19868,0.6714760363406248
19869,0.540512039286241
19870,0.18388127616299532
19871,0.7014664199447715
19872,0.32598446634919387
19873,0.24233291202145169
19874,0.7915937121587369
19875,0.8507130822322041
19876,0.8616633666222505
19877,0.7464897465619883
19878,0.36310634732674807
19879,0.3790527385834417
19880,0.5039552195267121
19881,0.5904852974422108
19882,0.38654345248133937
19883,0.711262100754547
19884,0.6436825466195955
19885,0.710001334705143
19886,0.7263204569164258
19887,0.3232495678865883
19888,0.6888843380088884
19889,0.6157916381534212
19890,0.37252961527746237
19891,0.3801138969358964
19892,0.8241761723251757
19893,0.6842849050213551
19894,0.4213213359485607
19895,0.2992034899207027
19896,0.19827467936031695
19897,0.9162537889564463
19898,0.6278231615632579
19899,0.43736176872411925
19900,0.6613095035385741
19901,0.2058030826025436
19902,0.6433998131928168
19903,0.6905027343138701
19904,0.394768978426102
19905,0.7973825538414442
19906,0.810108275982413
19907,0.7851636077791158
19908,0.6849928577588326
19909,0.7507377531822182
19910,0.7182951085448048
19911,0.8259239867933429
19912,0.8642297636813948
19913,0.36447773321860366
19914,0.6128567397623891
19915,0.8278215282007639
19916,0.2446062737796595
19917,0.4099315407138434
19918,0.5389439662634243
19919,0.747608650491917
19920,0.7241441150456043
19921,0.8911976002335054
19922,0.4551669792804065
19923,0.6702735467715872
19924,0.5588796208737495
19925,0.7511098919347908
19926,0.7342869800567408
19927,0.8015566490869311
19928,0.7310312793915633
19929,0.6078653518847263
19930,0.57723169276714
19931,0.7910541741850157
19932,0.7679522956951703
19933,0.6350624454608376
19934,0.8962345887643117
19935,0.8371898842318009
19936,0.261648618087746
19937,0.8542885563679161
19938,0.16379996764448282
19939,0.8231038525073816
19940,0.26746145632757734
19941,0.3016915499964991
19942,0.8831154307627243
19943,0.8459343790218631
19944,0.8454482136960358
19945,0.4056631618655925
19946,0.7444071161276988
19947,0.8630337295254408
19948,0.8364015857012534
19949,0.3248896475059506
19950,0.8209033992992599
19951,0.8928647569543867
19952,0.8838004273198583
19953,0.6882865977995809
19954,0.7005501640258834
19955,0.8378898265318755
19956,0.6267109381401661
19957,0.7374595706026088
19958,0.4083022674126082
19959,0.8172292431538204
19960,0.6075740134941537
19961,0.29531143594190246
19962,0.2771518802569328
19963,0.5237656186504541
19964,0.8269922013981439
19965,0.8012603499156985
19966,0.7701376506255802
19967,0.13295803879018528
19968,0.2533803868366265
19969,0.5756157688067539
19970,0.3240968097070029
19971,0.7932252938930567
19972,0.4693943939492553
19973,0.14688155484388515
19974,0.7926297084506091
19975,0.5566625783228184
19976,0.8213004899361004
19977,0.3484218045538747
19978,0.7572970127847197
19979,0.8848244759619533
19980,0.32816398992847357
19981,0.29694549224790245
19982,0.7626750689907048
19983,0.29209272551200716
19984,0.7264348339400705
19985,0.31352295236477395
19986,0.8201216708054656
19987,0.8159032762284947
19988,0.7866645804917696
19989,0.5133446313375899
19990,0.5125876793793662
19991,0.727416054776424
19992,0.6161765792856975
19993,0.18275904596947679
19994,0.8806541190606046
19995,0.6172932503114936
19996,0.8859114441437842
19997,0.19479327000403118
19998,0.8445865709126149
19999,0.4417306990661311
