id,target
250,0.8516954708966137
251,0.27043153327569625
252,0.297956373489227
253,0.8440276746374509
254,0.5642380287891866
255,0.43311366850832905
256,0.38694904372286215
257,0.2050421010593992
258,0.7237633066446673
259,0.08471900362900842
260,0.5289672133244715
261,0.5287525681501871
262,0.5327640852044417
263,0.6851359532879507
264,0.2701076929142786
265,0.5451253781096641
266,0.7022828422730159
267,0.5643759267209459
268,0.6095438400412208
269,0.2624314095930221
270,0.441050088793876
271,0.8223254113505356
272,0.7284562036978842
273,0.22769042707528522
274,0.37734195508337454
275,0.5870318276753488
276,0.18597058282213047
277,0.8422694360879454
278,0.7657369459796285
279,0.3074492595483702
280,0.4597079927525205
281,0.2466291686773965
282,0.46262858263113593
283,0.455710356125009
284,0.8915871718372996
285,0.17160245075766528
286,0.8506554882531933
287,0.2971618819547993
288,0.8086977358402015
289,0.864346999845959
290,0.6018712904175565
291,0.37134105556545804
292,0.7363612866532334
293,0.7733253941469428
294,0.34996359609827327
295,0.8876200857375173
296,0.5630797148646521
297,0.8086117602215053
298,0.7193945515313105
299,0.3238173248721352
300,0.39451589348113314
301,0.31837814814838855
302,0.7345438768700413
303,0.7289276448092928
304,0.6989068697447975
305,0.9059724150134322
306,0.9443723808874277
307,0.7752183876556947
308,0.7942189563459268
309,0.3882330390405411
310,0.643526989133192
311,0.4559014875238499
312,0.6392384728277649
313,0.6912140082346988
314,0.224980179769904
315,0.2513388992888713
316,0.737387739503851
317,0.8646829354667033
318,0.07095193357057183
319,0.9064500877186432
320,0.644127326523484
321,0.5014830657317534
322,0.6444604244306942
323,0.8534726867823496
324,0.6856810022610036
325,0.24665779820927208
326,0.48621063253409796
327,0.5113403077819701
328,0.274172549080321
329,0.4147760798744219
330,0.14743772816725811
331,0.2800291339840067
332,0.42983690730536056
333,0.028219056698529272
334,0.9490786674609806
335,0.8287530062879194
336,0.3987842702691033
337,0.34428835268954766
338,0.5356330797794594
339,0.11622521774583672
340,0.9022014230823656
341,0.1313187356629092
342,0.2256535223653933
343,0.7769992900822803
344,0.6342100955005001
345,0.13486044149600168
346,0.47136605206577686
347,0.4779163257603507
348,0.9438425676528722
349,0.7999433290640059
350,0.8291139927883137
351,0.5808055666490644
352,0.7608665753442779
353,0.7418628239034818
354,0.5912334017816497
355,0.7871635092911334
356,0.20687964998693312
357,0.5904997556734459
358,0.4192360582752403
359,0.7042629886745161
360,0.8405235914330142
361,0.5877067857643143
362,0.14684174137198167
363,0.6147451690742923
364,0.4786853798597127
365,0.206385228884292
366,0.6952773683177096
367,0.472690852348196
368,0.159157864139223
369,0.8465610459464651
370,0.4702462078611967
371,0.35498961345984714
372,0.36588963495343085
373,0.4390151522593637
374,0.7570597394437709
375,0.8682329293110418
376,0.18636009746727886
377,0.41536890549720784
378,0.5279502619451065
379,0.305992615849994
380,0.45444247249500375
381,0.8226002085010128
382,0.8603315834493998
383,0.5500224062951911
384,0.20921555445569764
385,0.26252119079033903
386,0.8425529261609866
387,0.6928975953732449
388,0.1517062980974617
389,0.5400879770483448
390,0.9219647682574614
391,0.5346585091875895
392,0.3801659548867295
393,0.44552293610480587
394,0.7780135808454095
395,0.44859369646485703
396,0.06673023002045103
397,0.296175830950195
398,0.5302955435488781
399,0.8421983846563263
400,0.7454411802274393
401,0.7817694301615632
402,0.14362900983547866
403,0.8463484025617936
404,0.3015187101227292
405,0.7555197514486393
406,0.3119932932319038
407,0.17683015057248616
408,0.55633046215647
409,0.8883809789352582
410,0.981130989396489
411,0.7132257150311575
412,0.18398396848569923
413,0.6359325093131764
414,0.8015779305682296
415,0.8938822824298451
416,0.3039782629833846
417,0.7780725972729003
418,0.2484577907943663
419,0.7397758714773428
420,0.786540563390558
421,0.6598227752736011
422,0.5063812624493541
423,0.9643085203362819
424,0.1934806886709498
425,0.21542713726616022
426,0.2703902000818531
427,0.4960905572301901
428,0.6052380919537457
429,0.2518942014176359
430,0.46995679534317975
431,0.4202398826068776
432,0.3929878929973039
433,0.8804784200532516
434,0.9162295314604334
435,0.1991937231812497
436,0.38974154772278313
437,0.18125599051814487
438,0.7153164074479476
439,0.8213788028768856
440,0.2539417157167367
441,0.3225767569104425
442,0.44364615333371393
443,0.4690146588328476
444,0.7818357372258644
445,0.28650179712802354
446,0.5533171468464917
447,0.26026616800729513
448,0.34089535450568337
449,0.6540811827201048
450,0.0626251861166841
451,0.692578195974522
452,0.5701820478183599
453,0.245663539945894
454,0.539777896928057
455,0.5655212267668409
456,0.7235323467909067
457,0.570279923929538
458,0.5792189231693541
459,0.600311018080618
460,0.523849683227324
461,0.442467403596939
462,0.565827769010834
463,0.23682955808058564
464,0.8195280503290499
465,0.9350364068765609
466,0.622379885456418
467,0.6961767759953509
468,0.8984002204750202
469,0.7106544080448065
470,0.5150427567693283
471,0.31704286597146825
472,0.2797857540978962
473,0.6914472011012452
474,0.8147572561716837
475,0.48941734449281027
476,0.8027722017577765
477,0.9738137633173098
478,0.8977491974700909
479,0.6963496741099903
480,0.2888530184172932
481,0.44889895865653257
482,0.9086684677381714
483,0.33610876487364066
484,0.38812293256757197
485,0.462837450805363
486,0.6715671042266976
487,0.6487708935813067
488,0.5369302872943468
489,0.9262942805480735
490,0.4550477035571902
491,0.455402440376885
492,0.5278863290210813
493,0.8723241671783671
494,0.8261924366786991
495,0.08319728111035071
496,0.5753292706844415
497,0.15816305340436151
498,0.3615691655160793
499,0.4847627788533589
500,0.9075174107496631
501,0.7907163291939385
502,0.7156374321641197
503,0.8289758532512668
504,0.884345086384316
505,0.9030432702018795
506,0.536971867513285
507,0.343249742815653
508,0.5833384377559456
509,0.6271570032970463
510,0.4147816954413588
511,0.8626418262276064
512,0.2723882651312163
513,0.7901264436775357
514,0.30443291373442083
515,0.3009740803425502
516,0.7072983044635961
517,0.17138621894239253
518,0.5051029593735157
519,0.7391368722181115
520,0.4316060210613291
521,0.3827003811022427
522,0.45694031288446385
523,0.256573318660455
524,0.36387338693628846
525,0.3348032124031262
526,0.7482407516513335
527,0.3978257874382409
528,0.5262141277098243
529,0.37223889948430117
530,0.3136569069552347
531,0.7578284931500362
532,0.4412283698727732
533,0.6424133609688434
534,0.43498853441839924
535,0.6436874302976529
536,0.6748528894151643
537,0.3911108556272073
538,0.2507260653788163
539,0.8599545832719991
540,0.4423497769605428
541,0.597299266991582
542,0.851011881160046
543,0.9186815053926745
544,0.6527596006437844
545,0.6927824246700106
546,0.5331856415856092
547,0.4195483931001378
548,0.8881066492558896
549,0.7852488269799102
550,0.876532945166787
551,0.8859952803393146
552,0.4273806257866484
553,0.6284394585493173
554,0.4088788225546385
555,0.2950360686627519
556,0.9905957483979142
557,0.43946071507104645
558,0.2122265925581905
559,0.4450837649101949
560,0.23319550292970107
561,0.3073940157562374
562,0.7093242212730853
563,0.6352045381440634
564,0.7719753006743224
565,0.9073231667221572
566,0.21334782733647753
567,0.32911587160466566
568,0.6103113896787662
569,0.27617528701129257
570,0.5274482489029471
571,0.7777570251198058
572,0.6648113721782177
573,0.8338894236922404
574,0.5377137240276315
575,0.8641667118288476
576,0.20358607881725374
577,0.3044787753195269
578,0.8748494940632331
579,0.8404655928318127
580,0.8414824084786653
581,0.5010522775673323
582,0.8552946307737157
583,0.28909699935050803
584,0.9000641096240963
585,0.13334473123856463
586,0.5389346762154504
587,0.7219103917927925
588,0.2103567953023943
589,0.6735849996852168
590,0.7948268039237324
591,0.6793125104662255
592,0.932302034422813
593,0.5436300116380341
594,0.6402337891136038
595,0.09608565972494398
596,0.20890383482596167
597,0.46045782399332474
598,0.6693476616719223
599,0.7321689544556906
600,0.16031675335428988
601,0.8420591100774576
602,0.7848887366044643
603,0.48217588004285683
604,0.41440117521124425
605,0.44658093320757725
606,0.6479546053754204
607,0.439734761245813
608,0.7138301285894951
609,0.5114754867720446
610,0.8889465794674184
611,0.6960615212450815
612,0.3950409042218237
613,0.4318138142554058
614,0.20739369375287328
615,0.2138512457528424
616,0.3549717235209004
617,0.5637872529718836
618,0.5991476202407292
619,0.7386944312504365
620,0.08004977189560343
621,0.30602458655430864
622,0.36716208031240555
623,0.6773812641155295
624,0.15335974075109257
625,0.8271124227275652
626,0.08802938696757752
627,0.9310768500084643
628,0.6587951415778781
629,0.5267798260033028
630,0.3467471826714174
631,0.6791959956231313
632,0.9034011030575797
633,0.36719723573961144
634,0.44435643803406794
635,0.7053451869133077
636,0.43855314255968714
637,0.7433964520908111
638,0.4134554247819469
639,0.20052301707620004
640,0.2606804480529378
641,0.52233277178835
642,0.8083170848949617
643,0.20881838743340705
644,0.6442879538143145
645,0.7466436539158479
646,0.1934488808761893
647,0.22976828366399318
648,0.5924548766318143
649,0.09606604143766767
650,0.3651107525859688
651,0.6984951966591005
652,0.21249490644858002
653,0.8831313442706181
654,0.33116522668688425
655,0.5723315204912514
656,0.6462946631814617
657,0.5987407265861144
658,0.1479763853785546
659,0.25683963252407604
660,0.35879675323175875
661,0.6931640811801916
662,0.16788403313432773
663,0.024948675447292894
664,0.8871925435120285
665,0.46536866415026223
666,0.7034323969058222
667,0.22808354063266242
668,0.7649884643542386
669,0.7768306679775613
670,0.8602016711900432
671,0.22087901520666645
672,0.3831381850628807
673,0.8951038894638511
674,0.2655454547481788
675,0.7244527790516943
676,0.6039875714983863
677,0.5143850097074716
678,0.8539655083675131
679,0.6943880679253355
680,0.23113012793829601
681,0.34502599065841616
682,0.4553575639070679
683,0.5663909645427713
684,0.24544372762493966
685,0.7614909556728678
686,0.8610220918523096
687,0.7403867505008332
688,0.24527603019698235
689,0.4635118119155308
690,0.7257724980276771
691,0.6254144561826295
692,0.5075323681820988
693,0.7480833514143226
694,0.10523871606570291
695,0.49696982872402395
696,0.44233973818128114
697,0.14456460816769506
698,0.6477219159383996
699,0.3684704954155131
700,0.2786031428616801
701,0.5922724774081337
702,0.6206504203056903
703,0.06664594786933353
704,0.5698810664835302
705,0.5265196700468501
706,0.48809082059301123
707,0.21377949498058518
708,0.38443522243878736
709,0.8345207499889801
710,0.5733916221001221
711,0.40135504614738304
712,0.8450013268417799
713,0.6990467320766025
714,0.49482177143124917
715,0.8069547990263205
716,0.2547590710524718
717,0.09756554177229931
718,0.6023450926414055
719,0.46044605455440635
720,0.6288800283194131
721,0.40776259825943223
722,0.7115530236491676
723,0.23291268614460833
724,0.5302739275803
725,0.7409286221038791
726,0.6769041477929897
727,0.5992977974036054
728,0.6201462533328401
729,0.8796554973787823
730,0.9695518136611239
731,0.8156666828939181
732,0.6424451821152297
733,0.547775599189531
734,0.5082858819366702
735,0.487043060962467
736,0.09978250004952251
737,0.8019650483349098
738,0.42385021180940025
739,0.2178904963862152
740,0.6683575697201322
741,0.3867227088058844
742,0.602982215635787
743,0.8122902156319282
744,0.28057227069460555
745,0.7650693020845322
746,0.8460342935511748
747,0.9487408992175358
748,0.5939994968730162
749,0.7334972598052135
750,0.7726330108222805
751,0.8585234581089193
752,0.8230940054493812
753,0.3884691309202443
754,0.3615075060670067
755,0.5207727254190236
756,0.9034085093602146
757,0.9085991087907693
758,0.2875298103127685
759,0.45857188870224125
760,0.6171648556620226
761,0.6372555443005683
762,0.11082751024830478
763,0.2829048421882196
764,0.5921778664688327
765,0.7115381295353782
766,0.16572351400088514
767,0.33250700973747194
768,0.8864673337024546
769,0.5819599133869615
770,0.24227426113436892
771,0.5873521964543541
772,0.5969257215151001
773,0.44032601487176576
774,0.17749499568263938
775,0.7699371273128977
776,0.5169367828776961
777,0.31206912083218397
778,0.6015853244270106
779,0.9690523825101078
780,0.3668658106416639
781,0.13363456787277078
782,0.4688152105348755
783,0.7537475806853206
784,0.27784734111082854
785,0.8324820339271557
786,0.05219991847158369
787,0.571121987365839
788,0.684340190875951
789,0.40260747837805266
790,0.38319684204688137
791,0.31616154869770197
792,0.13578435972468278
793,0.531747947031882
794,0.22100016653913648
795,0.8560883036934941
796,0.8177620333847917
797,0.5728910866944881
798,0.44779302741920685
799,0.5999788042813543
800,0.24490572289184517
801,0.5325711570614463
802,0.9466098732232323
803,0.7704129836219824
804,0.9351482779879281
805,0.4266739074246633
806,0.190516902211181
807,0.8943225396581673
808,0.48779136136381995
809,0.9057941053856364
810,0.9351727298752852
811,0.18410098473732786
812,0.6998216094087927
813,0.1607171222387706
814,0.503450013036484
815,0.7365057446229408
816,0.06854809645182772
817,0.7619773380067878
818,0.4593839131630394
819,0.3316069555515831
820,0.8621070404256185
821,0.33301829029181407
822,0.4257319178794362
823,0.17200065449705393
824,0.22419854703618364
825,0.7780829617724158
826,0.6344786742956765
827,0.5179177649192244
828,0.5723516150574156
829,0.05836988767850697
830,0.7854752590859551
831,0.7712399030176952
832,0.3481515275072246
833,0.9442313796013604
834,0.21542225526157077
835,0.27050390306690875
836,0.09501146252616074
837,0.71658515134296
838,0.7276493178798792
839,0.8397200149397861
840,0.595935967703089
841,0.5344472612406621
842,0.2200807689760899
843,0.5809671196758497
844,0.5842767297549529
845,0.84031682438999
846,0.21545554002798625
847,0.9039607470284244
848,0.6786053953140253
849,0.5019713616365397
850,0.9015370857857247
851,0.12169282956250706
852,0.8233341223960076
853,0.42222069512210525
854,0.7449186245858432
855,0.3290113048041616
856,0.5083179525076116
857,0.4679451441261341
858,0.9594037949366664
859,0.5659051815940804
860,0.302265684961107
861,0.5414267706947321
862,0.6719953339063878
863,0.3150907785901878
864,0.7274364662602264
865,0.6777404934405946
866,0.6778524397798499
867,0.4153671224346455
868,0.7744381598866293
869,0.6790176808942678
870,0.34337511131376636
871,0.8806912228296994
872,0.6858556126978363
873,0.4315750477569441
874,0.6745547998371468
875,0.919829580471975
876,0.5838585135260858
877,0.7308732127778697
878,0.8381221518262562
879,0.5256886851516872
880,0.147631220899407
881,0.5932589587929636
882,0.9304622118488154
883,0.39488677387654575
884,0.23341424159023322
885,0.8568816474726021
886,0.40563605581437145
887,0.8797824062254219
888,0.3733026359315698
889,0.11028604496575295
890,0.8664358356922958
891,0.2833356921431622
892,0.8316387588516085
893,0.8383555540575826
894,0.22428775527264833
895,0.9691808214237221
896,0.8881347008868817
897,0.013031881079208612
898,0.7791768632216921
899,0.4860114366732904
900,0.35210712531788246
901,0.7718545690845185
902,0.7482149734658438
903,0.590899006947998
904,0.7684724914023968
905,0.6197246853433309
906,0.7099610637311091
907,0.7228376874000381
908,0.4074675524668952
909,0.7979209893829476
910,0.8128148723296305
911,0.8272352041064732
912,0.8707663220061668
913,0.3121577483257752
914,0.9719749765779013
915,0.9121870012572042
916,0.4616797421595886
917,0.7343722542354341
918,0.707350818886068
919,0.7112780354430999
920,0.7341776012491655
921,0.5927589257245012
922,0.36475438117080444
923,0.33444215373968267
924,0.6964364594534946
925,0.2482187951799414
926,0.872985332065324
927,0.857576100964988
928,0.4374245564999243
929,0.7687880095457954
930,0.5915714474490513
931,0.13499966740748157
932,0.18080286520051417
933,0.4878937041842022
934,0.08362024505380415
935,0.5035075018661976
936,0.48306737217660733
937,0.6990637423998363
938,0.3541146544019764
939,0.26981701743033754
940,0.6525485212097873
941,0.7832579910165195
942,0.4048113649275271
943,0.6561792433248801
944,0.19844333059771369
945,0.32925470745818913
946,0.5681908269409633
947,0.7023918279962241
948,0.8664866500930555
949,0.6567688122509973
950,0.8155146565758298
951,0.47343332017705825
952,0.5750840152447733
953,0.3569508221405228
954,0.7789175080229181
955,0.12221697513654732
956,0.5228391571591263
957,0.3627327627522645
958,0.6896642803769519
959,0.25486621913447666
960,0.5077013918509595
961,0.8198094409922844
962,0.688127283796912
963,0.10885249889966407
964,0.3104612319794383
965,0.8991813837916103
966,0.8821581099493508
967,0.7705838646786343
968,0.10803539909047163
969,0.7361027416356691
970,0.6000270109953675
971,0.5757595730965915
972,0.5195628391912216
973,0.5263581453977965
974,0.728053688195401
975,0.8623370821995342
976,0.8103898183881059
977,0.1785749438911164
978,0.4473737614389245
979,0.7145569142101175
980,0.5394671879873023
981,0.6852129970024483
982,0.6229084391439726
983,0.5922939585330461
984,0.12033410147271693
985,0.7204262267470316
986,0.32620413191666947
987,0.833900510714871
988,0.25709572690170185
989,0.6127062333663232
990,0.5304119613365974
991,0.29796951540397565
992,0.9156307612814246
993,0.6108153055861747
994,0.9536080078938592
995,0.5471094476760551
996,0.8559958926700731
997,0.6105309155879224
998,0.423527311948938
999,0.7810988559225429
1000,0.7189235505681847
1001,0.786517284532161
1002,0.6548588841138662
1003,0.18387276995810004
1004,0.7631211285616021
1005,0.6648996890710971
1006,0.8802271970194805
1007,0.23916134896073232
1008,0.8970536182979912
1009,0.32463779824003886
1010,0.7593468319274557
1011,0.3359105656887886
1012,0.4278142199947955
1013,0.9359180039579762
1014,0.72972114397387
1015,0.8602997942734768
1016,0.16390720801201647
1017,0.7992842909595193
1018,0.7465987581910333
1019,0.5834347998638915
1020,0.8062397869244665
1021,0.8177299303770243
1022,0.14940907812938756
1023,0.6685853387231844
1024,0.5688012123135273
1025,0.8047764570008563
1026,0.8740663206675159
1027,0.649969395699791
1028,0.7622353406161216
1029,0.26582972180312936
1030,0.7753395379803784
1031,0.27234525392600173
1032,0.7488527712859099
1033,0.23779485353826807
1034,0.4181740160398117
1035,0.5540493520273156
1036,0.0730910868909422
1037,0.3805215190379024
1038,0.33963439523402056
1039,0.944828385704701
1040,0.03453271674349306
1041,0.8515233334430251
1042,0.5999844794140401
1043,0.48323001038188507
1044,0.637942203304457
1045,0.3914267884888377
1046,0.9412669396065986
1047,0.7276352268129976
1048,0.8127131569002852
1049,0.7212732232199777
1050,0.8767433638334803
1051,0.6884955105321537
1052,0.8684165877807474
1053,0.6406252161058064
1054,0.5039327702360206
1055,0.857212290636592
1056,0.11796266196356825
1057,0.12151604759655749
1058,0.6802879445995537
1059,0.6111367755394038
1060,0.4197030533842042
1061,0.872853184449582
1062,0.550545620820408
1063,0.6971928343998577
1064,0.7685557144902933
1065,0.6140490078538325
1066,0.5086952759711919
1067,0.24031525598677383
1068,0.6088874465722054
1069,0.3384841726028916
1070,0.6132622555545884
1071,0.9357656279317664
1072,0.6469456087391147
1073,0.9040728326443629
1074,0.5349649982522112
1075,0.5229792199485747
1076,0.9285252865620351
1077,0.6076919879215145
1078,0.8805737962253912
1079,0.8207389418250053
1080,0.3126124671021675
1081,0.8957200326821602
1082,0.5257109501725099
1083,0.7015164362036147
1084,0.1409855225911708
1085,0.7018433638681676
1086,0.3884911631369425
1087,0.6659037878344622
1088,0.07483831800330043
1089,0.2393201526345527
1090,0.30890994218669593
1091,0.7501720880341912
1092,0.574303541333135
1093,0.3336994670657463
1094,0.18091371910550186
1095,0.7923770684746014
1096,0.7215972232302111
1097,0.5588959836183203
1098,0.3167994797365051
1099,0.5766574302264853
1100,0.704156470585379
1101,0.935220364659237
1102,0.6882205556836574
1103,0.21682910115416956
1104,0.7767850453843812
1105,0.5186445659834522
1106,0.43393144981350795
1107,0.4419927950834854
1108,0.7760792316920274
1109,0.32898696926324256
1110,0.33030192656836693
1111,0.5031643413926066
1112,0.9375867283660396
1113,0.3095824845408503
1114,0.39747051061398025
1115,0.8483935833362914
1116,0.551153265576309
1117,0.32768308609024155
1118,0.3493000653800011
1119,0.31030800503914563
1120,0.852964649446203
1121,0.7287642762739711
1122,0.6711151095193636
1123,0.9114019194652283
1124,0.16315899410572254
1125,0.788506121468779
1126,0.21990242449329322
1127,0.30748703760177376
1128,0.0802567583956848
1129,0.5130248150538421
1130,0.3378406616275867
1131,0.7264949902174134
1132,0.6288019778216125
1133,0.5234587912355936
1134,0.5001550486566542
1135,0.7552351981371986
1136,0.36568395982859064
1137,0.29685534203751246
1138,0.17295753825817808
1139,0.6536284971822309
1140,0.4551685628666942
1141,0.5573282530363262
1142,0.6813147835731822
1143,0.2859739401619897
1144,0.8214175277013215
1145,0.8047947260866894
1146,0.44114254002109937
1147,0.6178767044494902
1148,0.7215118041347118
1149,0.3062911258274956
1150,0.15309655222671928
1151,0.9205381487557874
1152,0.8775776749555818
1153,0.6797027655019683
1154,0.3848982238209614
1155,0.7059004695323996
1156,0.14034038490888884
1157,0.6454705574631633
1158,0.4854486833883577
1159,0.8857283024936188
1160,0.5347757803290903
1161,0.35279298961382344
1162,0.6947698317356454
1163,0.27058856834888756
1164,0.3008281302503009
1165,0.8591548286760641
1166,0.9698005100012926
1167,0.461412089678674
1168,0.34295892537468464
1169,0.8422483580780289
1170,0.29265705390940694
1171,0.9840636269021904
1172,0.7788043592198994
1173,0.4041969804830558
1174,0.22354575705140284
1175,0.3243587680606346
1176,0.5250688554827205
1177,0.7237940833545979
1178,0.43197711785614346
1179,0.8023283279438468
1180,0.8134447921000989
1181,0.6767092474340856
1182,0.7792851999363771
1183,0.5579311202394127
1184,0.7262823765048525
1185,0.7589237560715693
1186,0.5576018075964952
1187,0.7891408654879999
1188,0.5896783516587522
1189,0.39382015457566466
1190,0.9391760329289713
1191,0.576070665400114
1192,0.38191135231940804
1193,0.6662140521625647
1194,0.5675468386284386
1195,0.5806855950579554
1196,0.687576163819407
1197,0.22820668610545328
1198,0.9292770829500258
1199,0.6797667479246068
1200,0.3168409964992309
1201,0.3135648486563655
1202,0.5700762456443691
1203,0.20307851145772574
1204,0.8534281166372879
1205,0.6266497228937089
1206,0.5376746089969169
1207,0.4913402292646726
1208,0.5466231773451535
1209,0.3852300071902966
1210,0.8756719548584053
1211,0.6764551187253193
1212,0.7114373851830826
1213,0.33149962786984116
1214,0.12199403945553747
1215,0.8794053065306479
1216,0.5283245728129541
1217,0.052662234917574734
1218,0.7098816967583752
1219,0.09100436514686859
1220,0.2845077526529668
1221,0.3365758187569343
1222,0.45061601860698675
1223,0.7393593477364349
1224,0.7070980967266479
1225,0.8866713105921495
1226,0.8622452730127701
1227,0.3563142213504171
1228,0.7970985628067434
1229,0.4092956971661024
1230,0.6154468127481384
1231,0.3364569696523357
1232,0.6311053688959413
1233,0.6348618113727779
1234,0.8648174706875785
1235,0.5193897353905979
1236,0.19396123570816043
1237,0.38077112073454944
1238,0.869724850851221
1239,0.6651767123549993
1240,0.8563304120245576
1241,0.6673809020783762
1242,0.2602354679915542
1243,0.7839057304469474
1244,0.7160276762834342
1245,0.719848532061403
1246,0.9062865639316492
1247,0.5112009229444728
1248,0.41890544580712524
1249,0.20870109407716214
1250,0.3910712359493447
1251,0.8795931692503739
1252,0.42149546558521733
1253,0.4817732313517882
1254,0.19874419420617456
1255,0.4206639231076262
1256,0.6685361029779441
1257,0.6392041312260296
1258,0.18539094059656203
1259,0.44391575537355876
1260,0.44672575115442
1261,0.5449025557750445
1262,0.6839961764724288
1263,0.5012903971062588
1264,0.49965560970864376
1265,0.3488497048649304
1266,0.01042064140823806
1267,0.46965716101219224
1268,0.8670075329631091
1269,0.08202630751906365
1270,0.23402752824993175
1271,0.8592937124652386
1272,0.6045551551065327
1273,0.5681695688883122
1274,0.2828669006387271
1275,0.1710199902903842
1276,0.5297111456334664
1277,0.483516350012897
1278,0.7222859475621823
1279,0.5129205203973844
1280,0.49403462669563536
1281,0.2268900294281301
1282,0.6730835932669876
1283,0.5963156061264442
1284,0.7852455733430962
1285,0.6754346042166732
1286,0.3863000402014787
1287,0.33146475298941086
1288,0.22991739491125893
1289,0.33553615353454846
1290,0.25753252411649213
1291,0.47388355821610934
1292,0.8051844211061503
1293,0.8619295696685549
1294,0.8698832901486665
1295,0.8475525863481421
1296,0.4497143785183523
1297,0.887400995547998
1298,0.4683843151086595
1299,0.3876195324054522
1300,0.14778300768042854
1301,0.8706874276800382
1302,0.7001518483976944
1303,0.8570563871427629
1304,0.8551228420343344
1305,0.35451305856814525
1306,0.34073557375272717
1307,0.6776027029148943
1308,0.4718092394508083
1309,0.5148995792750598
1310,0.836192382765038
1311,0.2574184109116816
1312,0.45996516548110045
1313,0.5921311687502533
1314,0.21748997395267092
1315,0.47551037783042277
1316,0.715875578023698
1317,0.2665913353462786
1318,0.8005176514794902
1319,0.4124604158389378
1320,0.648206237257861
1321,0.9837117711705285
1322,0.3856259190856582
1323,0.47935947499281045
1324,0.1690396087605025
1325,0.9562445484414654
1326,0.8229195861727934
1327,0.5911295566525002
1328,0.2273007633018562
1329,0.29481467701982556
1330,0.17426524549051092
1331,0.3698354239112948
1332,0.42118032961134105
1333,0.20543495725758576
1334,0.26903794200582204
1335,0.4485355467644767
1336,0.8567614424853377
1337,0.24802075547657051
1338,0.2213654173938475
1339,0.8400707465531835
1340,0.6783249327375044
1341,0.5300090198153347
1342,0.4375100999998452
1343,0.18497130380132287
1344,0.21138245287838658
1345,0.5423258954825795
1346,0.7423789645130074
1347,0.8135431896023084
1348,0.4046068566354943
1349,0.38062247591568454
1350,0.9159931555002321
1351,0.5027756984614141
1352,0.46883028007155164
1353,0.4747678152355826
1354,0.8350258296464107
1355,0.919898037771017
1356,0.15996805216153487
1357,0.8216859243210421
1358,0.3756155917010616
1359,0.5107516937706085
1360,0.6441626211850173
1361,0.5706372430006081
1362,0.578862543368951
1363,0.6278558025067027
1364,0.7646412966370059
1365,0.6574436357281784
1366,0.5427929658059716
1367,0.7131553431386204
1368,0.5491052420742146
1369,0.6040220010143241
1370,0.9432659142794537
1371,0.24524627966186008
1372,0.18866303225935482
1373,0.7191644146553727
1374,0.527049955258791
1375,0.5706615781660874
1376,0.3441688772585689
1377,0.2432923639443929
1378,0.8063615935571418
1379,0.8920366789118911
1380,0.2069856537546618
1381,0.39557976574418985
1382,0.8346254451835783
1383,0.3868416304123506
1384,0.07618674801827394
1385,0.28719790022876285
1386,0.7415780418831832
1387,0.603465322308006
1388,0.24785429978563858
1389,0.4193427919719072
1390,0.449886958816019
1391,0.7823093708494179
1392,0.3378655688792717
1393,0.6873567094293889
1394,0.7750610939338674
1395,0.831551383419912
1396,0.7401299161259564
1397,0.8429533982302835
1398,0.624595656572662
1399,0.3933836731085111
1400,0.5862208318198407
1401,0.17114075481511193
1402,0.6404890104070136
1403,0.5853206805956988
1404,0.3289649062210413
1405,0.35037194883745176
1406,0.540447396200497
1407,0.8667640811855742
1408,0.3129853531463178
1409,0.6079837752192655
1410,0.5066144255328321
1411,0.5772945457492394
1412,0.28415342697418194
1413,0.460362773245151
1414,0.6505685796654108
1415,0.226557168047471
1416,0.5783219712109595
1417,0.26567645239839816
1418,0.2841759958482321
1419,0.7033161119667817
1420,0.5522455556870876
1421,0.7836034961675544
1422,0.1725564698049866
1423,0.5385422731438747
1424,0.794935455137995
1425,0.724864897244231
1426,0.5547048208855038
1427,0.4367255458038492
1428,0.38786094410923355
1429,0.4726156275172326
1430,0.5432842618317731
1431,0.4731447052812901
1432,0.5929279809301705
1433,0.2230268825777421
1434,0.8764839277507418
1435,0.2849156527229005
1436,0.4931137385689282
1437,0.4279142339505162
1438,0.5077437564575522
1439,0.8752744595063383
1440,0.9480393146261366
1441,0.509163405423537
1442,0.9428294958454893
1443,0.8076789151656695
1444,0.49156991792005444
1445,0.3203387898711609
1446,0.7657113440319723
1447,0.751932118683313
1448,0.7115647906796939
1449,0.2833600273828976
1450,0.5699764531301966
1451,0.42504293919488345
1452,0.7763064557162808
1453,0.7849107509523618
1454,0.8756003211461337
1455,0.49120770300119615
1456,0.33737741041473507
1457,0.7990347333663004
1458,0.06804055220718647
1459,0.8190508778370499
1460,0.5195506545777009
1461,0.744866175765405
1462,0.6756905086803693
1463,0.7093366381220009
1464,0.6628973326858554
1465,0.3438113705539332
1466,0.7038077089790172
1467,0.42632224745736197
1468,0.4568780977888014
1469,0.95704112849497
1470,0.6420982950225779
1471,0.24864388032808815
1472,0.6755374076703149
1473,0.6711241861061664
1474,0.10761567817179557
1475,0.9330339781074103
1476,0.7453241191222097
1477,0.7479888384057768
1478,0.9793653909949861
1479,0.9004235414375302
1480,0.6015915392542357
1481,0.6084075928492229
1482,0.7342184298692377
1483,0.6824943209595822
1484,0.35826934364989826
1485,0.7598631672376313
1486,0.4442906762053325
1487,0.8603905803484158
1488,0.609525945113366
1489,0.8480049815562638
1490,0.5259635462540039
1491,0.6368633410079918
1492,0.1915487966234747
1493,0.8910211162906057
1494,0.9460572339599542
1495,0.8714201155596972
1496,0.20438335547079772
1497,0.46387335136744895
1498,0.8949828413841564
1499,0.9434750040613681
1500,0.49994736828946884
1501,0.6381356588518499
1502,0.728201075480964
1503,0.4708925527416614
1504,0.8351294910940267
1505,0.44385022584538764
1506,0.5563663097122977
1507,0.7277792879411024
1508,0.6016849994162093
1509,0.47866022488337784
1510,0.18177800866391286
1511,0.31756689457113146
1512,0.9690612106864892
1513,0.3239868278756955
1514,0.5061875798725636
1515,0.8487349060961356
1516,0.8610985941885053
1517,0.43752635568485054
1518,0.2571891759515983
1519,0.5245205622525286
1520,0.4321639628283064
1521,0.359784583947114
1522,0.8940551054561166
1523,0.786630565286496
1524,0.20837688605576338
1525,0.7086785634010541
1526,0.8655481446482328
1527,0.5445126473277873
1528,0.6446875729360374
1529,0.6181923239823208
1530,0.3488301592754854
1531,0.4253076520469737
1532,0.691434807268385
1533,0.37153257004972534
1534,0.6075045078785432
1535,0.7278683605787895
1536,0.94358511725741
1537,0.7100695508292258
1538,0.9099844577762716
1539,0.6853757629538471
1540,0.21888541578998438
1541,0.34869189638762704
1542,0.35885092413611097
1543,0.843289129053927
1544,0.16526591270083554
1545,0.10192134614419984
1546,0.8578251609626834
1547,0.6931519954380913
1548,0.3926050287166748
1549,0.693565280653749
1550,0.8563625712849326
1551,0.41274963390407216
1552,0.5062443367547225
1553,0.8748635166998464
1554,0.41918921862738734
1555,0.6873001397127214
1556,0.3222165585633414
1557,0.19644300628966166
1558,0.6097739566019617
1559,0.34355650085429373
1560,0.4817110522100452
1561,0.906762283936753
1562,0.9178125826485957
1563,0.16497677029411822
1564,0.9701441823687338
1565,0.7089277839031255
1566,0.7056340827731693
1567,0.4378905078781111
1568,0.5718241285699645
1569,0.39532131853223956
1570,0.9246570031463893
1571,0.9643211753912257
1572,0.47408993434985036
1573,0.7156020329411387
1574,0.5317266113240741
1575,0.8769027814607443
1576,0.6638932754834856
1577,0.8305431139089892
1578,0.7533016094542764
1579,0.6859766966974693
1580,0.41552032197804695
1581,0.6130575327464547
1582,0.16823021123349952
1583,0.6445852499632073
1584,0.4012006819963559
1585,0.5350303194034448
1586,0.8685150830103203
1587,0.9651985822975294
1588,0.8138405212094441
1589,0.5986739066250465
1590,0.3917874597396847
1591,0.8002607255033033
1592,0.305045177916161
1593,0.4589957888090271
1594,0.8960473690676551
1595,0.4726628847460296
1596,0.5536396587277833
1597,0.19223621441686126
1598,0.8074890181488026
1599,0.8845692231431431
1600,0.09999190230660976
1601,0.1962055034945858
1602,0.8854834121974916
1603,0.7591385141346733
1604,0.21144411656257278
1605,0.19195495391600642
1606,0.9578188852470151
1607,0.5046484930722335
1608,0.8603207756276767
1609,0.8916263386210199
1610,0.7501149856470789
1611,0.3644331060946138
1612,0.5224772877796685
1613,0.643199370357218
1614,0.42802722473123495
1615,0.6276407124425958
1616,0.7432717679175241
1617,0.9460547423541972
1618,0.8241164359054401
1619,0.9683771807698185
1620,0.12296984058761279
1621,0.7428479474941444
1622,0.13524051794004444
1623,0.43222476822915473
1624,0.34544724914587177
1625,0.4825916769997085
1626,0.7170171568600496
1627,0.8823110139518648
1628,0.7025709547772373
1629,0.6816447487615267
1630,0.7495825239907677
1631,0.2327164727322347
1632,0.5782993835034635
1633,0.38811991246210487
1634,0.8122441671512096
1635,0.6379856981571786
1636,0.06341228571370434
1637,0.8580967103303686
1638,0.7929199542866798
1639,0.7560510778907812
1640,0.11735102487837072
1641,0.4265999070136911
1642,0.3661221273731102
1643,0.15394091865153767
1644,0.3791105207093304
1645,0.7124302128619808
1646,0.873287820711601
1647,0.9266085928152983
1648,0.5725390611568288
1649,0.8380391385557086
1650,0.5289435477887631
1651,0.6988484426262326
1652,0.9523785036369135
1653,0.5756177903893286
1654,0.32136438912281007
1655,0.04950016528332102
1656,0.6985784518504051
1657,0.7250233068072923
1658,0.7059128862063438
1659,0.4777357664640434
1660,0.8661144966165825
1661,0.6534931834504549
1662,0.31050687287983203
1663,0.1555647104093814
1664,0.6780777813097316
1665,0.803927431263219
1666,0.16088831664660858
1667,0.20338657479564584
1668,0.6576067677081149
1669,0.5734750819541048
1670,0.499990723085135
1671,0.10498599877639946
1672,0.4790159143462303
1673,0.260769995922349
1674,0.17773492470322877
1675,0.4911329732551071
1676,0.29336490529929016
1677,0.953308484903467
1678,0.8203173258194221
1679,0.03429764815837529
1680,0.5039736002386582
1681,0.10033573421477004
1682,0.40757807983323546
1683,0.2732310846914974
1684,0.6064327406423345
1685,0.678914202588709
1686,0.10355891873355594
1687,0.44847914571772945
1688,0.44845892741484183
1689,0.6775314342292279
1690,0.9016279251831477
1691,0.9326470687458847
1692,0.7200973462773075
1693,0.8372330594991102
1694,0.6887765841978437
1695,0.7207061077051244
1696,0.8365170920008574
1697,0.8968190008933811
1698,0.459260412062718
1699,0.37844362689904215
1700,0.9357941806433959
1701,0.823539391148987
1702,0.6001983969784364
1703,0.8830412055020035
1704,0.6819639502006658
1705,0.42633873653204585
1706,0.1950221157735983
1707,0.4988048356766696
1708,0.41579802935547466
1709,0.5922766949245402
1710,0.4480587430456147
1711,0.5572773075151884
1712,0.37867879384140374
1713,0.24378538783711318
1714,0.4656723758633645
1715,0.8144734692414655
1716,0.8825902738633462
1717,0.5997212275582491
1718,0.711500330772564
1719,0.9181504344955909
1720,0.7253361084952348
1721,0.9154082741695215
1722,0.7900952587491897
1723,0.7286596874352805
1724,0.24468823668689058
1725,0.8946006950373078
1726,0.4597886999620534
1727,0.7412004920824071
1728,0.0957056808225027
1729,0.5699232173575346
1730,0.9577391682765206
1731,0.45963763180180944
1732,0.6711671855770763
1733,0.7114390149769154
1734,0.4213266972767563
1735,0.12821207980027144
1736,0.40541674929071575
1737,0.5551774421945287
1738,0.7145844626739708
1739,0.1810557312078191
1740,0.5223402234912272
1741,0.8793648186026576
1742,0.26985551591213564
1743,0.3306450576020888
1744,0.709597763482136
1745,0.2802150600144167
1746,0.36336794974982306
1747,0.5825010706705067
1748,0.07446205326459665
1749,0.09994478293897285
1750,0.3702393134843281
1751,0.7868800734618283
1752,0.40552541988620655
1753,0.6507499071308839
1754,0.34294012885816005
1755,0.549242774174798
1756,0.8106186896613398
1757,0.06856538801271563
1758,0.3612796675181368
1759,0.39724368017697037
1760,0.05452969901937525
1761,0.2795724864737611
1762,0.8017020225464585
1763,0.4331203694923881
1764,0.9089347883749929
1765,0.5652298530379591
1766,0.4889832356920749
1767,0.4530281947291744
1768,0.1562445999431635
1769,0.3763537977805064
1770,0.07702896182621592
1771,0.9676986648855379
1772,0.9579866534376953
1773,0.4405890293935912
1774,0.12025387824309819
1775,0.4408182969534963
1776,0.3075151888263215
1777,0.9106494375058658
1778,0.07483471467768955
1779,0.09485865943188974
1780,0.29300738878717064
1781,0.17137992501548396
1782,0.2904403177629539
1783,0.18638880594441573
1784,0.8371393743531576
1785,0.5054613763458726
1786,0.5012000363176968
1787,0.8195036692957852
1788,0.3626994062218001
1789,0.5240419531786499
1790,0.7774713789678679
1791,0.9001216112477615
1792,0.5798833895727614
1793,0.32678183268240674
1794,0.12991210814819984
1795,0.6645604045237649
1796,0.18005910266360467
1797,0.30989141612172394
1798,0.529962579721968
1799,0.7601244852806222
1800,0.44368101301138985
1801,0.23451535103217655
1802,0.7294598996056282
1803,0.7629259056015977
1804,0.821216598977802
1805,0.8565703670241045
1806,0.5164728955967316
1807,0.6185874306215149
1808,0.403064447557727
1809,0.39319337256118614
1810,0.8909140695354161
1811,0.3252723142088819
1812,0.853234587697281
1813,0.3355369687613014
1814,0.3968553960387639
1815,0.42374485299390374
1816,0.7632740390981753
1817,0.9300413519536789
1818,0.5869358534379039
1819,0.2706138254113465
1820,0.3915209868186972
1821,0.418683930732973
1822,0.6001866259359356
1823,0.37041461038897994
1824,0.7062369899936902
1825,0.9277612122341302
1826,0.22830914653619644
1827,0.1855627142991319
1828,0.16643048912453395
1829,0.5884741237995603
1830,0.7170856297200651
1831,0.38182405338872066
1832,0.6170898860100362
1833,0.42472183859472984
1834,0.8921330496783738
1835,0.5260909391784668
1836,0.8430970145936757
1837,0.6121878140478177
1838,0.9128483539758628
1839,0.033310367827028994
1840,0.03446980601831517
1841,0.4750461901223272
1842,0.7096731429138303
1843,0.7513820088575989
1844,0.8182175878796066
1845,0.6966221534659643
1846,0.4614680554909795
1847,0.8422420475188754
1848,0.8429412070475509
1849,0.6459427218201919
1850,0.25658512183900806
1851,0.678961164629083
1852,0.15504307308514964
1853,0.4133368671227375
1854,0.5725711809750775
1855,0.8665539338704873
1856,0.5333451411487616
1857,0.49001145219999537
1858,0.756405499210682
1859,0.6410554509529063
1860,0.8309549237668287
1861,0.34882569349927156
1862,0.7797016083928902
1863,0.6227760361349485
1864,0.7276786229577369
1865,0.1479809303923288
1866,0.33723619103883745
1867,0.7568905841257024
1868,0.24683505629950406
1869,0.07966862200073635
1870,0.7800961708048294
1871,0.6091943983932966
1872,0.4283382568729541
1873,0.6275626750822957
1874,0.45196495045386903
1875,0.25557588310129964
1876,0.653242135079585
1877,0.8980170641448366
1878,0.5418069335499217
1879,0.36305967975902154
1880,0.3172829316399595
1881,0.8645076818715755
1882,0.06544269282297169
1883,0.480894543429921
1884,0.6941986054946594
1885,0.22512089377642022
1886,0.5385788311288843
1887,0.6350432285004965
1888,0.26431291362152703
1889,0.3549864419662592
1890,0.42181602327132844
1891,0.7465810409671378
1892,0.20787283243726595
1893,0.2735332655519809
1894,0.15800958962665565
1895,0.9195235202062548
1896,0.3178242694305207
1897,0.5411428901971004
1898,0.8230809425738559
1899,0.9682954244721274
1900,0.21487485187423827
1901,0.8809308785691364
1902,0.2521900752839853
1903,0.7827751649606419
1904,0.5558521137219463
1905,0.16715069065926236
1906,0.44303310011307995
1907,0.5896029249189493
1908,0.7856535453345688
1909,0.9432880752395888
1910,0.33678400619423776
1911,0.42905335311051757
1912,0.22914930635653882
1913,0.9373380068401849
1914,0.2745709954834591
1915,0.5264217396495825
1916,0.7903359437711026
1917,0.4296774384635471
1918,0.2377143320105226
1919,0.32771765314427304
1920,0.653188274470151
1921,0.5370822462253058
1922,0.6996855540829607
1923,0.245695900398354
1924,0.8472231569954026
1925,0.39495540514989996
1926,0.8214445241633067
1927,0.4516157499690102
1928,0.6754216945548974
1929,0.9426120132042977
1930,0.8320403663515707
1931,0.8047195380366761
1932,0.4593040044844834
1933,0.6473007879984741
1934,0.7476337175886241
1935,0.4078118694232652
1936,0.3193224293679186
1937,0.5659598744263331
1938,0.6779360258764426
1939,0.22381983363166036
1940,0.44053913866940275
1941,0.723845318068826
1942,0.8350376043591184
1943,0.7559454006869462
1944,0.3361532926385408
1945,0.22819004982161242
1946,0.48575848087593543
1947,0.9237536468926291
1948,0.5327183947342147
1949,0.3826188109257881
1950,0.7860398887628496
1951,0.7374324821626489
1952,0.7870519656369881
1953,0.41786921763722384
1954,0.25017583427477674
1955,0.6928161318748765
1956,0.8633510204282437
1957,0.8645582239521469
1958,0.27557499667226903
1959,0.41256854271345117
1960,0.36190017149992554
1961,0.4755856308202315
1962,0.933702821372463
1963,0.5782292518553587
1964,0.2590752818343794
1965,0.35404372148727364
1966,0.9435364612681262
1967,0.7391921036024919
1968,0.82977687107779
1969,0.7432367242851774
1970,0.13491684284888758
1971,0.6559356327185731
1972,0.18184513666031038
1973,0.6056471068935555
1974,0.6914240790907822
1975,0.14865477340526373
1976,0.2501227501908696
1977,0.6744579514764046
1978,0.05081786931916085
1979,0.4842545156078443
1980,0.1928431860768504
1981,0.16069674365941397
1982,0.4549925836463238
1983,0.19151223250755722
1984,0.21737848496367962
1985,0.9259791777766253
1986,0.7325026025336644
1987,0.6142738453427952
1988,0.8554018945724702
1989,0.5392356988586965
1990,0.533766171930979
1991,0.3335815506533376
1992,0.678059690417921
1993,0.02902375533638134
1994,0.2232708413675782
1995,0.2743384535346434
1996,0.8203917981932686
1997,0.5761368708667324
1998,0.6151526461669984
1999,0.7124408050880013
2000,0.051754594640597014
2001,0.3055722622038047
2002,0.8518714447107643
2003,0.7303158575698522
2004,0.8617377833842107
2005,0.8928916429958017
2006,0.2561329800118577
2007,0.3188922877163568
2008,0.260113961402243
2009,0.6763098145296647
2010,0.20184570470704485
2011,0.9832013826939416
2012,0.26781945439488125
2013,0.5606187606143123
2014,0.130538083757231
2015,0.4082231367278806
2016,0.5718946204148685
2017,0.8497307987774397
2018,0.40196547550146405
2019,0.8534600602150207
2020,0.7713542085131384
2021,0.8091399973647774
2022,0.26870354294174087
2023,0.4688048284729128
2024,0.45804612646848913
2025,0.7720809575263609
2026,0.4695708411786643
2027,0.7542201607123841
2028,0.7734217599424649
2029,0.35072994317883116
2030,0.2487478585477732
2031,0.6749922364699592
2032,0.9531772928372001
2033,0.7946615941829287
2034,0.9070388404497786
2035,0.7199601148905266
2036,0.6818130544502223
2037,0.6031736381069176
2038,0.5397312085995859
2039,0.8879813520036952
2040,0.775838483951901
2041,0.3312508999916615
2042,0.08360206826485152
2043,0.12785628302666766
2044,0.38285476971119015
2045,0.8285615748669652
2046,0.24699421372305844
2047,0.603356997080199
2048,0.26665705528792905
2049,0.8111831318970829
2050,0.8787919414816346
2051,0.6305393434593829
2052,0.8287718296778354
2053,0.841440874534466
2054,0.3930707768348598
2055,0.6530087860563496
2056,0.6817160197555043
2057,0.2770426226668098
2058,0.7179727104041855
2059,0.2619644269589719
2060,0.22509722126926174
2061,0.23861604607984846
2062,0.8592793408150916
2063,0.8866383122143479
2064,0.2875491668529157
2065,0.8672661860697101
2066,0.7789412644689209
2067,0.7791635739318127
2068,0.504757271015748
2069,0.6342025223767075
2070,0.44482869864110003
2071,0.47946478097788564
2072,0.10186300896814615
2073,0.522055453788267
2074,0.2414655911966869
2075,0.39878324595600334
2076,0.7235048714020184
2077,0.1244570670686317
2078,0.8508046690412282
2079,0.32120240375532233
2080,0.24850316592732963
2081,0.36780754791415443
2082,0.38598932956968734
2083,0.8265593160043453
2084,0.8292808926826751
2085,0.19569902560231955
2086,0.17845658449358995
2087,0.4792018045535501
2088,0.4175894052503369
2089,0.6023873922573408
2090,0.6603219472167124
2091,0.24332045232415844
2092,0.3565545266463287
2093,0.597962566693784
2094,0.14806717883350043
2095,0.7857649214798771
2096,0.673360194043182
2097,0.6054754945422083
2098,0.45047708815823223
2099,0.2284387450005314
2100,0.6766881688140446
2101,0.676587947204269
2102,0.15524851893010427
2103,0.33565996238133017
2104,0.5731966236566397
2105,0.7223296864187532
2106,0.12006720308602516
2107,0.21379780075516908
2108,0.32971147639369397
2109,0.8280326173632103
2110,0.2898403081855458
2111,0.6580068746238501
2112,0.24908036274647205
2113,0.22588014763183006
2114,0.6548969329982461
2115,0.31629876331386775
2116,0.5724630042025732
2117,0.7295776276267923
2118,0.4714776987288946
2119,0.783245846681842
2120,0.5377575960885406
2121,0.07217885060075964
2122,0.5903455158340324
2123,0.868535025153447
2124,0.7968472016700723
2125,0.848149471965735
2126,0.14723873967447515
2127,0.15339149362863436
2128,0.4767723968553899
2129,0.42527579139244814
2130,0.8535225479340646
2131,0.36394612578439794
2132,0.8869296996506445
2133,0.2365145343720201
2134,0.7868742312031924
2135,0.4575633519478154
2136,0.5365799134460536
2137,0.5888511692220305
2138,0.45807486651626245
2139,0.36903278068671835
2140,0.49945544312751045
2141,0.7364079715836558
2142,0.428018645890271
2143,0.8952342836583673
2144,0.6822922581056561
2145,0.3341024569520648
2146,0.6615418268674318
2147,0.7129938224587299
2148,0.40911630206044086
2149,0.42852017290511757
2150,0.7345882868477343
2151,0.5236453679076913
2152,0.20703882157748543
2153,0.8466464215949759
2154,0.8292283972515045
2155,0.6562459822668808
2156,0.6896528406255775
2157,0.4887489892553646
2158,0.5744921111017999
2159,0.6010461730171429
2160,0.3841803588407766
2161,0.7758270633469763
2162,0.8349920688358554
2163,0.8972922251803566
2164,0.41676266922302413
2165,0.10311369039586897
2166,0.7460763977763739
2167,0.6365292802125843
2168,0.5088390468234186
2169,0.5838042866893446
2170,0.7759832273351649
2171,0.14860738705314697
2172,0.6578049885838837
2173,0.3149191018146715
2174,0.8263096701052464
2175,0.775017620551075
2176,0.6796864154919057
2177,0.15872727869423903
2178,0.708656239312417
2179,0.55044985719201
2180,0.2253118231025662
2181,0.7178120673296698
2182,0.5901672712261088
2183,0.22584879241758618
2184,0.5109518013314776
2185,0.3177385152263768
2186,0.6275802287652477
2187,0.03712036832154736
2188,0.6431797356458862
2189,0.8974700376191742
2190,0.9013911956364397
2191,0.911364750934564
2192,0.09081892004216871
2193,0.9553640654411333
2194,0.824889655990649
2195,0.7880150861208978
2196,0.19818134882663194
2197,0.5893080930339025
2198,0.017326554283971434
2199,0.21090839862365002
2200,0.792374918605623
2201,0.5213116773307168
2202,0.7988434976415683
2203,0.752797161309779
2204,0.6557842497991887
2205,0.6456856862808413
2206,0.33969950121467646
2207,0.06634313285146977
2208,0.7684726549645623
2209,0.5171012738765267
2210,0.1981597165592097
2211,0.676720533440834
2212,0.9195912772199348
2213,0.786087475911432
2214,0.4054932853793645
2215,0.8177030534364707
2216,0.4989031993982132
2217,0.6868164634713301
2218,0.43820036367243703
2219,0.5486299512058879
2220,0.47714227008566373
2221,0.28302016448287176
2222,0.23687005968008942
2223,0.505413062758573
2224,0.5707667866003825
2225,0.43359658198234724
2226,0.9467107587625669
2227,0.14280172870687258
2228,0.9039074172958538
2229,0.40862768222233126
2230,0.7165864264489765
2231,0.6375134208648532
2232,0.7755150583875238
2233,0.4159603671939244
2234,0.3524420808284134
2235,0.331570588249489
2236,0.5534874570254709
2237,0.7284551358590403
2238,0.7886303118625326
2239,0.5894203533345226
2240,0.518803858574287
2241,0.5689358930921123
2242,0.5851242377295567
2243,0.7562370796988556
2244,0.1660512565729533
2245,0.20566818098261114
2246,0.08298603188810519
2247,0.1460807315738852
2248,0.7331416878188992
2249,0.5413309202283206
2250,0.6647458445996173
2251,0.7854136282689883
2252,0.17474824291346108
2253,0.5547815025179895
2254,0.42867875491789514
2255,0.8923360309131934
2256,0.4724076812879934
2257,0.9278312173030497
2258,0.9145851503308545
2259,0.23803435999878336
2260,0.8627583285067033
2261,0.7449428260041149
2262,0.2131731053415288
2263,0.47605352946313834
2264,0.19731781150892197
2265,0.6163608703966633
2266,0.46369860269961655
2267,0.5932994264678944
2268,0.30346001800526545
2269,0.2791553876707842
2270,0.7666440164290791
2271,0.5679014614273695
2272,0.7918543780457274
2273,0.4111846470065502
2274,0.683769619845309
2275,0.21717519563887872
2276,0.9222869427227985
2277,0.9063415039031378
2278,0.8426052497905073
2279,0.5402351955260192
2280,0.584024297927916
2281,0.711278776965817
2282,0.7880855366625706
2283,0.3554852055364568
2284,0.2964323053595234
2285,0.2564879783607157
2286,0.2561686831539913
2287,0.24042693806564258
2288,0.7986090071594696
2289,0.5632775499290137
2290,0.8537076812915446
2291,0.7218636797111181
2292,0.7452551252271272
2293,0.31222778912033
2294,0.8821489681597897
2295,0.3839855671218426
2296,0.5775400812834262
2297,0.5749484280072622
2298,0.5812517695601754
2299,0.43276322845212295
2300,0.8906932346511157
2301,0.5790992021065186
2302,0.8706037408723327
2303,0.8093886707746056
2304,0.7994018862501473
2305,0.5961747449845647
2306,0.8717262295023273
2307,0.6399956555446508
2308,0.31546372099059616
2309,0.8160473207061477
2310,0.7864833559821639
2311,0.46380415431257666
2312,0.30158904904316186
2313,0.4621983823490624
2314,0.11176641907709875
2315,0.483773746002313
2316,0.9804360176459384
2317,0.9180838849899172
2318,0.5160144437323458
2319,0.3541056188837381
2320,0.6888019297672884
2321,0.4638655066662159
2322,0.9126201385419122
2323,0.4591053460477497
2324,0.8961206682713586
2325,0.2611776412115359
2326,0.33868133110719945
2327,0.08776861853418036
2328,0.19643505992586321
2329,0.4221749036242825
2330,0.20404087411313565
2331,0.24933098567358217
2332,0.6298070500006876
2333,0.5618195985785849
2334,0.8708740108177359
2335,0.2677277487227515
2336,0.8036374720559183
2337,0.5633167450959036
2338,0.6676911110371913
2339,0.4871772184772402
2340,0.7148224503845604
2341,0.9461379487918726
2342,0.27715603852241383
2343,0.8540556012750993
2344,0.8943409000429797
2345,0.3928010467165414
2346,0.7728418312934089
2347,0.7713025373123205
2348,0.7749890385151631
2349,0.4534527770894726
2350,0.8695341199961233
2351,0.5932652354161557
2352,0.3584685320822112
2353,0.9417438010269964
2354,0.08958529630783489
2355,0.8254828140401659
2356,0.8825111223867711
2357,0.44763907763116745
2358,0.2724593583887482
2359,0.49183403036753187
2360,0.18206112197791915
2361,0.19595912810359886
2362,0.6883761138833334
2363,0.4466655085492387
2364,0.978452341572007
2365,0.8870681562067423
2366,0.8607253855822279
2367,0.8851264743107663
2368,0.7510000622765233
2369,0.7777364250918165
2370,0.9004655329108927
2371,0.6780878503775365
2372,0.5756291589237459
2373,0.301391096574
2374,0.3922415938123906
2375,0.46632612835756554
2376,0.8461381065424652
2377,0.7959351449363294
2378,0.35751182236825685
2379,0.5327654259999558
2380,0.4399261525232904
2381,0.5114899352552992
2382,0.3927054178793987
2383,0.046015410185749096
2384,0.7237622909521402
2385,0.5744142431533509
2386,0.5386179274837528
2387,0.5380596709995112
2388,0.3911411038477334
2389,0.6152273597210375
2390,0.10180015599363694
2391,0.22246864449842305
2392,0.5787926030878935
2393,0.5620395461583261
2394,0.6884573115508555
2395,0.3571191985379718
2396,0.7281232779933602
2397,0.18304548095834156
2398,0.45276471488677905
2399,0.779586607319555
2400,0.4993323140157592
2401,0.607696452886438
2402,0.5701512716355662
2403,0.9677622184947379
2404,0.2881994973310532
2405,0.35881027479556504
2406,0.5160886282705159
2407,0.35784344204554064
2408,0.33445049749185907
2409,0.8782929711766342
2410,0.6802337173891773
2411,0.9519413454628297
2412,0.5825232226068204
2413,0.7400466136604661
2414,0.49952928562457394
2415,0.6517847951985476
2416,0.05761636495464066
2417,0.11480034154629866
2418,0.47827818512275694
2419,0.6366787124171143
2420,0.30652532437659125
2421,0.3769965061140064
2422,0.8544048646134177
2423,0.8780328143919987
2424,0.7530480897340245
2425,0.37782291924612105
2426,0.5174178425117103
2427,0.16697991063993137
2428,0.5755002460720272
2429,0.9089953468359997
2430,0.40348276761473845
2431,0.715020678410227
2432,0.567404002293353
2433,0.5651525180782615
2434,0.9263820342268251
2435,0.9429210208172792
2436,0.9276932455619448
2437,0.9649210151858568
2438,0.6043786419054469
2439,0.39922478362219527
2440,0.7624868061555995
2441,0.5223795904726191
2442,0.3227742802679543
2443,0.9544202239313946
2444,0.629063615144239
2445,0.501198721523029
2446,0.8767622661180966
2447,0.7059286972806613
2448,0.9682280409082022
2449,0.21058588458836783
2450,0.30133709673256265
2451,0.4750064173310411
2452,0.9459503823397939
2453,0.6748645863336803
2454,0.8005172462643025
2455,0.3919208197145501
2456,0.7925837041357624
2457,0.09370336217597547
2458,0.33984656914985
2459,0.6364128182850168
2460,0.2299731082814329
2461,0.5230458515986284
2462,0.1800765817944251
2463,0.20020507130711024
2464,0.6367385874997256
2465,0.8713925632972646
2466,0.4247490287551964
2467,0.7266088447945949
2468,0.8961622429459097
2469,0.9017301570306633
2470,0.1832462863469588
2471,0.6137178648590508
2472,0.43719207688182327
2473,0.7522558275168679
2474,0.9286807064502428
2475,0.1726040007624979
2476,0.6020646361669485
2477,0.6288552506251551
2478,0.7647993648744701
2479,0.7036232381457888
2480,0.5467114648327419
2481,0.48922395602558716
2482,0.5104833951016001
2483,0.5634148860758316
2484,0.07555036040881315
2485,0.22949670500490976
2486,0.8036975929728744
2487,0.25158385075427103
2488,0.49665233850076546
2489,0.9626461839356033
2490,0.19024088663549113
2491,0.8815868921011147
2492,0.900354956561728
2493,0.3331405241357889
2494,0.8377297476765346
2495,0.5480177325714867
2496,0.7371288442169344
2497,0.6686506712788783
2498,0.7817522630223652
2499,0.1501468054765694
2500,0.43204453774200263
2501,0.1395069041621309
2502,0.28615947836011424
2503,0.8764225054046486
2504,0.6835803165312314
2505,0.3999217109451145
2506,0.690191241797804
2507,0.8849280918487744
2508,0.4686140321316547
2509,0.3217746909111245
2510,0.6188170859817331
2511,0.18924724833373438
2512,0.29814297324123246
2513,0.4900024125604484
2514,0.452569010226536
2515,0.875921792261519
2516,0.390420230756753
2517,0.9050236221479179
2518,0.03059442781539302
2519,0.4000830637111948
2520,0.48622666081409194
2521,0.5371966376738376
2522,0.6093575727508406
2523,0.347792628319952
2524,0.7220090897091345
2525,0.9051031120797779
2526,0.3660253326571485
2527,0.7429692239883575
2528,0.7784469074762266
2529,0.8029804789614268
2530,0.8761953907874267
2531,0.6509638803623422
2532,0.35817861657646255
2533,0.33461051328567004
2534,0.778270963143858
2535,0.3489725327916741
2536,0.3512159272722273
2537,0.5190714422708096
2538,0.9572747385134311
2539,0.37173082070987373
2540,0.273730026017005
2541,0.45070600706415676
2542,0.799632527097015
2543,0.7986531247749973
2544,0.5714668928231964
2545,0.9092229697013802
2546,0.8087433863619079
2547,0.4485310976440096
2548,0.649324857806615
2549,0.5722451404471366
2550,0.6332021955222532
2551,0.8238836848250469
2552,0.7145763067630505
2553,0.6644264620723175
2554,0.6481693502738936
2555,0.7909129431768196
2556,0.21891693369250242
2557,0.4437646131516482
2558,0.8563316238369538
2559,0.4366288024877106
2560,0.7409727543274277
2561,0.4842198898231037
2562,0.42248959812204895
2563,0.33691533275617264
2564,0.7808075576179612
2565,0.3970799490946357
2566,0.8441297767995619
2567,0.32464465059703074
2568,0.7481871385441223
2569,0.3169333771394818
2570,0.16721377323576078
2571,0.3530245493394714
2572,0.40935376935170753
2573,0.21240552699097384
2574,0.7831075973052584
2575,0.10983249123623019
2576,0.0943852046005756
2577,0.3351286601800839
2578,0.7994885550853023
2579,0.6215203134048852
2580,0.4417868182636556
2581,0.3158208096106201
2582,0.5219885332891104
2583,0.48710786463866323
2584,0.6250658422378322
2585,0.301890344138025
2586,0.436786753136639
2587,0.10234677580510913
2588,0.42570074262159846
2589,0.4245501527530084
2590,0.3225450537697625
2591,0.8330157266113702
2592,0.45293213952391503
2593,0.7696239569204405
2594,0.558098662723944
2595,0.1842639216226949
2596,0.13074030179995377
2597,0.26326195716591094
2598,0.687659939502206
2599,0.670807976943266
2600,0.8463190501926855
2601,0.11344793723252329
2602,0.5327237425322836
2603,0.47366729379992106
2604,0.8922703656721019
2605,0.542647953138723
2606,0.8599053272264646
2607,0.5460184432644797
2608,0.6753858142871507
2609,0.4584062678948545
2610,0.2277788686044974
2611,0.9227290665555563
2612,0.17109041972528613
2613,0.6507676087095678
2614,0.4956278029963071
2615,0.559232878490914
2616,0.7578135391025819
2617,0.3850797913218806
2618,0.1976617030196861
2619,0.7117051783122139
2620,0.803541717803549
2621,0.4271763081721391
2622,0.6293379004315433
2623,0.7388245149331368
2624,0.08653161516666832
2625,0.3023516467812515
2626,0.8481806796633348
2627,0.31992759584250274
2628,0.3505836194385115
2629,0.34137573287880113
2630,0.9266876412053874
2631,0.1376993769678118
2632,0.2325723145593307
2633,0.8655639257177711
2634,0.2662603398381054
2635,0.10600557311836628
2636,0.7022458541475981
2637,0.27587008578548683
2638,0.9351087439169802
2639,0.6063257761041857
2640,0.4324689824936027
2641,0.8547554893222937
2642,0.8635035550482107
2643,0.5094961520280457
2644,0.8637047317210239
2645,0.8400839438860536
2646,0.9006044497186118
2647,0.08880083830032208
2648,0.8519925185690567
2649,0.9307215395624603
2650,0.22691221397811176
2651,0.4754977390598994
2652,0.6751211070241849
2653,0.9262079942974494
2654,0.8703630443605614
2655,0.7977382534044013
2656,0.1314007343183079
2657,0.7026738413132714
2658,0.12772045002612828
2659,0.4455658677446263
2660,0.3940760428621151
2661,0.5030122718136317
2662,0.4042162166959781
2663,0.3438242077274913
2664,0.7729632519000451
2665,0.5768734676833245
2666,0.552731003727348
2667,0.5972556634515662
2668,0.7970151503701006
2669,0.1642686140605754
2670,0.5042964981281587
2671,0.3531002900199231
2672,0.4530471955111267
2673,0.1375171644185729
2674,0.8932564844680408
2675,0.43563244634058834
2676,0.1619333825241481
2677,0.8121564381729731
2678,0.604011783764579
2679,0.6585206992080193
2680,0.913393177033864
2681,0.7781516953055506
2682,0.3615677047135682
2683,0.314495517074593
2684,0.15002775501011667
2685,0.5912783057238686
2686,0.46678810538583604
2687,0.854743725321519
2688,0.7180242730927938
2689,0.9765286016453751
2690,0.7571478181427643
2691,0.3781520278872128
2692,0.815431281700935
2693,0.4177736693805867
2694,0.5217239117536154
2695,0.13701105739440608
2696,0.7553068326054576
2697,0.19109023035208958
2698,0.4962278599618107
2699,0.44344654535818284
2700,0.5204271976801329
2701,0.626636668318111
2702,0.1923539729666944
2703,0.5454672920593068
2704,0.31805944140346093
2705,0.24892238476178136
2706,0.6687279094713109
2707,0.7869465362857747
2708,0.9642608749114163
2709,0.6501601513233762
2710,0.5670469189045749
2711,0.7132392539170166
2712,0.07466200269697164
2713,0.5268459662044487
2714,0.7605863600902047
2715,0.07098489273983422
2716,0.3724577743862272
2717,0.9083092526804887
2718,0.45362542011485124
2719,0.8511425061647463
2720,0.4223904493801502
2721,0.7157028740524564
2722,0.23977919157622152
2723,0.8533486438664847
2724,0.3895332247178317
2725,0.10007937808226604
2726,0.07128509500542558
2727,0.7057544935249367
2728,0.6604232481736493
2729,0.55721350151209
2730,0.7678548997846529
2731,0.5967919816649094
2732,0.5937594694120792
2733,0.8998308668682009
2734,0.7353893302532679
2735,0.6179809094275018
2736,0.8395866418904742
2737,0.5688984558264532
2738,0.39186953709489636
2739,0.28808532353764993
2740,0.6161537121303682
2741,0.744626158937945
2742,0.45509243427924573
2743,0.7119551028025716
2744,0.879373305586902
2745,0.40711142147678675
2746,0.08859529257909945
2747,0.7556648968049303
2748,0.17483133856728283
2749,0.7607972888030001
2750,0.5846925685879402
2751,0.756209802050092
2752,0.138100959625534
2753,0.11903128050287329
2754,0.6036944362954818
2755,0.3252890178915305
2756,0.18707604011284298
2757,0.3710158329221751
2758,0.6847660618894545
2759,0.5582196634768253
2760,0.312932639855968
2761,0.5162283892248434
2762,0.3769287231377001
2763,0.8470015836552541
2764,0.8361184898750267
2765,0.3680964916668173
2766,0.07450566063275396
2767,0.8621852162034599
2768,0.3933844832221296
2769,0.3756577288156645
2770,0.18034983445365294
2771,0.4515759030948675
2772,0.41555387878668676
2773,0.8030653719472476
2774,0.8839913488958686
2775,0.6906155537373883
2776,0.3729005507793066
2777,0.15354271818750828
2778,0.827895887956044
2779,0.2947551391442629
2780,0.8163702210957647
2781,0.24686425570568762
2782,0.888052803584327
2783,0.5858236152977829
2784,0.05354009047215005
2785,0.836722750847086
2786,0.49052125986528355
2787,0.6408705918763646
2788,0.44684673836301914
2789,0.9588583358360383
2790,0.20075583179152331
2791,0.7173833423164041
2792,0.3962660826673184
2793,0.5045646123035928
2794,0.124343141075026
2795,0.6837618567543706
2796,0.36713023865896716
2797,0.5652574356352763
2798,0.6636398116561527
2799,0.2565806214668029
2800,0.8196125839972446
2801,0.49628507594594684
2802,0.6631961302554533
2803,0.4160547157374358
2804,0.06198454238199617
2805,0.7231063683930944
2806,0.8030032000957632
2807,0.45228070929240216
2808,0.6273635181596962
2809,0.38448287244195184
2810,0.12445933401127333
2811,0.12738370010255828
2812,0.3087380665712325
2813,0.22365561681558185
2814,0.6678902761483845
2815,0.7891364727608893
2816,0.29476825074646856
2817,0.5072260583740091
2818,0.6666567589299845
2819,0.6748204495034138
2820,0.5807617342296952
2821,0.5651599869717476
2822,0.7979141509408383
2823,0.8550348822284899
2824,0.944461595339921
2825,0.5526327602653676
2826,0.7529189396906062
2827,0.7985562938245615
2828,0.24741327059261173
2829,0.9055625817466845
2830,0.46028548710697414
2831,0.43207928150858516
2832,0.8704336476728342
2833,0.28285649742922114
2834,0.6367027663284509
2835,0.6403329443842752
2836,0.6573354020892248
2837,0.17480779187798615
2838,0.4509473405047968
2839,0.7045298214805318
2840,0.6946464133871447
2841,0.7518886725321197
2842,0.38972607612935656
2843,0.4775753472933417
2844,0.6123201930666201
2845,0.6707016023625586
2846,0.4847979058331445
2847,0.5303470230342723
2848,0.5867599899889682
2849,0.13362396420093517
2850,0.7198230174227132
2851,0.7985349731431193
2852,0.37957800716235957
2853,0.6493221924143225
2854,0.29006060818402957
2855,0.6221279524825415
2856,0.24535693926573976
2857,0.7509096074094246
2858,0.7233438299640502
2859,0.2847715547508948
2860,0.9394287896717076
2861,0.5942812295523272
2862,0.4161043717706593
2863,0.30127890629339243
2864,0.890580975391879
2865,0.45632919031120056
2866,0.6049119004400526
2867,0.9387198861705374
2868,0.663245450392205
2869,0.18908449299936297
2870,0.38773752506401743
2871,0.1313097771209445
2872,0.4601747055049364
2873,0.36310226700492865
2874,0.6003770355365076
2875,0.8400688309522356
2876,0.44114981825973143
2877,0.8736781148059807
2878,0.5150856188201708
2879,0.2487745161354126
2880,0.48600572100445466
2881,0.579856850781869
2882,0.5314409217915577
2883,0.8457386438368983
2884,0.29263039317858597
2885,0.329913365954281
2886,0.4852378994660501
2887,0.47169545673420055
2888,0.6536550647819688
2889,0.5051843458005262
2890,0.8242549123361934
2891,0.5830434868987215
2892,0.6665309412927082
2893,0.7504122713207532
2894,0.8811507744769924
2895,0.9225684508117001
2896,0.9397570382324838
2897,0.3240820036875708
2898,0.8152777024224457
2899,0.45968195181104127
2900,0.8111076415942913
2901,0.715616344828172
2902,0.6264681899418766
2903,0.30121014409938396
2904,0.9303451695315046
2905,0.8583682450933995
2906,0.45941022860624986
2907,0.17916909244105342
2908,0.5076045298737352
2909,0.2874644251030263
2910,0.5918888415293061
2911,0.6893067893510448
2912,0.6260857262312275
2913,0.27215140116560976
2914,0.2214464090987605
2915,0.5056044753595992
2916,0.6056606077841274
2917,0.716400343414322
2918,0.5156291594133536
2919,0.5781222670340946
2920,0.5013299878728048
2921,0.11197188521096015
2922,0.47048773872522126
2923,0.6993500755341009
2924,0.5519784983017986
2925,0.9353792999511436
2926,0.5872245389847794
2927,0.618564297880879
2928,0.6369372377453824
2929,0.23601708646959804
2930,0.4325105224675938
2931,0.583752033678344
2932,0.9501339000509649
2933,0.873028563955648
2934,0.796553359389764
2935,0.6591993141390604
2936,0.8663165788080398
2937,0.3470330892779293
2938,0.18478318159058035
2939,0.5917613026570521
2940,0.2877260690981748
2941,0.7679498532930923
2942,0.4509249380512825
2943,0.5929965488472397
2944,0.7883853248003243
2945,0.4796290643787954
2946,0.8966578883305916
2947,0.48300786691417535
2948,0.12224027956664835
2949,0.9652498547713707
2950,0.3070795362937705
2951,0.42012274811053096
2952,0.32714285411108196
2953,0.24428459132641453
2954,0.07856039461562558
2955,0.6640786246120429
2956,0.24443178277920755
2957,0.8974328123528588
2958,0.38892577156969965
2959,0.9415605903744361
2960,0.898318329116239
2961,0.5759769903104425
2962,0.4832404069408149
2963,0.8142265581701599
2964,0.7383723086254665
2965,0.6661951898681169
2966,0.41035287598362974
2967,0.7575789711295233
2968,0.48265965701278407
2969,0.44100063254122973
2970,0.1298228835169862
2971,0.42613815868882615
2972,0.9276747564217644
2973,0.9329139912984359
2974,0.5672080164943241
2975,0.06201747802770005
2976,0.6642498315534511
2977,0.1187247605242131
2978,0.8759949494424416
2979,0.5869312610036483
2980,0.9782358971037334
2981,0.5639503086107562
2982,0.34016409197358005
2983,0.9100396904817448
2984,0.14403046547498824
2985,0.5114990316175483
2986,0.2940784342834279
2987,0.8872857223625557
2988,0.6196505080486173
2989,0.43158190575778516
2990,0.6164536660647894
2991,0.4731768627341639
2992,0.5058958228048009
2993,0.5037372735685365
2994,0.18998993567859274
2995,0.6342833793977763
2996,0.8175566893051728
2997,0.6328607483904626
2998,0.8122935453687852
2999,0.6547689165438823
3000,0.08090306400814674
3001,0.8807101650754486
3002,0.2897377931380319
3003,0.47946332945680725
3004,0.7570158766466845
3005,0.44054306087898076
3006,0.4917478663980242
3007,0.44311363131161036
3008,0.5921817935892779
3009,0.8798856701663608
3010,0.5126513177710134
3011,0.3948056605665228
3012,0.5979858160718671
3013,0.39273627983989234
3014,0.7190600852056994
3015,0.5585622450390406
3016,0.3213308977131536
3017,0.5488231238475099
3018,0.5913512520557007
3019,0.32290613929276063
3020,0.2239382908309117
3021,0.39480832149357326
3022,0.5022543549022158
3023,0.8305646211167529
3024,0.4609053996722918
3025,0.4302303400498253
3026,0.482408378213483
3027,0.3277928976400343
3028,0.5581031772953731
3029,0.22292541752513237
3030,0.617547169317803
3031,0.28926901140528
3032,0.7497424973531008
3033,0.48504412073031844
3034,0.4054212662791151
3035,0.9273597937688463
3036,0.4191476853731619
3037,0.36735624075619705
3038,0.5109130876858611
3039,0.4764938273907255
3040,0.5016084806387208
3041,0.8799686225008164
3042,0.3968158111598084
3043,0.7005767203497328
3044,0.8239985721271135
3045,0.7732073133856258
3046,0.1255897256427498
3047,0.930471173927647
3048,0.36150696988734876
3049,0.6999291421868268
3050,0.522456529531441
3051,0.9645351884852058
3052,0.38319374450448945
3053,0.7240280895809265
3054,0.6878569430103271
3055,0.5757083566327871
3056,0.17996225637588534
3057,0.11834794280346334
3058,0.2917216108695462
3059,0.8544342248915006
3060,0.20581524416492347
3061,0.9712202193466538
3062,0.41097162072276866
3063,0.47878224335788766
3064,0.5185139984894189
3065,0.609845787331318
3066,0.2727831721221246
3067,0.7747760512716624
3068,0.7525958569266706
3069,0.4437311051431353
3070,0.8960045320864742
3071,0.8192139416337141
3072,0.2805150366525408
3073,0.8884896718363088
3074,0.5682245112203091
3075,0.6772783916118253
3076,0.6325334221583164
3077,0.8634639304713683
3078,0.6025993827495802
3079,0.484046011096538
3080,0.367727358241007
3081,0.23683243622825575
3082,0.3004845383404035
3083,0.4986496198847092
3084,0.5499336555193345
3085,0.6988635539449632
3086,0.1358572629962592
3087,0.8604472585129422
3088,0.5914949684598235
3089,0.8112567125065817
3090,0.7493463611420291
3091,0.3925577181186764
3092,0.45871606036536844
3093,0.5368218705796869
3094,0.3134364716785828
3095,0.24386225666588457
3096,0.6530447088027832
3097,0.6913699370265007
3098,0.6044016128210322
3099,0.7162381708170898
3100,0.47082098070861017
3101,0.7600387824502197
3102,0.5930064927473055
3103,0.8302267572776534
3104,0.7252752981516196
3105,0.8314743286334428
3106,0.2911705745623426
3107,0.21264159284218917
3108,0.3632297243696439
3109,0.3686672583134673
3110,0.6393186281295007
3111,0.703258218433534
3112,0.6026350259279553
3113,0.812849123758381
3114,0.8422371918828965
3115,0.8674546365457719
3116,0.027244669061734752
3117,0.2693353596709286
3118,0.6410627430375726
3119,0.2662963233865962
3120,0.505441452331701
3121,0.38017831179985034
3122,0.8526308544540955
3123,0.04693975129980468
3124,0.17930986232538834
3125,0.20260231292233613
3126,0.4831631635526713
3127,0.3691126095272757
3128,0.48607909771543895
3129,0.13813987159330457
3130,0.7737323935092132
3131,0.4781032514339368
3132,0.10707888577448153
3133,0.7476772715147212
3134,0.20729116629871727
3135,0.9153995539718474
3136,0.22688093619237548
3137,0.7711465551011207
3138,0.8716575532565778
3139,0.6657007242837225
3140,0.4007521195809089
3141,0.15950989085649214
3142,0.6368093572671794
3143,0.9331042827808554
3144,0.7422419619156144
3145,0.8791804020041247
3146,0.8372488210564621
3147,0.7794341797411906
3148,0.30080479022991125
3149,0.8747172112956034
3150,0.11034837215400892
3151,0.18207391877361748
3152,0.4394271964087656
3153,0.30807539830697883
3154,0.7781329547570922
3155,0.5792550801792892
3156,0.6017192447711213
3157,0.9418562350941414
3158,0.5872499197242607
3159,0.7884201629984071
3160,0.6082578500897111
3161,0.5331065412476591
3162,0.5564166988549241
3163,0.7424013742410152
3164,0.3906408926486603
3165,0.7632390913789224
3166,0.8906758334378329
3167,0.19316085237008415
3168,0.6109264116150085
3169,0.8567790049560208
3170,0.8795029513590897
3171,0.6311292136635106
3172,0.23094199913841
3173,0.5776704819631455
3174,0.7842198557305265
3175,0.917913029475145
3176,0.8552309008770491
3177,0.7669871403517251
3178,0.10787994658594789
3179,0.9132758598089711
3180,0.8037470997285645
3181,0.49824926795285185
3182,0.8426246055469084
3183,0.899213905372516
3184,0.07267426336281688
3185,0.3282406310713826
3186,0.47409122762619654
3187,0.5464841210001565
3188,0.9006855662090444
3189,0.7306882064625186
3190,0.8769881533208556
3191,0.4577439837691833
3192,0.3801849846172178
3193,0.19118757785143528
3194,0.4962488983194803
3195,0.492228738600582
3196,0.6972311861969072
3197,0.5065412960436678
3198,0.45898266171975755
3199,0.7380659636365658
3200,0.5239557925504602
3201,0.8701001315393044
3202,0.44836177742279365
3203,0.5567391857413928
3204,0.3324491963351259
3205,0.72612153313113
3206,0.5949646357878094
3207,0.4131422423423127
3208,0.9615042247024954
3209,0.3174353930882271
3210,0.8661860968297709
3211,0.31240652655872936
3212,0.5136708781943999
3213,0.4431613826372047
3214,0.5285164499208694
3215,0.25845691572384766
3216,0.22756707562502754
3217,0.7311492906932221
3218,0.4610960432348738
3219,0.13302560169108044
3220,0.7848702645239619
3221,0.2343265369924748
3222,0.9141147846659928
3223,0.63624970085013
3224,0.9546922668229025
3225,0.34582356212878257
3226,0.30476047322124716
3227,0.41750524236352976
3228,0.3714058077166095
3229,0.2431451171951999
3230,0.7746176582658119
3231,0.7654443856981465
3232,0.5642980613543707
3233,0.12619422769261146
3234,0.4006540525858109
3235,0.4712256071375548
3236,0.7478760707491491
3237,0.9543234784608353
3238,0.260747979595732
3239,0.8137992814942901
3240,0.872778120810517
3241,0.2216483297991734
3242,0.7803566902851162
3243,0.7294378265360661
3244,0.6181976626140665
3245,0.36931714360763046
3246,0.4183856715480076
3247,0.9414813551972249
3248,0.8994014901756973
3249,0.8014306543155872
3250,0.45949942309008307
3251,0.36553358906060157
3252,0.757656487762013
3253,0.6729823454906988
3254,0.2921510429748587
3255,0.7665373840978928
3256,0.8183944008034454
3257,0.7643831427321259
3258,0.43509711990963224
3259,0.5870917230519087
3260,0.7479774223892097
3261,0.5084438171723367
3262,0.4042520621621936
3263,0.05126880381301172
3264,0.7376798357924742
3265,0.734204132007663
3266,0.8287604008134833
3267,0.3184328772734277
3268,0.8394449822328625
3269,0.22100085142264833
3270,0.631909389470366
3271,0.8875986030009413
3272,0.06734424968762229
3273,0.4625754950082755
3274,0.611191542629354
3275,0.1602918628724571
3276,0.28087535790180995
3277,0.5174404546127453
3278,0.6452135418149533
3279,0.7311964750772484
3280,0.9309168023950741
3281,0.6873910494649178
3282,0.5368814761309565
3283,0.3496136305585319
3284,0.8875329075443714
3285,0.5405911598850307
3286,0.3046723820549965
3287,0.4272333569648145
3288,0.6716304292114096
3289,0.38374054396967133
3290,0.9585397223037724
3291,0.803362340770453
3292,0.3568591414211663
3293,0.8818015690565473
3294,0.29095756090877395
3295,0.755436730622223
3296,0.7344752974047413
3297,0.6155317574178558
3298,0.29434230208273404
3299,0.15669608881252797
3300,0.39886872033104137
3301,0.23796364340624324
3302,0.2718022237410801
3303,0.1636674841058858
3304,0.49274690779869845
3305,0.5512248455051312
3306,0.25298543900504705
3307,0.8042019576637749
3308,0.9137921232275872
3309,0.3098847326712473
3310,0.08875969423692319
3311,0.2794028736705136
3312,0.789828337229629
3313,0.44349897330401267
3314,0.7293797147457778
3315,0.6956704682968516
3316,0.10816544715064039
3317,0.10233714603962704
3318,0.31566651280776503
3319,0.6007651067939084
3320,0.9743485379246074
3321,0.4354971628283882
3322,0.8390178662706229
3323,0.3937150240629488
3324,0.4994832227282034
3325,0.3939839448821802
3326,0.13994202307157536
3327,0.20477354317599958
3328,0.5464992774056601
3329,0.8916990992760406
3330,0.5753900361373884
3331,0.8958369964507711
3332,0.19243744635309096
3333,0.46718823520915237
3334,0.500514052483881
3335,0.08543755873491654
3336,0.7912188822156744
3337,0.39160297115540715
3338,0.7430568960598735
3339,0.19426617767606413
3340,0.3130596135501757
3341,0.26515557434339004
3342,0.6184349460357302
3343,0.4068594259597693
3344,0.7515568392746661
3345,0.08752299814026747
3346,0.8039695186174052
3347,0.9468702068218617
3348,0.6917667175637995
3349,0.7715361865468835
3350,0.8076769339351976
3351,0.24546183042713163
3352,0.49555851168990983
3353,0.15511358232333913
3354,0.14022174462976197
3355,0.8870036561131188
3356,0.7844576028153667
3357,0.7797809872961579
3358,0.4089027546749008
3359,0.5487459307630449
3360,0.22470096217676908
3361,0.653471514551231
3362,0.7442818350989767
3363,0.5456530907799996
3364,0.8940484970855185
3365,0.321143774493355
3366,0.502360855589193
3367,0.6803201542653139
3368,0.4520338204944318
3369,0.5458452602548157
3370,0.32870827011482234
3371,0.8528935189497191
3372,0.822749893721828
3373,0.25779823211700004
3374,0.1636546233580924
3375,0.7759308641667093
3376,0.7719004840985704
3377,0.2713028885458985
3378,0.9440852146268472
3379,0.15070218846578304
3380,0.3772049445319757
3381,0.48297088610629324
3382,0.9754496615428512
3383,0.11288617268552599
3384,0.7434554894789378
3385,0.7994824113796679
3386,0.7077500302557297
3387,0.14632088736285728
3388,0.45683009759269727
3389,0.34740819648616544
3390,0.23141779274971863
3391,0.7053015224767962
3392,0.3622217282433352
3393,0.8994077190211076
3394,0.40946048649153943
3395,0.22293749276103586
3396,0.16337705829563284
3397,0.1886627067772132
3398,0.3156312978239986
3399,0.6003085544675747
3400,0.10805534086555325
3401,0.9395574285303621
3402,0.49127128828334776
3403,0.47968101955080855
3404,0.5374885849338766
3405,0.4762701547834823
3406,0.32078379361798276
3407,0.739043881629367
3408,0.5943769699611882
3409,0.7450134645484997
3410,0.41094256954961245
3411,0.47931326967622223
3412,0.725959393403015
3413,0.09133505143114808
3414,0.634858237299717
3415,0.39838929788952376
3416,0.9412813019326605
3417,0.09184382604721743
3418,0.21408687364371748
3419,0.37398834024189215
3420,0.9075123469004088
3421,0.32544652316056416
3422,0.41822962564648253
3423,0.07389971094472621
3424,0.9082346892947789
3425,0.7434773196133568
3426,0.19345221758398692
3427,0.9230917013094541
3428,0.7951387036891283
3429,0.8514900070759434
3430,0.28784155473155887
3431,0.672813730325632
3432,0.4163431849792079
3433,0.3141454049130719
3434,0.5199381382252877
3435,0.45956704632657674
3436,0.2588717455055569
3437,0.16854009509810522
3438,0.8736083722612443
3439,0.24415196725601013
3440,0.6914422858864335
3441,0.5661035033431966
3442,0.48123428383815675
3443,0.539564386997804
3444,0.80760626409573
3445,0.1611782651174328
3446,0.4874090046239052
3447,0.9441878719004382
3448,0.6308518650730127
3449,0.8540788974486863
3450,0.16305403711608193
3451,0.46308801477990963
3452,0.8745486566108939
3453,0.9475278675982791
3454,0.33177021942704776
3455,0.3050032861562374
3456,0.8429026998218118
3457,0.9189199433360785
3458,0.5098273110314725
3459,0.7567478962553398
3460,0.7415550105483494
3461,0.7624215269453545
3462,0.18612327591180053
3463,0.6592088946832393
3464,0.4484628488654652
3465,0.638536630573326
3466,0.886321950012735
3467,0.19012274236068094
3468,0.3510330434090301
3469,0.8007499850458252
3470,0.5177650095599439
3471,0.5741520207071221
3472,0.7432472550194802
3473,0.8388686175146197
3474,0.4812227142364939
3475,0.5010172482495411
3476,0.6135603267364897
3477,0.21355198358674687
3478,0.6111517336061139
3479,0.8854060677140367
3480,0.3095169489799136
3481,0.18631359483902926
3482,0.8204558746818789
3483,0.2677790195826433
3484,0.3768684351007704
3485,0.5507445256449199
3486,0.7449838045992843
3487,0.7930147454894073
3488,0.6871884731681726
3489,0.33001339608510505
3490,0.872471769911102
3491,0.8986350496221003
3492,0.7907081069836397
3493,0.8736252815224064
3494,0.4479011231543199
3495,0.7570192744203416
3496,0.5839875373272513
3497,0.8561306909597707
3498,0.3159038380083972
3499,0.21746089181993644
3500,0.20806106256445908
3501,0.2187122060294255
3502,0.5938091313269057
3503,0.34486071090608555
3504,0.5440104395577996
3505,0.446281509936664
3506,0.2452496442946899
3507,0.34246945200664447
3508,0.410989468113024
3509,0.33953433783158365
3510,0.5281328907959035
3511,0.5166190599342202
3512,0.48308107960424707
3513,0.1235288484920356
3514,0.8294482149523855
3515,0.7629726200647049
3516,0.7195204956995342
3517,0.49536479159271113
3518,0.7787605906047176
3519,0.6934183317562195
3520,0.6721230473570261
3521,0.9722966843518124
3522,0.1659514504008675
3523,0.7783278328908348
3524,0.8649690407510808
3525,0.8925003231616339
3526,0.5884846820713316
3527,0.7586745992386953
3528,0.6431579385472113
3529,0.24832804992219518
3530,0.6147641422308266
3531,0.23772757637811687
3532,0.4116503952681854
3533,0.24014902607121738
3534,0.734444470625616
3535,0.726169457580756
3536,0.5146610514275181
3537,0.7723589599320176
3538,0.883700347613594
3539,0.6652256845881336
3540,0.5834937490017661
3541,0.29516579087270534
3542,0.07281571399760521
3543,0.12872546413292782
3544,0.3510801509921259
3545,0.8151312714633764
3546,0.15426602813118245
3547,0.7631475023929237
3548,0.6732415949689057
3549,0.9719818155864806
3550,0.5596823985377943
3551,0.9659346310021382
3552,0.43178080942166236
3553,0.6859936483762888
3554,0.3854853637653893
3555,0.7381039883305024
3556,0.7065166226045202
3557,0.7248139304711018
3558,0.611583682868134
3559,0.5705757369146967
3560,0.8697986138205693
3561,0.5880691246499191
3562,0.9576570995139753
3563,0.34959732237616936
3564,0.9101939482267483
3565,0.23841605986561676
3566,0.7683181854147952
3567,0.5567880004255095
3568,0.30886352134730105
3569,0.7909772457091282
3570,0.7968005012365986
3571,0.8104330493564296
3572,0.11016252664327533
3573,0.7295303004846212
3574,0.8122612661182976
3575,0.3059224135625143
3576,0.07219904261445831
3577,0.7404345459444749
3578,0.10190133411888243
3579,0.9377985803306728
3580,0.4918660377879132
3581,0.5293867671450279
3582,0.6618014931171502
3583,0.45145528838210586
3584,0.4846660565669806
3585,0.10465344964761172
3586,0.7005372275659271
3587,0.8115847328713955
3588,0.7713080577275708
3589,0.1985519918312158
3590,0.6765903168046997
3591,0.2919030979426039
3592,0.31012822157376974
3593,0.8735387375720097
3594,0.19201071430734656
3595,0.6730038135431605
3596,0.2641040522316127
3597,0.7219609431860615
3598,0.3035289292477952
3599,0.28463838219214327
3600,0.8802475044363544
3601,0.2087094892243976
3602,0.9506557551121392
3603,0.7596848396637594
3604,0.6940799663931236
3605,0.3867263163113021
3606,0.7302067960585448
3607,0.20085126793045252
3608,0.731779388692094
3609,0.3129502744264704
3610,0.8323459761502584
3611,0.5668914216313823
3612,0.7384706913466657
3613,0.38240535584775015
3614,0.7418722211392774
3615,0.31384257321011133
3616,0.6901950451164831
3617,0.17762919975733676
3618,0.808698363630559
3619,0.9296282834419591
3620,0.4275320485381539
3621,0.4111385385989246
3622,0.6725520602318027
3623,0.9009335866301094
3624,0.9460382032338119
3625,0.21921232049263978
3626,0.2890311273703398
3627,0.6454563111656182
3628,0.9019095985607745
3629,0.8873651359186902
3630,0.9239240783907983
3631,0.5279167498643876
3632,0.4073784440211301
3633,0.8540569781345878
3634,0.4815126567901577
3635,0.9508947782775968
3636,0.6609337798174446
3637,0.8387790828768541
3638,0.8028842391591564
3639,0.2276984726436904
3640,0.014386451502964314
3641,0.7558685082453992
3642,0.7461218915368819
3643,0.892471163451189
3644,0.8235073106515389
3645,0.40850660920921306
3646,0.8645257819362364
3647,0.3753325303922526
3648,0.45430624076451487
3649,0.5279979505558896
3650,0.5929469046932142
3651,0.7857569855340759
3652,0.7702990979935207
3653,0.18477510344623613
3654,0.5080915852481795
3655,0.5996318566643649
3656,0.740653139137976
3657,0.40071921850805187
3658,0.9665453702246009
3659,0.6602549170085865
3660,0.6933725909355162
3661,0.3832516587922008
3662,0.19377145969518741
3663,0.41200693972752533
3664,0.6757064213068672
3665,0.5263758102886587
3666,0.4853551320223432
3667,0.5481195491340022
3668,0.7916813588080316
3669,0.8138302894515036
3670,0.3114530832387721
3671,0.11495686116169526
3672,0.6047242970721834
3673,0.8951416626841322
3674,0.6383195958239317
3675,0.6270163711235713
3676,0.4569192243834516
3677,0.7512635577344967
3678,0.9355754247066519
3679,0.7083335672708063
3680,0.875387615223331
3681,0.6589992273229365
3682,0.37700663234739645
3683,0.7986813870528485
3684,0.3973450990416577
3685,0.6362520082495805
3686,0.6685271430893875
3687,0.26581896798614507
3688,0.5273341395555677
3689,0.9000559348611268
3690,0.5150468339125915
3691,0.35822429359864205
3692,0.8459508814385075
3693,0.6011764070202422
3694,0.7668428313913108
3695,0.7750501638340701
3696,0.41699776287717816
3697,0.33405835861282435
3698,0.9759344771963815
3699,0.7771091375555351
3700,0.8612257319176193
3701,0.8917443487066531
3702,0.5254409894323663
3703,0.8320450626745638
3704,0.8085044727506528
3705,0.06226074434390889
3706,0.895451709840729
3707,0.5204524778070019
3708,0.7412392147071802
3709,0.8523533367840593
3710,0.19239958168195
3711,0.533430715656948
3712,0.8133063610786883
3713,0.3449114336380856
3714,0.41535087892831823
3715,0.6053596162309977
3716,0.5970620337644839
3717,0.22651229322091745
3718,0.8298061343855343
3719,0.8575327744175703
3720,0.5241946585865416
3721,0.40335426230768123
3722,0.7831481049755701
3723,0.7450866373015572
3724,0.562504260502822
3725,0.2709094100626442
3726,0.734917394182854
3727,0.1389369228439318
3728,0.18751271504743555
3729,0.6514650178393753
3730,0.37086935918389985
3731,0.413789331585771
3732,0.2570692381378111
3733,0.32803616672144764
3734,0.882435248536181
3735,0.8512224977684816
3736,0.9062948244882273
3737,0.9772512469345088
3738,0.46623838079211677
3739,0.056078216588316826
3740,0.6459953148515711
3741,0.8238573387999601
3742,0.3745349425327682
3743,0.9387232669438027
3744,0.9468929016421962
3745,0.6660106446314095
3746,0.7774489955839722
3747,0.5612405192802729
3748,0.17255583756458315
3749,0.8184938774092687
3750,0.30718550875005124
3751,0.14135322850557722
3752,0.22905158838358752
3753,0.8682491138560221
3754,0.9243974856516267
3755,0.21935099736742406
3756,0.1915104413766552
3757,0.23459530202813195
3758,0.3608092408622527
3759,0.8620573425407301
3760,0.5355846597095064
3761,0.6527945042609706
3762,0.13725774597567444
3763,0.5737033446482541
3764,0.5530353527485886
3765,0.4538017884596625
3766,0.4108821316316307
3767,0.6106142902054801
3768,0.3188854490381434
3769,0.37687285605322446
3770,0.6729404848614287
3771,0.23311474971644186
3772,0.8001595733738446
3773,0.4718641672661655
3774,0.7167045148013322
3775,0.3397018798042739
3776,0.5365334721984176
3777,0.8014152655601494
3778,0.7334095537654214
3779,0.7790319418741102
3780,0.727962434627993
3781,0.3013411105586877
3782,0.677123007196811
3783,0.7523468564150592
3784,0.3319463944493613
3785,0.431739335737946
3786,0.8413533052327049
3787,0.6881467414773093
3788,0.20691035913636205
3789,0.31484730868437993
3790,0.7581434246575117
3791,0.2025811731541052
3792,0.15115236996793768
3793,0.6704338440524041
3794,0.19065524520011903
3795,0.4820661644427197
3796,0.09185642392447291
3797,0.43370163044232163
3798,0.464500723985019
3799,0.6351911510505783
3800,0.31171905517126824
3801,0.32811742701106955
3802,0.8830327778206044
3803,0.46609283994158324
3804,0.6805918218256054
3805,0.13315379132632962
3806,0.32579893068985094
3807,0.8993737044727932
3808,0.4114136270774518
3809,0.2886414174266778
3810,0.382205782959852
3811,0.27952453046112696
3812,0.7741264408806525
3813,0.49783449752526765
3814,0.6084672571955821
3815,0.7832986211501917
3816,0.3658995189943702
3817,0.3477936366670112
3818,0.8654351883221932
3819,0.6794988190682556
3820,0.8891541573467625
3821,0.5148418873704498
3822,0.09495035449473897
3823,0.6540941560973752
3824,0.7988271679320893
3825,0.7524904546782399
3826,0.05446492171969573
3827,0.3451572511976973
3828,0.37336180009871955
3829,0.5441979575003917
3830,0.5400195401998462
3831,0.7754746897587003
3832,0.7869084737960474
3833,0.31429758351376086
3834,0.18663563894423293
3835,0.24827959402104285
3836,0.7109047295682974
3837,0.8493807209174469
3838,0.915579032609084
3839,0.5518600306548674
3840,0.7323868819485744
3841,0.7387047937026033
3842,0.44181422157755706
3843,0.762817272000634
3844,0.8278823108201229
3845,0.26403535179507426
3846,0.6495545192828647
3847,0.21331984140051016
3848,0.8827865646561538
3849,0.9513158322193893
3850,0.22126981226464307
3851,0.7476635630637227
3852,0.5177691071649533
3853,0.8367329359825978
3854,0.35992066453037586
3855,0.22095971389360883
3856,0.4399280430939064
3857,0.815979385853712
3858,0.5898719815786927
3859,0.6186872338480045
3860,0.5033375579355563
3861,0.8452986070309794
3862,0.8073612035448712
3863,0.7836625568772144
3864,0.32588858352533645
3865,0.782639171553641
3866,0.22652374645077455
3867,0.2588923259658542
3868,0.586619830409262
3869,0.7953822393106068
3870,0.588652807251021
3871,0.48114274501896054
3872,0.7899022161877828
3873,0.36586720256641614
3874,0.6908904185457635
3875,0.19796967195207674
3876,0.548468742451198
3877,0.6417003798438701
3878,0.8483197422628387
3879,0.7604926176357852
3880,0.3945306253437927
3881,0.30241591687867597
3882,0.449923946219835
3883,0.7499449973824086
3884,0.43192971217756176
3885,0.5152144036892977
3886,0.686083305201956
3887,0.734933483177541
3888,0.6538259122362287
3889,0.7730811011235785
3890,0.6359030761830677
3891,0.8038247494239569
3892,0.5649617822591367
3893,0.1159740113512139
3894,0.630137240378368
3895,0.896482764668341
3896,0.8166011379594242
3897,0.381844773087787
3898,0.564789663083084
3899,0.2990317759517624
3900,0.3051522944423125
3901,0.2727033333088224
3902,0.49731341233538046
3903,0.062206060876403804
3904,0.4850244615654274
3905,0.7187725194769206
3906,0.5484546657348427
3907,0.6024606845037629
3908,0.34865919295501335
3909,0.9233425884105105
3910,0.368318773482193
3911,0.1390564942202166
3912,0.624656907132325
3913,0.65899148203779
3914,0.2876072317505553
3915,0.5280330787396678
3916,0.9386462547727561
3917,0.9069661660773934
3918,0.4645618510622793
3919,0.29414606358542295
3920,0.7737851927573292
3921,0.33549127390210276
3922,0.7838258536888381
3923,0.893873246415893
3924,0.5967798179791999
3925,0.9411733136936076
3926,0.49376700909502524
3927,0.5723582317281546
3928,0.5461669092389086
3929,0.40677152578377873
3930,0.5983803021683685
3931,0.832546584254293
3932,0.18342204137266432
3933,0.33232335149624614
3934,0.8377996293543796
3935,0.6327435097152037
3936,0.8320450520066373
3937,0.6510569866626476
3938,0.8642765249759427
3939,0.49224838383733155
3940,0.48848295923772733
3941,0.09658970666059448
3942,0.6938830531922656
3943,0.5070650721920545
3944,0.6921929890924818
3945,0.44909182013812754
3946,0.30755280360024434
3947,0.42541953166375296
3948,0.8239630178626948
3949,0.49121018591805654
3950,0.33393576975957356
3951,0.7588836606754764
3952,0.6304229585923049
3953,0.6412568774274133
3954,0.46436449254611833
3955,0.7732377819103547
3956,0.349887176614252
3957,0.7711184800915755
3958,0.2485810808139639
3959,0.2674326896577093
3960,0.9138358056854333
3961,0.8025229673709184
3962,0.3887668561002406
3963,0.43090196655253393
3964,0.7510791722517373
3965,0.39438326431870946
3966,0.86525690700152
3967,0.8682260303001098
3968,0.7425183610133312
3969,0.9074666095684428
3970,0.5262488313498883
3971,0.8902400000780449
3972,0.5628588273504578
3973,0.35697380926837213
3974,0.569002190338395
3975,0.7820671880044061
3976,0.6800821541586584
3977,0.6913025572304259
3978,0.4749385232711749
3979,0.4786062775368634
3980,0.4022920127374653
3981,0.5197476673164907
3982,0.2896865553947742
3983,0.27290129786083145
3984,0.9313487231291802
3985,0.29481029846859613
3986,0.8269099084380664
3987,0.7569530258363031
3988,0.9486515875510453
3989,0.2854221538654729
3990,0.329775403706563
3991,0.8110201793291971
3992,0.4908989452573803
3993,0.8333266507455742
3994,0.5754569279599853
3995,0.6126600781936847
3996,0.5550517632514596
3997,0.2891159406565496
3998,0.3538696440143683
3999,0.7363580000580962
4000,0.6201999479268706
4001,0.5456933120394314
4002,0.4556115354798142
4003,0.287181947550789
4004,0.4393299511869682
4005,0.5946689682542758
4006,0.31570133751660096
4007,0.7190973757581709
4008,0.8930642373555137
4009,0.39892086027352985
4010,0.35356285373482144
4011,0.45039728195495826
4012,0.2492202974028678
4013,0.5115406663065603
4014,0.5631242569375577
4015,0.2302297492060395
4016,0.5014843047201911
4017,0.6771300700587246
4018,0.9282537440932517
4019,0.5251539337170087
4020,0.8656575702768259
4021,0.31127596743924285
4022,0.5555547410056686
4023,0.7601563498235157
4024,0.8677658307915281
4025,0.39661023266599194
4026,0.8763521209941146
4027,0.6176069331041787
4028,0.5817046767687558
4029,0.4958826200597867
4030,0.8418912933526591
4031,0.603338305539528
4032,0.5675659782121136
4033,0.8314269946791149
4034,0.4216145723762724
4035,0.3223380089984468
4036,0.4874804355384881
4037,0.7122410563700705
4038,0.5893019023102656
4039,0.6059197029740546
4040,0.20286353987458794
4041,0.20706940801103912
4042,0.46149173174840197
4043,0.5984530914015842
4044,0.3433812612711577
4045,0.3183313705645831
4046,0.7320262919357694
4047,0.6921845850974279
4048,0.3391063593750584
4049,0.5500464788871418
4050,0.7795190226227666
4051,0.8583595675178897
4052,0.597291794173797
4053,0.7585420715091663
4054,0.6393333036586709
4055,0.6197676696247068
4056,0.536622871969897
4057,0.8073666392653421
4058,0.43573621892795
4059,0.619065791674244
4060,0.7062688558795321
4061,0.7970655366866713
4062,0.7810199683845298
4063,0.3344291769956119
4064,0.46783981246871537
4065,0.3437197731060932
4066,0.4671219268849845
4067,0.049705430377775306
4068,0.8678239498338183
4069,0.6150838439957271
4070,0.16618226916016296
4071,0.2559714393547252
4072,0.44141484566930167
4073,0.5067488005456439
4074,0.8988978375138054
4075,0.6001652565111665
4076,0.5871850755342416
4077,0.5743969246568357
4078,0.6074696496857368
4079,0.7327298559415135
4080,0.4688513017328412
4081,0.6981207603553431
4082,0.7741749513651492
4083,0.21765583611934666
4084,0.855988960209512
4085,0.7664037193362926
4086,0.3658993431991643
4087,0.4255384967971518
4088,0.7360649824030543
4089,0.41785637908767925
4090,0.45421697109898546
4091,0.14675525691751504
4092,0.8292940332660312
4093,0.40383074921610246
4094,0.22203643658524652
4095,0.5405362667349732
4096,0.4733199475592785
4097,0.5997924465037502
4098,0.7900527711438579
4099,0.6043267845106008
4100,0.6475733927222981
4101,0.3318512148363946
4102,0.6845016921475199
4103,0.19962351987107027
4104,0.45854915180545053
4105,0.5258798232881446
4106,0.6114872878960538
4107,0.7763369659793677
4108,0.5511598853520977
4109,0.8265664119824484
4110,0.5912832063330322
4111,0.9756252186033326
4112,0.4689202220970059
4113,0.8113930824406693
4114,0.5062703195159185
4115,0.6427462028979413
4116,0.41273647104467437
4117,0.5628250971948492
4118,0.2485136048459492
4119,0.8000949081319052
4120,0.8461585071569399
4121,0.501778037390955
4122,0.8215392951260199
4123,0.6686266906940528
4124,0.8710421739755659
4125,0.8044139164596282
4126,0.6291708183846468
4127,0.5546168428994029
4128,0.19695964567753485
4129,0.49128299121065716
4130,0.09524658126468585
4131,0.6950717811321081
4132,0.7137391534036899
4133,0.09806407382896808
4134,0.43237402249004975
4135,0.8137365874158384
4136,0.4951610397877329
4137,0.5347286382209352
4138,0.5401509350089735
4139,0.2139711323170282
4140,0.7835199766567562
4141,0.8465386164758824
4142,0.652801955946905
4143,0.02651372844261908
4144,0.7785300943177759
4145,0.409242101836089
4146,0.3376658052849047
4147,0.7669644576105733
4148,0.43369909665090123
4149,0.20419198813242023
4150,0.19366159377610592
4151,0.03837645486021454
4152,0.49878086600027993
4153,0.7087590113637304
4154,0.5303386937385095
4155,0.626944536913144
4156,0.6736214384465044
4157,0.681230212049976
4158,0.9214575448933827
4159,0.09804807027101295
4160,0.9002911264319183
4161,0.3069192797895967
4162,0.5654750256569395
4163,0.7090998249692377
4164,0.5097205165508769
4165,0.670229123182226
4166,0.5247378753962886
4167,0.5512958534254738
4168,0.340936833092947
4169,0.7545860391025256
4170,0.811814326168124
4171,0.13878477749787352
4172,0.5852091992206478
4173,0.7862989376827937
4174,0.26582346072719487
4175,0.11728342554874295
4176,0.7434726899903016
4177,0.41416026895943847
4178,0.6565578768566164
4179,0.39390711220534846
4180,0.3422550644945133
4181,0.829869019132314
4182,0.5496990595787058
4183,0.42537949287336835
4184,0.861778989165196
4185,0.6802762490418297
4186,0.47960627587134375
4187,0.19983655279251064
4188,0.13073407868271578
4189,0.636875741223875
4190,0.6682071806545855
4191,0.8917756904593948
4192,0.5813864437514611
4193,0.3689081757972508
4194,0.18104515425004242
4195,0.160015381942978
4196,0.3123975530135148
4197,0.5089017731183664
4198,0.6079384229845721
4199,0.3277587743933713
4200,0.7921178699414324
4201,0.7703720175895962
4202,0.29752808679507053
4203,0.6020710225083438
4204,0.29366699487252973
4205,0.7715888920877402
4206,0.36845878382506664
4207,0.3856874066347704
4208,0.5378160698330717
4209,0.7711799390416034
4210,0.6262033723667235
4211,0.1953867934572848
4212,0.7547841981433923
4213,0.17497759897986154
4214,0.5858099230045287
4215,0.39671326476683233
4216,0.5611774487425154
4217,0.27592250346244246
4218,0.7710269551244304
4219,0.6202922801750556
4220,0.7637394227246022
4221,0.539400807094388
4222,0.19363677678258567
4223,0.3888625063806358
4224,0.7225846119091529
4225,0.35776889674353884
4226,0.27148336608859286
4227,0.6314911831805884
4228,0.8364597345261907
4229,0.948599979433978
4230,0.9429565329779931
4231,0.5439605052333959
4232,0.569893544046669
4233,0.8240416255042821
4234,0.8474726303463533
4235,0.394203110560531
4236,0.4184612787994744
4237,0.299976862770194
4238,0.4986024606234537
4239,0.5128561181948297
4240,0.9492560468623606
4241,0.8772341486203634
4242,0.564030778883037
4243,0.2992195067686176
4244,0.4887254207334848
4245,0.5029576644482673
4246,0.9781237884300025
4247,0.8005607523691459
4248,0.6927201141989265
4249,0.5445554506983052
4250,0.1533990959916378
4251,0.361233948414733
4252,0.49255796009356884
4253,0.7955665588119858
4254,0.43313495895259846
4255,0.2807722539981076
4256,0.07636426165380138
4257,0.35288677827918596
4258,0.3523980476453901
4259,0.8293690190380588
4260,0.8055105423079275
4261,0.7921174461831765
4262,0.7809362354054981
4263,0.6660945494102184
4264,0.20730207893413224
4265,0.7598699780967891
4266,0.7484977698411542
4267,0.2036773653166416
4268,0.4561547393396699
4269,0.2538539021700626
4270,0.7509345130989264
4271,0.8013746886605803
4272,0.27283368159373905
4273,0.2587198494811951
4274,0.7261727813932283
4275,0.8264739578600898
4276,0.5871697838944051
4277,0.4187450770641743
4278,0.7191231978917209
4279,0.14031686524664666
4280,0.8089305427450119
4281,0.45565637440997925
4282,0.08166863132101052
4283,0.8503767869288918
4284,0.1671189402996617
4285,0.5807417054911456
4286,0.4388360746081633
4287,0.8988753135574897
4288,0.2901604005241483
4289,0.4293223260616341
4290,0.6514856399148902
4291,0.31676545952038215
4292,0.0813820895761135
4293,0.5857473835023361
4294,0.852088902233131
4295,0.21248251302180818
4296,0.8788568568552799
4297,0.9425576246208421
4298,0.6823141956015177
4299,0.5070909560227281
4300,0.2350588944675394
4301,0.22279664727555856
4302,0.33464655979840796
4303,0.23146441876298923
4304,0.45054559345466766
4305,0.7562179521067663
4306,0.5643091729348803
4307,0.6579486087095159
4308,0.7317412916649672
4309,0.6711833186756414
4310,0.8838027389279415
4311,0.3521922638666795
4312,0.17963493267372865
4313,0.6124391888411701
4314,0.5375371864060202
4315,0.6357572684947775
4316,0.3333777015445642
4317,0.7679807362437894
4318,0.16266753524264047
4319,0.96086484929919
4320,0.9295308174414632
4321,0.10223303705076964
4322,0.8690239956492094
4323,0.6703329988234608
4324,0.7260566376576094
4325,0.8085699398906459
4326,0.24782577167832556
4327,0.11860949297136635
4328,0.2664942975900852
4329,0.1140986087705296
4330,0.6528587517192123
4331,0.8356585094376034
4332,0.916246049735899
4333,0.7866410947435328
4334,0.9057702835129764
4335,0.4056104241010319
4336,0.5372474303550957
4337,0.522631021691303
4338,0.818920502661183
4339,0.24300299826895622
4340,0.1288463624350795
4341,0.5550394572858084
4342,0.604324309037132
4343,0.3761951582777843
4344,0.9306985812593951
4345,0.7456508312241547
4346,0.8506250812034061
4347,0.6666302137553753
4348,0.3693862772734965
4349,0.3399764202857289
4350,0.15863532853578474
4351,0.30559468492134545
4352,0.7696248371300906
4353,0.7679370608010065
4354,0.9256259949766001
4355,0.8563909949503727
4356,0.3056966987492277
4357,0.19413419636894447
4358,0.29186130358300855
4359,0.8072814052797845
4360,0.35501711226305277
4361,0.13727736827941756
4362,0.8765757148730978
4363,0.24299748695429058
4364,0.06224648554397031
4365,0.6452570001429846
4366,0.09447347219728366
4367,0.9342555746378991
4368,0.3565065557393698
4369,0.19789502904127285
4370,0.8077362624110002
4371,0.20496484010245541
4372,0.7163661332608577
4373,0.5605549531955207
4374,0.04547282897435359
4375,0.39096229539675525
4376,0.833215703700432
4377,0.48498576020708095
4378,0.6432462611681188
4379,0.47775032176091503
4380,0.10585105219057063
4381,0.9360680835210472
4382,0.11960392490522408
4383,0.23631363578055728
4384,0.8848160842666201
4385,0.673298801948439
4386,0.29067651325650645
4387,0.7425604115531069
4388,0.4976947590829457
4389,0.6493608136788849
4390,0.7273301437074811
4391,0.7352411302437533
4392,0.7058650332353029
4393,0.7272915040056855
4394,0.8940913467077138
4395,0.9767549284879083
4396,0.8052521818550474
4397,0.38432526954503354
4398,0.12557616860867993
4399,0.1269246494877872
4400,0.9240727423243726
4401,0.5233126163816063
4402,0.8954021544150255
4403,0.3792874341114463
4404,0.4292463550105379
4405,0.23540808511147135
4406,0.39859163066340414
4407,0.19714196594368058
4408,0.2008400219932706
4409,0.2742652864424651
4410,0.794167411571881
4411,0.4271860615742343
4412,0.3101076619480917
4413,0.7891825427759649
4414,0.7829053111252837
4415,0.5703471445084449
4416,0.38905732726985587
4417,0.39258130848348516
4418,0.8205822708970385
4419,0.6411779255479308
4420,0.9319240133684545
4421,0.5163573871282028
4422,0.2197752534121021
4423,0.8306011045784172
4424,0.4355694776419257
4425,0.9638222937693116
4426,0.7379113879533835
4427,0.755083057831852
4428,0.3467852354711968
4429,0.5679818224747301
4430,0.05427919033445048
4431,0.6499506331124952
4432,0.6755588269336978
4433,0.5918155752053732
4434,0.04312854207852808
4435,0.8942758287731609
4436,0.39746004627186077
4437,0.8982428168308334
4438,0.8807774584650545
4439,0.5674728329189289
4440,0.5211009981095039
4441,0.22657946430312093
4442,0.9197862412345941
4443,0.4808043278467054
4444,0.7457401867608477
4445,0.13410669035441694
4446,0.42296830399333607
4447,0.17480898288452515
4448,0.7060426367451591
4449,0.3132091531090631
4450,0.4711903743049015
4451,0.7744235014294777
4452,0.40050859262176347
4453,0.8759405994445986
4454,0.8026995337860773
4455,0.574064648074064
4456,0.48998628159008994
4457,0.5312401735376014
4458,0.807703612860364
4459,0.08084126553872192
4460,0.7081739141934357
4461,0.8618785882399618
4462,0.49941667949973584
4463,0.6416958571842316
4464,0.575487361071367
4465,0.3045086223930845
4466,0.6919726812517372
4467,0.8627475015434375
4468,0.6115372540987388
4469,0.8741031259120865
4470,0.6286212030960594
4471,0.5308673588107593
4472,0.2949752620289534
4473,0.7712474801040627
4474,0.7491250979529842
4475,0.11866157424808438
4476,0.8750255231946338
4477,0.8747744842567924
4478,0.725361642606188
4479,0.832940871690091
4480,0.6642323875132506
4481,0.4524847185449389
4482,0.866342320055297
4483,0.6278495977738571
4484,0.8162941600970025
4485,0.3720808286442126
4486,0.09238643727387695
4487,0.6432762110877227
4488,0.3547863019734609
4489,0.8944121694966464
4490,0.37432894604452416
4491,0.9461150918806814
4492,0.772538193204731
4493,0.7878739733500751
4494,0.5275235433682897
4495,0.5126417337385952
4496,0.35612908482913036
4497,0.08952796714876961
4498,0.7639557240144458
4499,0.9627168465471152
4500,0.7029845244067701
4501,0.7566105422748033
4502,0.520588215927604
4503,0.738025862149374
4504,0.48939295537288463
4505,0.5007312887539163
4506,0.38988791073207046
4507,0.9461908436051901
4508,0.8465142704638462
4509,0.9383392791738572
4510,0.7824287185016651
4511,0.3621850865029459
4512,0.3800394540442411
4513,0.9409844530837213
4514,0.3940384994990445
4515,0.7266998499481797
4516,0.857040885134528
4517,0.5374683649224942
4518,0.7602898575797079
4519,0.15232417212063884
4520,0.49411763859813135
4521,0.8358918629008678
4522,0.4837425224498234
4523,0.32095472817862114
4524,0.5980302189931594
4525,0.5403232938034854
4526,0.5006488024435786
4527,0.2814986894553879
4528,0.25727738336723943
4529,0.5485739698725385
4530,0.7174201742257091
4531,0.15096905479927877
4532,0.5932768074621861
4533,0.1264052833493278
4534,0.8742635739853628
4535,0.6332591338764866
4536,0.39575476849539415
4537,0.8559748753125295
4538,0.8559701521452341
4539,0.20032615984482055
4540,0.1777717438067748
4541,0.3233127692843656
4542,0.6037516475017918
4543,0.6445412039160987
4544,0.7474197689375227
4545,0.3760885350384105
4546,0.8910591830903145
4547,0.9007251146907113
4548,0.388930048155592
4549,0.5388939653346403
4550,0.2842485319844436
4551,0.8358677498172511
4552,0.7155337785659667
4553,0.2595240199302617
4554,0.5941970275674119
4555,0.8999643028950477
4556,0.8897308001142306
4557,0.7583111508646024
4558,0.6019035947274314
4559,0.4501897792242187
4560,0.554511226521871
4561,0.7132077890717703
4562,0.40391753673153596
4563,0.8676074033624576
4564,0.6766791014516006
4565,0.44170404742936253
4566,0.6862454811404943
4567,0.6288210189983529
4568,0.27814480376372813
4569,0.5378539653841183
4570,0.6833730884261437
4571,0.24579402155820873
4572,0.8529349952471873
4573,0.6543025625166699
4574,0.9837959291686209
4575,0.5858338201404112
4576,0.6363032992772923
4577,0.5617034962636787
4578,0.3280147215336443
4579,0.5372169519852831
4580,0.5953059487580072
4581,0.7030599289483759
4582,0.7739587745778455
4583,0.5181540131468971
4584,0.7642830314982262
4585,0.772284312697559
4586,0.7756031475490448
4587,0.722767830302005
4588,0.7953534560312342
4589,0.3633415492980147
4590,0.9520843581311177
4591,0.9831950837116944
4592,0.41253749049156396
4593,0.7793337636374296
4594,0.34675903841182665
4595,0.25976255398938375
4596,0.39527726007342334
4597,0.31714688794737705
4598,0.9144080801377523
4599,0.664179300059234
4600,0.3467143203618064
4601,0.7976004075743244
4602,0.7171818268825073
4603,0.9482096944657418
4604,0.5937143506467863
4605,0.3717504282881865
4606,0.5584536501045934
4607,0.4967364020845116
4608,0.6738408030181774
4609,0.25622281997773394
4610,0.16506596487955688
4611,0.6272345960394732
4612,0.2858426248056021
4613,0.3632995095130135
4614,0.23472981550261574
4615,0.19212065870624473
4616,0.2842673751719459
4617,0.07809219139179728
4618,0.8306741374578727
4619,0.4906739440843179
4620,0.6404650753618573
4621,0.604473993581721
4622,0.14816615067318142
4623,0.27958584729799824
4624,0.731013808675369
4625,0.5719383905242733
4626,0.21750056818805066
4627,0.4029755157947596
4628,0.6851960295453272
4629,0.4449577887603023
4630,0.204504600181952
4631,0.6651204052123517
4632,0.7550125728330892
4633,0.28867298196601315
4634,0.8135951548318333
4635,0.17091528397983577
4636,0.269770900888551
4637,0.8888385672741266
4638,0.7076693525197931
4639,0.9177969156340546
4640,0.674096705338612
4641,0.6370512159328543
4642,0.36158505771497496
4643,0.5523578508218223
4644,0.43402482400082026
4645,0.8021173070694894
4646,0.7056827742031148
4647,0.1952043887348024
4648,0.8841016763837073
4649,0.827191468015786
4650,0.40027472704668593
4651,0.6653582503838825
4652,0.647213737630139
4653,0.6219971821088396
4654,0.817162837501685
4655,0.22606989800410646
4656,0.3710988640224177
4657,0.0562084225690141
4658,0.3063481342751675
4659,0.7959725460135318
4660,0.09888026312567731
4661,0.37242184434380843
4662,0.5021773532719623
4663,0.6526864365173117
4664,0.7828502825063229
4665,0.7819778123096174
4666,0.82216728077403
4667,0.4471127613482834
4668,0.7579100663638361
4669,0.480866913223577
4670,0.4000617889887092
4671,0.4195030817651554
4672,0.5947343725394845
4673,0.5698808239333094
4674,0.5615349111434923
4675,0.43088507522235747
4676,0.35088134787448855
4677,0.3566034149781352
4678,0.8178672020885879
4679,0.37938276179987035
4680,0.8217042044847996
4681,0.5307616123642596
4682,0.5438568985534946
4683,0.27944946562672324
4684,0.3150538925123631
4685,0.9017611156682104
4686,0.5656900728229126
4687,0.5874528919916608
4688,0.37778767016630493
4689,0.5705105439354883
4690,0.6180047503808083
4691,0.8307175186322282
4692,0.9212491130461974
4693,0.5996653497469782
4694,0.5632521621444071
4695,0.47183775930309596
4696,0.24477530186531965
4697,0.5979690553252511
4698,0.8376689072736067
4699,0.46447194761209704
4700,0.3923590704880169
4701,0.13094259230129957
4702,0.5467750752713859
4703,0.6709044990059794
4704,0.7110991157921247
4705,0.04534097992688019
4706,0.40377900092641245
4707,0.30960887560147543
4708,0.7089202906131267
4709,0.535178564286259
4710,0.924173258691381
4711,0.6737757605117097
4712,0.5104599050790998
4713,0.525281106101797
4714,0.1303210051809597
4715,0.7459323757661418
4716,0.4831579084862684
4717,0.7296049707788892
4718,0.4823215769969848
4719,0.5051076870926401
4720,0.37447062261033376
4721,0.24048651340430416
4722,0.859570079909947
4723,0.8519948563586667
4724,0.04479177051912821
4725,0.2942458023539037
4726,0.37432876173773805
4727,0.3364859379107078
4728,0.8034307062205986
4729,0.22317219298297047
4730,0.8797508823726249
4731,0.7439443726735474
4732,0.7083071925922279
4733,0.21430780137448383
4734,0.8052744261861868
4735,0.4157885155019083
4736,0.8330091092807924
4737,0.7593022326795499
4738,0.6617302052433065
4739,0.6622138074532298
4740,0.6808453048469669
4741,0.6616472113875405
4742,0.7909031857454976
4743,0.6601705524446676
4744,0.6936457520145565
4745,0.6937383882499192
4746,0.8880310054509046
4747,0.5976579793231342
4748,0.15728219792661527
4749,0.4907474077910002
4750,0.949296982070237
4751,0.5031928594263457
4752,0.20866427394669496
4753,0.6101797452518157
4754,0.8322155556992094
4755,0.1991863819763131
4756,0.3238018334228853
4757,0.6077187911101342
4758,0.8404787652696031
4759,0.2334196429581034
4760,0.5348913155301835
4761,0.8584615332899823
4762,0.8610781358270682
4763,0.5638554783327244
4764,0.9716432696615365
4765,0.49837013133936714
4766,0.615285902978108
4767,0.7137385346528773
4768,0.3178111061526268
4769,0.7314502256118233
4770,0.8440659453152846
4771,0.3272153665798311
4772,0.5202647421820051
4773,0.5337562048993495
4774,0.2452436644356832
4775,0.531461051836319
4776,0.7250492943218018
4777,0.3936609616544257
4778,0.8289482686601368
4779,0.6225364237260238
4780,0.7797021105472152
4781,0.446090734751864
4782,0.75175604225787
4783,0.20193677822653058
4784,0.2803358290791324
4785,0.7165278188893744
4786,0.19413729660937068
4787,0.2227277558558654
4788,0.21363449277697583
4789,0.9604117972271455
4790,0.3033338997665902
4791,0.42953786100288677
4792,0.274922763196075
4793,0.21654934931553144
4794,0.6133313631948836
4795,0.1944430217919789
4796,0.6438897545199505
4797,0.7636309057059139
4798,0.369747662130746
4799,0.7534292259363241
4800,0.6391609174306127
4801,0.12712113712246034
4802,0.8866035929526924
4803,0.7930951751352039
4804,0.8136671531987129
4805,0.9101399268131148
4806,0.8364367828074656
4807,0.4388685962568061
4808,0.8481615985093514
4809,0.6932118697227515
4810,0.7571175796997758
4811,0.42871672643675346
4812,0.7402731351194028
4813,0.5940169009114938
4814,0.6620249997893553
4815,0.9190091854915292
4816,0.7091368561508007
4817,0.425184221487599
4818,0.29200307443173124
4819,0.5566354760846044
4820,0.34378919697986837
4821,0.6032614169319083
4822,0.7548642628835616
4823,0.4971932136646785
4824,0.5766975810194661
4825,0.4582187163351766
4826,0.43821499807750447
4827,0.23653121207125447
4828,0.7126656289889782
4829,0.46429556077668593
4830,0.7504013624659025
4831,0.6100257035341201
4832,0.3006364178558459
4833,0.8220851480282564
4834,0.2708551507318456
4835,0.2098950541186952
4836,0.16436883782247347
4837,0.5648951634177617
4838,0.6883668265311702
4839,0.6514407018444277
4840,0.7459307218386368
4841,0.6315726938586327
4842,0.414545793458386
4843,0.4079945047746659
4844,0.22027842830203187
4845,0.327420604152615
4846,0.5655847875655065
4847,0.23709883914099647
4848,0.9466996143545288
4849,0.8135498832459707
4850,0.6120805454235695
4851,0.810174043027515
4852,0.3176174019631693
4853,0.8339733977705845
4854,0.46592456153952
4855,0.6911728452428877
4856,0.44465766801760953
4857,0.6090497917358142
4858,0.9717134780604575
4859,0.544164170703155
4860,0.8237417225221023
4861,0.2407220473228455
4862,0.5418130882144016
4863,0.2894401910314475
4864,0.2564299360184459
4865,0.8349102958350694
4866,0.3196759823634753
4867,0.39146989778014885
4868,0.2981710836266662
4869,0.8129046400694878
4870,0.27837552318963127
4871,0.16481885992264825
4872,0.5327316815998255
4873,0.8994684760239819
4874,0.5500396312176168
4875,0.49371348974079904
4876,0.8110708104108754
4877,0.8130296769345614
4878,0.7717186276109216
4879,0.13863365730699007
4880,0.6204329996783763
4881,0.3845525276791377
4882,0.7999785798272423
4883,0.31614520696906356
4884,0.8703649931004606
4885,0.8733791367565619
4886,0.6918860759941288
4887,0.45426548237707903
4888,0.6449734542832052
4889,0.18413995322591092
4890,0.466077113663574
4891,0.879912527894063
4892,0.8567412727709298
4893,0.2935535616782661
4894,0.13659549177140903
4895,0.5208995563163372
4896,0.31991647204162066
4897,0.2213108359473133
4898,0.09056139287669805
4899,0.05953431227145972
4900,0.5222424126393956
4901,0.8113259033992447
4902,0.8025713320672245
4903,0.1900035324047797
4904,0.7487130654656131
4905,0.8279654385025919
4906,0.0828834676368186
4907,0.7253386087706529
4908,0.7533058683532964
4909,0.14894724289477335
4910,0.671663975938927
4911,0.7329061323898082
4912,0.6004454259900971
4913,0.5741175023861458
4914,0.6521607826648553
4915,0.549465222459162
4916,0.1355131507484731
4917,0.7394872206736071
4918,0.6210937647568131
4919,0.7695200307484934
4920,0.27685315507961267
4921,0.28740636710022965
4922,0.6693840141945567
4923,0.901122920515026
4924,0.3453637603930693
4925,0.6028270379871067
4926,0.3573169485606095
4927,0.8676973713203521
4928,0.16640678475273793
4929,0.8673809558722524
4930,0.5739735194183133
4931,0.4145378029610303
4932,0.27038554165259465
4933,0.23514435718866195
4934,0.9605387272265625
4935,0.21392761917171857
4936,0.7355474059577857
4937,0.3770543123726435
4938,0.6758304184576277
4939,0.5975686193912725
4940,0.2602581656641564
4941,0.7096632474647672
4942,0.2874120403497066
4943,0.6271913121053889
4944,0.8560252995706775
4945,0.18605364894665047
4946,0.5094747447340605
4947,0.5517466734118587
4948,0.044225330174780704
4949,0.6153565087368269
4950,0.837297757769379
4951,0.2662784453621396
4952,0.33445310029200587
4953,0.5458373018008261
4954,0.560923643770808
4955,0.47929885935238997
4956,0.3645460070512416
4957,0.8779448695641195
4958,0.9068905757254125
4959,0.43459637286652547
4960,0.8034765817783955
4961,0.9062594007117084
4962,0.6584603242999597
4963,0.04295400346476848
4964,0.5673096816493447
4965,0.6768026350316179
4966,0.8243436412869793
4967,0.7116251445014514
4968,0.2788595028776371
4969,0.28604751926666844
4970,0.8874826783263327
4971,0.6307635740420813
4972,0.28467817455419364
4973,0.320450288786121
4974,0.7125695299772201
4975,0.7352369215533482
4976,0.669068401565686
4977,0.3260635980925495
4978,0.49090861462517255
4979,0.09359374027835889
4980,0.941705615413547
4981,0.661815757054516
4982,0.27861017251577713
4983,0.7140871957033433
4984,0.7851083944434876
4985,0.7354657392733395
4986,0.8618074122548223
4987,0.16432515355964344
4988,0.724909617889338
4989,0.19455850817063206
4990,0.12253790012936917
4991,0.5421766201173766
4992,0.2329659543415594
4993,0.6096605676098982
4994,0.5193038092730287
4995,0.1331075167797713
4996,0.5318993084145992
4997,0.6399654790861895
4998,0.7107156440951
4999,0.5624177534184074
5000,0.48669726446714595
5001,0.6309384106802467
5002,0.4123401247804593
5003,0.7988955810301337
5004,0.7310671240150903
5005,0.0630852592256059
5006,0.9008693139223257
5007,0.5170541323058504
5008,0.3249804532563511
5009,0.7782915619902221
5010,0.23770939721487502
5011,0.02940333679843873
5012,0.6851550403609538
5013,0.8149957259305152
5014,0.8996562031759655
5015,0.27023926262561027
5016,0.6523648174747693
5017,0.882706152675465
5018,0.9255050240129373
5019,0.9699916381679345
5020,0.5037480820166022
5021,0.1261954682270466
5022,0.729870431006653
5023,0.4948594212906148
5024,0.3678909737390296
5025,0.20178790079775377
5026,0.3233123244139292
5027,0.5703684658347606
5028,0.7112567178415595
5029,0.6775655080466662
5030,0.46801047403989204
5031,0.8348993465567978
5032,0.5992149346271702
5033,0.5176162824726245
5034,0.5109797945170294
5035,0.41313542908868855
5036,0.9641675457391234
5037,0.22000017771519734
5038,0.8962722237951217
5039,0.3259001701303115
5040,0.44793884667198713
5041,0.43499319928776486
5042,0.9014868239433993
5043,0.6547031339891093
5044,0.26295098686823754
5045,0.052694851190994645
5046,0.7406386332191816
5047,0.5957075673943393
5048,0.13087778928090094
5049,0.362141404788778
5050,0.7896708804442607
5051,0.5879192205117887
5052,0.8688727772511996
5053,0.6269621675329705
5054,0.39160810005421615
5055,0.8395432489296942
5056,0.5854748737033986
5057,0.8009764211464403
5058,0.1021060285939318
5059,0.860110029742697
5060,0.255032305310726
5061,0.1224975574012997
5062,0.14575875318830064
5063,0.36212787548558106
5064,0.3771802216870017
5065,0.408128597160763
5066,0.7744611350628037
5067,0.7571546604156116
5068,0.5264962377692057
5069,0.7212147161697292
5070,0.20537767241386526
5071,0.5645529331069332
5072,0.4017851956375165
5073,0.5855126689890222
5074,0.6037898725802097
5075,0.8236586072523243
5076,0.7426260096571797
5077,0.8349425752972469
5078,0.8148890844040617
5079,0.3446575719948766
5080,0.25396242759637994
5081,0.19562111562479337
5082,0.8772389768533599
5083,0.8744886935276243
5084,0.7604177861161926
5085,0.9740004767103593
5086,0.31470699616475084
5087,0.7024298804455673
5088,0.3605623713119328
5089,0.059980108482837274
5090,0.3080860354202707
5091,0.8833514025040936
5092,0.5050112086847669
5093,0.34472353936868083
5094,0.6395899572034544
5095,0.14419948185018192
5096,0.31103525567832413
5097,0.8220573457734628
5098,0.21057305300610982
5099,0.6413410745975047
5100,0.7612387959621503
5101,0.6946532406805247
5102,0.2343361161236448
5103,0.7722686194496688
5104,0.5158732663024834
5105,0.650397010745954
5106,0.799132889080421
5107,0.9603475862631053
5108,0.8045643742957262
5109,0.14565215980197516
5110,0.20913439131952097
5111,0.6139942360379239
5112,0.6778379901905579
5113,0.865548380894659
5114,0.6243547670033361
5115,0.42313127650371823
5116,0.26281902657607736
5117,0.7129871298057513
5118,0.28785215889310345
5119,0.1819276768618803
5120,0.4534793523330781
5121,0.8373108850616388
5122,0.04972093737762357
5123,0.8543477204249298
5124,0.6029222829253831
5125,0.7312070002807957
5126,0.29565588206876714
5127,0.04896728368672486
5128,0.6508608998001413
5129,0.7780180375831133
5130,0.46689807954830387
5131,0.9254029409145952
5132,0.93548503438429
5133,0.35390676218259504
5134,0.29930508771724806
5135,0.36465613094427113
5136,0.793181043587644
5137,0.5157035410424932
5138,0.12301563843393704
5139,0.3248363051788898
5140,0.5072545445511016
5141,0.8109899720911065
5142,0.5071379077033797
5143,0.30649571411234006
5144,0.8308615779342466
5145,0.5006981642706106
5146,0.8652052059161324
5147,0.8896417045175503
5148,0.8957920265892291
5149,0.3795443412898991
5150,0.5142822456664823
5151,0.6520473106546187
5152,0.7771661199783695
5153,0.3664522248941736
5154,0.613398832149554
5155,0.35767543296556165
5156,0.5841524282261004
5157,0.6906344925042749
5158,0.14597021195208748
5159,0.8390647826310679
5160,0.13837190758536946
5161,0.7366429959062606
5162,0.6025472686348868
5163,0.4789833271675451
5164,0.8911260220363568
5165,0.6569998445621007
5166,0.3654651277009459
5167,0.29608932449219183
5168,0.36905569814032885
5169,0.6864890711157853
5170,0.494969525403084
5171,0.21522157774451042
5172,0.8073503725989978
5173,0.41874785570495393
5174,0.956360925120646
5175,0.533396477027121
5176,0.9442649638363027
5177,0.7206115258990117
5178,0.8548360229334883
5179,0.5450222849580671
5180,0.7935765658197221
5181,0.6968838209595957
5182,0.5990485078784917
5183,0.2084725678792537
5184,0.62472281280906
5185,0.6866238209846313
5186,0.34196319092588645
5187,0.7062842196179384
5188,0.6339429099958868
5189,0.7853593539782362
5190,0.4722082255349571
5191,0.8332693952074806
5192,0.39082711123462877
5193,0.2555049110232534
5194,0.7909772445742476
5195,0.4637244343942533
5196,0.9811485718405104
5197,0.7310837973160369
5198,0.6830048152964564
5199,0.8257814517287393
5200,0.24951277392395782
5201,0.4969842498553368
5202,0.7089207699558839
5203,0.21237850298586572
5204,0.6705591396861814
5205,0.6843315508529664
5206,0.04293789910067537
5207,0.9508258903188428
5208,0.9402415297970439
5209,0.8358156280594964
5210,0.48219002055651067
5211,0.5829308475809403
5212,0.48709281485893197
5213,0.552206616115045
5214,0.22268827454175405
5215,0.15994357277903984
5216,0.4243839706956502
5217,0.3371371671891129
5218,0.6035016572192126
5219,0.21130884672428524
5220,0.2981543501303398
5221,0.24884232933315148
5222,0.6160979365861023
5223,0.7875746275988847
5224,0.9355887642146314
5225,0.8982442234555743
5226,0.1793001451832697
5227,0.878700294605496
5228,0.894167940540466
5229,0.48005168677987486
5230,0.7835546145774043
5231,0.09531564934396938
5232,0.5075018746337543
5233,0.4634201092669992
5234,0.5202126183462471
5235,0.34329468651039247
5236,0.7229594249208015
5237,0.642809581880729
5238,0.4662051059565197
5239,0.7519668894043566
5240,0.36447578958346344
5241,0.5936394677902548
5242,0.7095656736046307
5243,0.5077182621880839
5244,0.8287770637228955
5245,0.5930658525715701
5246,0.9511957943927766
5247,0.19475568112807304
5248,0.9409912273260781
5249,0.8666121619958496
5250,0.8703449046754267
5251,0.6139847063333725
5252,0.5191233563260638
5253,0.5017535987988734
5254,0.15307523685842786
5255,0.5473313875737912
5256,0.8694604439408115
5257,0.5102782540334369
5258,0.7153986420067102
5259,0.7335792467959226
5260,0.23331741968794176
5261,0.14082320602782403
5262,0.2708109724562033
5263,0.3141700813562067
5264,0.8314444616556679
5265,0.6613506112886237
5266,0.02772569203318042
5267,0.9398143401439742
5268,0.8640874937727536
5269,0.7456031270966854
5270,0.810058023551068
5271,0.6574802223043853
5272,0.16223819146258525
5273,0.6724511667684834
5274,0.44614463033583385
5275,0.7653397434316443
5276,0.555235863120005
5277,0.7876745888029454
5278,0.8296587520749847
5279,0.22403236869783485
5280,0.9552390593675837
5281,0.8324532545245225
5282,0.8792977643071896
5283,0.8475341344828903
5284,0.6525456356810846
5285,0.8381042473229072
5286,0.9000467460373957
5287,0.40330649288591475
5288,0.1807846269668624
5289,0.670257137292941
5290,0.8018503471705769
5291,0.8250807623369644
5292,0.16379734894632544
5293,0.34653997576329504
5294,0.5195783181343077
5295,0.36999383196328267
5296,0.5728013390702842
5297,0.38620193081856136
5298,0.646090693628467
5299,0.8546695046022961
5300,0.735571518201245
5301,0.7985180851321044
5302,0.5491378295532773
5303,0.8279553372019406
5304,0.3032479582934153
5305,0.7746084933106392
5306,0.5932830107609213
5307,0.6762792885937041
5308,0.49943321888472864
5309,0.8269810842108237
5310,0.8265781961685068
5311,0.7498429150007984
5312,0.48182062331016
5313,0.2818402904333013
5314,0.4224793618020957
5315,0.11120267544223905
5316,0.3387431398349424
5317,0.06191447296403774
5318,0.661193733003569
5319,0.6563403940688595
5320,0.27513597476124185
5321,0.5966530591198607
5322,0.4483455830701439
5323,0.5920395677643243
5324,0.19336048880218948
5325,0.13676026870576602
5326,0.8089039470335072
5327,0.5938946697941601
5328,0.5336900762597786
5329,0.8278676948563376
5330,0.40173638955224344
5331,0.8921149722863456
5332,0.04075557460143001
5333,0.16876951092151699
5334,0.9195740575533755
5335,0.31820433297043993
5336,0.6601379343045393
5337,0.7951874903545061
5338,0.16114427449212318
5339,0.6182996021172534
5340,0.46819782427875295
5341,0.0826982608502948
5342,0.8124085706682351
5343,0.7673473158361356
5344,0.5248548268098313
5345,0.49767040262652
5346,0.672835081808188
5347,0.4311455703335612
5348,0.38422348209408236
5349,0.37517195347330784
5350,0.6551370949038835
5351,0.5951346451762479
5352,0.9805695966959214
5353,0.4437579242517358
5354,0.9070253635378082
5355,0.4446933464612691
5356,0.6618778810454954
5357,0.6438655995100293
5358,0.4363919932276061
5359,0.17169972354744026
5360,0.10402110081125004
5361,0.297656386564865
5362,0.20133680523633482
5363,0.9124735005537107
5364,0.10324010210524158
5365,0.45454327262949024
5366,0.5398244265891766
5367,0.33214582087403854
5368,0.6572530403306226
5369,0.3907015487161886
5370,0.7853956298535701
5371,0.5964836505039125
5372,0.47966581671074093
5373,0.2213197980618869
5374,0.6608299602217746
5375,0.8173321027753064
5376,0.1975917768811112
5377,0.9148304049499842
5378,0.2512725830893347
5379,0.26012895999153846
5380,0.48942440905651646
5381,0.1750036915417214
5382,0.929513631561897
5383,0.251480457099752
5384,0.30928738042055914
5385,0.7191429240862622
5386,0.8753278988053305
5387,0.13529721394494756
5388,0.5401950008617749
5389,0.8331316435937232
5390,0.6575213442812525
5391,0.6154795388820687
5392,0.31720688692628435
5393,0.3874401475468424
5394,0.5764095218384973
5395,0.5888793208057418
5396,0.39730878925476576
5397,0.0531089117551972
5398,0.4270029651499737
5399,0.4492163385087289
5400,0.9108392827451572
5401,0.853625567721768
5402,0.23479435652567182
5403,0.6788387618571109
5404,0.670080378634831
5405,0.8753081011055039
5406,0.043714951506035486
5407,0.5045950250070385
5408,0.955405420129961
5409,0.8663507194832466
5410,0.33522153752052386
5411,0.7220433866506356
5412,0.6044631355166228
5413,0.8136739713900554
5414,0.8377736602992265
5415,0.5259773014995269
5416,0.053114359263270204
5417,0.14723489654019975
5418,0.6159766544351434
5419,0.807593166199305
5420,0.25832250428634346
5421,0.3718114384589578
5422,0.38327580959556135
5423,0.808231279377257
5424,0.8241718109288576
5425,0.6349755634463798
5426,0.9373713640097537
5427,0.21600755074186126
5428,0.15990430884623483
5429,0.37176037370766535
5430,0.17888366816567586
5431,0.9000129871319393
5432,0.55578204072165
5433,0.9541716438866567
5434,0.745723572192262
5435,0.8581324492044783
5436,0.3696579599222443
5437,0.6605916873376031
5438,0.5730939200015043
5439,0.44283634776808406
5440,0.8761818069365324
5441,0.6232036973283029
5442,0.1317977083461027
5443,0.698308851266766
5444,0.8184873018935415
5445,0.8023535230489077
5446,0.3834847744926268
5447,0.1605346292573772
5448,0.03918774451124467
5449,0.814280467674884
5450,0.5409976818384438
5451,0.5553512852382063
5452,0.609190721012789
5453,0.8679912480098515
5454,0.7716670333884632
5455,0.6046232808755135
5456,0.9039753316651439
5457,0.9005030867003022
5458,0.2680691689714164
5459,0.26030104013726774
5460,0.6337825906776301
5461,0.5685074138517284
5462,0.21256704002528462
5463,0.254085759789812
5464,0.5505834474381244
5465,0.6958153282515632
5466,0.7520876848970144
5467,0.7580097169280866
5468,0.04610652258112291
5469,0.6402251473898185
5470,0.776897386262126
5471,0.3760861935800302
5472,0.4392291402180767
5473,0.7463377971567733
5474,0.6354813945049641
5475,0.10588296454500279
5476,0.7618761908679696
5477,0.15779200730620616
5478,0.2852815579670932
5479,0.8406958894273641
5480,0.4769876679402193
5481,0.26375194003511615
5482,0.43637426833579407
5483,0.8355329719331205
5484,0.39665887063963196
5485,0.28427382926606143
5486,0.7829988651511924
5487,0.28949356652067393
5488,0.33008952025185284
5489,0.6439749871087316
5490,0.6386707606380637
5491,0.8092445505387329
5492,0.15508163459397345
5493,0.8640959848533929
5494,0.3658591367394348
5495,0.23028562139790998
5496,0.38884538715194594
5497,0.7067954706444277
5498,0.12885997827925608
5499,0.3402628973178556
5500,0.6128185049744409
5501,0.9179561621740407
5502,0.5032947689162324
5503,0.14203657059751482
5504,0.6739997778176668
5505,0.3254848158907661
5506,0.8286662778475996
5507,0.3888875302551771
5508,0.7154083889673749
5509,0.44543972889071176
5510,0.2370435403191767
5511,0.650626801364035
5512,0.7401227770473595
5513,0.8802695413790611
5514,0.4080083084415374
5515,0.12410614498985517
5516,0.5253898872271687
5517,0.03342764927674632
5518,0.388488067950565
5519,0.7464170497719304
5520,0.07907821047256595
5521,0.14199151656139966
5522,0.8935064923323279
5523,0.09503354507135467
5524,0.4945328488077013
5525,0.980608031774236
5526,0.759680318250366
5527,0.6600487754662382
5528,0.5641508158267685
5529,0.14924388121081095
5530,0.8365225570556964
5531,0.855251078436945
5532,0.6894840031719139
5533,0.8604285288978539
5534,0.535184705744609
5535,0.7668894413638692
5536,0.6535477588438977
5537,0.44057033846387167
5538,0.44238620241359244
5539,0.38894950716631393
5540,0.41248647725470594
5541,0.45264371689935434
5542,0.6443121292962177
5543,0.8717522063553946
5544,0.8559209116704848
5545,0.9519065143566207
5546,0.25483418157438553
5547,0.2821725651205676
5548,0.5886261165696272
5549,0.28496441967214725
5550,0.4418776077222714
5551,0.6714497741290126
5552,0.3765073342924301
5553,0.7819946618627892
5554,0.7599653564047679
5555,0.7870328778771103
5556,0.9524040733030725
5557,0.20982392841777753
5558,0.6380698351755094
5559,0.19117518747478654
5560,0.49712388416556924
5561,0.26363650821810897
5562,0.08568273076533624
5563,0.2987007536980357
5564,0.5530827304674244
5565,0.7130476109202396
5566,0.7376606657048534
5567,0.7496548202912865
5568,0.9237773481367832
5569,0.6525170672194281
5570,0.8297260090920717
5571,0.21268963290001247
5572,0.6954172697352288
5573,0.9102424659081603
5574,0.13645008331289366
5575,0.7600903967053158
5576,0.8752605325518654
5577,0.6472468584907617
5578,0.5316012541524857
5579,0.9485984662027999
5580,0.844311543118454
5581,0.4736540329482099
5582,0.7622601035568036
5583,0.2477738522651994
5584,0.9687788393227238
5585,0.21800918590412524
5586,0.6898658866590923
5587,0.5178678953033917
5588,0.650273860452799
5589,0.27385384998090173
5590,0.9254739374769523
5591,0.3792204328288918
5592,0.7029414263820568
5593,0.8409778126767552
5594,0.8387724101367444
5595,0.5292552680832814
5596,0.4942872899864749
5597,0.4745465681887102
5598,0.684883323143452
5599,0.35027388171972806
5600,0.567816568184079
5601,0.5755883243629685
5602,0.6677614539287122
5603,0.441579192378619
5604,0.7438594235081887
5605,0.6255298119336732
5606,0.16133351734566617
5607,0.2443816346291961
5608,0.6648186698314884
5609,0.9175923529423183
5610,0.5028255201754266
5611,0.4954311661940497
5612,0.7271747843386055
5613,0.6648580213515195
5614,0.6429087576655329
5615,0.24988695890128942
5616,0.8272337398402774
5617,0.42926738164824063
5618,0.8552797963365161
5619,0.529272908799185
5620,0.22157729381211191
5621,0.6943320059509804
5622,0.45114061643536396
5623,0.5979861279413018
5624,0.9487959470755987
5625,0.40957257757351956
5626,0.6268731026228295
5627,0.8756645282196082
5628,0.25922442644248417
5629,0.6993516984589341
5630,0.7534548078529668
5631,0.5019370362316322
5632,0.8274574793985525
5633,0.18184648155686822
5634,0.6714416738610859
5635,0.8046467256675502
5636,0.45820804688466665
5637,0.5183727037985311
5638,0.608748420116076
5639,0.9140789120063909
5640,0.8603273929798281
5641,0.5669566766222234
5642,0.7070752574623269
5643,0.5897275674134046
5644,0.4961907397494776
5645,0.4510683727149901
5646,0.19647516664620363
5647,0.7310572333457983
5648,0.7840276894512936
5649,0.32653894773941694
5650,0.33938946154595784
5651,0.09983699953656597
5652,0.6877792522352816
5653,0.6495039376883056
5654,0.7131482413632652
5655,0.6697206668003358
5656,0.21538688837579076
5657,0.6902288734714407
5658,0.49598334104322417
5659,0.27842437737082293
5660,0.24832063526160678
5661,0.4134579454093682
5662,0.1171198191484496
5663,0.7884696120457021
5664,0.80246406903219
5665,0.5135567559324665
5666,0.7891498065351339
5667,0.23572405478606376
5668,0.664690421124137
5669,0.36877006650183075
5670,0.37711692471868924
5671,0.8506984328770733
5672,0.9596437090717498
5673,0.28253734453788765
5674,0.6594089200854563
5675,0.32914930065698966
5676,0.16957687492658968
5677,0.18399564150393116
5678,0.6585049141793186
5679,0.7712687276402639
5680,0.7302457535032459
5681,0.7824559944665683
5682,0.7141553084365083
5683,0.19473862693508293
5684,0.5852158224710912
5685,0.4498052471363676
5686,0.13933528154489677
5687,0.804197785982207
5688,0.39313262809645855
5689,0.9307841039048069
5690,0.9184650868972516
5691,0.365518152804388
5692,0.23700304555810867
5693,0.25729215270748323
5694,0.7647854589681022
5695,0.7918558635680978
5696,0.8899977514072798
5697,0.16883213303266867
5698,0.3983380127685661
5699,0.5534733267063455
5700,0.6660678274656268
5701,0.7272069902945991
5702,0.5351880974634674
5703,0.8319966640389248
5704,0.9306495958005339
5705,0.8337888917865189
5706,0.8475841300674251
5707,0.7279307421689422
5708,0.8833152841314247
5709,0.6051775479465344
5710,0.3075307524045552
5711,0.10375206590709937
5712,0.1784541360936001
5713,0.7725748417309647
5714,0.4245264702052727
5715,0.6008729289678743
5716,0.8385248677956619
5717,0.43960314200336503
5718,0.49274255226043767
5719,0.7390906703595154
5720,0.9749397577653746
5721,0.4352213697164088
5722,0.5471029801520152
5723,0.6867547682232931
5724,0.07000310651643585
5725,0.795656610660916
5726,0.27615362437466023
5727,0.5146363439060704
5728,0.6245130544407097
5729,0.3175031294032428
5730,0.6560128240589438
5731,0.46713671818594965
5732,0.9107708162994343
5733,0.7668440241215542
5734,0.70626673934229
5735,0.23448547783461743
5736,0.7340503663137166
5737,0.33051787052247295
5738,0.6047136212052652
5739,0.3930035431411797
5740,0.2332178511936202
5741,0.7641673632974156
5742,0.4895210102323674
5743,0.5293290497483529
5744,0.4362118694539568
5745,0.7286622912213468
5746,0.8980285840270789
5747,0.712672423831472
5748,0.45699122141509974
5749,0.7709530468934952
5750,0.7396069663682439
5751,0.23880459487515004
5752,0.8688737849936322
5753,0.8628671783393745
5754,0.28029139509537815
5755,0.7074162391499732
5756,0.5649983089691277
5757,0.7082316987171761
5758,0.3159829506822381
5759,0.3272807207658276
5760,0.5012650808673447
5761,0.7441094334224879
5762,0.2621046593323244
5763,0.5817881483760123
5764,0.5377302239894646
5765,0.6488348743542708
5766,0.7462649897263322
5767,0.3169814510027739
5768,0.42503824083461883
5769,0.4504601184570044
5770,0.9129630678521594
5771,0.6068727724857862
5772,0.7633688849314786
5773,0.7649803914766012
5774,0.5257783983071812
5775,0.35028086722236407
5776,0.11740747056801693
5777,0.8918638300823248
5778,0.8472534211170369
5779,0.2452435440341213
5780,0.679545109253274
5781,0.5570060680478482
5782,0.6865285685114781
5783,0.3445921028158117
5784,0.456845615638279
5785,0.6715976059025978
5786,0.6556421426617158
5787,0.09942737430511557
5788,0.6191162465935234
5789,0.5851042959461442
5790,0.5911890502109093
5791,0.35959535515134383
5792,0.896451139484007
5793,0.6597223832224082
5794,0.7719799622358667
5795,0.5202796268167448
5796,0.47110933316603454
5797,0.3936988747625932
5798,0.6287359393572372
5799,0.1617882969453789
5800,0.9054016916459665
5801,0.453845603471901
5802,0.22338118923041203
5803,0.6655612283602856
5804,0.7062733341988897
5805,0.9243383854007254
5806,0.10469108733778576
5807,0.8672190506320773
5808,0.785927080079672
5809,0.44628585657717434
5810,0.739342340513455
5811,0.8923355993861312
5812,0.5209583955207454
5813,0.91297878908426
5814,0.48881935600772103
5815,0.34592358743505786
5816,0.6958521149814456
5817,0.4289062726367817
5818,0.20436033693798503
5819,0.2980994656930125
5820,0.65510767337554
5821,0.7346673343095274
5822,0.5517338746663907
5823,0.7122509169190783
5824,0.9564178572042578
5825,0.5933686403394138
5826,0.8122241684388707
5827,0.5014928628029692
5828,0.4420212421116344
5829,0.42556465042943925
5830,0.19360760712288153
5831,0.8176883090899828
5832,0.5566045717551219
5833,0.8477285648492691
5834,0.6178786986099224
5835,0.5614239121843018
5836,0.875000830358185
5837,0.8866612176715643
5838,0.36452046399624255
5839,0.4490597385389289
5840,0.3527534852305513
5841,0.31549219346738266
5842,0.9406456368376748
5843,0.40528210459488123
5844,0.5564235569523593
5845,0.9215063846178484
5846,0.32911389752406695
5847,0.8239110136146631
5848,0.8555113367426677
5849,0.1928428706021252
5850,0.890878300256808
5851,0.7561867667074214
5852,0.8539015961741122
5853,0.7623449827776562
5854,0.20959425653083988
5855,0.8662118074016695
5856,0.31458134977369995
5857,0.9286311243108801
5858,0.9065727961824138
5859,0.253270860984463
5860,0.22496831353638014
5861,0.3124028185318257
5862,0.4421770302822905
5863,0.6314048151672639
5864,0.7342947665026155
5865,0.7178629332008323
5866,0.23438254850189286
5867,0.09388294236992041
5868,0.8768757571607617
5869,0.3064201010738096
5870,0.9489462845524166
5871,0.8291584859306392
5872,0.27168688883695696
5873,0.17579083927313327
5874,0.4634489772963984
5875,0.4989299105520837
5876,0.8046079672504386
5877,0.2485783230634263
5878,0.8591944675657482
5879,0.7581938184369954
5880,0.5604765669102851
5881,0.06564651151533422
5882,0.9343954633814385
5883,0.8725401515588689
5884,0.29460200106734946
5885,0.26244164008986814
5886,0.7157689035978986
5887,0.5086282401976279
5888,0.7715023855226508
5889,0.43142544159568136
5890,0.0737293636380132
5891,0.7086928583565887
5892,0.2006973922232064
5893,0.3597033107080211
5894,0.2947913850022185
5895,0.7904721278877302
5896,0.6664257585735005
5897,0.6849399379452613
5898,0.6867289000765453
5899,0.5120969457194341
5900,0.4068483865375614
5901,0.6674081382821595
5902,0.3242212871758937
5903,0.5978009033058765
5904,0.6446958565219071
5905,0.2677864487345881
5906,0.85759399180319
5907,0.8574320421919465
5908,0.662837328407219
5909,0.8411269295217673
5910,0.7447116256182484
5911,0.527850917763501
5912,0.6865771825730418
5913,0.8437208990287959
5914,0.676947169892751
5915,0.4267504828593143
5916,0.6325460333203957
5917,0.7126227228645258
5918,0.17282170440863928
5919,0.1794012748053601
5920,0.6769361437949405
5921,0.21295631191953196
5922,0.8373148876612216
5923,0.5267855941593631
5924,0.698301207651769
5925,0.1281472800147962
5926,0.17417338515044964
5927,0.39903150954757943
5928,0.5278434174996076
5929,0.7965674669369668
5930,0.29189597583318044
5931,0.7955685990263403
5932,0.4664682663384844
5933,0.4821286345992897
5934,0.6083091698245754
5935,0.6485217828154353
5936,0.5280047215684153
5937,0.839807450578599
5938,0.4030223620488565
5939,0.11102042289622505
5940,0.9828040975276398
5941,0.5313498348318063
5942,0.7838737387650041
5943,0.8328033248740592
5944,0.47515727076379277
5945,0.8473267919612435
5946,0.7211126393358415
5947,0.27301812405426507
5948,0.7707368892099721
5949,0.18961720397265702
5950,0.7166114140871542
5951,0.47354069465471843
5952,0.5803067401222083
5953,0.8139456140939129
5954,0.8195996441664724
5955,0.16345019069415428
5956,0.18758485596996424
5957,0.758265304574793
5958,0.9108415677604754
5959,0.11524121686018696
5960,0.9354132637821049
5961,0.8306345691953675
5962,0.41064461639540417
5963,0.32661417696670075
5964,0.3397695899075124
5965,0.5620938570625057
5966,0.7739408931692262
5967,0.6735142625484181
5968,0.8981550592726538
5969,0.8255361597275546
5970,0.6218823077477292
5971,0.331068334496443
5972,0.6130543202542472
5973,0.2920911662607848
5974,0.41216778200785875
5975,0.8271065552805672
5976,0.3054118684365032
5977,0.41204951265269135
5978,0.4067019122367258
5979,0.14500417200721671
5980,0.2395330022845968
5981,0.9222606088832781
5982,0.284808390293245
5983,0.3407188989281052
5984,0.7943513291213896
5985,0.31903505374437885
5986,0.49917238708492295
5987,0.8561871461177144
5988,0.5898320707418309
5989,0.3547458827127482
5990,0.15637299199392193
5991,0.639735483376438
5992,0.47253396979031886
5993,0.6445800158090398
5994,0.17769195787419534
5995,0.5267697103099429
5996,0.3738256781605687
5997,0.8737824656158327
5998,0.4100296322432984
5999,0.5032131998163841
6000,0.804120921280431
6001,0.506835029848813
6002,0.9582298119225281
6003,0.6680392136839839
6004,0.5034276479867322
6005,0.6746279365932308
6006,0.8883750103010499
6007,0.25546876767628696
6008,0.750778832271178
6009,0.08496260034975886
6010,0.7291093868014176
6011,0.7830990871534026
6012,0.16601199614889464
6013,0.7168594138649375
6014,0.07934195362507993
6015,0.4766095067355341
6016,0.3695455025910941
6017,0.14803509845686902
6018,0.5729608479624629
6019,0.6964814534704079
6020,0.5539157048493765
6021,0.951919437009521
6022,0.19316187502199844
6023,0.7943362979598555
6024,0.8406027329202509
6025,0.7567803701231772
6026,0.8780819916882516
6027,0.3489396082285897
6028,0.8181398444024252
6029,0.0718185591820674
6030,0.6716903958541186
6031,0.9576532291142774
6032,0.3152214496153698
6033,0.243784665720865
6034,0.4553320674144938
6035,0.8568759296086619
6036,0.6582194140949387
6037,0.586240318776792
6038,0.5643050002820807
6039,0.2589035576809305
6040,0.6352281366192284
6041,0.7526389849409683
6042,0.2253675894608204
6043,0.4662991795125253
6044,0.16614379060952858
6045,0.2986486263821053
6046,0.2935561732277817
6047,0.8042395368973267
6048,0.44834266793851024
6049,0.41357809097054693
6050,0.5694132112942577
6051,0.7525252503963438
6052,0.74680026836624
6053,0.9237328186751232
6054,0.9346539371539607
6055,0.5109987049759227
6056,0.7328135865086983
6057,0.2162926564100678
6058,0.6926524370351066
6059,0.8247865331417226
6060,0.8427859974728779
6061,0.3695218749829841
6062,0.7697706740515934
6063,0.9287997787182392
6064,0.62398004483491
6065,0.4622242041659867
6066,0.5279550976442156
6067,0.8229503670713728
6068,0.31532789635391145
6069,0.8900702670121091
6070,0.2919812344799491
6071,0.7876493138051168
6072,0.5158788668182039
6073,0.3364488337829541
6074,0.5062943894923303
6075,0.42826155978558444
6076,0.30526869614917257
6077,0.9529423865018815
6078,0.3561019787701233
6079,0.8058203582853837
6080,0.9262301315027349
6081,0.46704334054643953
6082,0.5719483144905043
6083,0.8299728165793895
6084,0.38134818650826025
6085,0.5982673157837974
6086,0.7438460435206833
6087,0.3768116966756353
6088,0.514286367976905
6089,0.47596923867456936
6090,0.497691623926845
6091,0.6189150697147962
6092,0.9278195028740082
6093,0.761655054000038
6094,0.41832143435221647
6095,0.4598741431625103
6096,0.7371102408145891
6097,0.832387227937608
6098,0.8546656323214473
6099,0.7013519573191435
6100,0.31939735810344194
6101,0.8107782894713653
6102,0.2793630876696187
6103,0.9832034533986178
6104,0.20885766567810743
6105,0.3057729945617145
6106,0.33270927107988263
6107,0.2864569215094177
6108,0.2328261517891176
6109,0.3069008407724677
6110,0.41260115352475957
6111,0.7264301003522217
6112,0.6909436420181317
6113,0.36743102858397975
6114,0.07153968030741496
6115,0.8830306322887465
6116,0.7303244921302956
6117,0.46338938931418605
6118,0.6083658196572777
6119,0.5897208948701701
6120,0.785256555631681
6121,0.6505774401139147
6122,0.6452770528691536
6123,0.34353741733194487
6124,0.4270841742378503
6125,0.4467589152145486
6126,0.3059951340128191
6127,0.13609951893984296
6128,0.7560115971520699
6129,0.5469217945557855
6130,0.42750836202340087
6131,0.5732570591325618
6132,0.5353710199398718
6133,0.3089353766218694
6134,0.6712340959098054
6135,0.6905772792752208
6136,0.3674015459837654
6137,0.9441518330093679
6138,0.7493351126136152
6139,0.21031876695662022
6140,0.6263711024559542
6141,0.22665709098047382
6142,0.2153573241160433
6143,0.15368890729220377
6144,0.727068127654455
6145,0.32143923861967394
6146,0.565999348881102
6147,0.5559505975187433
6148,0.8727369374932493
6149,0.9588939531653912
6150,0.6953027108071346
6151,0.41196239860560063
6152,0.8817166338049576
6153,0.38968416125100797
6154,0.371282779655552
6155,0.7972078206288761
6156,0.6754807443811919
6157,0.7389064134127454
6158,0.7412879669795092
6159,0.29663300379984997
6160,0.807599199922653
6161,0.7846540338421715
6162,0.35219060628751864
6163,0.32432298659102476
6164,0.3797553068613433
6165,0.7701344262790052
6166,0.3579300112547419
6167,0.5179301450117074
6168,0.7661208451562077
6169,0.5873682525280206
6170,0.798372804166469
6171,0.8354725363832012
6172,0.463038923534467
6173,0.9003052526119816
6174,0.5263689790192592
6175,0.8392720779754419
6176,0.8074666568859946
6177,0.4017134396430885
6178,0.6613943234296399
6179,0.2621772487078683
6180,0.9338524076263452
6181,0.9372639096409441
6182,0.3603086228516833
6183,0.06964498308705856
6184,0.91121596037374
6185,0.9730691446056888
6186,0.29690058632454486
6187,0.6747753672710323
6188,0.8994386420036828
6189,0.3402716886751205
6190,0.6542862211761314
6191,0.8896053322832197
6192,0.9684142542707627
6193,0.25887858746116166
6194,0.5022077031734398
6195,0.19346462367515999
6196,0.18525371966968632
6197,0.5163818882808343
6198,0.8350081192766717
6199,0.5966225100642202
6200,0.5067646505744197
6201,0.7928509555875963
6202,0.7976728406424674
6203,0.34396332434416155
6204,0.5099564015273481
6205,0.7843434975582365
6206,0.03993682913431251
6207,0.5007929130431675
6208,0.7517666248324655
6209,0.4057961433902132
6210,0.5265259871441529
6211,0.6001080752589667
6212,0.7894480006294193
6213,0.9246982785883042
6214,0.7821042967912598
6215,0.7870261973438155
6216,0.8738704590856571
6217,0.6340872979734747
6218,0.6621491695964009
6219,0.7014848030905245
6220,0.2788572655289076
6221,0.5836526099024892
6222,0.8178925863563755
6223,0.7299298177306219
6224,0.6221933740950543
6225,0.4187393242887599
6226,0.9774143544620432
6227,0.7859735965764
6228,0.7912964650087456
6229,0.5125080429180443
6230,0.2110116849838661
6231,0.6238341314533818
6232,0.38518280202773614
6233,0.755043448752367
6234,0.3859058806704817
6235,0.4513534826539535
6236,0.24011592211762497
6237,0.21415148703947282
6238,0.6930682596380843
6239,0.10070789109905287
6240,0.15058594243689333
6241,0.7057116404321675
6242,0.4621907553651526
6243,0.24593508258779648
6244,0.2710306186656147
6245,0.7297718208941919
6246,0.9046324275433881
6247,0.7885803848498666
6248,0.6864365543146099
6249,0.6625029732910406
6250,0.4002209956631499
6251,0.8726811312185679
6252,0.9017703724500428
6253,0.7038736692505395
6254,0.6206925789906962
6255,0.6661139458574507
6256,0.2812988105019437
6257,0.7389188685827881
6258,0.46317172632888415
6259,0.8323413311554111
6260,0.5052792794210083
6261,0.3633444675307921
6262,0.670457224488591
6263,0.4373781667925353
6264,0.6382845089499494
6265,0.6453529840192702
6266,0.9597711755771904
6267,0.46472853405850933
6268,0.5843356984072248
6269,0.46940940400035985
6270,0.3809114302298349
6271,0.7514701408698112
6272,0.7083104273865842
6273,0.5638434166281873
6274,0.16193021719719278
6275,0.2506415281436914
6276,0.948609196875653
6277,0.7613211755858316
6278,0.22181346915836125
6279,0.1830988321241368
6280,0.8790648080889008
6281,0.33960178815616127
6282,0.44008524922669257
6283,0.8281628995905175
6284,0.3411688125146064
6285,0.83538153039687
6286,0.4490415974826635
6287,0.6911101139449188
6288,0.6192793554805557
6289,0.5262809022696249
6290,0.7067851292026068
6291,0.9508388173265803
6292,0.4861485228073936
6293,0.7836573166101122
6294,0.2631345585624703
6295,0.29315578468195524
6296,0.34320703869810804
6297,0.1753057966076167
6298,0.7079561986595543
6299,0.916699567848983
6300,0.47622516287817707
6301,0.22970958922319426
6302,0.4829373652702935
6303,0.07166466259072916
6304,0.5826114645943945
6305,0.48473096847193964
6306,0.8738686615802286
6307,0.5748450484133226
6308,0.41617490216576836
6309,0.5793456763492201
6310,0.8118497464556623
6311,0.5445453775927731
6312,0.9521738221270599
6313,0.9506261927620151
6314,0.0965860222613438
6315,0.5866266918739882
6316,0.6033943187215082
6317,0.14618104499219792
6318,0.7395527291821208
6319,0.9107725356212983
6320,0.6322657803584375
6321,0.26715057284708715
6322,0.18308052368109873
6323,0.07130531494776012
6324,0.40875325703846227
6325,0.33677447258967713
6326,0.4575371686095894
6327,0.47254769971066213
6328,0.1870765858620103
6329,0.6189113539233362
6330,0.7186004503663425
6331,0.2640910916652717
6332,0.3508392829238012
6333,0.6780909848168567
6334,0.321837735221485
6335,0.9032008379863111
6336,0.3977682727687418
6337,0.9738140271845378
6338,0.1924190499155441
6339,0.9806664151689043
6340,0.9406319032921904
6341,0.4764032790455177
6342,0.4988033100522557
6343,0.7064381668358365
6344,0.6431673952574575
6345,0.46461262012018356
6346,0.5272130272300174
6347,0.1655305380826345
6348,0.3667697382155078
6349,0.2090402212217039
6350,0.5870223230489964
6351,0.21775994491725947
6352,0.7448526852017135
6353,0.4363741159076761
6354,0.6397898664513783
6355,0.3408788128139988
6356,0.5486897619830251
6357,0.4794297947091095
6358,0.3264878517921384
6359,0.8389716876173527
6360,0.11445614016517668
6361,0.5762450188473518
6362,0.34972252132872833
6363,0.4475882254670493
6364,0.6338996158459178
6365,0.4462042456371071
6366,0.8342993665212515
6367,0.7608575005425541
6368,0.812533811495019
6369,0.11565557128782103
6370,0.38602050692330103
6371,0.4984423287953929
6372,0.6698101876302939
6373,0.7513909398010106
6374,0.2551821448004119
6375,0.9380345821608768
6376,0.7570925615336029
6377,0.5886229651324408
6378,0.7125173832250814
6379,0.37513629830871864
6380,0.19415061816865944
6381,0.6979882511906639
6382,0.4112870398339827
6383,0.4963563097184882
6384,0.4361495804366788
6385,0.20711964068655575
6386,0.7062737803286989
6387,0.7776584105946492
6388,0.39446830344591594
6389,0.1598967518284379
6390,0.0821817351867582
6391,0.267691051578694
6392,0.5766393223623062
6393,0.2225503381835582
6394,0.07883121383565578
6395,0.8663831108826752
6396,0.3282610367533404
6397,0.6546740961559171
6398,0.4560413108786104
6399,0.4161075334309888
6400,0.548182193158117
6401,0.46022937001652375
6402,0.8041990757589547
6403,0.844431688396498
6404,0.1602123598134091
6405,0.19469165880327235
6406,0.7450970349275599
6407,0.1812135024881861
6408,0.526055195921984
6409,0.33848678594835047
6410,0.5872382552602341
6411,0.983576335080257
6412,0.23257701708008413
6413,0.8051929346620367
6414,0.6551223554063991
6415,0.9017877695844524
6416,0.4458480914855534
6417,0.2157192848298672
6418,0.8077767826202623
6419,0.8678979204590371
6420,0.7874215247062109
6421,0.11912482240254714
6422,0.32567894602029096
6423,0.45800421600318963
6424,0.4411205635228971
6425,0.6752566376986701
6426,0.32673421447019707
6427,0.1916490789955197
6428,0.8628897503617803
6429,0.9321077609327749
6430,0.5779758813883059
6431,0.2530241526552463
6432,0.31211541789974245
6433,0.5639700606986503
6434,0.5633407774017918
6435,0.4002082449740137
6436,0.9195235420867532
6437,0.7172052006355351
6438,0.2381996762472757
6439,0.2198558216076666
6440,0.34793633657675116
6441,0.23322261191044402
6442,0.5981110967735085
6443,0.7317978767093157
6444,0.6434437555253046
6445,0.4765669811663873
6446,0.8341830176776989
6447,0.8942647006006402
6448,0.8032592528001936
6449,0.9510728554670522
6450,0.9365713464571016
6451,0.7161249262614168
6452,0.510137622254019
6453,0.8009578896764997
6454,0.5956580470356411
6455,0.9327012251817787
6456,0.34413299165349925
6457,0.8339605940441164
6458,0.6021500551915786
6459,0.6484236115403417
6460,0.9536411573487478
6461,0.6504349730480972
6462,0.27246183004862534
6463,0.4017834369942644
6464,0.3084664810341657
6465,0.3003532605309309
6466,0.5242777731291519
6467,0.14094069721389516
6468,0.6977515675952846
6469,0.6042945118216668
6470,0.5727585918321758
6471,0.8678751205306352
6472,0.9702270807426108
6473,0.799829104507952
6474,0.8067353052452984
6475,0.7687656590323972
6476,0.6660706199712675
6477,0.19815255175930022
6478,0.885708692316357
6479,0.6285042193621605
6480,0.7737355099367612
6481,0.6903493365546123
6482,0.22650648566136847
6483,0.5312650477905757
6484,0.35489396255469535
6485,0.9134158073379807
6486,0.03505680999789008
6487,0.7329663922733489
6488,0.9375063659620697
6489,0.3948089013688143
6490,0.6331882404476288
6491,0.6016434666992372
6492,0.3943765631206849
6493,0.8441175092508008
6494,0.444121303912767
6495,0.5995648174529128
6496,0.35798922996270666
6497,0.24374446866459398
6498,0.2367367628493694
6499,0.4219958340788587
6500,0.47686926344647973
6501,0.42887664649573765
6502,0.707507925363597
6503,0.5840853000896888
6504,0.4678169038902574
6505,0.608307444886207
6506,0.8968912866652283
6507,0.5531132610864515
6508,0.30362647551958816
6509,0.8292880446260469
6510,0.5288501001702784
6511,0.5549098947397014
6512,0.8829254716625385
6513,0.8987498195209731
6514,0.8462934201950145
6515,0.7087517409806113
6516,0.2226029211861262
6517,0.546214883468616
6518,0.8286528651041098
6519,0.3589772617759016
6520,0.12996297779335284
6521,0.9163524665601436
6522,0.5726774960749094
6523,0.3133967393160451
6524,0.18885980598053714
6525,0.47444996436511006
6526,0.5479113982369279
6527,0.5381987567889973
6528,0.1973098091381553
6529,0.4834758762461415
6530,0.7843270591427691
6531,0.830353270245137
6532,0.7747058302950639
6533,0.9135977186022968
6534,0.8742028783549755
6535,0.44985296606227176
6536,0.7324740968063118
6537,0.592303956630014
6538,0.9454696453364859
6539,0.15746518890523764
6540,0.5980844632917511
6541,0.5941131255960627
6542,0.46578564491679414
6543,0.9258527963649476
6544,0.5559114333092903
6545,0.393000783365075
6546,0.9020904507357647
6547,0.724871781735092
6548,0.604412380605397
6549,0.6667315187761151
6550,0.21745505462243428
6551,0.14218406568791106
6552,0.36727886815709937
6553,0.733610403817498
6554,0.13242817728579487
6555,0.8666601392311875
6556,0.834588774227959
6557,0.6348952881988126
6558,0.20464903655594768
6559,0.6390069002965885
6560,0.8024163870063281
6561,0.8721053630311677
6562,0.9344747269159583
6563,0.8131854922668108
6564,0.9580855701602657
6565,0.7938303041705375
6566,0.756228343388412
6567,0.4216664719145148
6568,0.4048005321218495
6569,0.5153807840242813
6570,0.5572618031363062
6571,0.49785956983775914
6572,0.21343956988406573
6573,0.692986861833551
6574,0.03142148766398492
6575,0.29404657393090167
6576,0.7453629244520803
6577,0.06700037577135039
6578,0.6029759481171967
6579,0.49821199485620105
6580,0.46706343647334936
6581,0.15976535582206028
6582,0.48813180397649253
6583,0.7530377249812319
6584,0.34905648956723473
6585,0.4830152061117379
6586,0.8215324407484662
6587,0.6643364269915149
6588,0.3043119222681605
6589,0.8180506786470162
6590,0.4146335139313305
6591,0.24350136690109392
6592,0.40140974877012614
6593,0.8041270295007287
6594,0.07374555403856198
6595,0.6612327164466658
6596,0.2053599064285374
6597,0.4860497634438601
6598,0.37726490508560645
6599,0.10377575928341468
6600,0.8386314833078676
6601,0.17738362651406214
6602,0.5923088897462849
6603,0.763341233106187
6604,0.2967368845922102
6605,0.6227427895503087
6606,0.45069359694756445
6607,0.2639043195434356
6608,0.8534328127308171
6609,0.5676856771696975
6610,0.23499858720521904
6611,0.5747944261692862
6612,0.07668064724162502
6613,0.3047362507630198
6614,0.2636224133045405
6615,0.1225390900140101
6616,0.5856416812526001
6617,0.4096604434113884
6618,0.9560034844396726
6619,0.30594816602571345
6620,0.5254948110680601
6621,0.3145095647119971
6622,0.7569296858428597
6623,0.4504265520960903
6624,0.36268970717413374
6625,0.23262504858839123
6626,0.5630197275289563
6627,0.7804619822788087
6628,0.6608091389372098
6629,0.7636739812047466
6630,0.4376159971800083
6631,0.8354567515698377
6632,0.2675607670781379
6633,0.3695875537301102
6634,0.1614410359088587
6635,0.787866331164252
6636,0.23502402951146076
6637,0.16519124862980977
6638,0.36327390101219514
6639,0.6388714488432543
6640,0.20321534630576277
6641,0.7294296103013177
6642,0.8115591246366227
6643,0.5089296793791899
6644,0.8340560179664768
6645,0.7745936928864565
6646,0.8912708567939789
6647,0.8517183793134773
6648,0.7771492517716858
6649,0.9191098171558311
6650,0.8344303506468346
6651,0.727070391861801
6652,0.9614184516448884
6653,0.7964866313138705
6654,0.7923959850970558
6655,0.43012754736080777
6656,0.7340157736073715
6657,0.6194365617786243
6658,0.9527100965090252
6659,0.4255111625276711
6660,0.7566149402228767
6661,0.5458823207567128
6662,0.7593642399278902
6663,0.9416379681446868
6664,0.9261115372769301
6665,0.5849359814901689
6666,0.9368474084222949
6667,0.3738608245923432
6668,0.5388411286235835
6669,0.7679780337085966
6670,0.0428881696732163
6671,0.8071222553916862
6672,0.22157372025775685
6673,0.5441373126826464
6674,0.59741200212127
6675,0.06706648087382558
6676,0.5238059057631981
6677,0.8794131784736184
6678,0.7908593811334329
6679,0.4178426595288717
6680,0.4135991808544819
6681,0.48540755601939567
6682,0.779868173672379
6683,0.5624547267216629
6684,0.6647977463187034
6685,0.7787552598596448
6686,0.1395077968445883
6687,0.6403654399416425
6688,0.20319056704558017
6689,0.45552288503349575
6690,0.7766280332826931
6691,0.8365540289255401
6692,0.6186711412755794
6693,0.5849264036726564
6694,0.47420631260751805
6695,0.7037171208490676
6696,0.3483563558993774
6697,0.5483167075092509
6698,0.8481432215052156
6699,0.09526189320551383
6700,0.6044074221957888
6701,0.9201513298788008
6702,0.5434413014663534
6703,0.46884462520838566
6704,0.9281604138100428
6705,0.8766564593395182
6706,0.09081733760167307
6707,0.6469278648520703
6708,0.8189123116200857
6709,0.6195413503470019
6710,0.5850939739713514
6711,0.11554017679991707
6712,0.6008231102219493
6713,0.13261022198137903
6714,0.5199614761698701
6715,0.7417016320230162
6716,0.6042815624412975
6717,0.7109924669621838
6718,0.8594746042996708
6719,0.7099539176415243
6720,0.2152967511704052
6721,0.8485411901655079
6722,0.6715345282413164
6723,0.4463344086005862
6724,0.18167089798905495
6725,0.12135817618706658
6726,0.7493667848028465
6727,0.9067225336723672
6728,0.6905406696199512
6729,0.7391267308397859
6730,0.5352761723139836
6731,0.5346332387323508
6732,0.39457464272516696
6733,0.6282694187749718
6734,0.337677996590874
6735,0.6631389077410454
6736,0.6244737584900919
6737,0.49800798238990684
6738,0.8380030196889032
6739,0.9838263329573782
6740,0.9217394495067485
6741,0.4772721554487493
6742,0.6408268602822542
6743,0.5595312557848572
6744,0.31086678338982277
6745,0.6499720492842883
6746,0.49523899596987764
6747,0.38355345209140906
6748,0.1458189534866628
6749,0.5427966998502785
6750,0.4331307254059129
6751,0.8576139967607276
6752,0.5721543470492909
6753,0.6021129875170537
6754,0.8618208080529246
6755,0.19882557449574306
6756,0.4018986609147888
6757,0.43308421834991473
6758,0.5550562221208397
6759,0.22120744179128213
6760,0.6469840481361697
6761,0.9694436012968934
6762,0.47625902423935135
6763,0.32521417050259177
6764,0.4110498744629544
6765,0.7653743175291913
6766,0.6459065731768141
6767,0.3848395500190952
6768,0.1654945469718968
6769,0.7983547323769348
6770,0.09983790644082782
6771,0.893735507007466
6772,0.7423135236819369
6773,0.21626945892862548
6774,0.7530172797082292
6775,0.7891992650160887
6776,0.6827176124065332
6777,0.17081127373630736
6778,0.4756414488602669
6779,0.8001926689461938
6780,0.2607017695435799
6781,0.41603712950400756
6782,0.13749732084852762
6783,0.2537767251751242
6784,0.7948524033751856
6785,0.5996032774432402
6786,0.42692102688826894
6787,0.4969812556362603
6788,0.9162710288967628
6789,0.6190839505843778
6790,0.3669870241582382
6791,0.8648917169261384
6792,0.4221966184116685
6793,0.48649191810291664
6794,0.3545277534961207
6795,0.7440188796459152
6796,0.34464655481930173
6797,0.5234707326049544
6798,0.31699191463596743
6799,0.7419139005171077
6800,0.122591350980819
6801,0.7324870838598041
6802,0.28445531396375673
6803,0.9287409661878646
6804,0.2941235198468832
6805,0.280427323761983
6806,0.5792663429127375
6807,0.46262721375596094
6808,0.4788773915993846
6809,0.6705809850739984
6810,0.7170283540898778
6811,0.6302481356492743
6812,0.49597059967930945
6813,0.9474668833825928
6814,0.6991433913539243
6815,0.5156097412339657
6816,0.5312655313589159
6817,0.3311514658197905
6818,0.7286958209274508
6819,0.7785128793348083
6820,0.9266409752975646
6821,0.21315641600983182
6822,0.25583902833458816
6823,0.7964763291777076
6824,0.49701034309175823
6825,0.05496508129906654
6826,0.14539434877503393
6827,0.8761491702317389
6828,0.702234263592184
6829,0.3340162087124951
6830,0.6852194452478229
6831,0.9284214644220266
6832,0.7345575684608164
6833,0.4976512390316977
6834,0.9000853338723213
6835,0.522252718092554
6836,0.14366151590620901
6837,0.754545425102289
6838,0.9636611683302102
6839,0.7193364020270582
6840,0.34176685937393786
6841,0.4578263764997334
6842,0.6098091888822965
6843,0.3586707184106423
6844,0.39476919894139956
6845,0.43132215952470143
6846,0.2823676513877645
6847,0.6504781344490439
6848,0.7868449920060352
6849,0.36317634685617833
6850,0.914821373420333
6851,0.8401658875388629
6852,0.6309576067984376
6853,0.7526208784694847
6854,0.6952814920301585
6855,0.572975356633131
6856,0.7781674024918379
6857,0.5343643371652459
6858,0.3396894331392869
6859,0.48198148068798213
6860,0.22799781007258116
6861,0.06191215165469628
6862,0.3739953824212318
6863,0.3636655225475373
6864,0.9301449816332145
6865,0.5719808290908395
6866,0.3712056585885149
6867,0.4893813625065374
6868,0.8848024606469729
6869,0.4027743525178827
6870,0.8326123232898792
6871,0.7209019359443061
6872,0.7315654378110221
6873,0.3602485995231689
6874,0.7344491407390272
6875,0.9609386379660183
6876,0.7187490050763594
6877,0.334357424147571
6878,0.20515264947128534
6879,0.5349952450816764
6880,0.7395898719967545
6881,0.42041357550948216
6882,0.4878069748425307
6883,0.32156866988555677
6884,0.9191851504658787
6885,0.09258010002141884
6886,0.18025438363404897
6887,0.37242287985309114
6888,0.27676150625506557
6889,0.3741803693126178
6890,0.690944731592914
6891,0.16098471742862766
6892,0.4557481762835801
6893,0.5044120750966026
6894,0.9117371831568817
6895,0.2540419807464738
6896,0.07048268958320242
6897,0.4734568779810086
6898,0.48249543689214974
6899,0.37092951763531656
6900,0.8326674231157288
6901,0.5101785243517013
6902,0.5915613472877342
6903,0.7246318917255836
6904,0.6402638130267835
6905,0.17541133317756036
6906,0.521676537574678
6907,0.1573322867390519
6908,0.07419202978703554
6909,0.3757771002048239
6910,0.48718751469895666
6911,0.7937764836284301
6912,0.8405020709411889
6913,0.2355539567437556
6914,0.3926435189021152
6915,0.860509716635743
6916,0.5409836463146547
6917,0.8131921323207305
6918,0.30984240676847635
6919,0.5971721344951714
6920,0.563457527488284
6921,0.44845501415869116
6922,0.20351979241387388
6923,0.34234775516884997
6924,0.5573861435298633
6925,0.6552222358010737
6926,0.3286906994827985
6927,0.3877037798782653
6928,0.7114629290031156
6929,0.7948080714719911
6930,0.5470916084494851
6931,0.3552205495272552
6932,0.3077049959079696
6933,0.23993485254933816
6934,0.8066041050183916
6935,0.39670848220482435
6936,0.6049055497811384
6937,0.8841836248276921
6938,0.9126020992416064
6939,0.33310636026086443
6940,0.27833723126276855
6941,0.1506972705586524
6942,0.11997025894826471
6943,0.8529062091749893
6944,0.5092941891924103
6945,0.8197622170359199
6946,0.6815218030639816
6947,0.20012022713976113
6948,0.2531018738108875
6949,0.7709959383431118
6950,0.9020638665015706
6951,0.6025215852614789
6952,0.16088555874101446
6953,0.7206601694137663
6954,0.6898607498064512
6955,0.6064452973848464
6956,0.7179449314067241
6957,0.3516971950089918
6958,0.5985915896135078
6959,0.6170939179597288
6960,0.23120280163811927
6961,0.06638263338124355
6962,0.7767722688147904
6963,0.8666341791317151
6964,0.6733442533529506
6965,0.441805773410243
6966,0.7165248682302284
6967,0.6996169989640021
6968,0.14591065221851138
6969,0.8144416643976576
6970,0.7418059399789797
6971,0.5356238644039365
6972,0.3681795476188997
6973,0.9235728549280396
6974,0.8347495673829677
6975,0.5222692195908946
6976,0.8731788871260797
6977,0.26842670465797425
6978,0.6201064922969395
6979,0.36538106016976896
6980,0.35139765082062596
6981,0.6069445889801214
6982,0.48539857067470643
6983,0.25390057100208896
6984,0.6816460135160125
6985,0.20350806481803183
6986,0.15271228925095162
6987,0.8044254988057492
6988,0.736673989206417
6989,0.39075364819549485
6990,0.887361533700167
6991,0.3191066713291088
6992,0.772506637011533
6993,0.0789722234777208
6994,0.6551166763517878
6995,0.4329972897358771
6996,0.31098692596752414
6997,0.8632517068362451
6998,0.6056049726232178
6999,0.7712967648168696
7000,0.26675243886817945
7001,0.5872130058823161
7002,0.48466778654208864
7003,0.7319465289704559
7004,0.0643624422717056
7005,0.8368287735379152
7006,0.20670985536369385
7007,0.046790334330188796
7008,0.2735209911312867
7009,0.9564544809352111
7010,0.35692409649701773
7011,0.7332820842400408
7012,0.8977935646126838
7013,0.6130630986676961
7014,0.19774793122479495
7015,0.5677891341516312
7016,0.7850799178374757
7017,0.7712489949810111
7018,0.40151548944407556
7019,0.5558245179601318
7020,0.843246401383841
7021,0.7082383114787694
7022,0.5187273356497624
7023,0.591127456777068
7024,0.8066245361188403
7025,0.5531389042570293
7026,0.47350385546475593
7027,0.24125934933907914
7028,0.5300758293728437
7029,0.7014725312539323
7030,0.675571998701146
7031,0.2564228769767781
7032,0.4662351971251903
7033,0.7198891406227176
7034,0.24611442706527611
7035,0.4350141683847398
7036,0.4407233035361981
7037,0.4416728133142127
7038,0.6521879565013988
7039,0.3256228671007293
7040,0.5590771892893738
7041,0.3020381770026543
7042,0.5184353673022885
7043,0.6827675518506632
7044,0.8642480966664273
7045,0.2599018753602726
7046,0.6973274086888056
7047,0.9638015314757167
7048,0.6718071865572345
7049,0.6614155522489141
7050,0.13724898793319584
7051,0.6290500290855352
7052,0.07997150193801214
7053,0.5150792716970977
7054,0.7043631986207302
7055,0.17094582980071568
7056,0.8564872978100823
7057,0.7369042886413415
7058,0.2855574742530332
7059,0.3919453521086527
7060,0.6575556442199277
7061,0.5970179340395004
7062,0.887323427620235
7063,0.7374428661191068
7064,0.17257124261816145
7065,0.7061347622244413
7066,0.2495728712590799
7067,0.824938793715765
7068,0.6353201345153562
7069,0.9021956488530268
7070,0.763723843650242
7071,0.36179550472618066
7072,0.32297247240758803
7073,0.47362834203151893
7074,0.13058784388332054
7075,0.8455276585032199
7076,0.830384690936867
7077,0.9717821649674628
7078,0.6014733588535756
7079,0.5309289320928473
7080,0.6662017219538996
7081,0.08087541191494771
7082,0.536579044872467
7083,0.3532417331415241
7084,0.1628096563200671
7085,0.9107654777774484
7086,0.5452887496785997
7087,0.5012006525572538
7088,0.6232753332910669
7089,0.8543579194657095
7090,0.48676941639388754
7091,0.3916788006336265
7092,0.637120103832295
7093,0.3070900806378441
7094,0.5909008197083295
7095,0.7210274381570941
7096,0.5895203872460724
7097,0.5047690958069231
7098,0.45128522914909086
7099,0.8911285905064332
7100,0.4401388535560055
7101,0.5058702921071038
7102,0.11511859749860154
7103,0.7104048352849782
7104,0.45536242847810954
7105,0.10880939357050191
7106,0.29604426227780584
7107,0.5949036226659308
7108,0.5673494191078998
7109,0.6322832670598514
7110,0.3629836005477894
7111,0.25038493392186545
7112,0.5006957581685836
7113,0.8406449383384511
7114,0.7292205423085812
7115,0.9902670459831594
7116,0.7818004695777833
7117,0.4629353955563003
7118,0.26365065141680105
7119,0.3020510608898811
7120,0.9295273044510894
7121,0.7005395295375277
7122,0.6597597914587396
7123,0.4219626585092492
7124,0.8858310954470395
7125,0.6236607285105418
7126,0.22249370866706222
7127,0.4264286252292547
7128,0.1855718224267883
7129,0.40754649487895683
7130,0.06952630440060616
7131,0.6906183021600397
7132,0.1524962835509469
7133,0.3302164107232581
7134,0.44907030370290996
7135,0.3111738383252502
7136,0.6267209002808651
7137,0.9060055202775804
7138,0.8480996776419281
7139,0.47890918036062513
7140,0.2603414232083995
7141,0.35322845017063287
7142,0.8397092220375608
7143,0.8677782371699567
7144,0.7946058026917321
7145,0.08142875485873259
7146,0.6251439076799139
7147,0.3125468295823365
7148,0.8923826652959758
7149,0.19422654540898268
7150,0.6926767846638556
7151,0.14838010222619022
7152,0.4371783088612045
7153,0.7786627007412588
7154,0.8926675542305205
7155,0.7827352412944683
7156,0.805088224557706
7157,0.9120536345227684
7158,0.5789053755329373
7159,0.7153873732929626
7160,0.8282392648374854
7161,0.10997862833315263
7162,0.41162361298436556
7163,0.46277792976267546
7164,0.6802120285555823
7165,0.8359244883793575
7166,0.378019806031144
7167,0.32041209607151816
7168,0.42032976723141585
7169,0.692234524419784
7170,0.3272470062438762
7171,0.4083556241474671
7172,0.5381988090255297
7173,0.4801856530863081
7174,0.8066542373853086
7175,0.4067323243119146
7176,0.8217270550213132
7177,0.6945225331784685
7178,0.1956276486965447
7179,0.1731764002764407
7180,0.4179356305372529
7181,0.7408468761423356
7182,0.6108164624285821
7183,0.5793450682731168
7184,0.6573995288869332
7185,0.8050853021248104
7186,0.49415581402032827
7187,0.05981303804099571
7188,0.6539781785408517
7189,0.6662915980245784
7190,0.8333639095993947
7191,0.1436365437208847
7192,0.8388215304366758
7193,0.2427249364745257
7194,0.1833924976884882
7195,0.052769116632056044
7196,0.9476589864090881
7197,0.48716280257632
7198,0.44285851202550913
7199,0.3057012558337889
7200,0.37724098492669467
7201,0.9187261812364452
7202,0.44441229054048886
7203,0.7912717410968372
7204,0.7050973663348289
7205,0.4642271264887225
7206,0.43484345293615667
7207,0.38240267024311236
7208,0.5598608219332954
7209,0.186954571789797
7210,0.7447617159450781
7211,0.26682610831651726
7212,0.6618422841077025
7213,0.735075412039702
7214,0.13560299829817776
7215,0.5359489916878785
7216,0.8384808222841948
7217,0.49244501959267395
7218,0.8404309574896789
7219,0.7126585502646126
7220,0.28846007546266283
7221,0.2849180225448639
7222,0.9230095462353561
7223,0.2725368870721724
7224,0.8770990430126275
7225,0.8201468591660324
7226,0.9055148811441881
7227,0.9309751096729995
7228,0.27447912364431565
7229,0.33993990233145105
7230,0.3199522420876596
7231,0.502181274940682
7232,0.45480962666860864
7233,0.8935621594105224
7234,0.88183253220033
7235,0.3755020193185165
7236,0.6853074403681161
7237,0.7552111499598961
7238,0.8290811970793632
7239,0.34444846863513995
7240,0.7229981078036885
7241,0.6311232381739291
7242,0.7786019790006327
7243,0.43788686375658936
7244,0.5430666209143493
7245,0.615210834613889
7246,0.9514608211126202
7247,0.8220430160877406
7248,0.3295228114214695
7249,0.33096947081692074
7250,0.952936988047816
7251,0.4464160488268989
7252,0.8435462502301495
7253,0.6662503024512776
7254,0.5134495807463689
7255,0.7945830228664543
7256,0.9100511608254229
7257,0.18662171052468723
7258,0.4203840131187012
7259,0.0859368735525699
7260,0.43100884868133554
7261,0.9370608813320253
7262,0.5135149779451207
7263,0.05832376351354308
7264,0.5979847897699384
7265,0.6276792617771737
7266,0.48815825589248657
7267,0.7790880080729005
7268,0.365481295310127
7269,0.8594574349773432
7270,0.46193961505613146
7271,0.5811495054500465
7272,0.8228436127283419
7273,0.6489679063428203
7274,0.4381886069293723
7275,0.9055305106103426
7276,0.14404216611168363
7277,0.9081769042100913
7278,0.5766013760762873
7279,0.8441132791251572
7280,0.19825253820431624
7281,0.7938534397825354
7282,0.45836797572152826
7283,0.856177154483885
7284,0.8505132836529959
7285,0.5760064869414279
7286,0.5791153291151206
7287,0.9562046450112139
7288,0.3120964255292278
7289,0.07615199219639551
7290,0.13140141147688303
7291,0.7847066034278855
7292,0.2157260101034174
7293,0.44127744391005297
7294,0.9414764433938686
7295,0.8642538635928857
7296,0.5181766310241059
7297,0.7572751542829456
7298,0.9385784219676323
7299,0.17132898639312405
7300,0.4286892269938257
7301,0.9247157729618094
7302,0.3132521592996575
7303,0.9159515878457435
7304,0.8015768211574209
7305,0.407459604034945
7306,0.31842711932747947
7307,0.5229566562968491
7308,0.11029969174665204
7309,0.5873511860404711
7310,0.46228266277383523
7311,0.7481995413616783
7312,0.6195929237932528
7313,0.18105298188117797
7314,0.6131836370295095
7315,0.5834558087473732
7316,0.6175302158095101
7317,0.49792492073665834
7318,0.6877823327098546
7319,0.04011380405193569
7320,0.6694995787102879
7321,0.6485378129602678
7322,0.19565768239957923
7323,0.14809991763648844
7324,0.2755642498692446
7325,0.6130560774119305
7326,0.8758930583051128
7327,0.01835540666306506
7328,0.09036416999462248
7329,0.6222509193031995
7330,0.885025924414182
7331,0.13826962209006582
7332,0.6449932292176889
7333,0.636429873496178
7334,0.5258763225547403
7335,0.9575379900214634
7336,0.7843642134081722
7337,0.8176548980152518
7338,0.30662999568719235
7339,0.8368650395224488
7340,0.5701097919143204
7341,0.5405471016227026
7342,0.7941346834831201
7343,0.17497716638688507
7344,0.4324357471026872
7345,0.370043694651684
7346,0.8890248561556335
7347,0.6805816761231447
7348,0.19047498216419925
7349,0.9197320597811749
7350,0.8862523792507044
7351,0.7733655079448671
7352,0.9005714451082687
7353,0.6377392660907678
7354,0.6721280478221482
7355,0.19445932118594067
7356,0.9173062591056129
7357,0.6467454707468336
7358,0.1175938364722584
7359,0.83799945178878
7360,0.4243346031742158
7361,0.9500718839853012
7362,0.516389114392269
7363,0.1993344868734097
7364,0.14868432889004457
7365,0.2679574799135919
7366,0.5989044517991361
7367,0.4094929453252196
7368,0.7730326496964021
7369,0.3207366436609982
7370,0.03547443773139569
7371,0.47189420714620306
7372,0.403615056671371
7373,0.3764352095208434
7374,0.5033911746502149
7375,0.7846183989878117
7376,0.3851931235735049
7377,0.3349652798473123
7378,0.9045318863312168
7379,0.622628059424899
7380,0.243866313855554
7381,0.7764951891103864
7382,0.28070114053509
7383,0.6183046628500652
7384,0.6980830253843843
7385,0.4588022269544223
7386,0.41264784024021567
7387,0.903105442520779
7388,0.7084894061926059
7389,0.46360869559509227
7390,0.37040186164050765
7391,0.9028727421169891
7392,0.6157151274477007
7393,0.321489624482989
7394,0.6806766069833846
7395,0.6044786492355062
7396,0.5081163129762805
7397,0.9348239493935333
7398,0.9673518637509296
7399,0.6649537569440033
7400,0.20579900354247
7401,0.5413622346348101
7402,0.6481694633655326
7403,0.2374062734200851
7404,0.5446381500374095
7405,0.6977094174880603
7406,0.2209655971469754
7407,0.617618818851707
7408,0.452662486320743
7409,0.5616673559094834
7410,0.8287161417294016
7411,0.35617435694362726
7412,0.624612771674905
7413,0.4559890518905472
7414,0.7522307486446143
7415,0.12658539750301107
7416,0.5060975340301512
7417,0.2163572709809505
7418,0.5807203599189164
7419,0.7480245227034065
7420,0.581072954584656
7421,0.7265477270173978
7422,0.7566525046297987
7423,0.8579196529997709
7424,0.6518525296751574
7425,0.18809176019027513
7426,0.845030316727573
7427,0.6080224289958037
7428,0.17979619243556164
7429,0.6010207999179888
7430,0.8931391960203023
7431,0.1603421956712113
7432,0.1358828960459719
7433,0.3395421850016045
7434,0.6366048081998233
7435,0.13581386135267423
7436,0.5009147835481116
7437,0.21775261357867567
7438,0.7921212954441166
7439,0.2426010606110848
7440,0.1266168271358603
7441,0.7302571434063629
7442,0.8275004799949408
7443,0.07288220523926522
7444,0.6387716108200607
7445,0.5332602608800279
7446,0.8376557713765923
7447,0.40001057897326814
7448,0.18736603177614622
7449,0.6237064233162295
7450,0.7170138394593986
7451,0.5218518020623215
7452,0.3547758585088308
7453,0.10665470810747299
7454,0.6048956019721765
7455,0.258197567758556
7456,0.24864223445825062
7457,0.5282776768365214
7458,0.7674773705216427
7459,0.5706101893848158
7460,0.8378985001106213
7461,0.3213362679918065
7462,0.8357532753895363
7463,0.9928293088120331
7464,0.8577406393081326
7465,0.2704957869606062
7466,0.45012790935340896
7467,0.07102105022347621
7468,0.21761006834752689
7469,0.11188531895557616
7470,0.5484941614909367
7471,0.3249774169428365
7472,0.5043163611812794
7473,0.26984853894455446
7474,0.8976501233699266
7475,0.7076777166157784
7476,0.7105955692727298
7477,0.38568265235111016
7478,0.9040145107069937
7479,0.34160610794155866
7480,0.7896442650393171
7481,0.3833408846722911
7482,0.10575928988814917
7483,0.9009501161911408
7484,0.2644240294114653
7485,0.7522032026292962
7486,0.6194949489764554
7487,0.25687473071205363
7488,0.3003759283342049
7489,0.739939879614314
7490,0.5727308833439082
7491,0.4016972656357363
7492,0.7339960631148122
7493,0.6220210952285721
7494,0.9399433193207708
7495,0.7637331810513642
7496,0.557348385975501
7497,0.32040405517862086
7498,0.2912373110496287
7499,0.9556644945350244
7500,0.41886406086210837
7501,0.2050644271203647
7502,0.5578089722566196
7503,0.34985091182854794
7504,0.6437971882470528
7505,0.27846108741841763
7506,0.4600139417159677
7507,0.21916542648277568
7508,0.5192025071386991
7509,0.8342690226839811
7510,0.31622598017830056
7511,0.8177354248013675
7512,0.5104581974289261
7513,0.42049284475483395
7514,0.5720907939103886
7515,0.4682785089898738
7516,0.495942961519491
7517,0.14817779238462617
7518,0.3574275999395723
7519,0.9056174646517984
7520,0.11162606985103553
7521,0.6665660707951894
7522,0.2919142236297405
7523,0.33612300168810316
7524,0.44505513878434944
7525,0.19659543169349503
7526,0.554998799205525
7527,0.7798799220802997
7528,0.509899278142032
7529,0.6420650262490907
7530,0.77847488320523
7531,0.41846549424096463
7532,0.44195996188417924
7533,0.8754957555298145
7534,0.4931388692269835
7535,0.5634547406462386
7536,0.2654856870159018
7537,0.4386593224076906
7538,0.3707999850735156
7539,0.3948531911111738
7540,0.6873825906142516
7541,0.7462480545017558
7542,0.5980136383170429
7543,0.5459229190787336
7544,0.6745497929724024
7545,0.8116155488874511
7546,0.21028097394522166
7547,0.6182078928737234
7548,0.7326949078862425
7549,0.1051145629095441
7550,0.5169509640851321
7551,0.4970310773766631
7552,0.8487256500591027
7553,0.6554250152516097
7554,0.9367691945385994
7555,0.18504253578422622
7556,0.07597648040069609
7557,0.8432255315748797
7558,0.31671442022701146
7559,0.19311873988079045
7560,0.6693285831663696
7561,0.6827009178003367
7562,0.7544698633754222
7563,0.6705207808542236
7564,0.9424334595103778
7565,0.8988630327714259
7566,0.8436516985832749
7567,0.5831557580884466
7568,0.7548020022958888
7569,0.2931288325629068
7570,0.5313959514070823
7571,0.5928536682491206
7572,0.09536059723387835
7573,0.49263030332134466
7574,0.11044371502826765
7575,0.07226220364961344
7576,0.6585974855006458
7577,0.2712388805208584
7578,0.6332522449533929
7579,0.7507561431475603
7580,0.07803172636527693
7581,0.26785255095808963
7582,0.7738124941095129
7583,0.677196780863388
7584,0.7154705416495657
7585,0.7809088856602585
7586,0.5798997118755708
7587,0.4872128170462872
7588,0.9437249642837017
7589,0.6336546449039838
7590,0.8941912643546754
7591,0.7429165953710197
7592,0.23294390434942439
7593,0.5075298886709453
7594,0.49382640786552373
7595,0.5597344079372664
7596,0.8065092135371204
7597,0.8319212705282607
7598,0.6228801982218048
7599,0.7566034552454101
7600,0.6444131741937152
7601,0.5773390237693792
7602,0.2483290178794939
7603,0.7168580322157211
7604,0.6195377276287619
7605,0.9807737993920106
7606,0.36194663189354553
7607,0.6468867193906336
7608,0.5372074875830123
7609,0.8379704375557291
7610,0.2627470068419318
7611,0.3678860927429678
7612,0.5728627455536718
7613,0.24820816048033892
7614,0.2959564332831123
7615,0.6305543703731012
7616,0.38582619006662433
7617,0.8762126019329496
7618,0.7666765741971677
7619,0.37700015116441893
7620,0.9405600847059093
7621,0.5873867096927321
7622,0.3063220877327317
7623,0.11568589560315225
7624,0.4677012569621695
7625,0.8211541597898772
7626,0.07481498332457198
7627,0.3034356354017611
7628,0.16502341098499798
7629,0.4501519308235444
7630,0.4429553032039907
7631,0.6805790734103112
7632,0.6520378396760048
7633,0.9152024449647738
7634,0.786941001783954
7635,0.6213027904732279
7636,0.34034812163786543
7637,0.5520446041196397
7638,0.3133507183586167
7639,0.5548802216469287
7640,0.1822760814603238
7641,0.8108269572804873
7642,0.22342391411399354
7643,0.658419999641075
7644,0.7481643882236851
7645,0.5697504579828494
7646,0.6119390801808064
7647,0.73098263617343
7648,0.6120920383584391
7649,0.03549022439859872
7650,0.5750031393621049
7651,0.634030165813858
7652,0.6946491533805303
7653,0.9646428194640233
7654,0.0975592670260863
7655,0.5282177172415389
7656,0.6893562893583708
7657,0.4168604672609374
7658,0.653660712136201
7659,0.15796576991558206
7660,0.7071598907688048
7661,0.5725032503469053
7662,0.5682735438738701
7663,0.7767308274311323
7664,0.08327182748534144
7665,0.8888600018687689
7666,0.6822108751915616
7667,0.8808949003551811
7668,0.8388234090132063
7669,0.8095573431895894
7670,0.21295769001737827
7671,0.8532501412322886
7672,0.7714734106274344
7673,0.7399597406535589
7674,0.751293664968053
7675,0.7605343400298017
7676,0.30505065017935296
7677,0.9188019221958358
7678,0.20921556577478256
7679,0.7625352311272573
7680,0.7219445271042396
7681,0.7379649823819892
7682,0.5922777479288812
7683,0.4429860881939276
7684,0.6903500425713072
7685,0.6166935856143886
7686,0.7549658962897936
7687,0.929498399909209
7688,0.3619776861662474
7689,0.8908137744052042
7690,0.3313785162937902
7691,0.08759438931499516
7692,0.8510503597051375
7693,0.47713769095372127
7694,0.5726530395516455
7695,0.607926913583055
7696,0.8569799048092464
7697,0.9052862172356076
7698,0.5585559940923187
7699,0.8317214440010957
7700,0.41131283892978565
7701,0.595028017943823
7702,0.6970272673456616
7703,0.9058129206758949
7704,0.10796862395990328
7705,0.38508780284600647
7706,0.20528586663443682
7707,0.21597356608772883
7708,0.8899444639896552
7709,0.4232286253258507
7710,0.6371516402553858
7711,0.8478810248529264
7712,0.5818809769445927
7713,0.3545017469650907
7714,0.4579974839498866
7715,0.1968253862819166
7716,0.45663706712949936
7717,0.7242303604422801
7718,0.1236544169740732
7719,0.4388002569357862
7720,0.7520076598569003
7721,0.5370425081569195
7722,0.3971586943801681
7723,0.3256380931281204
7724,0.21058958773316214
7725,0.21110411579891136
7726,0.7273258771729374
7727,0.43846922052447723
7728,0.9798809750885693
7729,0.7717063379963013
7730,0.7996743955574602
7731,0.07447189355757722
7732,0.9053560000760894
7733,0.5805828025565603
7734,0.6815270093434399
7735,0.1710755373736437
7736,0.8608375874433215
7737,0.095313866754933
7738,0.4009138400384372
7739,0.7182131182742834
7740,0.6718219755469742
7741,0.4285557291861474
7742,0.20256908140899155
7743,0.7005035736160287
7744,0.29773899208176235
7745,0.5844102425223278
7746,0.16634951424646013
7747,0.5650102732477067
7748,0.8270143571565882
7749,0.280486913885474
7750,0.7879875703338548
7751,0.14136654614608674
7752,0.19825200923326006
7753,0.06274492036525976
7754,0.6539164963730038
7755,0.3907211280474088
7756,0.398759860653618
7757,0.7805294827898144
7758,0.25224551168710546
7759,0.6274791737116424
7760,0.7178970105959708
7761,0.3038785682671317
7762,0.3285697000391654
7763,0.4715018655742014
7764,0.7612682426880528
7765,0.5054228582710413
7766,0.9135086117704729
7767,0.6945587727695545
7768,0.9608511954386298
7769,0.7399481294163679
7770,0.21435027102446286
7771,0.46453373987859864
7772,0.09758153384321637
7773,0.09789001942734366
7774,0.5344802203417718
7775,0.9294179886265846
7776,0.507581992302136
7777,0.2482392039431199
7778,0.9365310026374646
7779,0.8635061248716386
7780,0.725802035457133
7781,0.43278884461627304
7782,0.8186496278453722
7783,0.30798541864021267
7784,0.5853132126450982
7785,0.7087864341390071
7786,0.18640825899576924
7787,0.20605228054947577
7788,0.518609592029423
7789,0.6224336606854188
7790,0.7870982828605041
7791,0.6180426457838398
7792,0.921988276767553
7793,0.29385203843925944
7794,0.5544419276550827
7795,0.7026252248673337
7796,0.3352291381128098
7797,0.8599934397807695
7798,0.8614729785281026
7799,0.09959977383737913
7800,0.6697723548810466
7801,0.8211031450367003
7802,0.9585382773600086
7803,0.33982425320478465
7804,0.8421871904490058
7805,0.8792720438812253
7806,0.47880420092413545
7807,0.27933513019304734
7808,0.6184176784824961
7809,0.14229425571570814
7810,0.34707283722129045
7811,0.7553340225625221
7812,0.781292940405215
7813,0.5303734285306303
7814,0.9248603493588092
7815,0.454963773758508
7816,0.5634597362271202
7817,0.5686783026139665
7818,0.20012808338734261
7819,0.3723623766776839
7820,0.36185225238385876
7821,0.9315301224192829
7822,0.26817599592306646
7823,0.7951479488662383
7824,0.8066682090128029
7825,0.7210377492003872
7826,0.4907252431876929
7827,0.943236103697458
7828,0.9127269650871157
7829,0.9006387797607569
7830,0.517636385134814
7831,0.38724136779366497
7832,0.3787924248292322
7833,0.8071522774931302
7834,0.5380292226377638
7835,0.983147831708856
7836,0.5762518189382247
7837,0.42947526160595906
7838,0.18686547176277035
7839,0.6797200391672807
7840,0.7599919886772298
7841,0.7436467403685669
7842,0.24996713155200512
7843,0.7312826626970441
7844,0.688408518310836
7845,0.15030608207217683
7846,0.7509232160654837
7847,0.5143602423525409
7848,0.5771806951796247
7849,0.8850820254100247
7850,0.5079712831168015
7851,0.9379669933544822
7852,0.3646487378503847
7853,0.8548743562631577
7854,0.8378320932947998
7855,0.5561601119788224
7856,0.4559299472985587
7857,0.6976496999165386
7858,0.424624410929216
7859,0.919638356694086
7860,0.25753756038641756
7861,0.859835041991532
7862,0.2819977338792018
7863,0.7061381053460953
7864,0.5642680464687408
7865,0.7508948820831974
7866,0.22737239444442217
7867,0.2894902044321462
7868,0.9603698485881295
7869,0.5850165436866297
7870,0.682171505793156
7871,0.5616118279534312
7872,0.5277961540277039
7873,0.6601101937218821
7874,0.6619929357528168
7875,0.9041382531100072
7876,0.07913877669479684
7877,0.8466809041367075
7878,0.09405443910580993
7879,0.31796168394628577
7880,0.7039886854126247
7881,0.18090202469924857
7882,0.732391222727705
7883,0.9495617891548374
7884,0.42524293143975406
7885,0.1308901222352417
7886,0.2807793116884735
7887,0.08313165196980778
7888,0.8913766105234536
7889,0.5421438499394677
7890,0.7100518384659548
7891,0.38684532127783106
7892,0.9063626829620466
7893,0.3236583180848335
7894,0.3489445897113721
7895,0.49300646310224244
7896,0.15101419846365033
7897,0.5569761963508473
7898,0.6562335508743592
7899,0.2198625119506398
7900,0.749726852261639
7901,0.8679412916484289
7902,0.20656447735212602
7903,0.812243694891333
7904,0.17795483668239803
7905,0.6747003940154974
7906,0.22884938152357562
7907,0.6768701463953672
7908,0.09522892862141712
7909,0.5724858035809791
7910,0.4477601500075805
7911,0.9719361055560526
7912,0.6934869426503265
7913,0.14353298419495442
7914,0.7103985639157353
7915,0.3157220500289561
7916,0.7057056406429041
7917,0.4948002524258277
7918,0.4844781304747084
7919,0.8911084464158012
7920,0.6034708606447045
7921,0.4056086795762931
7922,0.7718838030132031
7923,0.4348140883043367
7924,0.5213722762546443
7925,0.8459651751165366
7926,0.548992355643804
7927,0.553607459474118
7928,0.4434524037854225
7929,0.6866418614247369
7930,0.6622249515082864
7931,0.9130878911570969
7932,0.844719849833057
7933,0.7274708762872575
7934,0.21001020279098556
7935,0.7942410301191459
7936,0.7499443493666191
7937,0.4058514841395521
7938,0.6729517067214805
7939,0.8640070771087746
7940,0.16126910391618451
7941,0.6610127935391977
7942,0.7662930149729451
7943,0.7588015123726333
7944,0.6803601187202772
7945,0.8074179777871382
7946,0.578280814546026
7947,0.9639948920306276
7948,0.3144071688379555
7949,0.07314149362314493
7950,0.5865836195760599
7951,0.5550132961372934
7952,0.36620371573292243
7953,0.5185564317233422
7954,0.7160751748243699
7955,0.4399604657499789
7956,0.8227472735289099
7957,0.2204893319750565
7958,0.0341681302055252
7959,0.4220018940216751
7960,0.7641468397536973
7961,0.8321176978323448
7962,0.9450994661779458
7963,0.7920907104308509
7964,0.36071195287132296
7965,0.7803088010633478
7966,0.3356857158186464
7967,0.23876942785075211
7968,0.4874668008964085
7969,0.60391557155569
7970,0.8962854756553477
7971,0.2897056003935181
7972,0.28588199853339114
7973,0.9239954113765128
7974,0.1939576670741921
7975,0.7591106891235461
7976,0.7970146663585087
7977,0.6654446623893155
7978,0.13494567624207707
7979,0.8073073630788085
7980,0.8720972653876108
7981,0.628183427252658
7982,0.06658533978642822
7983,0.6689314218787508
7984,0.5598821994549755
7985,0.5903451498135138
7986,0.8757964900372841
7987,0.06026001290648856
7988,0.9425938193364054
7989,0.6096833361263907
7990,0.936859159397053
7991,0.6331502184145387
7992,0.7791689648274117
7993,0.8318401192399617
7994,0.3535389107464265
7995,0.4212944725362084
7996,0.19008710674522727
7997,0.77807628577074
7998,0.9397605868746342
7999,0.4880124210810743
8000,0.44816688291132517
8001,0.16789243267466522
8002,0.40318712175993504
8003,0.4079763478408835
8004,0.5309144504204512
8005,0.6958222034740736
8006,0.4759446394478448
8007,0.47317750472824244
8008,0.7914835738135406
8009,0.6935323300188646
8010,0.5053964860465257
8011,0.9698505870024833
8012,0.3699386815462432
8013,0.8662386986237816
8014,0.5264101013742946
8015,0.7825463032682044
8016,0.2593663056997753
8017,0.7407080745786845
8018,0.4556526602619761
8019,0.43116651275432855
8020,0.8466766571829216
8021,0.7170213319846065
8022,0.4671966870643688
8023,0.8578576800110078
8024,0.6783167881676933
8025,0.8633863084342747
8026,0.676210396806249
8027,0.6499087383339957
8028,0.7472439840646626
8029,0.6405268728921297
8030,0.6080000405936388
8031,0.7477847453739036
8032,0.9470741274407518
8033,0.3245898004130744
8034,0.7664991942044794
8035,0.8950055386491687
8036,0.5418286562882414
8037,0.27956995849796196
8038,0.2659854185056154
8039,0.2895719076170643
8040,0.6004520117222968
8041,0.3865865476892858
8042,0.05794423085193473
8043,0.3271164885593669
8044,0.8909051115133465
8045,0.27799753638529656
8046,0.24198339578428507
8047,0.8824563675685063
8048,0.908712361913416
8049,0.829225320276008
8050,0.7476535890893149
8051,0.9712329905912822
8052,0.1303180058235276
8053,0.8322502124169299
8054,0.5426273013422083
8055,0.7815538510199916
8056,0.9219898902055225
8057,0.8362695402291599
8058,0.40525982967326074
8059,0.09690170332841241
8060,0.729754072776
8061,0.8962513240900851
8062,0.8963359897864805
8063,0.7768590300928563
8064,0.6668764781255309
8065,0.48063460504777855
8066,0.20837374451209198
8067,0.35764505507565436
8068,0.6472979734039412
8069,0.5090453435910802
8070,0.6814417842245931
8071,0.6789901708102157
8072,0.8285256951850412
8073,0.7372028372344341
8074,0.31832064125711945
8075,0.6771403933221587
8076,0.25910846156719564
8077,0.5970304550456909
8078,0.2666777869861588
8079,0.7670643179652915
8080,0.43764384355151886
8081,0.8064674400691668
8082,0.48450414655479135
8083,0.9461856467478632
8084,0.5065166933982631
8085,0.5864760283914193
8086,0.9021126390651302
8087,0.8481110147843764
8088,0.6996695909407697
8089,0.5911924122483612
8090,0.6780518743943605
8091,0.20648837727723693
8092,0.36637812765138195
8093,0.2319866510077853
8094,0.75567475340582
8095,0.045244641629355965
8096,0.7113202924668091
8097,0.9236006399685414
8098,0.8483668884037266
8099,0.15261712704722807
8100,0.33593135609609653
8101,0.4886413379394812
8102,0.5791634571544552
8103,0.40147036527241775
8104,0.27644643724360124
8105,0.7393688766680397
8106,0.7478198149499811
8107,0.6350763775153452
8108,0.8217114222353702
8109,0.5443043062448288
8110,0.6229302230199696
8111,0.2533138669667735
8112,0.6364144976125031
8113,0.5276203029320089
8114,0.27239707806923763
8115,0.9168464416423956
8116,0.5339264849606563
8117,0.34801431772654634
8118,0.5135639032839441
8119,0.7396636035501061
8120,0.649729709404588
8121,0.11453968200178373
8122,0.6383515987797715
8123,0.8800607975719382
8124,0.2639504209393118
8125,0.7498625463877214
8126,0.8311041630582336
8127,0.9908528657592548
8128,0.6055954068875109
8129,0.25147062316616403
8130,0.4738473120372138
8131,0.37642392041191297
8132,0.34256501178073795
8133,0.07193441439902486
8134,0.7412284289491514
8135,0.21479802515306945
8136,0.47068378237906106
8137,0.9787066102866973
8138,0.7238010599137827
8139,0.6054448436755873
8140,0.6172731448102599
8141,0.49802774689973256
8142,0.8001643296546448
8143,0.7437902368201419
8144,0.9517652810048596
8145,0.8584311952821077
8146,0.29691980077136715
8147,0.6003282706612023
8148,0.8003222264884685
8149,0.9158432465449898
8150,0.5410273422378574
8151,0.5264205585232918
8152,0.6800441570124759
8153,0.5155390658350648
8154,0.2250179138375676
8155,0.40338902499978435
8156,0.6464724902764023
8157,0.7231343642714941
8158,0.7508498345560929
8159,0.3964807621550126
8160,0.7780088117497436
8161,0.33031784122670704
8162,0.7016998557541834
8163,0.43798700769669846
8164,0.5108190671817285
8165,0.7122454094512828
8166,0.1403382447146889
8167,0.5807907025422696
8168,0.30911644034709224
8169,0.34108979885105084
8170,0.2536051703864034
8171,0.5623721808312135
8172,0.46778849894037483
8173,0.9266546259653106
8174,0.41686546212009334
8175,0.32456522745464617
8176,0.9127742711655551
8177,0.29000668321240847
8178,0.37039361012848593
8179,0.2371521563995272
8180,0.31900569169952064
8181,0.3569220614660731
8182,0.3588718065436302
8183,0.36454940392708274
8184,0.8657747678856809
8185,0.6751180341312881
8186,0.2113229661295963
8187,0.7799895525053909
8188,0.5181348834724058
8189,0.5083114767082417
8190,0.935276758730826
8191,0.951016640725305
8192,0.5262154125555478
8193,0.870915545695612
8194,0.33235909736899927
8195,0.48166520345942937
8196,0.6661002503461977
8197,0.26459496773261787
8198,0.9381935975688772
8199,0.6024425170098984
8200,0.5260598203935308
8201,0.5711187556431431
8202,0.3849502633413831
8203,0.5310717470501174
8204,0.5812876797231428
8205,0.3055893253452318
8206,0.46336599319825883
8207,0.586047381658344
8208,0.9295845934351312
8209,0.4715850627387711
8210,0.8033733634338834
8211,0.3452097371954889
8212,0.3108084774895147
8213,0.6702855906537863
8214,0.37947447419860075
8215,0.8131498277932275
8216,0.26667363353601065
8217,0.12368694226662363
8218,0.9525372254939025
8219,0.24618393982995815
8220,0.18835249687700348
8221,0.5577335451077177
8222,0.2970007723763651
8223,0.18488601869110224
8224,0.8006001104169206
8225,0.7221320734301645
8226,0.6803708950635396
8227,0.42089456694778277
8228,0.9517463274357547
8229,0.3530844603075769
8230,0.7355729778249107
8231,0.6774001149893701
8232,0.7059552833461139
8233,0.6471069082308989
8234,0.62359389567727
8235,0.3654152872346948
8236,0.10714817729420298
8237,0.1518547547198912
8238,0.9573715289876628
8239,0.7092252654543627
8240,0.35349207988149883
8241,0.537130648570491
8242,0.8671880633619004
8243,0.33354184660840663
8244,0.13952788673283129
8245,0.9249374038938806
8246,0.6247887777972284
8247,0.7285490800362371
8248,0.7476702068096918
8249,0.4876166927978038
8250,0.9038292651224158
8251,0.3860603710566753
8252,0.9499647378313126
8253,0.6376956706100306
8254,0.11761325804737592
8255,0.481568036778667
8256,0.37253432278356363
8257,0.11470392127210666
8258,0.6637662325652922
8259,0.8396606159834358
8260,0.8297536386663109
8261,0.7065222324632386
8262,0.17160462577399005
8263,0.611588347060867
8264,0.5883616257768775
8265,0.646102496828701
8266,0.37198388478428374
8267,0.3990588191551104
8268,0.6691691497023475
8269,0.3014499580414103
8270,0.3225402226705956
8271,0.3974239198287318
8272,0.05753790428549229
8273,0.40728127095734773
8274,0.1869253001372328
8275,0.5715330480040407
8276,0.5377032730006375
8277,0.5073467186518511
8278,0.6212726831748037
8279,0.7436492258161157
8280,0.4294338022523502
8281,0.526611702589649
8282,0.5282437738783181
8283,0.2958964230353303
8284,0.4988676614257364
8285,0.44105934989200496
8286,0.8917762223472261
8287,0.19635731408288823
8288,0.1275381271742287
8289,0.8444813671346761
8290,0.5249223905537219
8291,0.6287747539682165
8292,0.4102848540753345
8293,0.30209779541226384
8294,0.9578734836202984
8295,0.5158429718364201
8296,0.1718527715909718
8297,0.706975822684886
8298,0.12231419911783763
8299,0.4679176852550106
8300,0.6187697527613187
8301,0.6933884775067266
8302,0.8765745955939513
8303,0.7161947623509279
8304,0.8780577690147606
8305,0.8277915742633071
8306,0.40160587096250167
8307,0.31867455355256535
8308,0.262321437730225
8309,0.2656168768590484
8310,0.9302182051318849
8311,0.7488389123859321
8312,0.905905490638773
8313,0.36392242001178193
8314,0.2645792400626829
8315,0.894011840741813
8316,0.6635316027847891
8317,0.8184499380560183
8318,0.9837834979653777
8319,0.7811093045299933
8320,0.889962092880341
8321,0.41133428586303267
8322,0.4904167409576635
8323,0.35329739246140807
8324,0.6940476641097468
8325,0.20361558231858767
8326,0.29732347047801905
8327,0.20894170628237538
8328,0.1700493515851738
8329,0.9211243648190057
8330,0.4186086093165748
8331,0.5900681077645356
8332,0.33919940463511333
8333,0.7663990379517457
8334,0.3988941908735196
8335,0.11606352476364709
8336,0.3044908510492206
8337,0.553443529353689
8338,0.8619131023380351
8339,0.8998229886940372
8340,0.9411229502798636
8341,0.6181717914658509
8342,0.13726493220424124
8343,0.8297883758350504
8344,0.22981227143303723
8345,0.5318926811221067
8346,0.27571953161869345
8347,0.7657197031724972
8348,0.29495651840754844
8349,0.9326042671366315
8350,0.2904601449328935
8351,0.8241026500361612
8352,0.6749234191308519
8353,0.8870560911591431
8354,0.5820555117674027
8355,0.40289986049160204
8356,0.6789489431652111
8357,0.6339289992639956
8358,0.2982646091956928
8359,0.9186160412421557
8360,0.45178281604345627
8361,0.9086688949997718
8362,0.9856803824904257
8363,0.5671328048991002
8364,0.34274786002355795
8365,0.6150047366333334
8366,0.37300843625965924
8367,0.24646729512175267
8368,0.27360960696929054
8369,0.38711266143670386
8370,0.8027861416736135
8371,0.46036716322771737
8372,0.7713105086663319
8373,0.24674236654152784
8374,0.9623447031599479
8375,0.05872260036829814
8376,0.31884418928415387
8377,0.7323508461554703
8378,0.4819709599776893
8379,0.7829935999062297
8380,0.4187264440767421
8381,0.44188311410307013
8382,0.4828476760449549
8383,0.45779627600475314
8384,0.6603250030719405
8385,0.5347817528234533
8386,0.7480315722591442
8387,0.845628137991144
8388,0.3454230897889223
8389,0.2731820255437313
8390,0.6555176420999261
8391,0.5234379459083469
8392,0.2588518145461524
8393,0.9434969014404404
8394,0.5312865114613691
8395,0.27875201534354555
8396,0.7520062822166618
8397,0.6253470816061929
8398,0.6023738007981734
8399,0.8421080554827861
8400,0.3941435692414514
8401,0.36415294999180603
8402,0.24548079486516214
8403,0.8375341942005148
8404,0.4725328405458247
8405,0.7716900768055613
8406,0.7427996949037678
8407,0.19671550967285373
8408,0.6073584194751966
8409,0.238889335754781
8410,0.2117835301952853
8411,0.6519683486186602
8412,0.3117712759749576
8413,0.6219637982285422
8414,0.7708021579969252
8415,0.19605324844361963
8416,0.3886395795312103
8417,0.45619439460848343
8418,0.3736855457816493
8419,0.9075474038363756
8420,0.6673776891701696
8421,0.7829844233249991
8422,0.7189374138614255
8423,0.27377687061817146
8424,0.3595204524239854
8425,0.8026486782410359
8426,0.6542843652898679
8427,0.877170734186311
8428,0.510248001316549
8429,0.22009561697244107
8430,0.7692525713922603
8431,0.1313080674599804
8432,0.592497056351223
8433,0.7525023014103861
8434,0.351836825784633
8435,0.5391356981840111
8436,0.34058235085888194
8437,0.7897193339776687
8438,0.10159753038907988
8439,0.32921077506452295
8440,0.8689775726857252
8441,0.8766482471575733
8442,0.08849935744606605
8443,0.7660533734284173
8444,0.2847705131282508
8445,0.36631205168424247
8446,0.13115952697435512
8447,0.8261189961260084
8448,0.31427233014638506
8449,0.8981164231559828
8450,0.6388976995864863
8451,0.9064254592960085
8452,0.7980131931354375
8453,0.6479718971630622
8454,0.21531283920023003
8455,0.9242033057817284
8456,0.5113890556121716
8457,0.5794458335125292
8458,0.7400172629712928
8459,0.9183742679397413
8460,0.6557978897771767
8461,0.6905800124471605
8462,0.9255582639557257
8463,0.8677860511010497
8464,0.5960984309283106
8465,0.7342837981381422
8466,0.2680511855612295
8467,0.3026819106345535
8468,0.286186947749711
8469,0.48371652316033914
8470,0.7633349800038368
8471,0.2917735600316464
8472,0.8449454903025146
8473,0.824384221698554
8474,0.853772496272112
8475,0.912291788344521
8476,0.3252282255500968
8477,0.6947705917196314
8478,0.46364330396938397
8479,0.719142569248061
8480,0.26949274717067817
8481,0.3960627171418707
8482,0.2416460052552084
8483,0.76199772201986
8484,0.5971459032335978
8485,0.5539539003109987
8486,0.4440133447139401
8487,0.8135905890516607
8488,0.15772534703653818
8489,0.7598910707355496
8490,0.5158553819469439
8491,0.29542468668054517
8492,0.1265623682459899
8493,0.6025089676687883
8494,0.33038039107021766
8495,0.39114307749953303
8496,0.8394357585766975
8497,0.8345088249667814
8498,0.05255146656341426
8499,0.49438119011063375
8500,0.6455027471900426
8501,0.6298649644130648
8502,0.16116402923867607
8503,0.2696716586707295
8504,0.8463794304975967
8505,0.5906395748258927
8506,0.9692301135639314
8507,0.24079257003402263
8508,0.7335306050412649
8509,0.8603630873915136
8510,0.5747080454799567
8511,0.3240506758871578
8512,0.6438691381054354
8513,0.6055457240011757
8514,0.5102067748210536
8515,0.5385596679053837
8516,0.3165456104160644
8517,0.6160038401032046
8518,0.4791850895567859
8519,0.058659931698826565
8520,0.28555576913961755
8521,0.14055591510752
8522,0.5143217486299912
8523,0.8032569841804866
8524,0.13882178519564004
8525,0.26554286460769905
8526,0.21277479485579978
8527,0.19930744900710595
8528,0.8721720425778635
8529,0.8055719300700308
8530,0.46662823291126015
8531,0.4059377180374948
8532,0.6709642857445197
8533,0.6227435061145398
8534,0.7411512635654853
8535,0.37762983556832014
8536,0.8045862479657576
8537,0.49857134189999
8538,0.8140428848255421
8539,0.02780348682098456
8540,0.8337009616725723
8541,0.6102853497866043
8542,0.6950412496103944
8543,0.9260042371915915
8544,0.6258556478501288
8545,0.6077737871528949
8546,0.5236917536096518
8547,0.43050338181176895
8548,0.4654468661417018
8549,0.9012173874283999
8550,0.6545683641721226
8551,0.5698425121379592
8552,0.9703790709741144
8553,0.7032897860950309
8554,0.8075296856916613
8555,0.6315913072132906
8556,0.6356253235684974
8557,0.46508104854445814
8558,0.8505817822612426
8559,0.9832399070264498
8560,0.8654996564997635
8561,0.4304333133190959
8562,0.568052021041133
8563,0.8139740095783297
8564,0.41012103839582664
8565,0.5642244914733614
8566,0.6630577426658409
8567,0.6404100613915538
8568,0.8582691705408185
8569,0.31836599953090916
8570,0.9033980091284687
8571,0.6886636324959764
8572,0.5015214516165788
8573,0.3944787894527749
8574,0.4936523366432385
8575,0.7778652377586857
8576,0.8835964004023068
8577,0.851565929484917
8578,0.8291227155482338
8579,0.6066676350319228
8580,0.4164867240678693
8581,0.23511664972619434
8582,0.2961134157321593
8583,0.5619283776942541
8584,0.7234924185859234
8585,0.9251165425901676
8586,0.19072804667229823
8587,0.38728046865567795
8588,0.21172664568746247
8589,0.6402480935392745
8590,0.2945589522461233
8591,0.5777548517591254
8592,0.6255422909376874
8593,0.689300780002772
8594,0.9184000683326284
8595,0.8939711836466842
8596,0.12561513894165563
8597,0.5069304757879067
8598,0.4305778613333496
8599,0.5697055292496043
8600,0.5015898202954566
8601,0.7923118135787275
8602,0.4819758887255062
8603,0.9488785039192251
8604,0.7480810210258364
8605,0.6638287129203595
8606,0.4484809774281376
8607,0.5775778139446142
8608,0.16469815684897993
8609,0.8721619148874037
8610,0.22176661673149328
8611,0.2758963745389274
8612,0.3121331203127398
8613,0.49692431462657644
8614,0.3466252948446412
8615,0.7275511879530391
8616,0.10530206202924468
8617,0.5049569955897075
8618,0.7233915502073118
8619,0.2702118976105028
8620,0.20785204213903968
8621,0.828260582471673
8622,0.7567235868139349
8623,0.288992912514999
8624,0.1506307996211672
8625,0.24366194520426737
8626,0.4523437341225241
8627,0.14589540251824654
8628,0.6148713026760638
8629,0.28744520419768
8630,0.7594624826465275
8631,0.7195034595800757
8632,0.2370954766242768
8633,0.809919250134407
8634,0.8074126128820696
8635,0.7917104870712445
8636,0.8921888960053177
8637,0.5551273353208731
8638,0.37188709242371687
8639,0.7579137582717846
8640,0.3095936663232458
8641,0.7327814812776938
8642,0.3468925801813362
8643,0.8587799707317951
8644,0.19043413208099522
8645,0.6141588094079706
8646,0.21216890465815436
8647,0.38816585948438287
8648,0.6024024882516513
8649,0.6749250129257286
8650,0.4722266126698822
8651,0.726521231054334
8652,0.9531295351820344
8653,0.7104671106994694
8654,0.29885609920232004
8655,0.17626023064313295
8656,0.10389700024199387
8657,0.14658454141984292
8658,0.8865917938401208
8659,0.8050351050334777
8660,0.25240259217882166
8661,0.8155755310827528
8662,0.41189941849723805
8663,0.9668251070640316
8664,0.4559282981117569
8665,0.11887727712211099
8666,0.25587126699700036
8667,0.6592000100421417
8668,0.7963206165604424
8669,0.4458511567633561
8670,0.8079657772689577
8671,0.7871918856228124
8672,0.49720162731707934
8673,0.696280075233548
8674,0.3808842471416334
8675,0.5897518363170423
8676,0.2952225096713002
8677,0.11528139079650764
8678,0.837633022963721
8679,0.627937409216514
8680,0.31640109399096417
8681,0.4910710851603145
8682,0.8003524942193366
8683,0.23838081560578744
8684,0.918263332328449
8685,0.43308451437324336
8686,0.03324146128518558
8687,0.8039412827159842
8688,0.7986039532830628
8689,0.13948182599943523
8690,0.6467113298612821
8691,0.31928340856965487
8692,0.8333439460371721
8693,0.7906086335549526
8694,0.6757632122882745
8695,0.9157962541648783
8696,0.9291056966327025
8697,0.7963973838454275
8698,0.1867725277994929
8699,0.7267181255070364
8700,0.42233028258563177
8701,0.8741756201708185
8702,0.8789425699507929
8703,0.5290876259641548
8704,0.5687059896187595
8705,0.8872090299294507
8706,0.5576541001175065
8707,0.9204742074554415
8708,0.614446395219371
8709,0.5743918852225093
8710,0.868573851242882
8711,0.4210877971895217
8712,0.812231700392259
8713,0.6461490610224192
8714,0.3729807491660959
8715,0.7100729307417392
8716,0.8831233118914527
8717,0.22042490687461058
8718,0.23687735039872826
8719,0.9159749537664481
8720,0.2474087575760379
8721,0.5951055389662717
8722,0.4900846897173773
8723,0.8815398866961041
8724,0.3909196703386476
8725,0.3977131312972544
8726,0.862083554871099
8727,0.6625025543342372
8728,0.41117781611782883
8729,0.8799746153182653
8730,0.5597023102696161
8731,0.629689740216985
8732,0.3597125804470338
8733,0.7015715125013473
8734,0.3438668514607983
8735,0.5847246550903753
8736,0.4879185641322734
8737,0.2092681998673663
8738,0.6193456416987418
8739,0.7735216347382269
8740,0.8182185730050138
8741,0.5921692902397309
8742,0.7610743056472082
8743,0.6581610207840942
8744,0.7759240974144004
8745,0.4455008898598576
8746,0.7283557631376049
8747,0.5566408043226356
8748,0.38791152418018493
8749,0.4932876640243985
8750,0.16910523426746513
8751,0.6343639732742022
8752,0.790766295746741
8753,0.5463814689991295
8754,0.6219427727901126
8755,0.21916078578239823
8756,0.4877469995965672
8757,0.6374395706133218
8758,0.2879618129934626
8759,0.4952914096762904
8760,0.9525936082374581
8761,0.7497595077626259
8762,0.5513232512633213
8763,0.25158489263307
8764,0.6892773785419912
8765,0.6193513985673816
8766,0.5377794402766177
8767,0.5429960575646189
8768,0.5456133952429807
8769,0.867627097918728
8770,0.3567705377165906
8771,0.26364980760851586
8772,0.9471005623786122
8773,0.8273309727879221
8774,0.18216102383180868
8775,0.3694899396063731
8776,0.6663788020486099
8777,0.8577043305308573
8778,0.12893601562539345
8779,0.8571625672050897
8780,0.40619644553044437
8781,0.751179034932378
8782,0.7606332733834922
8783,0.3813955339819163
8784,0.19061585961108402
8785,0.9494097018210546
8786,0.6544008715655987
8787,0.3241800466569716
8788,0.8758091818245181
8789,0.8252795256599638
8790,0.10685831296303946
8791,0.774884032303707
8792,0.5479287112724579
8793,0.7932100371272731
8794,0.4931665920020071
8795,0.056035827971373374
8796,0.8441310069643533
8797,0.5527404703140032
8798,0.45024973092203596
8799,0.7592703650826559
8800,0.7300467473241827
8801,0.4089571740056413
8802,0.5169289214243781
8803,0.019917825743727673
8804,0.11940152315812608
8805,0.47926944034474633
8806,0.707282343962701
8807,0.626130301712929
8808,0.6490852267962535
8809,0.6309757600136345
8810,0.1545998489954434
8811,0.9289224965481752
8812,0.5842344059218645
8813,0.8609102608580622
8814,0.46076871009425696
8815,0.7053436957084388
8816,0.047034752865211804
8817,0.37326295570061396
8818,0.8940994855518598
8819,0.583191905281697
8820,0.3374633586737952
8821,0.19759412691163125
8822,0.8628641826304589
8823,0.5747951387070694
8824,0.4021385811139204
8825,0.6174074826288581
8826,0.8442716530127876
8827,0.3685003871708908
8828,0.5599269366201637
8829,0.10743954242440668
8830,0.6314500360167785
8831,0.23928292758886355
8832,0.6425768152803918
8833,0.7266827482389225
8834,0.6925874292668758
8835,0.12097552821058204
8836,0.5841502068111997
8837,0.4990465470569946
8838,0.24730258272727357
8839,0.6485183691532898
8840,0.6049054724017361
8841,0.11109643897689768
8842,0.7902260728563465
8843,0.323862235334779
8844,0.7334134317583643
8845,0.26399210434686327
8846,0.72396744150179
8847,0.828625508054569
8848,0.796231962094194
8849,0.39014388638352
8850,0.5931091899864455
8851,0.6304236803667753
8852,0.03067574184988517
8853,0.6732906840632328
8854,0.4660072482210332
8855,0.4259206809309016
8856,0.1558437862568246
8857,0.9097486063094433
8858,0.5129997190435341
8859,0.7982525470372539
8860,0.3745658839347472
8861,0.42746772903628566
8862,0.6556671800938964
8863,0.7501396467336054
8864,0.5031108455354434
8865,0.4886696775906241
8866,0.5741030107888734
8867,0.29711155565873637
8868,0.022585146855231435
8869,0.5022942904124269
8870,0.6927683141646173
8871,0.564403647086821
8872,0.46467349679954667
8873,0.5692067753714148
8874,0.9452932164123057
8875,0.4834708252557366
8876,0.9813366107877622
8877,0.8692316408432009
8878,0.6658470961612497
8879,0.5609495158189756
8880,0.7136526444104845
8881,0.10450059474890726
8882,0.631054749618327
8883,0.8753211031551017
8884,0.8515287838087257
8885,0.3731950408530845
8886,0.6109534489898913
8887,0.7943441160664672
8888,0.4886471092087017
8889,0.9242554924401958
8890,0.946635803119223
8891,0.7474160221725268
8892,0.7949449478701072
8893,0.7396621965799001
8894,0.11291664261956831
8895,0.7396687993184422
8896,0.18716289862867258
8897,0.5771495593546102
8898,0.3308406328309034
8899,0.7880300301542335
8900,0.8469491456115483
8901,0.803608107226637
8902,0.49194511849214095
8903,0.07550976624724681
8904,0.22391373890034896
8905,0.53864623505902
8906,0.7905405014597876
8907,0.2845576470915419
8908,0.5466507000136526
8909,0.4514895623702527
8910,0.7534257540784012
8911,0.8407983655324376
8912,0.682026640645065
8913,0.34002153301393595
8914,0.20707416811142937
8915,0.7810180608846979
8916,0.4009298364592972
8917,0.4616184534224342
8918,0.39803594189539504
8919,0.8020850820398226
8920,0.5154014343887003
8921,0.47927558161940337
8922,0.42457113324729046
8923,0.21615094984146876
8924,0.43864204915263305
8925,0.2747335993900346
8926,0.6028379615727227
8927,0.21140392993832421
8928,0.5660032151237278
8929,0.18145383312442248
8930,0.5883201859116406
8931,0.3148839261286036
8932,0.7591211311382147
8933,0.8667637364174172
8934,0.8767487166366063
8935,0.2612164552668237
8936,0.41342076580563225
8937,0.9648297524204233
8938,0.39131025951587833
8939,0.8512742016636377
8940,0.47095818206522
8941,0.8902761293207442
8942,0.8029425531715115
8943,0.4440532615446512
8944,0.6418627920949592
8945,0.2176109024439503
8946,0.91912715908838
8947,0.24353031839290773
8948,0.6623887280830294
8949,0.5761038780559827
8950,0.17905643737892052
8951,0.19502736764329803
8952,0.37028153562717625
8953,0.8799819287940819
8954,0.7203982568639115
8955,0.29385478956992006
8956,0.7677643788345543
8957,0.4344770493180545
8958,0.7876798448910457
8959,0.5749374836267689
8960,0.9285393241109761
8961,0.2322005093624464
8962,0.22153852569709304
8963,0.7757956131015779
8964,0.5201767524167843
8965,0.6165539848809878
8966,0.27970996877145093
8967,0.517259740112373
8968,0.690252112322496
8969,0.10837001050652789
8970,0.30089722762580334
8971,0.19512830494854488
8972,0.6866995915684672
8973,0.8871534292167769
8974,0.46315129207544725
8975,0.6393978257441757
8976,0.8716146589566063
8977,0.6916514024573713
8978,0.36045555061833556
8979,0.7995626357865138
8980,0.5450180955015939
8981,0.7541141508865972
8982,0.975738578320862
8983,0.03558166578040983
8984,0.7417227261506179
8985,0.632024242496027
8986,0.3481329212660857
8987,0.5276993080489081
8988,0.760199168849485
8989,0.6911162574696071
8990,0.3474466444133505
8991,0.6584705970425001
8992,0.8573119890641033
8993,0.582057148721765
8994,0.5292420687149558
8995,0.09407215004828653
8996,0.8425536399845492
8997,0.7305978104777627
8998,0.8525905036568981
8999,0.3053046372639903
9000,0.5543247835881531
9001,0.9527308393331734
9002,0.8282456832237916
9003,0.5059079404127006
9004,0.4790919114483994
9005,0.6505060249699387
9006,0.9219368704977747
9007,0.4811226729589844
9008,0.48221493133056853
9009,0.8288103205398978
9010,0.4801654276692758
9011,0.23045515222453491
9012,0.9657009258035597
9013,0.6955438550035362
9014,0.410224162599793
9015,0.4449788756867088
9016,0.6563044570127474
9017,0.1239989051134017
9018,0.18675158943035144
9019,0.9223004338206225
9020,0.641078733899235
9021,0.34466712970800717
9022,0.6427973829695806
9023,0.37646422554740205
9024,0.3224412132264222
9025,0.8405903041282813
9026,0.2857754124033569
9027,0.825327251086328
9028,0.5424171782611839
9029,0.8932914653010937
9030,0.18583097215888172
9031,0.6583888816807821
9032,0.5948892600911108
9033,0.07813061213240098
9034,0.40492617360135547
9035,0.11112538542293507
9036,0.8113200541121273
9037,0.6589711807588319
9038,0.8684106317434194
9039,0.20910436950599948
9040,0.42902008859782226
9041,0.7321591941226909
9042,0.39549924087302374
9043,0.5547425078047564
9044,0.8916478397031852
9045,0.7618187280005202
9046,0.5391881908282056
9047,0.22928113313080153
9048,0.5999706072040527
9049,0.3289138755184332
9050,0.46516773371265324
9051,0.6043221629896882
9052,0.40248218378914025
9053,0.9049859389826577
9054,0.39298399899117953
9055,0.43779586756134603
9056,0.43447833783185597
9057,0.760993352366875
9058,0.4710005581420136
9059,0.3981522047272343
9060,0.5438950585346166
9061,0.057178754556231184
9062,0.7453900623122159
9063,0.8332889832672878
9064,0.30478389068645073
9065,0.2723379114238849
9066,0.8101028632338858
9067,0.4641402614573492
9068,0.4601677509410751
9069,0.8952092765856732
9070,0.32871119437684837
9071,0.655878227038609
9072,0.43332349894138794
9073,0.8406065169370845
9074,0.44663803449905315
9075,0.8386159362484373
9076,0.8376528853913714
9077,0.39877830142856713
9078,0.48407528236403263
9079,0.35214657532867133
9080,0.7770707942943599
9081,0.48979326303897186
9082,0.7824363579805825
9083,0.6324450329759204
9084,0.6092584371060137
9085,0.5733509968182486
9086,0.7038637962596532
9087,0.7315680585780466
9088,0.1882562985979388
9089,0.8979966779968057
9090,0.843959621879337
9091,0.5410235517540426
9092,0.27502822528426035
9093,0.30112455873869287
9094,0.5278596398548093
9095,0.5796329804108663
9096,0.7352859371450134
9097,0.1805357967417691
9098,0.2744674408282039
9099,0.67285259960311
9100,0.9455526430448026
9101,0.3954409063575752
9102,0.16030111468878716
9103,0.857313724169708
9104,0.13070567284271212
9105,0.38526565350051284
9106,0.6245523055493829
9107,0.8729034072848867
9108,0.3819623925034358
9109,0.2957064290151524
9110,0.12344576478346629
9111,0.44613204629067493
9112,0.6536117546307958
9113,0.37161136718619936
9114,0.3406264734297256
9115,0.3174492990625898
9116,0.4596151981988
9117,0.5793553899416518
9118,0.35359689962554774
9119,0.038224684100255445
9120,0.7609659464458369
9121,0.7673000496149645
9122,0.506033520348854
9123,0.6497626285836328
9124,0.6312030296336018
9125,0.6477076467518745
9126,0.70711049622973
9127,0.2082827040622381
9128,0.11205609809793243
9129,0.5467712188393625
9130,0.5157944386967148
9131,0.904009695411308
9132,0.4539165344059081
9133,0.6185531461149899
9134,0.7605335149208919
9135,0.4968107331840827
9136,0.20812383623184363
9137,0.6856172552948403
9138,0.7942399274682883
9139,0.4483051435709391
9140,0.9035164762575362
9141,0.4971681716270966
9142,0.3639013269602204
9143,0.8332902701549038
9144,0.532778420333451
9145,0.621099960646338
9146,0.6870654255818577
9147,0.9350617825434451
9148,0.3492593890674776
9149,0.20749038752235163
9150,0.6470239141752435
9151,0.5039269779259424
9152,0.4633255159790685
9153,0.24051828819676344
9154,0.7528089314061016
9155,0.738299713902856
9156,0.43299568361917734
9157,0.33079478596580136
9158,0.5974515559390229
9159,0.6065458492729495
9160,0.28088564236377067
9161,0.8719908705209594
9162,0.6092138588326187
9163,0.09656408966246431
9164,0.8051386909486715
9165,0.43556878298750523
9166,0.672451782974299
9167,0.8373850204377584
9168,0.7225977441031298
9169,0.9802232670571848
9170,0.626183859195281
9171,0.16630970342245596
9172,0.7434892828439674
9173,0.8660467907655484
9174,0.8192184496962691
9175,0.5692964087204989
9176,0.8425947115452114
9177,0.11394990205381851
9178,0.5549807064530017
9179,0.5827401011608477
9180,0.38993286543852373
9181,0.40695639515962206
9182,0.7291894899250452
9183,0.8964871442804689
9184,0.4347766788929162
9185,0.6710210459093467
9186,0.1662298928292649
9187,0.8805408251438543
9188,0.228827966746451
9189,0.8349631425791921
9190,0.15493830619911822
9191,0.42313284749876906
9192,0.5859472106252842
9193,0.8003427153345921
9194,0.88212198760746
9195,0.299652163145211
9196,0.23296631936026257
9197,0.3972008715687767
9198,0.3516384428987837
9199,0.8465742224576195
9200,0.9298822400822503
9201,0.3785703052697285
9202,0.7090505514828573
9203,0.7337872896133805
9204,0.9318667536521807
9205,0.6430014592679714
9206,0.5237963041989282
9207,0.6816343165873971
9208,0.8252855632171627
9209,0.7458794583390377
9210,0.28411603839447325
9211,0.32205419570709515
9212,0.13880281293385993
9213,0.7387713949898205
9214,0.0840229831614655
9215,0.5936947494851036
9216,0.4685754586166801
9217,0.5282172704468759
9218,0.8232520680523402
9219,0.9536901335144369
9220,0.26485864712568075
9221,0.5482450926152452
9222,0.21737002915812173
9223,0.75808778008653
9224,0.43734409312418693
9225,0.8321982265179594
9226,0.3547551469277149
9227,0.9212890422774349
9228,0.9356250176517953
9229,0.8700777807264908
9230,0.9477041448263427
9231,0.5559090970948798
9232,0.23914988660607184
9233,0.4695009763599489
9234,0.7874943757920428
9235,0.4654976837339382
9236,0.5009157111332823
9237,0.08379249081652741
9238,0.7892753328804556
9239,0.3481782975351293
9240,0.5365109683602972
9241,0.8794455434304252
9242,0.27466106196487805
9243,0.11549642672823471
9244,0.1908196063738816
9245,0.3819584238003566
9246,0.5433588796302848
9247,0.13874086830621032
9248,0.6665322661149032
9249,0.2748101688667734
9250,0.9518237554925445
9251,0.7328585852280649
9252,0.9042472088235834
9253,0.7396851656645965
9254,0.8608646646810348
9255,0.5871870454072982
9256,0.46956804270520724
9257,0.6943253681642443
9258,0.5923505260380255
9259,0.2349379875099529
9260,0.27880596684079556
9261,0.7835516195171551
9262,0.5650360268249698
9263,0.7155432901960256
9264,0.4587389975252709
9265,0.7985541750990072
9266,0.5349597000351156
9267,0.73199025884697
9268,0.5486875943571247
9269,0.670314318973885
9270,0.9343387734124308
9271,0.3072966943440414
9272,0.6924878856098635
9273,0.41353389780487015
9274,0.6504886585310873
9275,0.5921974353684885
9276,0.7458098013312459
9277,0.43148436538562696
9278,0.602947576469256
9279,0.694473701935793
9280,0.3636488111944258
9281,0.30896527555841813
9282,0.8250411729813583
9283,0.16781297296324524
9284,0.5810260641639748
9285,0.48884286891205786
9286,0.544917635123233
9287,0.38761452083954745
9288,0.3159824931358553
9289,0.6986445225869727
9290,0.7170820177407728
9291,0.19442598296696556
9292,0.8763526877138765
9293,0.9215449618285019
9294,0.5617751449518265
9295,0.5393532528055517
9296,0.862515480003693
9297,0.6012628445696133
9298,0.4136230371754234
9299,0.7358198776339611
9300,0.23795377858675318
9301,0.3617843200768929
9302,0.11874364716618312
9303,0.7384044732857677
9304,0.12125243470654498
9305,0.49805021501966446
9306,0.6136362660672914
9307,0.22590502882310168
9308,0.2375623353191771
9309,0.7012420537449705
9310,0.7474718066481953
9311,0.7321294599209921
9312,0.8043395223885466
9313,0.5126565025916954
9314,0.5284951931463804
9315,0.815508975298772
9316,0.4775364310368691
9317,0.5452953059260515
9318,0.7500872533011185
9319,0.669518348488573
9320,0.38528879385814635
9321,0.06321407598331134
9322,0.5812846765395363
9323,0.7128357004625875
9324,0.7691229041581596
9325,0.4042063037230381
9326,0.48665352804218726
9327,0.8940228513028561
9328,0.5474263889965103
9329,0.49213774949432876
9330,0.391764800809305
9331,0.8444351842100367
9332,0.7303995974817241
9333,0.45841652717808706
9334,0.16163387863809203
9335,0.7749467092158211
9336,0.875073507075181
9337,0.90726603179783
9338,0.36678344832557025
9339,0.39853981763986623
9340,0.21250814281883504
9341,0.26595297957974806
9342,0.5815258542977424
9343,0.7658792758291931
9344,0.6189847550379585
9345,0.6642336588477465
9346,0.5170058143836836
9347,0.8889392574854003
9348,0.5348895213740448
9349,0.8089656240481555
9350,0.7675561973385103
9351,0.4336604340379204
9352,0.41977397573341446
9353,0.7774028053238399
9354,0.5310757380453086
9355,0.6490563345231054
9356,0.8434602081939931
9357,0.883295499301805
9358,0.05800125986030558
9359,0.3759783227616196
9360,0.7997648227463213
9361,0.9017475035566389
9362,0.4466989025098244
9363,0.7716762407303671
9364,0.4573164563016963
9365,0.4830154342890977
9366,0.579022254950457
9367,0.4786994726071022
9368,0.3904463406201427
9369,0.6371602919668602
9370,0.04130326600159387
9371,0.7523937756141487
9372,0.870596133818559
9373,0.5018595177290115
9374,0.4869004980880496
9375,0.8257725471449721
9376,0.2822593427484624
9377,0.5780876229729122
9378,0.5469535713210982
9379,0.4359572872412122
9380,0.2211568267813634
9381,0.4031667660070957
9382,0.6284764958429894
9383,0.3098699031229726
9384,0.8960900889047275
9385,0.21074969087971032
9386,0.5003759949120787
9387,0.1552766310695798
9388,0.4249613447274024
9389,0.2628736889234924
9390,0.5175478435948228
9391,0.7145727704601211
9392,0.1590516287958716
9393,0.894624049894371
9394,0.14109120476969433
9395,0.6326003100790126
9396,0.41662342316145456
9397,0.6922221836583875
9398,0.46020588746730573
9399,0.7884970780569917
9400,0.9148477275989417
9401,0.32994424262778266
9402,0.7440097107944407
9403,0.3233671641353387
9404,0.2733378740409759
9405,0.46795373625899483
9406,0.10566405785268634
9407,0.7606714278842402
9408,0.6138199345700535
9409,0.6481158450783263
9410,0.9458378533638115
9411,0.3901516303852032
9412,0.33514646023657996
9413,0.9618334433770583
9414,0.7677498554610523
9415,0.8380017877680981
9416,0.3389241963678765
9417,0.3080402867026473
9418,0.522385558217441
9419,0.9793809270494066
9420,0.5668621577311139
9421,0.7023367899023086
9422,0.3355381511079067
9423,0.6399207940280389
9424,0.9161484357133555
9425,0.47174451641336496
9426,0.4618309399714775
9427,0.8923626701518702
9428,0.82969016320338
9429,0.8190789467511591
9430,0.8705857640568403
9431,0.8879207337694616
9432,0.4923893702206069
9433,0.500488071121925
9434,0.8089919330177979
9435,0.1371675047470766
9436,0.6111069285849894
9437,0.7774282732867284
9438,0.49019397486652777
9439,0.5843808622330868
9440,0.4174879343144303
9441,0.8925545682937323
9442,0.21227744513418179
9443,0.4522063320654063
9444,0.23097882497374492
9445,0.46765145924564505
9446,0.6244293714834113
9447,0.6391837155170167
9448,0.6876860100116027
9449,0.03968121602046387
9450,0.82404733948534
9451,0.575655660430119
9452,0.7248799782000103
9453,0.5907343926250359
9454,0.5700855437549415
9455,0.422721029674521
9456,0.5742879383770384
9457,0.24482921563434173
9458,0.7210170031253584
9459,0.3947805399748648
9460,0.6935499307835362
9461,0.038385056716833905
9462,0.6109866245091948
9463,0.8226008749215938
9464,0.14944246248600582
9465,0.8884264923238777
9466,0.15013014090653554
9467,0.5370039465248806
9468,0.7521612356441743
9469,0.5485044108273226
9470,0.26073951841124454
9471,0.8694527297714649
9472,0.5254506701013754
9473,0.5359845813117667
9474,0.5468805333986343
9475,0.7642117046939695
9476,0.27816731329201044
9477,0.7013304867301904
9478,0.3225295873584063
9479,0.6863522803921696
9480,0.16749523397695504
9481,0.4668343592527706
9482,0.8252698767225943
9483,0.5197059907016468
9484,0.19043969973400357
9485,0.6368574572144925
9486,0.40304418646869294
9487,0.49366236839088895
9488,0.9423525524132094
9489,0.4115390509741965
9490,0.5995722548741204
9491,0.8808633487615023
9492,0.8801367868039279
9493,0.6042027047349712
9494,0.7383369719744908
9495,0.8867909826348421
9496,0.5611202948700824
9497,0.4959771483298943
9498,0.2279863473728175
9499,0.34919192195200927
9500,0.27356796841710934
9501,0.44133192948061006
9502,0.9294244131009459
9503,0.09522200437891938
9504,0.24446910453131238
9505,0.7189746671908048
9506,0.6332867890300934
9507,0.4094202768474189
9508,0.5319122118553156
9509,0.4783998688077432
9510,0.37522023668814264
9511,0.7965399872211478
9512,0.9669366821263878
9513,0.6881478387439641
9514,0.42589481697364023
9515,0.7298315690957127
9516,0.25828308343101763
9517,0.8785784295198122
9518,0.9133829428011879
9519,0.6365298222627112
9520,0.30552614402029765
9521,0.5037354258716362
9522,0.8717011491520728
9523,0.581121914861057
9524,0.9579182288363033
9525,0.5403830444476543
9526,0.6588865095871995
9527,0.8881450982642797
9528,0.1663993629586107
9529,0.05192459750940202
9530,0.7963346572164576
9531,0.6146087239470517
9532,0.9518270894391657
9533,0.38297722930702044
9534,0.4371832555121508
9535,0.1633265168699919
9536,0.6144208779702173
9537,0.6602953779985167
9538,0.7805946297557974
9539,0.34219365303517785
9540,0.7558958005281782
9541,0.4459899074196583
9542,0.29666545422473045
9543,0.7238870972973275
9544,0.8588522924597916
9545,0.16010548526275792
9546,0.3548797479754966
9547,0.5409205375895422
9548,0.7515644571526789
9549,0.6049207197355942
9550,0.3560523683082616
9551,0.9654992057840954
9552,0.39577048215903854
9553,0.42964415762085967
9554,0.48103596904013646
9555,0.7386611279636967
9556,0.5245965917558172
9557,0.5823616121231984
9558,0.7510482034912549
9559,0.7459340500003778
9560,0.4574594372639738
9561,0.7802259796671849
9562,0.4969752750579991
9563,0.2514706503907454
9564,0.7648263632622901
9565,0.06422942891682976
9566,0.7727080648820308
9567,0.4682754041774784
9568,0.7212554168014259
9569,0.7824914994056248
9570,0.9073767415136309
9571,0.6032728325202433
9572,0.18351826646756766
9573,0.36867528123786464
9574,0.3233455010441882
9575,0.7396048499752557
9576,0.9375435268781096
9577,0.5767168084694336
9578,0.6890686219631597
9579,0.556416895703359
9580,0.8158366727851483
9581,0.2593800933643614
9582,0.8708951479897498
9583,0.6076465004269644
9584,0.775677267222701
9585,0.46136887678479604
9586,0.653730561181557
9587,0.20797801093850607
9588,0.6044240004180054
9589,0.4447130562153838
9590,0.7315276476003507
9591,0.4796557004274555
9592,0.5050225850409971
9593,0.6765083156253231
9594,0.6740669120058407
9595,0.1674018001988299
9596,0.45889791880790753
9597,0.5802703294869885
9598,0.7310665550134028
9599,0.7001423461133797
9600,0.840984342701915
9601,0.5753557743715031
9602,0.6023848725439155
9603,0.5058977357019472
9604,0.3122589047803468
9605,0.8269375768360544
9606,0.3105197778786362
9607,0.8911392024434827
9608,0.7804057569556555
9609,0.6003269930447571
9610,0.15136794146527668
9611,0.9210971147881564
9612,0.4223548401045885
9613,0.7905550129908312
9614,0.6199990053263453
9615,0.45625389510669556
9616,0.6131895194988405
9617,0.8439277856755145
9618,0.9433962821049182
9619,0.37474680431564017
9620,0.07060470529597472
9621,0.7017146633670936
9622,0.2417696995701908
9623,0.8614623996708971
9624,0.7243896122153155
9625,0.8268554678804271
9626,0.579774026288658
9627,0.3358663350164974
9628,0.44658290758132824
9629,0.46438033495461956
9630,0.18215430231383095
9631,0.5234514017404042
9632,0.587968952303769
9633,0.8607022718822847
9634,0.07334286013175303
9635,0.6656114950407277
9636,0.5355919300390004
9637,0.3601715688594002
9638,0.8509508277733888
9639,0.6632464813414412
9640,0.5017160848621149
9641,0.7416240381163359
9642,0.8405824056091262
9643,0.11889188671199173
9644,0.6372580755632216
9645,0.13496805971191714
9646,0.6155122748446291
9647,0.9535874076704492
9648,0.31455448872779945
9649,0.04333769594694445
9650,0.8516293396560537
9651,0.549052689690649
9652,0.757218746230132
9653,0.7303724048945317
9654,0.8101423478217527
9655,0.3239020034759182
9656,0.7684639716332451
9657,0.457020891966974
9658,0.5669505995092027
9659,0.4505747436059908
9660,0.7687053838444329
9661,0.1827982274383753
9662,0.8501031157696893
9663,0.3857330786814157
9664,0.8128783148793953
9665,0.7610831227286583
9666,0.5077394981445136
9667,0.2162916965694517
9668,0.7575600936542236
9669,0.5629206797774472
9670,0.9287268533211409
9671,0.7109704639251111
9672,0.4934371120084928
9673,0.805246622479431
9674,0.7248303445453961
9675,0.6435198671845278
9676,0.7986073380041434
9677,0.2377690421570235
9678,0.5085558797741238
9679,0.7618741271881525
9680,0.48173005632774213
9681,0.5756835769716621
9682,0.6638682914191941
9683,0.41464637403560334
9684,0.21256135506240217
9685,0.14195483126583588
9686,0.3062663267279774
9687,0.6041342826054783
9688,0.7474254265988662
9689,0.9471135465711866
9690,0.7845842569302534
9691,0.7980850601103426
9692,0.883660386213287
9693,0.6502963984263544
9694,0.8201685476737729
9695,0.8556196557338538
9696,0.9375800775940528
9697,0.7254746860428918
9698,0.24553009334388856
9699,0.444628722113458
9700,0.7106203324768852
9701,0.9052771596795788
9702,0.1850952798390564
9703,0.9042343360787727
9704,0.5100368326747559
9705,0.808270879421205
9706,0.43634091809066944
9707,0.3012919476670734
9708,0.18094333545920713
9709,0.3640587333839569
9710,0.7663710965668327
9711,0.6650494969115224
9712,0.5517509215515467
9713,0.8070576907247328
9714,0.5002445767073438
9715,0.6076164041186101
9716,0.576954192930548
9717,0.7465534731328091
9718,0.9329182094723013
9719,0.1879587875976878
9720,0.5935701504922288
9721,0.25973174658705733
9722,0.3197111588928088
9723,0.645372141753414
9724,0.24361127222392875
9725,0.9373058736874401
9726,0.8696093558640854
9727,0.81400377237394
9728,0.12112217694137324
9729,0.18579648839671745
9730,0.8387871275155651
9731,0.33828866437648336
9732,0.2222553205071811
9733,0.7688502962364849
9734,0.34451280200429485
9735,0.6934004520771612
9736,0.12535047974631913
9737,0.5043272704385214
9738,0.5747751174376943
9739,0.557808682248735
9740,0.14026617063552252
9741,0.51739192377987
9742,0.0956112147439384
9743,0.776398327021124
9744,0.21735690761362902
9745,0.42357696917908805
9746,0.9571837724233502
9747,0.7242557326208106
9748,0.8413460351709285
9749,0.8794187231595079
9750,0.5697085531861649
9751,0.8005056319578859
9752,0.7660188670993803
9753,0.15487553729454798
9754,0.24453275640397648
9755,0.8541714284435593
9756,0.745961985856887
9757,0.49878703465994584
9758,0.0936222177144592
9759,0.6675246879463745
9760,0.6880084734018188
9761,0.837007172384565
9762,0.4138798318457
9763,0.7986734642783642
9764,0.7132154778395119
9765,0.8003240542634051
9766,0.8729639766753526
9767,0.23230173574762714
9768,0.4322852758131615
9769,0.5370045479119089
9770,0.5468762647175283
9771,0.3910684072891177
9772,0.9149960995993309
9773,0.5598990095042626
9774,0.5251485469054229
9775,0.6348227747622914
9776,0.7797199725839624
9777,0.29248497797922157
9778,0.6355416912460216
9779,0.1837323737249522
9780,0.9688751438839461
9781,0.8257324148903471
9782,0.9583780047345335
9783,0.7387047301530151
9784,0.6591331822133368
9785,0.31461750737914157
9786,0.36829801670356205
9787,0.49936181554244713
9788,0.14430004221006631
9789,0.4065085105616058
9790,0.677929085986831
9791,0.6316072584543633
9792,0.6776407398304999
9793,0.5044320873255916
9794,0.43333399135760564
9795,0.5815174897622479
9796,0.5965854062997331
9797,0.7282538608731229
9798,0.32736917524136605
9799,0.5789260512040979
9800,0.7460716482611565
9801,0.6104372986198663
9802,0.7813050272180372
9803,0.637391054272248
9804,0.7774399383169088
9805,0.3259125414862336
9806,0.313821163697738
9807,0.9381491394542787
9808,0.47846250418427244
9809,0.8582253300091042
9810,0.3862690771204122
9811,0.08658408714665514
9812,0.7581319195189833
9813,0.20371485323697044
9814,0.627225905375314
9815,0.7213988132799783
9816,0.8198285539637263
9817,0.2544444414724742
9818,0.8317263713247594
9819,0.3070819233755337
9820,0.1504987596084646
9821,0.3489921546636228
9822,0.13190559369553662
9823,0.5771834255099096
9824,0.9514003420903326
9825,0.5127889235813129
9826,0.5270349846057971
9827,0.8077936664168969
9828,0.6705904811961647
9829,0.0825747823693345
9830,0.7308206517946458
9831,0.8523332633608637
9832,0.8004046453206672
9833,0.8445744545311817
9834,0.8458008960258471
9835,0.5865440852602181
9836,0.1378802254801306
9837,0.24092345317550906
9838,0.4300651115944569
9839,0.3655252321731133
9840,0.9031374322973758
9841,0.7900122273820153
9842,0.8691140442892368
9843,0.20595201252029627
9844,0.24280838673779137
9845,0.5356619706590919
9846,0.5418277234423917
9847,0.7073476334283039
9848,0.9084870826782113
9849,0.8088935051794749
9850,0.9233524691183226
9851,0.16877272281820205
9852,0.9069051956756969
9853,0.7417759773446194
9854,0.37925459412815465
9855,0.5419300034369592
9856,0.3016966883198162
9857,0.6641177936289696
9858,0.6601519688325966
9859,0.3676173823354011
9860,0.7483653145633811
9861,0.7096968218781591
9862,0.5367500399062172
9863,0.43538683211170576
9864,0.8534021923096644
9865,0.6745929114650722
9866,0.8923976252714647
9867,0.3480688764636013
9868,0.3062888618262063
9869,0.8823264199256561
9870,0.39641792048895624
9871,0.611651951751807
9872,0.49986071652813124
9873,0.2298573955786118
9874,0.4999217019353225
9875,0.49989252555811364
9876,0.852512577702546
9877,0.6045260084215662
9878,0.22507049751689684
9879,0.5553070592301134
9880,0.8576793239378248
9881,0.30802715728972885
9882,0.5382328741722439
9883,0.39670092577204336
9884,0.5777780976621937
9885,0.821045842118317
9886,0.5693008098542932
9887,0.35748244672350177
9888,0.677997733791783
9889,0.27686771724830866
9890,0.4374775252846361
9891,0.773867880789942
9892,0.9444641881517013
9893,0.6319233041615548
9894,0.38987615965320405
9895,0.4883850371153763
9896,0.6154112236552611
9897,0.710282415512062
9898,0.8986395692064694
9899,0.5402668550002835
9900,0.057823277248376125
9901,0.9521834556780778
9902,0.4396639562501122
9903,0.5132428036161009
9904,0.6723441331011624
9905,0.9046335078690698
9906,0.37576998930227584
9907,0.29860416707430903
9908,0.5967790101774284
9909,0.32357766428997486
9910,0.15986611568298356
9911,0.8294599271362132
9912,0.3935248496395008
9913,0.9350791552606125
9914,0.8793553617999021
9915,0.9039359017481082
9916,0.8100794517914158
9917,0.33787623158236324
9918,0.8253717442163463
9919,0.8515719050353046
9920,0.2982520769212131
9921,0.8103904994081683
9922,0.12226323759294722
9923,0.2573040150383438
9924,0.6666347174854688
9925,0.14008648407230143
9926,0.3231864529527877
9927,0.5105799114518277
9928,0.8872249984953521
9929,0.3447781727272568
9930,0.7972541549227565
9931,0.7367810055037316
9932,0.8208212748702278
9933,0.5206814264958894
9934,0.3283231112912255
9935,0.8155144547186285
9936,0.4393647727341111
9937,0.6839727704450742
9938,0.4697606367692594
9939,0.6944785310111117
9940,0.2761195144456058
9941,0.8624252331517511
9942,0.624365380531512
9943,0.7821717321042715
9944,0.6522215166008415
9945,0.8029917627604058
9946,0.6487151213441331
9947,0.4212402391831099
9948,0.33605797901506596
9949,0.5488074224323226
9950,0.27955083660332897
9951,0.4263847058101025
9952,0.7270463652932296
9953,0.2912912020866667
9954,0.7609886202377651
9955,0.7689031576058857
9956,0.6721167642073453
9957,0.7854476624289715
9958,0.3262795546300365
9959,0.5712807699602906
9960,0.31531842713189434
9961,0.6578607577790336
9962,0.7734921659617461
9963,0.5322548101034826
9964,0.1656836607337176
9965,0.4583224212859573
9966,0.4945779909469274
9967,0.4357007741779757
9968,0.2747598564167499
9969,0.14233313886367602
9970,0.13613553836207654
9971,0.8847442041403625
9972,0.6968361119164537
9973,0.580937502456375
9974,0.5812199823807656
9975,0.1666090490714151
9976,0.8823699471364913
9977,0.5097000366681814
9978,0.43955503741447427
9979,0.6624284160111874
9980,0.567204182659836
9981,0.3925495267811419
9982,0.4411962773055133
9983,0.7755907978262849
9984,0.8473715418279419
9985,0.23874364719702262
9986,0.4617055792996216
9987,0.3335052871171103
9988,0.4161335822640167
9989,0.5476198035250905
9990,0.4909756703952508
9991,0.8630218811022845
9992,0.42283641981851056
9993,0.13372051746685856
9994,0.3931605352677879
9995,0.7668601682123307
9996,0.43520375697908453
9997,0.867154325043108
9998,0.09675982789393288
9999,0.8301039607461074
10000,0.9122929240422387
10001,0.6623804020971958
10002,0.4006061821101002
10003,0.47329802857631836
10004,0.5066447210052726
10005,0.5004524686061496
10006,0.652765054975856
10007,0.8237137525070684
10008,0.4166775916670212
10009,0.634789072567162
10010,0.051688410001928704
10011,0.3436599197803148
10012,0.8142309614715644
10013,0.5749949292705547
10014,0.6664804776672555
10015,0.3732127383418205
10016,0.6457654199478466
10017,0.7658984411470313
10018,0.6530783937530956
10019,0.4047956906859008
10020,0.18803576107459452
10021,0.46040135259208925
10022,0.8466660302672513
10023,0.5489062152149006
10024,0.7043261023755618
10025,0.5380082428219204
10026,0.1026491525259303
10027,0.5834858117070283
10028,0.5519603735278716
10029,0.5053841068245085
10030,0.2616920837216339
10031,0.6424992655615787
10032,0.500681545991767
10033,0.6496251053627468
10034,0.5696201401492272
10035,0.36448997890400625
10036,0.6356960501773874
10037,0.505450298112203
10038,0.669198299110139
10039,0.1582012475379368
10040,0.9510503237033385
10041,0.5136329764939036
10042,0.5188656724703292
10043,0.3023367193850127
10044,0.802889427951837
10045,0.15124688388014418
10046,0.5694222830389163
10047,0.8760703982191717
10048,0.1861718121012956
10049,0.04872658820594686
10050,0.5815259773642866
10051,0.872207669985472
10052,0.27504349771771436
10053,0.6309120961165731
10054,0.1177529765538612
10055,0.5123783189987886
10056,0.29350271810314454
10057,0.35415074867586666
10058,0.7194480762993595
10059,0.48742141684798596
10060,0.6468469433159085
10061,0.28135030001471284
10062,0.9167714123545369
10063,0.7174938805796506
10064,0.45527563753736416
10065,0.5769242846148092
10066,0.7808256417708375
10067,0.08474715987569396
10068,0.08734746461116454
10069,0.4092299739292635
10070,0.4534507385100745
10071,0.7615312937775494
10072,0.4787161438845927
10073,0.6762449004684069
10074,0.9199844584250952
10075,0.9048368402940621
10076,0.8617312381158034
10077,0.11281827755101603
10078,0.3740179767862854
10079,0.5305529773180218
10080,0.43153890259688954
10081,0.48422024246359385
10082,0.43062451643109834
10083,0.7107596629735526
10084,0.48221858284801056
10085,0.8713834046617424
10086,0.826447178551647
10087,0.4829968221820308
10088,0.9201347925908855
10089,0.2062528866264034
10090,0.20958966373757143
10091,0.12107439126857188
10092,0.6692800715880557
10093,0.21385445501419656
10094,0.4239120953058606
10095,0.9576417070557192
10096,0.6606631966177138
10097,0.6872935855634756
10098,0.6876123652190655
10099,0.7578864504990862
10100,0.8319736716325477
10101,0.8545750277998461
10102,0.6663103516689332
10103,0.7066178549184106
10104,0.44023094507135274
10105,0.2986229417999587
10106,0.819467473240618
10107,0.19534065940272596
10108,0.33958646152345684
10109,0.5707898252745293
10110,0.5703298255177626
10111,0.8543462994861548
10112,0.8863417852069515
10113,0.47085391060628606
10114,0.7281684301388923
10115,0.7614186024712226
10116,0.9174470685692464
10117,0.81528434728989
10118,0.7394371475413835
10119,0.9048271769599178
10120,0.7715667178992424
10121,0.8472503826471366
10122,0.8786795883347457
10123,0.31430398059404646
10124,0.819338579077954
10125,0.340667816872443
10126,0.8154962081305889
10127,0.4762047038415175
10128,0.08817334033280533
10129,0.13651599360164846
10130,0.48201720825583144
10131,0.9193379284194091
10132,0.5048239788078055
10133,0.691087218537312
10134,0.07780977248742971
10135,0.9762122022652205
10136,0.7967511610920096
10137,0.152682145787082
10138,0.8223729484767789
10139,0.5872774755815948
10140,0.8816133025262776
10141,0.7289474668881327
10142,0.5158174568053373
10143,0.6840266971702506
10144,0.2232545602153608
10145,0.14126037158317012
10146,0.786909550834108
10147,0.2493941278453818
10148,0.7945802455763086
10149,0.7537502828025411
10150,0.5463828769101836
10151,0.7112497330796181
10152,0.8308571427260075
10153,0.8435491486546315
10154,0.5265031897522692
10155,0.6916447099148988
10156,0.8872088966686799
10157,0.5426591145454348
10158,0.11293955767861456
10159,0.9549107018418753
10160,0.08798932236772548
10161,0.26088666446358894
10162,0.7425107335522626
10163,0.7277562733916292
10164,0.38053824214998716
10165,0.5019224139696511
10166,0.7318731409428588
10167,0.527286928650644
10168,0.3455083619263892
10169,0.19922926825620504
10170,0.9599629674371288
10171,0.7193191444627043
10172,0.7159331039739332
10173,0.8421399926882975
10174,0.4382197712214911
10175,0.4223160186498309
10176,0.0438486501693871
10177,0.6289969503952583
10178,0.6855300722439991
10179,0.34447634288253004
10180,0.2492432469320084
10181,0.38292831355501594
10182,0.7013919199021773
10183,0.9493561966196891
10184,0.6974693926639253
10185,0.27053220343012063
10186,0.7451774381986543
10187,0.8094652406708105
10188,0.3647881588556841
10189,0.6851503501157147
10190,0.4431474494128331
10191,0.33048281267292906
10192,0.7355443550954365
10193,0.7753554162998945
10194,0.9364512441504786
10195,0.3286321284529323
10196,0.8563636833388683
10197,0.6720543310582053
10198,0.5379458377295036
10199,0.6696797288434019
10200,0.6146700334425095
10201,0.5633412139304526
10202,0.6974692668761011
10203,0.5005389748540241
10204,0.09020644856484847
10205,0.6794491132199791
10206,0.9538431759095116
10207,0.6520086334109298
10208,0.4741427282996525
10209,0.16959659968316831
10210,0.7131058098626943
10211,0.17898487014778214
10212,0.6590840677970873
10213,0.9342751880957482
10214,0.5743646725984631
10215,0.45426666429724555
10216,0.7781897758431128
10217,0.34822963818814023
10218,0.8361517277078785
10219,0.10160780539771946
10220,0.1509548357183742
10221,0.07627897575158192
10222,0.5985939696800479
10223,0.8552192247370912
10224,0.8081762672301315
10225,0.63782725204851
10226,0.3651569762756437
10227,0.4424187068100432
10228,0.8562458501822682
10229,0.8152737524674412
10230,0.16551825074256246
10231,0.6847823501567638
10232,0.5255210615800995
10233,0.38891927670771465
10234,0.6983427336963832
10235,0.6907684365582192
10236,0.7251939253816997
10237,0.06261567166402067
10238,0.9040127544593706
10239,0.4622853105953973
10240,0.6001790356428357
10241,0.49504421418146394
10242,0.7315726281147934
10243,0.4827406169863185
10244,0.540710842380627
10245,0.2981152915155098
10246,0.09730123762212786
10247,0.6301057759805144
10248,0.6619155925325767
10249,0.4463428828588145
10250,0.85206511983931
10251,0.5018042182336843
10252,0.8055777356789183
10253,0.7642149624255193
10254,0.7018426446822361
10255,0.3452081381872248
10256,0.3260396354756099
10257,0.7106426078835049
10258,0.5954505140226152
10259,0.4088673360916248
10260,0.48275391963843556
10261,0.8897467155337125
10262,0.20062706850280868
10263,0.5265342483745149
10264,0.5696523278315562
10265,0.9596167089748653
10266,0.4979469377677079
10267,0.947646874214051
10268,0.4721905128784795
10269,0.6938512472015335
10270,0.4989981726872765
10271,0.9675646307559873
10272,0.17514778368208453
10273,0.7845428951329333
10274,0.7499702871659614
10275,0.11774246513894426
10276,0.654130036927835
10277,0.37927510894278027
10278,0.7076978979175864
10279,0.6425381159667408
10280,0.7345566292485993
10281,0.0391796409501369
10282,0.7877395246867493
10283,0.715566604727351
10284,0.719107003331461
10285,0.7014091558321857
10286,0.06471617663307724
10287,0.11333997680820171
10288,0.8586087141416081
10289,0.5837306879588041
10290,0.823227988015882
10291,0.7495088216392912
10292,0.82964848921054
10293,0.7273755972150555
10294,0.18147073772562022
10295,0.6258092381740898
10296,0.9170028737798733
10297,0.32602252502562934
10298,0.6146895763509501
10299,0.14890678198382665
10300,0.6653916934061046
10301,0.8861629412979922
10302,0.8981308701766979
10303,0.9189542879663873
10304,0.7177770562653506
10305,0.9402809190198352
10306,0.6330451586473571
10307,0.6967195673008174
10308,0.26729867402051194
10309,0.18645704641607
10310,0.3836110871988454
10311,0.2526215230103273
10312,0.8834406685572145
10313,0.8140054633099656
10314,0.7493630210018117
10315,0.787816974558954
10316,0.5772865820288677
10317,0.15974934298000182
10318,0.5574445926730921
10319,0.10973084098786245
10320,0.7781405922716301
10321,0.32173986388944215
10322,0.6131585443773736
10323,0.16656319485662935
10324,0.5955041643764859
10325,0.4937592228597718
10326,0.4526674678810946
10327,0.8013368971557585
10328,0.5411873205060681
10329,0.18863328317076672
10330,0.4878881390058044
10331,0.7329677466391351
10332,0.8028373389582215
10333,0.5579983860568755
10334,0.900186461702997
10335,0.4294794280580591
10336,0.3280535677392848
10337,0.3204089566102429
10338,0.5548440454630993
10339,0.21061200956536252
10340,0.6434744978963376
10341,0.3082160960283607
10342,0.5949189124761222
10343,0.21567004849847562
10344,0.9719495681303556
10345,0.2876316026742182
10346,0.8926978987183539
10347,0.7963948422755802
10348,0.5640174605487276
10349,0.6633917433956638
10350,0.7105803106574736
10351,0.39907411060402403
10352,0.878094230020387
10353,0.33094023652313226
10354,0.5701661559895014
10355,0.7039768014540846
10356,0.8183505658537943
10357,0.6289399429146257
10358,0.647168341456686
10359,0.610865727907254
10360,0.31296093990849305
10361,0.4656006191627744
10362,0.8460020670664784
10363,0.08908652099475364
10364,0.6403751257222008
10365,0.19160285392503829
10366,0.41341920483018585
10367,0.523334958306413
10368,0.30571510666800095
10369,0.3386767634478232
10370,0.7178808456176454
10371,0.6561030256861946
10372,0.08335858341567719
10373,0.4626852670923309
10374,0.7287356137704455
10375,0.952938305905244
10376,0.9292422655485509
10377,0.117109879496641
10378,0.7783448969406608
10379,0.6609745258868622
10380,0.765113567363042
10381,0.22824786833733357
10382,0.8272984739666784
10383,0.5873630487906524
10384,0.4652888260496267
10385,0.8424845426916181
10386,0.6431840655034928
10387,0.7955710730797242
10388,0.7987299456469648
10389,0.5325407212753951
10390,0.5744415817191281
10391,0.7730868439420165
10392,0.6825810689844657
10393,0.26578131493353535
10394,0.5696131694198379
10395,0.19309333589218738
10396,0.2938768958264416
10397,0.5929228481987495
10398,0.4207256604864401
10399,0.2687404500765864
10400,0.7264812606356862
10401,0.47628007167380515
10402,0.3249017732632821
10403,0.6713619281580135
10404,0.9690729811581946
10405,0.115484748849146
10406,0.4287438870097157
10407,0.4639142239958303
10408,0.38580602075339704
10409,0.8171064794549228
10410,0.06423050692541854
10411,0.6525221662927179
10412,0.2562613095328927
10413,0.7347583114658389
10414,0.38087445671386533
10415,0.41076368805475477
10416,0.19883883442279066
10417,0.9082460224636162
10418,0.8532760156156277
10419,0.2669624687759518
10420,0.799188493711253
10421,0.24513031677636032
10422,0.9512413980733344
10423,0.7723466641978789
10424,0.6532809964660654
10425,0.671837580733399
10426,0.5505555363924047
10427,0.8982834982256638
10428,0.8464674918821058
10429,0.18323474845793936
10430,0.9644050034271638
10431,0.45798106170483405
10432,0.2634373216979407
10433,0.8838857025583258
10434,0.9161636773185574
10435,0.4192491230044339
10436,0.41264115533779056
10437,0.6809301922505959
10438,0.653920568706334
10439,0.6891460864840886
10440,0.24409136892898764
10441,0.7598519367894385
10442,0.6296336139216893
10443,0.9040462789996385
10444,0.42731831807153486
10445,0.14666470688564306
10446,0.7946189433713613
10447,0.4530238615130982
10448,0.701351778117572
10449,0.18385370025693515
10450,0.20540005588654
10451,0.6705881523159055
10452,0.3804694666013732
10453,0.17722258679469244
10454,0.47320914503352113
10455,0.8503285308451107
10456,0.5494490953619
10457,0.34550739536860986
10458,0.5531355367372865
10459,0.258700198881049
10460,0.730591202494478
10461,0.5795514879496179
10462,0.10126999209127029
10463,0.4057269521738396
10464,0.6384219510792728
10465,0.8065929813287168
10466,0.41034063438129853
10467,0.8269781914036715
10468,0.7029656277453113
10469,0.5805186150289767
10470,0.30667637480088167
10471,0.13818597855427173
10472,0.8273066532476336
10473,0.4449662644700805
10474,0.5966449004859129
10475,0.8108704301164461
10476,0.7017271028312478
10477,0.3644935477037404
10478,0.5866499924034628
10479,0.9004465831431604
10480,0.6682297110985214
10481,0.39180001560962113
10482,0.8663441071446539
10483,0.6929658231608152
10484,0.0634651890444322
10485,0.780654539059181
10486,0.4456315177311796
10487,0.6950750923072692
10488,0.5939732640664183
10489,0.40749003789832483
10490,0.6565592600220995
10491,0.6939780342666898
10492,0.1155351124499306
10493,0.2995859849809881
10494,0.22306223025565625
10495,0.5004632215191316
10496,0.12290700634591595
10497,0.8089102146699506
10498,0.9232584375232411
10499,0.21286066557958658
10500,0.6247424133439181
10501,0.5037930624094512
10502,0.4815235607220225
10503,0.7765963924502192
10504,0.6586187428702712
10505,0.1850966186227479
10506,0.7719643043388298
10507,0.8899486314883279
10508,0.6752999650092828
10509,0.9091322957793113
10510,0.9200481560393283
10511,0.41151684156288476
10512,0.44993746950179386
10513,0.42606838567255434
10514,0.7457634025465254
10515,0.6414875054011085
10516,0.8070537722599433
10517,0.4965637240748323
10518,0.6761742633339353
10519,0.18928401855426627
10520,0.8475789843618352
10521,0.20745804456815214
10522,0.8396327366176088
10523,0.2908092597006872
10524,0.4348144944739385
10525,0.14145872818387695
10526,0.8121194038702381
10527,0.3107899586856752
10528,0.44947413037334194
10529,0.5728876846747185
10530,0.22784243499516776
10531,0.5952641090020575
10532,0.6866857557943484
10533,0.8251487339433107
10534,0.7627386912221119
10535,0.9423887661665317
10536,0.7675641799613518
10537,0.5817345722764692
10538,0.587511992637969
10539,0.19558362579814104
10540,0.6783633375474558
10541,0.2827211381071234
10542,0.2867829610775715
10543,0.28704266172660237
10544,0.647107488020305
10545,0.3671818752593279
10546,0.4445826891678033
10547,0.3161190626146994
10548,0.5894878347932484
10549,0.2330217736643847
10550,0.45765904190168444
10551,0.4134275346092063
10552,0.23071427361213864
10553,0.5197597289467437
10554,0.547678128628663
10555,0.24362425938455873
10556,0.34388336045705764
10557,0.6502214507481024
10558,0.6071191774026513
10559,0.5510155338727094
10560,0.3186296151115043
10561,0.4838546023388018
10562,0.6964803726391857
10563,0.4401130668912629
10564,0.5683974244747612
10565,0.16556968427931087
10566,0.7669332176192579
10567,0.8082835774723771
10568,0.33601024869121965
10569,0.7416318352747765
10570,0.6746631366817841
10571,0.43225767831607625
10572,0.3047611401197012
10573,0.23785222613285711
10574,0.6825758361607966
10575,0.3629037606958758
10576,0.96141782953429
10577,0.582602863214638
10578,0.9587909396261559
10579,0.6758548196316352
10580,0.15955821420089114
10581,0.7738780340545746
10582,0.21086478092893057
10583,0.4729400917672745
10584,0.8363134394424055
10585,0.8334216613025567
10586,0.465099684396886
10587,0.6342038244193776
10588,0.6678064026253847
10589,0.39367580659213164
10590,0.8322721092981867
10591,0.7514415380796465
10592,0.8230257612942061
10593,0.7448460765988781
10594,0.8734052164182229
10595,0.5421005797817973
10596,0.6522101582925993
10597,0.7742042818999054
10598,0.7880716240905492
10599,0.1130806982342121
10600,0.6103627614534567
10601,0.3773236313001484
10602,0.5975892585139625
10603,0.6938621257269779
10604,0.642370136771132
10605,0.34880793827383116
10606,0.16880395544143234
10607,0.17443288847384825
10608,0.8168183053666738
10609,0.1164528368451246
10610,0.3040029593989897
10611,0.9133138017761244
10612,0.4593966772153255
10613,0.3097005482418123
10614,0.6649458579174367
10615,0.876023180386139
10616,0.640293932332775
10617,0.6337029023274643
10618,0.7962908172147287
10619,0.5457789715059201
10620,0.6326749652326134
10621,0.2457626964985515
10622,0.8651981665605954
10623,0.9039508779053668
10624,0.9621072682563097
10625,0.8610193293300735
10626,0.6836758734357283
10627,0.4742971392376781
10628,0.013209105936579235
10629,0.8877141097820223
10630,0.24442262219787822
10631,0.7089091457726722
10632,0.8635754829468633
10633,0.377758917976878
10634,0.4507528717193321
10635,0.882437574703819
10636,0.24634687290268165
10637,0.5201195536790582
10638,0.35564143087104294
10639,0.39448007120214734
10640,0.035455328082529776
10641,0.7724396315162053
10642,0.4756205698698284
10643,0.853403925621031
10644,0.5442679693084898
10645,0.8615012885695487
10646,0.49239717914600545
10647,0.8184841086354986
10648,0.4499840038680986
10649,0.6053012239783694
10650,0.7159614234687827
10651,0.5755059451826051
10652,0.691466996876534
10653,0.6103925316052031
10654,0.21751099213077393
10655,0.8144976466492381
10656,0.7959328208551603
10657,0.6536933786099646
10658,0.5415158416682022
10659,0.6242891240882081
10660,0.5939098817462574
10661,0.9111095063252009
10662,0.47775141582701625
10663,0.8135952672268894
10664,0.45307530488880626
10665,0.8130214097945555
10666,0.6050554569624875
10667,0.05451488942586416
10668,0.9224619052818909
10669,0.8501284054891614
10670,0.10753897384202857
10671,0.686980929007499
10672,0.30126949181666257
10673,0.46072582028504977
10674,0.7401834493592451
10675,0.5596599778398808
10676,0.1290093577766897
10677,0.9382920593860643
10678,0.7673479684212379
10679,0.3820645756883152
10680,0.8975808588863109
10681,0.43044351825258204
10682,0.24957027821624758
10683,0.20560841011625547
10684,0.27114929639595703
10685,0.480938424063418
10686,0.6125295649163267
10687,0.39486081230502873
10688,0.3384427253293775
10689,0.7477423600734782
10690,0.5078932202192371
10691,0.4999614050744534
10692,0.14491582204687892
10693,0.3163100488215167
10694,0.4795794451445918
10695,0.7314431239799236
10696,0.9148224587118182
10697,0.8216655071704985
10698,0.21279585571951293
10699,0.2470952320469438
10700,0.7128405597254853
10701,0.7926575252332067
10702,0.6713641905811957
10703,0.9496314699100752
10704,0.7657589659180151
10705,0.966569544121109
10706,0.8874030140968269
10707,0.04637987070302531
10708,0.41248549274663554
10709,0.5433326559397724
10710,0.771559119266085
10711,0.5586860951374254
10712,0.48803197883270905
10713,0.15499702874052576
10714,0.40680631908015524
10715,0.6434775675584071
10716,0.5260408012186323
10717,0.6044852248365937
10718,0.35827648480704666
10719,0.8773598861636651
10720,0.6888888507942902
10721,0.5524653795423249
10722,0.9304965964127841
10723,0.8693653010110622
10724,0.24593479185181832
10725,0.4834064903293214
10726,0.7897590931775987
10727,0.1489062925686423
10728,0.4522210867829537
10729,0.7958106164898436
10730,0.6459551580822733
10731,0.658427727373455
10732,0.15710702396851267
10733,0.5722712905463415
10734,0.8759998260136103
10735,0.4372811463716367
10736,0.43744216863595836
10737,0.5120910330272362
10738,0.488479867322156
10739,0.7007887001101737
10740,0.5730040836770516
10741,0.46308337995161425
10742,0.37186631712465307
10743,0.8384063424579643
10744,0.41243014058864297
10745,0.9559406105960937
10746,0.7760135731576026
10747,0.4685580085786607
10748,0.34169227987026624
10749,0.6611894424144047
10750,0.5971073928942812
10751,0.9228908879905406
10752,0.8870947180732346
10753,0.6846290634459002
10754,0.6962842504622767
10755,0.12898112404277562
10756,0.7518660094877395
10757,0.7670716513952655
10758,0.7086962445341602
10759,0.32817310951737616
10760,0.2704512082860802
10761,0.12048267941056591
10762,0.8306077144793719
10763,0.6330204483554924
10764,0.7830021498994894
10765,0.41088376541209026
10766,0.4279213973527498
10767,0.566007448721228
10768,0.2170461045022786
10769,0.5730570993572566
10770,0.6011484625141355
10771,0.9238086103860038
10772,0.27384263353011523
10773,0.5651144024746496
10774,0.370085964169888
10775,0.9035151707403449
10776,0.7841595264512473
10777,0.8609558893008395
10778,0.35717785783648237
10779,0.351153543082464
10780,0.5234005394270058
10781,0.6916759563370283
10782,0.2673181486000933
10783,0.8248545857376438
10784,0.7392484677222949
10785,0.20296697762644994
10786,0.9247818872855954
10787,0.4708190003261584
10788,0.8170772299306588
10789,0.34556717474405757
10790,0.5867474577070413
10791,0.154000268218239
10792,0.35134285973556334
10793,0.8029974821332161
10794,0.34565902214177935
10795,0.4889816691914606
10796,0.7576598558205437
10797,0.26415313251292705
10798,0.5650327116028309
10799,0.7406071445564011
10800,0.7822462184604565
10801,0.2564504662035515
10802,0.28615294609373854
10803,0.44096818707323604
10804,0.7488469727096483
10805,0.4802528967510045
10806,0.4649997590975552
10807,0.972677604262787
10808,0.9422502735072765
10809,0.6711277788196367
10810,0.9035447664363928
10811,0.6052354929563056
10812,0.5900776104765365
10813,0.17140871178553807
10814,0.785838273960388
10815,0.6165009404697384
10816,0.7454758700416122
10817,0.4641403994652744
10818,0.4858874094682169
10819,0.6944506455614565
10820,0.969427079339322
10821,0.24702414056588645
10822,0.6896438519043253
10823,0.5571337858715827
10824,0.6596616013283317
10825,0.5896995503493883
10826,0.8080844915742206
10827,0.6822156273839091
10828,0.7933404282183455
10829,0.32360371242690167
10830,0.5328987484717822
10831,0.7707774711830816
10832,0.07777931070243367
10833,0.9199112733504538
10834,0.712572189642585
10835,0.690831753086753
10836,0.9131079860842447
10837,0.5440666924532565
10838,0.5535754326366837
10839,0.7874340524035051
10840,0.43722189670151546
10841,0.7362890679830987
10842,0.24707493680451262
10843,0.4772592350070276
10844,0.834566626856806
10845,0.60922379907374
10846,0.5283477560321762
10847,0.3575730898737392
10848,0.45814019552606244
10849,0.5589699058050741
10850,0.6128792963611259
10851,0.9674715449973011
10852,0.44538227304649736
10853,0.9322043364344197
10854,0.42802755918281693
10855,0.04018762867265037
10856,0.6166939386310358
10857,0.43754457760308524
10858,0.4440111206913279
10859,0.7329208627197068
10860,0.7668647761228231
10861,0.30637652893068756
10862,0.06904045189752846
10863,0.9874742465017208
10864,0.8728031536382472
10865,0.23110259126033364
10866,0.8630353548405194
10867,0.3359415856156812
10868,0.42338391460767677
10869,0.4941956772424636
10870,0.8507695057443517
10871,0.5369928367509427
10872,0.6656315005450889
10873,0.22970680960364512
10874,0.6388793656297134
10875,0.6663778519295329
10876,0.2385051182193497
10877,0.4316880386214692
10878,0.8535505263818455
10879,0.9219350266177858
10880,0.24505534215374455
10881,0.36144362618136894
10882,0.6320862515428777
10883,0.8348419504230712
10884,0.9594335061742784
10885,0.9696877854327578
10886,0.758651216603593
10887,0.38251002416617524
10888,0.3986307016507706
10889,0.19817678351222384
10890,0.7191213394527867
10891,0.8070924620108566
10892,0.31287113754789825
10893,0.7303422994046093
10894,0.2744110984101659
10895,0.5245232244867439
10896,0.3317330279405561
10897,0.9619861149894772
10898,0.7946123861516807
10899,0.5785515385720382
10900,0.5138941016150149
10901,0.29078007172032494
10902,0.43653980194231584
10903,0.31533446098069096
10904,0.9012390800056184
10905,0.9150884263200716
10906,0.9122179226071833
10907,0.7073912477337818
10908,0.3922028471158042
10909,0.11062513155231243
10910,0.1886635394174328
10911,0.8578716548920674
10912,0.26803716238272773
10913,0.7451801151411548
10914,0.7606424545131574
10915,0.35581580876902635
10916,0.3288156983142947
10917,0.18963767264479553
10918,0.9780036586191871
10919,0.058272408162714985
10920,0.2564127838340577
10921,0.8713415396112364
10922,0.568094028179171
10923,0.9703800755828127
10924,0.10221920651479308
10925,0.7412944277650722
10926,0.791408429452638
10927,0.55143644589134
10928,0.5888269930199361
10929,0.7497752516946241
10930,0.43582210049217
10931,0.8437920358219259
10932,0.8220461062971418
10933,0.735656439972873
10934,0.6334693677889508
10935,0.052601252145447135
10936,0.7392613105683067
10937,0.5743788200019836
10938,0.7486912902905403
10939,0.4224090893326281
10940,0.23992962531955211
10941,0.9797135941114283
10942,0.3775541416523619
10943,0.10820246668364848
10944,0.2926622614214147
10945,0.7432964914515884
10946,0.4531830965646527
10947,0.36375797194596887
10948,0.10499798975854573
10949,0.7932206464425684
10950,0.46402270276458757
10951,0.38673888297753695
10952,0.274058162301515
10953,0.8954208427717587
10954,0.4746897466904907
10955,0.58169782651745
10956,0.4334109575866337
10957,0.5272652851229607
10958,0.13856203858319216
10959,0.569367270062671
10960,0.8007553837336013
10961,0.8687518226933072
10962,0.16994723953023808
10963,0.06730372066035854
10964,0.8732237011609153
10965,0.8851008446361002
10966,0.5748891354866932
10967,0.9719436672998772
10968,0.376051789165851
10969,0.6341198505397208
10970,0.13467495655499026
10971,0.37837197836262754
10972,0.5661354822107518
10973,0.4587283060018006
10974,0.2200181429023192
10975,0.25323738013324837
10976,0.3468568918343246
10977,0.20001134580942534
10978,0.8700976481383282
10979,0.41899888982599237
10980,0.6140163500516889
10981,0.11407971786369467
10982,0.6703685809048193
10983,0.43201424094251994
10984,0.5353910898982428
10985,0.8722262123230549
10986,0.7270618182466726
10987,0.45733178057694496
10988,0.17828158110261133
10989,0.9475014875767026
10990,0.7074778076595866
10991,0.8119390390714064
10992,0.6812597846927324
10993,0.3652991100639714
10994,0.40107091706462483
10995,0.907017693731447
10996,0.9372392311873259
10997,0.21397562029742206
10998,0.33261784028904023
10999,0.8577957548366092
11000,0.7092375204357217
11001,0.617969211534301
11002,0.8768117370501312
11003,0.47594249808255834
11004,0.5349004177933562
11005,0.3053469798235301
11006,0.3084851521580094
11007,0.5940199208906213
11008,0.5394275648684881
11009,0.9381117629959181
11010,0.87531999600117
11011,0.8109703211204422
11012,0.3664235859184472
11013,0.486855214716421
11014,0.38135121510603665
11015,0.6723409927737262
11016,0.7753021302659809
11017,0.8866430358011514
11018,0.9009966012642192
11019,0.73124957561883
11020,0.11459612140119399
11021,0.16563175355907409
11022,0.5366527448228496
11023,0.5755604983866505
11024,0.18806959754633953
11025,0.8006601141997577
11026,0.31760948482804574
11027,0.6588139204558381
11028,0.8007172762564999
11029,0.6104931883864446
11030,0.6355579654174262
11031,0.25374437197357713
11032,0.6986284798069098
11033,0.7080243195684819
11034,0.6711963996882149
11035,0.7565311338122204
11036,0.4109391171185482
11037,0.7310364187494843
11038,0.23911843607904446
11039,0.94991547874212
11040,0.593928240741189
11041,0.7698736096715065
11042,0.7286867815312813
11043,0.4368313397436915
11044,0.714732800900252
11045,0.6275842781288586
11046,0.9248012038831905
11047,0.31162070176969636
11048,0.826085098949421
11049,0.8094458562911098
11050,0.1894781853039065
11051,0.9842743681201879
11052,0.6785823463053633
11053,0.42009134905817985
11054,0.684945315587995
11055,0.742085600856987
11056,0.8217819385639898
11057,0.183147058016331
11058,0.8791558446167762
11059,0.3487672047605779
11060,0.13184728659269235
11061,0.2005080338651823
11062,0.5144550509661366
11063,0.2613460389663484
11064,0.17738476744780066
11065,0.5129624510438928
11066,0.7566082520365633
11067,0.8619281752122365
11068,0.8856960521926763
11069,0.6376061836966891
11070,0.8723269618240453
11071,0.2545264081237029
11072,0.33412697628845694
11073,0.8599741756632074
11074,0.8830052839372948
11075,0.6416775060767312
11076,0.560706453352419
11077,0.5672256218227943
11078,0.6464955903912286
11079,0.18243979815403844
11080,0.8163960989944865
11081,0.5944769016322711
11082,0.5514547789251306
11083,0.5068833514247247
11084,0.1498974683243869
11085,0.16010513499939527
11086,0.578740239935869
11087,0.2937074246506573
11088,0.83319222041814
11089,0.9563609869852573
11090,0.4980067315777884
11091,0.5667645933129452
11092,0.8203756504877031
11093,0.43272931894635736
11094,0.6494427579854323
11095,0.7537260487591414
11096,0.5763004054773254
11097,0.7320349093428057
11098,0.2996368939203823
11099,0.5008326729098894
11100,0.9274144178631792
11101,0.9401613717443847
11102,0.5094532951585373
11103,0.9105270459705733
11104,0.37785403401449463
11105,0.4280034395744799
11106,0.6656849562962124
11107,0.909400229669098
11108,0.11912063595974139
11109,0.7961719363280916
11110,0.27043135663094525
11111,0.7840885443397743
11112,0.22780241136179738
11113,0.15260309932850616
11114,0.5920660746491538
11115,0.817189539246166
11116,0.3822305934698175
11117,0.8900587093092921
11118,0.5872951247666002
11119,0.03220259193168383
11120,0.34867236185656647
11121,0.4714811362715618
11122,0.43193005882097735
11123,0.11582770222970797
11124,0.9239172737505104
11125,0.9690449355572205
11126,0.18051508785017512
11127,0.7487618171496516
11128,0.9177180564855829
11129,0.5698082802982711
11130,0.5893406981278437
11131,0.4973227210746076
11132,0.12663687590701442
11133,0.49990108332632904
11134,0.5203987162803453
11135,0.6233368201087517
11136,0.631037612014743
11137,0.4306268317657747
11138,0.27530016402640006
11139,0.2242749781512932
11140,0.8856734517577542
11141,0.17491866170894743
11142,0.8054071973435766
11143,0.7573193637797624
11144,0.24324132846066715
11145,0.37936398902811075
11146,0.30437075011414066
11147,0.47631515845223404
11148,0.7194548897713998
11149,0.1907151680255293
11150,0.28745711544779584
11151,0.33097138379100904
11152,0.543446139720191
11153,0.2665650603434111
11154,0.22870319091675168
11155,0.7327850416070364
11156,0.3235228805008277
11157,0.3937298349512841
11158,0.8831304892924785
11159,0.6330363663798884
11160,0.532857887529705
11161,0.24333655236133897
11162,0.9687196637763497
11163,0.8731613793444539
11164,0.48756104110758364
11165,0.5566885856245527
11166,0.35468148888239065
11167,0.7205948965306916
11168,0.279463178491622
11169,0.8012417979420237
11170,0.9050492778093772
11171,0.7538293429140128
11172,0.839777734288662
11173,0.9527291687789888
11174,0.20646320956749237
11175,0.09524689413870509
11176,0.5199214045062067
11177,0.30543446246699163
11178,0.3945307321724008
11179,0.6374590825478148
11180,0.6385556464530516
11181,0.5366051746877769
11182,0.8745860371416976
11183,0.7124189237882668
11184,0.4527360090145438
11185,0.5749231365599063
11186,0.551515425029379
11187,0.5367709602276145
11188,0.22655207653970327
11189,0.7725473723859583
11190,0.40112207260969807
11191,0.937092054736129
11192,0.30988724892538483
11193,0.4040912752563272
11194,0.5834339176225456
11195,0.7052710707574714
11196,0.5353689326608805
11197,0.3521501264835376
11198,0.4236414927228298
11199,0.8221811491016994
11200,0.7231041249060851
11201,0.6354711560880913
11202,0.3371574962592537
11203,0.12468108698841159
11204,0.5686512727725056
11205,0.7962023897339117
11206,0.7639030928034782
11207,0.9162704749196533
11208,0.8861477182195012
11209,0.8363084830480051
11210,0.09089294171599131
11211,0.9076745801592295
11212,0.3706873768208953
11213,0.482082245183832
11214,0.46798129519348575
11215,0.2107828500331827
11216,0.3766322873274513
11217,0.6685340565086023
11218,0.051695812755464046
11219,0.8817246411026998
11220,0.0774501073595411
11221,0.17114830491583088
11222,0.7114509451169511
11223,0.46111628598079407
11224,0.39495879666361855
11225,0.3708066184462008
11226,0.927717746823017
11227,0.8379210518488404
11228,0.4088216279369305
11229,0.6426732687773504
11230,0.29988055118156565
11231,0.6411053271971253
11232,0.09764954788579215
11233,0.7439304546056195
11234,0.9275542596516544
11235,0.9386985689779944
11236,0.29253519958084656
11237,0.5935904587906082
11238,0.7268748713426432
11239,0.35822025470017377
11240,0.616547376903314
11241,0.1526734879963539
11242,0.18275810130779874
11243,0.4442997090023299
11244,0.9699938634586239
11245,0.5542952284754619
11246,0.5826332663163117
11247,0.7079209026445709
11248,0.07989101471488257
11249,0.7865586510444134
11250,0.854190722071689
11251,0.9086737683882006
11252,0.20444739179389687
11253,0.8105524934457952
11254,0.2446276813243995
11255,0.894474536850464
11256,0.12992626648185274
11257,0.4768747894624706
11258,0.1864931661078692
11259,0.7668231446074771
11260,0.5948920776486416
11261,0.7372432716598406
11262,0.8810812964178182
11263,0.43719044480752284
11264,0.4762207541680971
11265,0.3592773118672357
11266,0.2734188578038556
11267,0.8789417809344231
11268,0.6802138879266193
11269,0.6507963020086347
11270,0.2123857981041667
11271,0.5970083111809151
11272,0.5166272255845624
11273,0.4827983701267346
11274,0.15829138301269516
11275,0.7718710735357216
11276,0.8631740046306939
11277,0.9385908302384162
11278,0.1274914508072254
11279,0.2382909157737227
11280,0.13301062467498068
11281,0.21477126490798226
11282,0.5459268512867471
11283,0.20712008734780998
11284,0.5799661060560474
11285,0.9052807602893237
11286,0.5266248713612723
11287,0.8244047696539313
11288,0.768640833109102
11289,0.3015682949173392
11290,0.13209383690364862
11291,0.31524337673766656
11292,0.8808752206327162
11293,0.8704751681358645
11294,0.21563194556930404
11295,0.8326664226542586
11296,0.15670639970003744
11297,0.3207855776101079
11298,0.29668852095093157
11299,0.6364018317494778
11300,0.39718951049119794
11301,0.7479733608015371
11302,0.6973796536786522
11303,0.7328417068265418
11304,0.6997746428670057
11305,0.6909328820752187
11306,0.3866369619051249
11307,0.8636000497719757
11308,0.4026831944125201
11309,0.2155975722401095
11310,0.8465870196403099
11311,0.8076226474492659
11312,0.8555403096856302
11313,0.5766745847169983
11314,0.3385639163284869
11315,0.44489087107861924
11316,0.7247271916415449
11317,0.7996876243849836
11318,0.8270475683670953
11319,0.8745646764678107
11320,0.7587760799845662
11321,0.7367665871160977
11322,0.5716071038171937
11323,0.5350280444229761
11324,0.4433427023594031
11325,0.7408219034696804
11326,0.6730765475251981
11327,0.5972029145405432
11328,0.5916721324162643
11329,0.4979406953073393
11330,0.7570921640169163
11331,0.5063510763520248
11332,0.45971787944996567
11333,0.462495607806436
11334,0.9234668698495038
11335,0.48720647636736514
11336,0.33795873731415277
11337,0.5339455858581318
11338,0.404819253042732
11339,0.7437682958685832
11340,0.6395247722669162
11341,0.5985603117642266
11342,0.5956830447567598
11343,0.6807354547671286
11344,0.43743715124475124
11345,0.7511733348135439
11346,0.06195180138884291
11347,0.31414260389069093
11348,0.46635488804898656
11349,0.06694106460796342
11350,0.7918778757855264
11351,0.33769690327708574
11352,0.5050871683887208
11353,0.7190034559417344
11354,0.5977501237139473
11355,0.613492320534005
11356,0.5085489478722518
11357,0.8708600189391691
11358,0.7731506532527466
11359,0.16804455548354702
11360,0.7928566863950102
11361,0.8064901498159962
11362,0.9546504975492088
11363,0.652968917729373
11364,0.21226950072544598
11365,0.4328879409296221
11366,0.8614757054213342
11367,0.39535877890963445
11368,0.9490414942870684
11369,0.6414152549323536
11370,0.7966828117748209
11371,0.8480353947331863
11372,0.583774075040648
11373,0.2557530603922677
11374,0.2681181036765965
11375,0.19230053324498445
11376,0.30543426658004524
11377,0.08229353496609215
11378,0.1693233536553102
11379,0.17586168129535243
11380,0.2393826847009936
11381,0.7243384600719085
11382,0.8321384207488411
11383,0.4166855149603499
11384,0.3405295922723171
11385,0.5062021702863196
11386,0.9651780201237814
11387,0.31679856272868834
11388,0.8637409817197021
11389,0.9111566210785279
11390,0.24143892728246064
11391,0.35149582976408755
11392,0.705997397286874
11393,0.6269325086855673
11394,0.3846792113976394
11395,0.3160540429317775
11396,0.059491661093326445
11397,0.5441516658363394
11398,0.33875535416938596
11399,0.36265775119511817
11400,0.7363427504009519
11401,0.9658023535095455
11402,0.20440625027873305
11403,0.38621049745443753
11404,0.4726369429696826
11405,0.4692517175541262
11406,0.9038592268972728
11407,0.9140404109683999
11408,0.910016547168121
11409,0.8149074470651103
11410,0.25638283533364487
11411,0.5653247879760104
11412,0.741055936539539
11413,0.390060170505448
11414,0.45065625954705363
11415,0.13431116785016772
11416,0.7663595315195516
11417,0.22516746339529725
11418,0.4477348565525341
11419,0.6406291845235335
11420,0.7715116399254577
11421,0.7405883334906606
11422,0.7960209138638256
11423,0.5066994039346221
11424,0.369870742969871
11425,0.5705324883828898
11426,0.6474038115386249
11427,0.7665484281001212
11428,0.5692369359379252
11429,0.21971221743911357
11430,0.8806612970772065
11431,0.30686815979066845
11432,0.8881954277259106
11433,0.6183741503966941
11434,0.46088371346396534
11435,0.7392103067372164
11436,0.47725600106045113
11437,0.576962506495991
11438,0.6814318972590686
11439,0.8641829534160299
11440,0.5425303166899182
11441,0.7121482719013678
11442,0.6509949815467194
11443,0.14511114844038234
11444,0.5551085186905701
11445,0.6633455964702439
11446,0.9102469356890236
11447,0.3478148557106458
11448,0.20268980244190354
11449,0.49096966900333594
11450,0.1257950189277611
11451,0.5448121754504142
11452,0.18063829047919852
11453,0.9067511531604753
11454,0.5668410088370731
11455,0.8281889668275598
11456,0.9033737351984282
11457,0.46185478161521176
11458,0.3853469332943082
11459,0.23877666766376612
11460,0.7798953494523903
11461,0.7624538593001136
11462,0.6863466812839142
11463,0.7404623569240649
11464,0.2934491296407448
11465,0.418557354237458
11466,0.6300480262508082
11467,0.43389707156221746
11468,0.7961809844518318
11469,0.06857608572394534
11470,0.17840607897127925
11471,0.3539281370777945
11472,0.3916721909645317
11473,0.38641979329854714
11474,0.2947301552902873
11475,0.48495343468751684
11476,0.9519426680927392
11477,0.3911428270708187
11478,0.8167538816354475
11479,0.22351013621839555
11480,0.2702723531189191
11481,0.9150763995561192
11482,0.9091347457417895
11483,0.19387335981759535
11484,0.5194809044030542
11485,0.6695777428656776
11486,0.4842144542295556
11487,0.6112870237531324
11488,0.8541223585400561
11489,0.7494630157250453
11490,0.39198118810784766
11491,0.5201738784913627
11492,0.852138815807488
11493,0.32192147253932885
11494,0.5216831540951301
11495,0.4616633977019383
11496,0.2289038365017726
11497,0.5679372924235065
11498,0.775610565889036
11499,0.1788992441294288
11500,0.23476308196826187
11501,0.626336742566995
11502,0.656399057458323
11503,0.836477166854817
11504,0.3332402156708531
11505,0.38921589018147495
11506,0.19469480948713946
11507,0.4998458321422882
11508,0.4534380156680604
11509,0.8933832277765048
11510,0.09840698490923214
11511,0.5252487454371987
11512,0.5955643591365403
11513,0.5457814803106573
11514,0.5835155199904934
11515,0.7233725451040685
11516,0.8594018020635245
11517,0.43807678544931344
11518,0.44629932321467525
11519,0.8308626699080861
11520,0.5823996242892882
11521,0.5074511831456474
11522,0.885418903490575
11523,0.8816922148616909
11524,0.8614845440839668
11525,0.7067737259154826
11526,0.4644139874428533
11527,0.5440641603620966
11528,0.483545359136761
11529,0.8862535267188902
11530,0.8737862364765239
11531,0.13403918351408817
11532,0.48891813193404154
11533,0.8539664767592386
11534,0.7404756461268032
11535,0.24665429170520473
11536,0.734094572027074
11537,0.472297826081191
11538,0.7082687026667375
11539,0.6655705259833825
11540,0.5711818645464548
11541,0.7161271201835214
11542,0.3851465639626045
11543,0.5456412518731556
11544,0.7884655500972462
11545,0.7900648584933216
11546,0.10756182784570772
11547,0.8711034072106264
11548,0.8365105511532314
11549,0.8897687899830209
11550,0.14439457193769784
11551,0.4775308477657191
11552,0.7977596188257435
11553,0.7375154371904933
11554,0.178265911446238
11555,0.3958151305205864
11556,0.6398481215032971
11557,0.3556385133339937
11558,0.4087865263106694
11559,0.5432951022424478
11560,0.8391104392398318
11561,0.8763300537803795
11562,0.7357994072850159
11563,0.15313558663822613
11564,0.6055799489720408
11565,0.8270581835582828
11566,0.9100457819409354
11567,0.3751083019970062
11568,0.33020200979933345
11569,0.7928277241052224
11570,0.7827123850675326
11571,0.775466215105665
11572,0.8026771016534312
11573,0.7485627646366799
11574,0.5762118836039903
11575,0.8691937362589116
11576,0.14573956461578996
11577,0.9532454423425025
11578,0.9180949394628558
11579,0.6410668266589474
11580,0.8861697144343406
11581,0.7640766272798857
11582,0.49733602266917465
11583,0.08362259182824389
11584,0.6328036316903843
11585,0.5233611352424213
11586,0.7656535770729337
11587,0.3857327450686591
11588,0.8639115454106947
11589,0.7502811025221381
11590,0.25138029793491
11591,0.9089844381433523
11592,0.31286915937931564
11593,0.8990024782453395
11594,0.5782235137708014
11595,0.1014500771962401
11596,0.2147360266765636
11597,0.36061639527207506
11598,0.7425464245825523
11599,0.1858382944046488
11600,0.8383764849828522
11601,0.9171049262724165
11602,0.6016476992169698
11603,0.8830305681395187
11604,0.4614257839443216
11605,0.6960348022776691
11606,0.24846013900480715
11607,0.22198238747992138
11608,0.788135543303079
11609,0.34841976920060813
11610,0.3245158704909242
11611,0.5608938323538211
11612,0.8062638700254425
11613,0.7270280738481669
11614,0.11288909791063623
11615,0.6620866186754655
11616,0.9536584526932279
11617,0.347069678455832
11618,0.6355419442719932
11619,0.15605033225230555
11620,0.5747968262353897
11621,0.769729947446249
11622,0.5314753315846947
11623,0.5617956829810473
11624,0.7161969188915256
11625,0.896995612647444
11626,0.1683577408121018
11627,0.8500047085083122
11628,0.5345549985573924
11629,0.6693693757331892
11630,0.10539427696310612
11631,0.3538855863731348
11632,0.18260902717402264
11633,0.5841840210439875
11634,0.3931808139856866
11635,0.28295659127757056
11636,0.5732957965357021
11637,0.563876232082662
11638,0.09427458860130507
11639,0.9379606452358407
11640,0.8603238577270461
11641,0.4679714984045869
11642,0.7227940458774528
11643,0.543016573395168
11644,0.25339196803175673
11645,0.378475644518938
11646,0.1705103963050886
11647,0.6894409433235608
11648,0.691302488135473
11649,0.8593757614130042
11650,0.3552897970618986
11651,0.6211829290167854
11652,0.5562600400669339
11653,0.9223953152020234
11654,0.369948436783369
11655,0.516484818810803
11656,0.8473308177408063
11657,0.5670990087709803
11658,0.24342734722635517
11659,0.8235895673905448
11660,0.7382663448450195
11661,0.7843072672799903
11662,0.5659268284756548
11663,0.9008421309839407
11664,0.13961734230742442
11665,0.4964648683109455
11666,0.4805882413818688
11667,0.5345001645457248
11668,0.5498837247933471
11669,0.042268438129579346
11670,0.347379899367634
11671,0.6844989330231133
11672,0.44965831246338256
11673,0.3557220677368173
11674,0.9272721968239883
11675,0.3815600173512545
11676,0.5626730235005276
11677,0.8027875821940142
11678,0.6771210491994213
11679,0.7361205864713016
11680,0.610434206855314
11681,0.5637850646713816
11682,0.9425012236080884
11683,0.9099441891320335
11684,0.0980032710494485
11685,0.40979757019610136
11686,0.38185317386274664
11687,0.6801745008747292
11688,0.8657490556184005
11689,0.9462256271313249
11690,0.39323372151986
11691,0.8785358171419914
11692,0.8608326658687997
11693,0.10612114431521545
11694,0.5108321309661346
11695,0.8916128890981035
11696,0.8508748437857433
11697,0.40925057548520233
11698,0.3968877361757347
11699,0.7504715788283048
11700,0.6472392337561627
11701,0.23780079657605924
11702,0.505431767428035
11703,0.3486806372763965
11704,0.20655028318761995
11705,0.0816418263803913
11706,0.7767896809845546
11707,0.6807278848754754
11708,0.7542141157390855
11709,0.18364791221515672
11710,0.5692835686190771
11711,0.48234137532638355
11712,0.6972989104059062
11713,0.10758619698355609
11714,0.5279496121444013
11715,0.08664790507025215
11716,0.0654682113371933
11717,0.5416477966404335
11718,0.8420825283733993
11719,0.6890227660434338
11720,0.25395042308409155
11721,0.5544654151428986
11722,0.9520265810303554
11723,0.7504469698796433
11724,0.8294984607444902
11725,0.6848022219840267
11726,0.6068643349627534
11727,0.4636137162436237
11728,0.09280463883903158
11729,0.7107683480908411
11730,0.17763356674457867
11731,0.7012179927866935
11732,0.3462393798408901
11733,0.6720379735607811
11734,0.19432815463503222
11735,0.6520227944885143
11736,0.24893829485688562
11737,0.6734969855645735
11738,0.551656496984228
11739,0.1069802661256075
11740,0.4257660983630479
11741,0.8455502079045827
11742,0.5737889739145583
11743,0.6440570074116505
11744,0.6869678543816649
11745,0.3478305178807674
11746,0.3562038748545636
11747,0.5159742347648353
11748,0.5346080258181941
11749,0.8709631349326326
11750,0.5181071315127252
11751,0.11913198653975254
11752,0.808172788510762
11753,0.7352929234108554
11754,0.43792086882605374
11755,0.14914264801369587
11756,0.3037822770586552
11757,0.5090699895784919
11758,0.12856684830161583
11759,0.6333652505389044
11760,0.18094147922948028
11761,0.9369928261273542
11762,0.9158431767367887
11763,0.6823180113021285
11764,0.38175775408162227
11765,0.7982305003879054
11766,0.38518055503642384
11767,0.7599784779180017
11768,0.4453821556531788
11769,0.4840123333424261
11770,0.9751868360345418
11771,0.5572848972517291
11772,0.8867725132559341
11773,0.9305106489405521
11774,0.5576184574456519
11775,0.45903325154863506
11776,0.8376155249811088
11777,0.5532937935895925
11778,0.751783713196094
11779,0.10111051809091937
11780,0.37460676378005303
11781,0.24633720053090713
11782,0.8604476165595074
11783,0.18999087386695263
11784,0.2511700286540614
11785,0.40020463680789564
11786,0.3381561979488093
11787,0.593918066761971
11788,0.5386990949333957
11789,0.42639425115309515
11790,0.3261589377503573
11791,0.10498647684663145
11792,0.855545995249583
11793,0.2058636833789454
11794,0.6385006401017057
11795,0.8328611451006055
11796,0.8001425414444219
11797,0.17878347959546692
11798,0.5120276308461306
11799,0.72246634285364
11800,0.7838897105191738
11801,0.036837108363381624
11802,0.8837953959467084
11803,0.20348826215911017
11804,0.8892281968284969
11805,0.17817544833180232
11806,0.6830511513993849
11807,0.8840271054786858
11808,0.5114248338942119
11809,0.803623097833739
11810,0.7439360140494575
11811,0.6534525594175585
11812,0.5606828324494657
11813,0.18044177486512908
11814,0.5883690262465814
11815,0.8781143290367938
11816,0.5175180140803596
11817,0.3061307021230239
11818,0.20607846063153892
11819,0.7180912052558437
11820,0.3006015238690889
11821,0.7227954406677524
11822,0.7598070308678355
11823,0.6568516611555713
11824,0.3460032241178697
11825,0.49792040384420583
11826,0.7547416684878966
11827,0.9553755019405762
11828,0.4392669645822629
11829,0.8284576676570578
11830,0.530791106690208
11831,0.5750516681292499
11832,0.11772822428565705
11833,0.23362131871952427
11834,0.40944971538579
11835,0.6395618829506855
11836,0.7631658605479564
11837,0.42924216282761335
11838,0.6109726072472329
11839,0.3464348394845895
11840,0.5422037545593448
11841,0.7226134772826619
11842,0.6822012923176184
11843,0.43763446443701265
11844,0.9342708413424804
11845,0.8883463380345167
11846,0.7135200564771416
11847,0.8967595614534295
11848,0.3206473042010752
11849,0.31044820288785585
11850,0.6800674875835683
11851,0.7158705100952657
11852,0.5472887410675774
11853,0.5455344213914387
11854,0.39276161210482863
11855,0.7605429330297921
11856,0.4620240099919043
11857,0.9716384419449987
11858,0.397020603976608
11859,0.7969852266088179
11860,0.4052047939613168
11861,0.05562901487589118
11862,0.9311540606693697
11863,0.41073102932683614
11864,0.9621423188740863
11865,0.9030362073818081
11866,0.5621858739055494
11867,0.18821154194644674
11868,0.2885070038732577
11869,0.7621553260369159
11870,0.2920482126217661
11871,0.3718433106067714
11872,0.10654115552068483
11873,0.8193655956175707
11874,0.7000500619067095
11875,0.9891249891184057
11876,0.1507634100246105
11877,0.39221920797955717
11878,0.14691656838240852
11879,0.04173320754391956
11880,0.6409786257224559
11881,0.870109740386927
11882,0.3215607108675561
11883,0.7886585951586635
11884,0.5706486970185434
11885,0.7481296375397745
11886,0.646920855643242
11887,0.7540150883584815
11888,0.5022608666834907
11889,0.5112826199414694
11890,0.25786207256177934
11891,0.8160463207608267
11892,0.9747465399859285
11893,0.8789648612156886
11894,0.6771917620643326
11895,0.7466313720461591
11896,0.48379200631111
11897,0.5847258607423208
11898,0.756419085003124
11899,0.5090383703925426
11900,0.5309931204771744
11901,0.8056497787440958
11902,0.8688146128998306
11903,0.27151449955641543
11904,0.159785054429749
11905,0.5932496841239315
11906,0.39619228200443957
11907,0.10398033187849766
11908,0.8737653455690336
11909,0.8416996609715283
11910,0.732736073411418
11911,0.8733793286830462
11912,0.7670720702063664
11913,0.46063950235899503
11914,0.8034944233785163
11915,0.8884618669443032
11916,0.7946679640662877
11917,0.8620952737722232
11918,0.586705257381005
11919,0.44134331402446847
11920,0.7506774295232157
11921,0.6837139523876505
11922,0.5112668237471188
11923,0.34828836627068094
11924,0.3314639999850938
11925,0.6449583468361392
11926,0.9149320397174697
11927,0.7983005293386131
11928,0.7431975348167332
11929,0.9869473262317944
11930,0.8949331851696958
11931,0.9139658325312372
11932,0.11664590711980108
11933,0.8086493047926099
11934,0.4408706351725912
11935,0.34074338352952466
11936,0.6683928794674558
11937,0.5111142322113502
11938,0.990982465121472
11939,0.731182904452766
11940,0.5830147549635581
11941,0.6374316341408496
11942,0.6453225194995904
11943,0.1175862603756462
11944,0.6488726587542832
11945,0.8250093988310648
11946,0.7692688968470228
11947,0.3051041265763878
11948,0.6504922281324267
11949,0.660772666886559
11950,0.2605400640944471
11951,0.34713263498897984
11952,0.7484505668559476
11953,0.27314691190502444
11954,0.10794963293318763
11955,0.5293674384520732
11956,0.7179783002474773
11957,0.6422082031265596
11958,0.05565277060690031
11959,0.4393901753781107
11960,0.41599051699079587
11961,0.8376007295652149
11962,0.66253009730823
11963,0.7661564101600085
11964,0.5236807389761383
11965,0.522946478905732
11966,0.5413005105892403
11967,0.4702328311366798
11968,0.44519542752284824
11969,0.5336949535443437
11970,0.7116672896042777
11971,0.42456224242704066
11972,0.0980226009083268
11973,0.4191404328346359
11974,0.5964741847858629
11975,0.6328073652238551
11976,0.7161516959161752
11977,0.2832570180010462
11978,0.8084363079065475
11979,0.6046264809612343
11980,0.8511316127968774
11981,0.8619466245624448
11982,0.363416413855895
11983,0.4656843311603025
11984,0.48766559116848474
11985,0.5534018711674492
11986,0.5466491261596819
11987,0.6960738706234084
11988,0.2001078844902954
11989,0.08759762599958806
11990,0.7629279872194141
11991,0.6902596305381821
11992,0.6973869854796131
11993,0.8090442094406576
11994,0.7366147446374123
11995,0.7832368031827665
11996,0.3910500949491718
11997,0.8741650094555373
11998,0.3184647812158771
11999,0.8745640012553993
12000,0.7745340567831621
12001,0.8057563059070885
12002,0.8073028350824031
12003,0.25798874211922856
12004,0.9334658436579433
12005,0.5524455288609672
12006,0.03975563243385281
12007,0.7759271326741075
12008,0.39673676949238895
12009,0.21252201408288024
12010,0.6649937135224593
12011,0.2309950152756068
12012,0.5339696262835056
12013,0.2814892416055814
12014,0.14278174469466415
12015,0.2102965958926489
12016,0.5749236619649194
12017,0.6963856457845915
12018,0.9177983904362943
12019,0.7328199272528719
12020,0.5740076514587329
12021,0.5615973887526798
12022,0.9068205880303691
12023,0.41110726968309746
12024,0.8490862922206809
12025,0.7824415529628729
12026,0.6550246714625937
12027,0.8075921454959988
12028,0.5549091707176455
12029,0.656727939008303
12030,0.9741460331456921
12031,0.4559580337735774
12032,0.522290718558955
12033,0.7302747270261764
12034,0.43995784247340647
12035,0.2260623729253267
12036,0.48778936009329704
12037,0.37552360081317104
12038,0.22593111420651082
12039,0.3989848777153921
12040,0.6756368043453339
12041,0.5563020489706033
12042,0.9445362492603834
12043,0.7494783262428439
12044,0.4736947471403691
12045,0.3525843317840154
12046,0.2600708036488585
12047,0.6314158299760534
12048,0.31795120379116537
12049,0.49151232525371136
12050,0.7968698323960701
12051,0.8758378876679481
12052,0.36110908959684873
12053,0.45377103067782426
12054,0.5980022511700283
12055,0.23604977276656947
12056,0.4093724276435717
12057,0.7389806807894373
12058,0.5283569460851723
12059,0.3420982247729944
12060,0.9516506450297423
12061,0.7983304280102412
12062,0.8241186647977071
12063,0.1598765741328276
12064,0.3090131322538085
12065,0.3395665168598133
12066,0.5806444840297972
12067,0.34145883912162395
12068,0.6772690358068629
12069,0.607648501784565
12070,0.7456411087024224
12071,0.5624745530000869
12072,0.3483387447538107
12073,0.7635116777382069
12074,0.19001308206586046
12075,0.7683793750306221
12076,0.2635699269458795
12077,0.5468859253447222
12078,0.5122750760640198
12079,0.9275114750333108
12080,0.635327156673153
12081,0.9405395922947885
12082,0.7483268424483644
12083,0.17552370431293446
12084,0.7731617390056029
12085,0.5656636838894439
12086,0.6120972954986498
12087,0.13851084399157315
12088,0.1263165544867998
12089,0.6349545110213618
12090,0.37578772207443895
12091,0.46411198768767054
12092,0.7183068800599204
12093,0.6914889282890148
12094,0.9865779299489521
12095,0.6712578831054596
12096,0.6421769636342989
12097,0.07331063242412807
12098,0.7806985481987839
12099,0.298098184511302
12100,0.8265643169290494
12101,0.5376002571906309
12102,0.7806739883878804
12103,0.31299286351223515
12104,0.38408717913941665
12105,0.7545166917414413
12106,0.7626074924554704
12107,0.6729142129292377
12108,0.36514928536783703
12109,0.9438664593614516
12110,0.7804605328042161
12111,0.47844137233050577
12112,0.8237649912927527
12113,0.6114130017002167
12114,0.7116895006266871
12115,0.4401141427054539
12116,0.47298020827141296
12117,0.9299953238410333
12118,0.8567171813759616
12119,0.7394118408614048
12120,0.20288758634509255
12121,0.6101684009607177
12122,0.6436933829058311
12123,0.26366959827987135
12124,0.7084692028888818
12125,0.7324553174981752
12126,0.3000986537415608
12127,0.6263747693533056
12128,0.5642819815630037
12129,0.6845840141720174
12130,0.3737710713589132
12131,0.14427660161790729
12132,0.17510121373883217
12133,0.3928915112913582
12134,0.7585284311761697
12135,0.8328499423740101
12136,0.7961472566424819
12137,0.32131113697646574
12138,0.9182236958820782
12139,0.7425480508607796
12140,0.6745703972861706
12141,0.17050958934748964
12142,0.1603145801703826
12143,0.811637267643503
12144,0.5324906035174828
12145,0.4167568846585477
12146,0.8842404535999614
12147,0.6423014941517651
12148,0.6372692017100253
12149,0.8929231699245448
12150,0.5832793962969357
12151,0.32950560601560597
12152,0.9118225107848456
12153,0.8699677179142974
12154,0.8452213184725532
12155,0.9409143716270824
12156,0.87912272764408
12157,0.771273774541344
12158,0.8244087862443586
12159,0.6769525692570677
12160,0.6726201938584409
12161,0.6910743906898124
12162,0.14686477715146692
12163,0.7042038455638477
12164,0.7087112366910023
12165,0.4011987521401772
12166,0.448149780288919
12167,0.9120305659064323
12168,0.5594532446694558
12169,0.6083451962081281
12170,0.255108009882817
12171,0.889884257269173
12172,0.681506275578368
12173,0.6118974867905801
12174,0.6090033757921163
12175,0.5173886691897537
12176,0.2857112225441994
12177,0.43842209122801484
12178,0.9604622992705645
12179,0.24788637089595278
12180,0.9065663821455802
12181,0.5056149600688348
12182,0.24676250807189942
12183,0.8886632009698404
12184,0.2876087242208888
12185,0.8348059930371016
12186,0.5814637490062092
12187,0.6724449115523672
12188,0.7033486446649378
12189,0.34959033752178864
12190,0.4193151115345822
12191,0.4365383786833449
12192,0.37035156447776335
12193,0.6867853550337855
12194,0.3260234479336578
12195,0.7436653945082357
12196,0.33449103870869856
12197,0.5046173719844711
12198,0.5028367194531056
12199,0.3673646410261791
12200,0.23187603708828172
12201,0.12972359791769586
12202,0.9404143775875594
12203,0.5947224889217398
12204,0.49756438321955965
12205,0.3886147138923396
12206,0.20728632130875085
12207,0.3851985388730628
12208,0.10276009920588453
12209,0.722371163878951
12210,0.39254729403977234
12211,0.21843486353681948
12212,0.5185245883749607
12213,0.6689672064493435
12214,0.4835927527976938
12215,0.5286583922091352
12216,0.8080362326123774
12217,0.8366854123322067
12218,0.28438058183721876
12219,0.525590539113521
12220,0.7164730072785949
12221,0.36637947673860355
12222,0.644293864146082
12223,0.4125553135145412
12224,0.4811063672761762
12225,0.5523969653807853
12226,0.4315431628319549
12227,0.3794138884577342
12228,0.6194998011016437
12229,0.4891677416649765
12230,0.8812420858996409
12231,0.5035535211854271
12232,0.5661929877933928
12233,0.6635348791399664
12234,0.6854240495776311
12235,0.09542694041245328
12236,0.17224539430474736
12237,0.6180522781198566
12238,0.902372613146561
12239,0.5284829074234021
12240,0.8738868854119908
12241,0.6036303245083243
12242,0.7968646188944994
12243,0.7426548806810778
12244,0.36578444655161946
12245,0.8846242646462072
12246,0.6140956023708358
12247,0.3122511998767541
12248,0.9100845390110383
12249,0.8622167107057629
12250,0.20606855921738262
12251,0.5910455651060331
12252,0.6390991489255599
12253,0.7803690339285932
12254,0.7059575332092195
12255,0.09668622813152308
12256,0.06283761337996574
12257,0.7645982569368964
12258,0.6335894698781922
12259,0.6665402898551182
12260,0.5095011262169644
12261,0.3487697499035733
12262,0.7443281441417194
12263,0.28909306252778877
12264,0.8391563730292858
12265,0.06888417456589492
12266,0.36215076431348286
12267,0.578640087724775
12268,0.6342578483144238
12269,0.7170423202789821
12270,0.7725346969713826
12271,0.2747485940148681
12272,0.6016227967287339
12273,0.328591457824859
12274,0.8543183939584401
12275,0.6482585597804758
12276,0.34700432100587986
12277,0.9386591506556522
12278,0.9124988902784419
12279,0.6990012795987369
12280,0.5205512304583865
12281,0.40060750659012107
12282,0.6262224309015076
12283,0.9644273709911879
12284,0.31003752139100793
12285,0.8559691964463444
12286,0.5006782145275677
12287,0.456714212842663
12288,0.0612608943922098
12289,0.9558836277976294
12290,0.6390469289929824
12291,0.805375367650887
12292,0.8980155923544026
12293,0.4747041660948452
12294,0.4490436787741097
12295,0.28446412235169954
12296,0.9416706669492655
12297,0.30101049785688466
12298,0.6581181196283407
12299,0.7752193348474951
12300,0.6198625460330558
12301,0.3023620152272032
12302,0.5073396888921277
12303,0.7117444260044057
12304,0.6898862364067502
12305,0.5179538660501276
12306,0.9281303759502302
12307,0.21908027436354535
12308,0.4173475088892025
12309,0.6618151030151734
12310,0.2328294649691356
12311,0.8723925547101895
12312,0.07080039176282657
12313,0.8933027075627405
12314,0.6181056114440349
12315,0.6350368295193982
12316,0.7578648186248973
12317,0.39965997102304823
12318,0.7868267219450842
12319,0.345445131056098
12320,0.7038993183821051
12321,0.8682749070773006
12322,0.21997142100397932
12323,0.4975370270906136
12324,0.7898972873435898
12325,0.5806111072468184
12326,0.6597877210361398
12327,0.41663311820790605
12328,0.683614821439879
12329,0.7524858943495515
12330,0.8791800903665452
12331,0.2764688794266556
12332,0.6558287737033112
12333,0.47554586512266317
12334,0.8303005124032274
12335,0.7903490404722465
12336,0.8102017228414956
12337,0.3085844990666257
12338,0.3675055508715344
12339,0.34415418267598613
12340,0.7029488546752123
12341,0.8112737062671914
12342,0.1897027862353333
12343,0.11287003309878796
12344,0.19589503955710166
12345,0.81083548774794
12346,0.41130760750903295
12347,0.14112999991398983
12348,0.9262256281035646
12349,0.885983257710274
12350,0.7471606663726194
12351,0.6865298066970887
12352,0.3129769432028664
12353,0.5240436341662683
12354,0.10251613481956666
12355,0.3377747538912379
12356,0.5515044040779493
12357,0.8805041423798041
12358,0.5879864997162138
12359,0.12782980640301855
12360,0.4857163043135386
12361,0.0644012436801971
12362,0.7060642760602367
12363,0.6688604379355496
12364,0.283576088456815
12365,0.9537089181125822
12366,0.7746762025926011
12367,0.4815434147504548
12368,0.34641548640500786
12369,0.8040894007952484
12370,0.3315504646048595
12371,0.2699604782193806
12372,0.6123246524803392
12373,0.2433272174994479
12374,0.8337564852317388
12375,0.4708127142344285
12376,0.28043957931190017
12377,0.8763748311833197
12378,0.25147108957652986
12379,0.6399216602942155
12380,0.7916950569579694
12381,0.2337550629918463
12382,0.24783498076882052
12383,0.5561958969079903
12384,0.4803227224593011
12385,0.8253366997306556
12386,0.4202633075576254
12387,0.7846908089756635
12388,0.6579809503640732
12389,0.6671157820896476
12390,0.9611902483148737
12391,0.5760359958581387
12392,0.7403763272177248
12393,0.9031246813110305
12394,0.5413661926079931
12395,0.7251030642597005
12396,0.41040095172130336
12397,0.5430356550509321
12398,0.6189814657843866
12399,0.38281217934235007
12400,0.9749181683479414
12401,0.12094805446312046
12402,0.12073504959450236
12403,0.8177169355347973
12404,0.7232170023486845
12405,0.25575590611675636
12406,0.804589563168948
12407,0.5814269495165566
12408,0.9730270219404583
12409,0.5455923474329576
12410,0.8513886651810427
12411,0.3712343705990989
12412,0.4280283817220124
12413,0.7930415087610699
12414,0.15795842308141267
12415,0.8337064104290588
12416,0.28668393150000737
12417,0.06944238400304129
12418,0.5020558919754327
12419,0.7293900383047454
12420,0.14995065266788946
12421,0.8084797376822824
12422,0.3000284484355188
12423,0.612917069142051
12424,0.8314345572912271
12425,0.6175714442024843
12426,0.721088483069853
12427,0.7945868119733008
12428,0.8710566368583179
12429,0.27527490025996887
12430,0.7837891085964244
12431,0.5922336786829302
12432,0.17813045246396195
12433,0.10204571928282062
12434,0.687549085377077
12435,0.3582679694369497
12436,0.2740012528768605
12437,0.25076923634535897
12438,0.35826065915105476
12439,0.8525595613831372
12440,0.9066276245744489
12441,0.4086983122384252
12442,0.6581716363771608
12443,0.8826065385385549
12444,0.7535724606354678
12445,0.9416033747122321
12446,0.5230866845601572
12447,0.5231950487966851
12448,0.9515247185576057
12449,0.5996088502568873
12450,0.45660724543402376
12451,0.7736891420947791
12452,0.9862456321590788
12453,0.777494369621994
12454,0.32239909085046287
12455,0.8581719005833605
12456,0.9290371881779448
12457,0.4589400792161524
12458,0.28941681000467173
12459,0.9018926510544001
12460,0.5158208717429437
12461,0.21806281939464783
12462,0.6341911197864032
12463,0.4350682051633426
12464,0.3336251845069947
12465,0.7620469616020734
12466,0.08965112576946649
12467,0.46701981515281227
12468,0.6807710611458485
12469,0.6794789414157397
12470,0.6207899744799769
12471,0.3235796549075809
12472,0.2705146084601475
12473,0.2625164114775729
12474,0.33902021993930376
12475,0.35550461668262867
12476,0.9258660434452095
12477,0.9556256588310232
12478,0.4670569095864792
12479,0.23668256420753878
12480,0.3463249758782485
12481,0.46679524926820165
12482,0.4278978891908274
12483,0.7943543478867072
12484,0.8287592624984713
12485,0.025364970871124454
12486,0.23396674901298126
12487,0.28328636761818704
12488,0.8517172946350794
12489,0.6678194140946443
12490,0.9722953430949877
12491,0.7175792734297054
12492,0.8962911799723935
12493,0.2239497714185804
12494,0.7490701486939657
12495,0.4795296113093181
12496,0.6186214918253178
12497,0.8932071503385366
12498,0.6378843445831348
12499,0.43809841116160714
12500,0.520534970794654
12501,0.4148777578717529
12502,0.3808872709020042
12503,0.37796482833252976
12504,0.14953340892338773
12505,0.22962332406182495
12506,0.9100559405870366
12507,0.6478401285321366
12508,0.8552114486962998
12509,0.4022262299760187
12510,0.757815210409419
12511,0.35737183532978095
12512,0.8898303482328098
12513,0.36834836487236383
12514,0.8676885434608149
12515,0.8270141396566678
12516,0.5303032668958964
12517,0.9731476156036526
12518,0.7355634323417536
12519,0.6286149269454342
12520,0.48561985479570846
12521,0.6528161153762371
12522,0.6184059021373226
12523,0.12010842082241782
12524,0.21850163309158843
12525,0.7447925027003744
12526,0.19869029804322905
12527,0.4823355394679653
12528,0.4766889889646887
12529,0.4348923314046425
12530,0.49760440215778684
12531,0.9849769798540573
12532,0.1741223258624969
12533,0.8777176752160776
12534,0.9453292631514584
12535,0.959031559144932
12536,0.7480933936588159
12537,0.8191390678508
12538,0.06830261827498682
12539,0.6064836515405785
12540,0.6345801985375646
12541,0.5665053079603902
12542,0.8546447645419568
12543,0.3545535025955362
12544,0.6348386574812519
12545,0.7825998495545872
12546,0.6422695232500167
12547,0.15426531082446304
12548,0.5520308235236038
12549,0.1259409252544977
12550,0.7502543238090846
12551,0.9917591621703591
12552,0.45300381714869276
12553,0.4232786235690075
12554,0.8068547670808994
12555,0.8905431290395168
12556,0.8284836016962172
12557,0.7386734062632724
12558,0.9540315544626848
12559,0.5671901010021856
12560,0.520015657136356
12561,0.33569548132544397
12562,0.20259705242188614
12563,0.9027047237221013
12564,0.5039229179404426
12565,0.7004838913224268
12566,0.3415249015767761
12567,0.284448670135518
12568,0.8377643347468062
12569,0.2297116193594118
12570,0.10309651152898186
12571,0.7531565690882028
12572,0.5381924823770147
12573,0.7052104270477362
12574,0.3656709074959166
12575,0.23192053240630467
12576,0.6090283004886702
12577,0.8496050755038823
12578,0.4170846960290006
12579,0.8947590752552236
12580,0.5228891446174098
12581,0.851018422189336
12582,0.7597926223817695
12583,0.1496858026509067
12584,0.9359382191015188
12585,0.905625584934694
12586,0.48285630723819123
12587,0.496939560417759
12588,0.7159358737887341
12589,0.486527343907299
12590,0.7511076215862196
12591,0.3814789252780847
12592,0.9160004670040643
12593,0.7609068819460119
12594,0.9517567219068377
12595,0.7448850679198187
12596,0.7083441962948072
12597,0.6801205725590507
12598,0.6520320458046124
12599,0.9244427955392761
12600,0.8492273907929032
12601,0.3967393637867904
12602,0.4246055558770315
12603,0.8564686649043027
12604,0.8970320494517384
12605,0.7371034990897145
12606,0.6581991721671815
12607,0.46098944346781756
12608,0.4294730846815926
12609,0.5621661820376567
12610,0.7993741669968972
12611,0.6738079638393917
12612,0.7798548219176913
12613,0.2829476797781074
12614,0.27019361458877095
12615,0.6801848768980048
12616,0.17688792907290224
12617,0.901307080226177
12618,0.7001186274690863
12619,0.9048700366929244
12620,0.5600880469124074
12621,0.2883250321487099
12622,0.4235150785301214
12623,0.5936109960441531
12624,0.6601046637093756
12625,0.2569500023340682
12626,0.883227862832906
12627,0.29588909593133145
12628,0.46318797808679807
12629,0.1961751192596084
12630,0.9698800989025327
12631,0.7300811059360457
12632,0.5086828526444479
12633,0.565155551378063
12634,0.7266713289874741
12635,0.9361719958149584
12636,0.7939432872074541
12637,0.45911250089743216
12638,0.09145255849729415
12639,0.7613150380942663
12640,0.5133935604259249
12641,0.4658964215089587
12642,0.9714530329614615
12643,0.6132768111836873
12644,0.24069087840633652
12645,0.6826102453354136
12646,0.5528262982605404
12647,0.5669746220350602
12648,0.8059122278274934
12649,0.6696456258412504
12650,0.784191468526954
12651,0.11362004560154046
12652,0.5397433359025282
12653,0.5225283859047586
12654,0.35595702412083574
12655,0.834949159445039
12656,0.429936159334506
12657,0.94495923882035
12658,0.5185429229092452
12659,0.43116917168137775
12660,0.19727864317620214
12661,0.719921103652426
12662,0.8453213281495994
12663,0.2168075318312401
12664,0.8859314798285655
12665,0.8291073344909353
12666,0.7152312077981626
12667,0.7335616096429395
12668,0.8405021130192449
12669,0.19221945257610776
12670,0.379857754563755
12671,0.3140948693771505
12672,0.6790137083263207
12673,0.3351607684177553
12674,0.5969199432051323
12675,0.3278589283612317
12676,0.8049032424132866
12677,0.7819002017490609
12678,0.8650193871587126
12679,0.25767775321679365
12680,0.6814164562876259
12681,0.3221479567223095
12682,0.16763400390025807
12683,0.8362434324177799
12684,0.6004119596169285
12685,0.9169605292486204
12686,0.6045450746300598
12687,0.8456894143831567
12688,0.1825366519451139
12689,0.8012454473407954
12690,0.6887569106457526
12691,0.4187636347783146
12692,0.18076126403975085
12693,0.5275556742868641
12694,0.931644674400232
12695,0.9477214314238303
12696,0.3577279131985624
12697,0.6966726995651329
12698,0.5700659891902683
12699,0.836625841894987
12700,0.8109797015036951
12701,0.3262730499175153
12702,0.5475700412938199
12703,0.5042421560429022
12704,0.7542032111252113
12705,0.7849872632340953
12706,0.18307118613884724
12707,0.5505601582859194
12708,0.5134128353183002
12709,0.8106388856658123
12710,0.6962378327828012
12711,0.57473272195678
12712,0.5754341994338423
12713,0.8079357827443586
12714,0.4395057377738406
12715,0.31536964362514214
12716,0.6323655146794847
12717,0.4063704427572739
12718,0.5011846026792379
12719,0.29488860610867723
12720,0.31683338059028116
12721,0.5896829523030547
12722,0.8022190496771832
12723,0.15665648979711855
12724,0.4296378293029841
12725,0.3724032654955294
12726,0.6950480262516694
12727,0.7990859209620986
12728,0.9425677710329837
12729,0.2801940796584296
12730,0.7274703922689824
12731,0.27614182314752317
12732,0.77709102402375
12733,0.7478404495982935
12734,0.5945925879341653
12735,0.9031400076226377
12736,0.30283998116614347
12737,0.6076518423029071
12738,0.5946024758155277
12739,0.32783787848172535
12740,0.46917988502205354
12741,0.3450673319107796
12742,0.7117336819416086
12743,0.38315927665519983
12744,0.6434605320721636
12745,0.1865338685409821
12746,0.6510931158083113
12747,0.4283561895231751
12748,0.36006931098150724
12749,0.2741419007200159
12750,0.9444620554322626
12751,0.2226870984567919
12752,0.4414986368042625
12753,0.6793132006049434
12754,0.8541318489196713
12755,0.4528052161653623
12756,0.6745790485756068
12757,0.80792954028975
12758,0.5157962058195279
12759,0.7301985589505382
12760,0.5520423289224704
12761,0.6008887896082462
12762,0.28503082183176953
12763,0.9484940279930644
12764,0.8674259416719848
12765,0.5095478778891074
12766,0.5446362884668695
12767,0.07915174857848478
12768,0.9195164861986026
12769,0.6811769568786998
12770,0.2772606003994498
12771,0.8951201157283245
12772,0.24928517645496462
12773,0.7465591873122839
12774,0.6200134512570471
12775,0.7797581032593812
12776,0.9701701372221238
12777,0.3064871225613787
12778,0.4827934412231496
12779,0.9002845649189316
12780,0.9024427945287969
12781,0.7807867767682427
12782,0.9410467151062394
12783,0.9090147040946285
12784,0.7012813407230373
12785,0.19502153527813132
12786,0.29427885555432004
12787,0.45274231301810774
12788,0.6909749322371003
12789,0.6895886812890651
12790,0.3816862187540192
12791,0.29980502873452763
12792,0.8869612027998938
12793,0.8837979997675407
12794,0.7067643452418109
12795,0.9434521582401644
12796,0.7491042079492537
12797,0.5316315455487567
12798,0.7120271325331721
12799,0.7527160299936599
12800,0.15396399365521124
12801,0.962639305492503
12802,0.8036711464749127
12803,0.8977951329058527
12804,0.6485598100404764
12805,0.577170353500538
12806,0.4563488101002123
12807,0.5276226186786658
12808,0.5535598392441717
12809,0.8106668929606364
12810,0.91932425636809
12811,0.1521580290754048
12812,0.1709111922562532
12813,0.5432306168778485
12814,0.3268361031626293
12815,0.3288979932516653
12816,0.1651531372870752
12817,0.49801052133114426
12818,0.5507527255838884
12819,0.8106750002436798
12820,0.7324272335592312
12821,0.626596910809585
12822,0.0928871345519429
12823,0.8700587809554007
12824,0.586922580308388
12825,0.09219714916317548
12826,0.6016533258681958
12827,0.7775903335828034
12828,0.5797137532250047
12829,0.9089509809978354
12830,0.1961620255230939
12831,0.4572570526651224
12832,0.49862433138765544
12833,0.6104303502602222
12834,0.6088696351060264
12835,0.8039210003151901
12836,0.9545428992823686
12837,0.40853228655605367
12838,0.12629224082774354
12839,0.9349393762847475
12840,0.7516499367396986
12841,0.38741517984488427
12842,0.75413173001737
12843,0.34450778185845965
12844,0.6628417040221055
12845,0.32473981106219624
12846,0.84699391749651
12847,0.14248814831505657
12848,0.4962365044297982
12849,0.4758634229232463
12850,0.6438025152558687
12851,0.7971716752939596
12852,0.9292443375305056
12853,0.25552958014154153
12854,0.5442393398387438
12855,0.348865373714071
12856,0.5815717685650452
12857,0.6259568029049716
12858,0.8872102526893543
12859,0.3945172341906634
12860,0.7208669455062088
12861,0.8686740482449565
12862,0.6321367109121738
12863,0.6745323571506826
12864,0.7720460909465447
12865,0.9165685188682849
12866,0.7841443880642892
12867,0.5813202324124526
12868,0.3594015043586586
12869,0.5578532035928635
12870,0.6722878296888111
12871,0.7358588705313654
12872,0.6849589804702834
12873,0.7398572054578605
12874,0.8204625689690132
12875,0.41540701173171196
12876,0.3530723767223901
12877,0.4569193529237014
12878,0.2631134835056088
12879,0.808795347051017
12880,0.640551749375797
12881,0.9387362890944415
12882,0.3965751177553971
12883,0.6960136097219571
12884,0.8677772558771931
12885,0.864572487010607
12886,0.20239710525101615
12887,0.370887996314559
12888,0.24868054953925703
12889,0.2777614365720487
12890,0.271115819128844
12891,0.6764019002997642
12892,0.8480911324078503
12893,0.631903313814597
12894,0.4378778184582169
12895,0.4837169129389337
12896,0.35075444613228557
12897,0.09651868397156729
12898,0.6775237140668504
12899,0.06750460191688198
12900,0.33910033958114794
12901,0.28954782733110535
12902,0.7763245130208272
12903,0.394968112167368
12904,0.1728868021537366
12905,0.7645503236468826
12906,0.8785620651544482
12907,0.9036424847532253
12908,0.8728411293612409
12909,0.1025013121782519
12910,0.41210348442217876
12911,0.4057151902515693
12912,0.5920797677613665
12913,0.3998512528994148
12914,0.38724983478435177
12915,0.8768300087239527
12916,0.25486312023563473
12917,0.9275100998217706
12918,0.634798690263247
12919,0.37337068300630344
12920,0.9603939729311809
12921,0.8634001206824726
12922,0.4596672572775041
12923,0.7989056464167704
12924,0.877218314833823
12925,0.3298391932443835
12926,0.9069164611779978
12927,0.571846559482317
12928,0.8530383308626542
12929,0.49197465735233303
12930,0.49872926661338657
12931,0.6432933279456389
12932,0.7804648695237663
12933,0.21766831251383711
12934,0.20672977407762505
12935,0.43928403163966
12936,0.5918858083629942
12937,0.6977216271861153
12938,0.510332772907515
12939,0.292129597674443
12940,0.9496048597876644
12941,0.6971337907550605
12942,0.5874501822169229
12943,0.8731657137592896
12944,0.6474336035858603
12945,0.858448162778115
12946,0.8859104109412359
12947,0.535380693954017
12948,0.6450440433401533
12949,0.23403137293078186
12950,0.6158883736367803
12951,0.3926741436182786
12952,0.6047973002619139
12953,0.5498146541035585
12954,0.365021890207998
12955,0.7834228859469968
12956,0.5324805949549822
12957,0.3639378453230997
12958,0.5706714885900357
12959,0.3571425917957156
12960,0.438460272957912
12961,0.644713836549421
12962,0.7607028760700182
12963,0.37808581370068023
12964,0.1409994854448446
12965,0.7263039993744876
12966,0.26665452716028454
12967,0.884790008891568
12968,0.5436087596477722
12969,0.5784786458999894
12970,0.036133733458899836
12971,0.7204331342673803
12972,0.3848525738934059
12973,0.5311481130101954
12974,0.36647375612441413
12975,0.5494120215071935
12976,0.35922356928180277
12977,0.8186139766864288
12978,0.815474011269406
12979,0.4578535777306859
12980,0.9028235052684735
12981,0.5899405335775213
12982,0.34487397559277455
12983,0.2276634037885731
12984,0.6990393164563627
12985,0.912905337146867
12986,0.8999446081155766
12987,0.14924499500569968
12988,0.6805449782019533
12989,0.11916718081344954
12990,0.8605625408172882
12991,0.9557538075993617
12992,0.9096865739305711
12993,0.2361635323692651
12994,0.9189712367904141
12995,0.4322258556753293
12996,0.16216471627718032
12997,0.5938742801884371
12998,0.7587471162121737
12999,0.5711526387249555
13000,0.29822401373479973
13001,0.11731741722603208
13002,0.05855295383332221
13003,0.6732869331247283
13004,0.6656181775927622
13005,0.7177613026722587
13006,0.8041260622930657
13007,0.6796979060129692
13008,0.6387788172866637
13009,0.21065400776399762
13010,0.7074938584071812
13011,0.7319214200200976
13012,0.303564507725805
13013,0.259377231140906
13014,0.8525128009399109
13015,0.539759379866589
13016,0.1501945156841841
13017,0.013918738523252237
13018,0.6372551471894342
13019,0.6554835796412313
13020,0.8066507581550801
13021,0.6677284555831398
13022,0.37300929655251464
13023,0.2733612744620683
13024,0.36105641352818446
13025,0.8244955542953012
13026,0.6946377016259024
13027,0.5216623221245631
13028,0.2869087084745476
13029,0.39985234826441696
13030,0.8548211877381185
13031,0.7434987186191585
13032,0.5311718890144378
13033,0.4671205505273492
13034,0.7891077363409725
13035,0.36862232584433957
13036,0.7699935054664313
13037,0.6838670536252008
13038,0.5771695587617524
13039,0.6477588972035935
13040,0.20691467456944174
13041,0.6599081686788475
13042,0.683346686983275
13043,0.09725925976563858
13044,0.7331163150883253
13045,0.920910213566019
13046,0.6571805329818654
13047,0.3644723549960746
13048,0.09091722761076287
13049,0.6732368245226639
13050,0.3660761105544983
13051,0.29914823564041
13052,0.10013304364818584
13053,0.6140998644219042
13054,0.722430919425445
13055,0.6610060793995974
13056,0.6680857787407738
13057,0.5539548832733056
13058,0.3176852923128642
13059,0.97335490856601
13060,0.017382611446676174
13061,0.5609199710160346
13062,0.9238731969444771
13063,0.4395771505923388
13064,0.9858729111551261
13065,0.14038840587884965
13066,0.8935821111985709
13067,0.7576810963841624
13068,0.25554893220611763
13069,0.9463170640185325
13070,0.12700679126510603
13071,0.24759850241044645
13072,0.39967740400509427
13073,0.36057112158158316
13074,0.886171896960559
13075,0.760242463883244
13076,0.6763994212896582
13077,0.4727215083398508
13078,0.8229639498369162
13079,0.7594203473653316
13080,0.5160851761628991
13081,0.693190507343394
13082,0.4622154631374421
13083,0.811065736065757
13084,0.5178566763809797
13085,0.5630286503413359
13086,0.08061517451715741
13087,0.16755081043042222
13088,0.4063310088926089
13089,0.5800670288901373
13090,0.4556897137542849
13091,0.8036438317540029
13092,0.813556802748157
13093,0.7968900012327469
13094,0.3077240060116805
13095,0.8726087703742158
13096,0.9462500715690785
13097,0.4082263514631759
13098,0.26287636076620197
13099,0.5880100259319927
13100,0.5026493052873173
13101,0.18124182303716996
13102,0.4906455681227019
13103,0.6364679719016345
13104,0.13668353365408767
13105,0.6994799798003283
13106,0.267714504197689
13107,0.5597263725327992
13108,0.6815921795942966
13109,0.49428353908237715
13110,0.798023532707747
13111,0.7680039237122388
13112,0.28188019294789374
13113,0.5468301555017157
13114,0.312857392577377
13115,0.1994326647168166
13116,0.7722982554631131
13117,0.04823911954513328
13118,0.4346728498322995
13119,0.4868903495067653
13120,0.5916515683725305
13121,0.8685111173013564
13122,0.5700449213602388
13123,0.44498754572364196
13124,0.4495074742771149
13125,0.842965406889599
13126,0.5937535012093881
13127,0.5527904664475048
13128,0.5920562727478942
13129,0.8137601670648356
13130,0.6209036592149775
13131,0.8915768693492349
13132,0.8691601635902424
13133,0.7210260863006474
13134,0.6171321641257664
13135,0.7350399728538329
13136,0.7882767513296227
13137,0.7248444555357518
13138,0.7019858142553491
13139,0.7988464212480755
13140,0.25188817066959307
13141,0.7688141909140702
13142,0.85474536527049
13143,0.6938844934726888
13144,0.7946493477727092
13145,0.1797622459822188
13146,0.11572858327978261
13147,0.4768155784698035
13148,0.27800555671950433
13149,0.5299820172458601
13150,0.36349888243510325
13151,0.6472019505397304
13152,0.740710089936797
13153,0.9050545122939923
13154,0.3754889148374899
13155,0.9125050896947257
13156,0.32979360813029934
13157,0.6515865529738808
13158,0.7685298341146226
13159,0.6715012120221832
13160,0.6644084678430119
13161,0.19032293833387898
13162,0.49122064440965457
13163,0.38215260646683985
13164,0.9855273730930932
13165,0.3594625121476293
13166,0.6276417049992442
13167,0.6415353398724822
13168,0.7217764219894581
13169,0.15075488345661878
13170,0.32245921228082486
13171,0.5336419381330583
13172,0.12683700052873303
13173,0.5909887171208565
13174,0.3491157023882043
13175,0.05262378471432437
13176,0.7152746055318359
13177,0.4428645227095592
13178,0.24351066606265004
13179,0.3282195255155564
13180,0.6123857294427498
13181,0.691470818028818
13182,0.2927445819839774
13183,0.21610394457966514
13184,0.721347980321242
13185,0.1688028127964662
13186,0.29181445512911564
13187,0.9344408279850172
13188,0.4563935923329056
13189,0.6467490392992833
13190,0.488984389584064
13191,0.9464335388190402
13192,0.1500895222910278
13193,0.5089193391525808
13194,0.7183670156447569
13195,0.833350995935114
13196,0.581495537169927
13197,0.13834955468621737
13198,0.09862519797500667
13199,0.7815316662968692
13200,0.8981121228367499
13201,0.03956058760811654
13202,0.6244763797902996
13203,0.6052619242862517
13204,0.6286238131051052
13205,0.6672758323741056
13206,0.6624396923441375
13207,0.9068827994238507
13208,0.15460321627889792
13209,0.7939652136759354
13210,0.2885065470829388
13211,0.734549840304363
13212,0.7221657497307886
13213,0.1602707806219629
13214,0.689555147313397
13215,0.4992192469127031
13216,0.7372988542328295
13217,0.16410679451200022
13218,0.9775056066402189
13219,0.5874650690397345
13220,0.5868400772999495
13221,0.48769518640574505
13222,0.6553460846286034
13223,0.34439834583471407
13224,0.555869279828467
13225,0.3042192826666092
13226,0.9137494918156264
13227,0.4475389645126371
13228,0.9253183577146848
13229,0.6405775627022636
13230,0.4921213937309603
13231,0.1850158210290024
13232,0.24935414023580282
13233,0.5634174062841351
13234,0.5661246559177265
13235,0.4220817166144018
13236,0.7646402277092067
13237,0.42828149006656235
13238,0.9872654604138439
13239,0.7387329874383071
13240,0.5130692726084589
13241,0.6012494411632487
13242,0.5458387574664934
13243,0.512115949984858
13244,0.3908158422369135
13245,0.14766729663690695
13246,0.3605279871031629
13247,0.7984084168757701
13248,0.38590352853202703
13249,0.8742305440473748
13250,0.7320867420632785
13251,0.38383031617359964
13252,0.74284658509864
13253,0.05902954433298057
13254,0.6890865452512718
13255,0.8960154642082747
13256,0.1879491192756874
13257,0.35902535327418844
13258,0.808412169990502
13259,0.911432889713438
13260,0.9321192692354933
13261,0.7752748490883714
13262,0.26544349756050306
13263,0.6009875044156157
13264,0.6089906620730754
13265,0.43895989011012676
13266,0.8487948375789711
13267,0.8296250294375627
13268,0.452060752203075
13269,0.9554474609454957
13270,0.8825596796684663
13271,0.5064069284797951
13272,0.4007428500012528
13273,0.7943777055855354
13274,0.47532990706710826
13275,0.23532908042938502
13276,0.8936133944051813
13277,0.28188492258925135
13278,0.675496859738742
13279,0.5110141667525057
13280,0.7848775016145378
13281,0.815936074478937
13282,0.8310978040832133
13283,0.6080265154741445
13284,0.7849450038884561
13285,0.3176538083260547
13286,0.38021435287130506
13287,0.08956133875317236
13288,0.9758923470616984
13289,0.4241430257152849
13290,0.6957550050284494
13291,0.9475133689659854
13292,0.8356147067253478
13293,0.6707899348909636
13294,0.23393027430711646
13295,0.7109300136494964
13296,0.19539565118674124
13297,0.2861314766876957
13298,0.8728392000672551
13299,0.49534333309049494
13300,0.4015677360601584
13301,0.8337174928342027
13302,0.9020682301463138
13303,0.15869480333973368
13304,0.39069397532901723
13305,0.054434805400620824
13306,0.445310929074013
13307,0.794166342549172
13308,0.5827309638332759
13309,0.3987247729962306
13310,0.31140667072622985
13311,0.8677458801101764
13312,0.5468355776553141
13313,0.5711710255175113
13314,0.5785871825551984
13315,0.732682888137339
13316,0.43282017154991415
13317,0.1302372664821366
13318,0.2573620074622993
13319,0.4410191147486916
13320,0.776270961889951
13321,0.3267655041867184
13322,0.83243918573453
13323,0.505976613822358
13324,0.3770520296864916
13325,0.6569989776125165
13326,0.5709749744637052
13327,0.6871060615915837
13328,0.8240660921077501
13329,0.29122586494256897
13330,0.331724115223258
13331,0.19866946084792672
13332,0.8546177455762928
13333,0.7485619519072371
13334,0.5323474422063429
13335,0.8569205599814913
13336,0.5843063374925448
13337,0.5058949161154879
13338,0.6386531150718687
13339,0.15097338520771106
13340,0.4086741025033332
13341,0.5489234051280957
13342,0.41134514323253485
13343,0.7339895633746005
13344,0.34805391522197937
13345,0.7620490577808074
13346,0.2506306997213568
13347,0.16620577151874721
13348,0.29814453816840353
13349,0.46332196819586136
13350,0.33832736365415417
13351,0.4785070671752881
13352,0.9208533281788323
13353,0.19210885624584292
13354,0.8391176484938768
13355,0.7992340131272957
13356,0.9458542170015376
13357,0.8567364573326937
13358,0.6194006300283429
13359,0.6195790199622156
13360,0.4447425048580261
13361,0.7805986206844729
13362,0.20898836986412303
13363,0.338801020401398
13364,0.861750927644807
13365,0.7474112263113669
13366,0.8909698095298515
13367,0.6320953736740784
13368,0.833545935565128
13369,0.3518398033126919
13370,0.4388935207627808
13371,0.6850983140651696
13372,0.29626148940261854
13373,0.3513295271269452
13374,0.9879451478688848
13375,0.3945398589637528
13376,0.47560609373079693
13377,0.3559322530978294
13378,0.7819499577383316
13379,0.4343877109011789
13380,0.4546713056747736
13381,0.34451577389245347
13382,0.14242092078569804
13383,0.47524040574366977
13384,0.9217128799807891
13385,0.40342665075212725
13386,0.1403219813030703
13387,0.7800828765406077
13388,0.39962233177712986
13389,0.6071473113698169
13390,0.5681021821264959
13391,0.808753992760591
13392,0.14821092589883894
13393,0.4940547216379227
13394,0.6646751908025141
13395,0.48573188493754965
13396,0.842623027390232
13397,0.37643975117167056
13398,0.37061212184265363
13399,0.49970108911230626
13400,0.5969965154357343
13401,0.3750209385777861
13402,0.9393696618604473
13403,0.19095395223461029
13404,0.5889026547858732
13405,0.5250727723516481
13406,0.7614522656743207
13407,0.6763814731820786
13408,0.7478316956619931
13409,0.26333184316718844
13410,0.34710857529840067
13411,0.8213067771397958
13412,0.8054645095891257
13413,0.25548809932546096
13414,0.7625786998101293
13415,0.6691091307141527
13416,0.13795628591823936
13417,0.32038600881228996
13418,0.3783391593080692
13419,0.7969041365150796
13420,0.8955654264026205
13421,0.5593942118842768
13422,0.10738130862109416
13423,0.22880408109029826
13424,0.28395971692035854
13425,0.6035885847283669
13426,0.9419457780747923
13427,0.5947679092537113
13428,0.3261768249551713
13429,0.6276855191469846
13430,0.3845383012051445
13431,0.5003010941789346
13432,0.5703475270052464
13433,0.8338353829479911
13434,0.32351828929089904
13435,0.865791020274473
13436,0.17786058911903957
13437,0.573147332806958
13438,0.2553102548250428
13439,0.4633368663095108
13440,0.16000831781081043
13441,0.8012277818136923
13442,0.9533694540506074
13443,0.8161192837168809
13444,0.6651359633970292
13445,0.7607636722320256
13446,0.4651267352040506
13447,0.33015041639109316
13448,0.8177295597517859
13449,0.6798627907264087
13450,0.610740133594894
13451,0.6992284525191255
13452,0.7550692426677252
13453,0.5645131742837518
13454,0.6052619593210335
13455,0.7225760778912584
13456,0.6442854499072597
13457,0.4865225411559502
13458,0.582202206921662
13459,0.23622964733233343
13460,0.44060946257237643
13461,0.7014377783541191
13462,0.41158613212813255
13463,0.185470483772172
13464,0.9565041183836336
13465,0.8018495078151046
13466,0.9473376229574831
13467,0.7500372486097218
13468,0.8512821588685137
13469,0.47249531640379466
13470,0.3177258309079534
13471,0.52362719653079
13472,0.8844708318783409
13473,0.6483097136839361
13474,0.7740766182296107
13475,0.8054551516430875
13476,0.307590998660425
13477,0.947149515983937
13478,0.0578025700309135
13479,0.4214571446629773
13480,0.9148313870662872
13481,0.043999407588438795
13482,0.7883048200272673
13483,0.4060226049342312
13484,0.42632081964601065
13485,0.4769772359082806
13486,0.2587760701283873
13487,0.17116463043114968
13488,0.6459983646963496
13489,0.13030214463560313
13490,0.5666500061425157
13491,0.5538596702321942
13492,0.8954062905324359
13493,0.5921018721623681
13494,0.4020937527265334
13495,0.5098790499718955
13496,0.45118256168610993
13497,0.6571037395890984
13498,0.911719221423878
13499,0.45359701296838356
13500,0.3391290487441488
13501,0.9530569128510947
13502,0.6080421310039552
13503,0.45657072125968795
13504,0.06670930868016381
13505,0.39669660229572706
13506,0.7178329623049374
13507,0.4836084643964017
13508,0.075879701787642
13509,0.86853922567191
13510,0.598321754745463
13511,0.5660962197375817
13512,0.49177305895403406
13513,0.8050264277363852
13514,0.39484994146505503
13515,0.41612730614827553
13516,0.8301574062933091
13517,0.7015727204320688
13518,0.358336129309676
13519,0.706498331552211
13520,0.14933354589380893
13521,0.6605858548577473
13522,0.4914788842031732
13523,0.17705324498716876
13524,0.8416187461966393
13525,0.5722800042500269
13526,0.5889192158844608
13527,0.4694026908785951
13528,0.7530995413785468
13529,0.6699620184182975
13530,0.6572529465377338
13531,0.9747352211291841
13532,0.3669051781725585
13533,0.6049620254922788
13534,0.6499835744690771
13535,0.3143375901555431
13536,0.7464698440762824
13537,0.8063746323676698
13538,0.7934399218572691
13539,0.6579968033953257
13540,0.4835017140317172
13541,0.46098132257691005
13542,0.8494126987874041
13543,0.6813624215728251
13544,0.33005026620190475
13545,0.025886255490452644
13546,0.6455588189407551
13547,0.06970857189768911
13548,0.9172825908501645
13549,0.6164865479799111
13550,0.9335438639875365
13551,0.7127888839260066
13552,0.8090984450297669
13553,0.7644023647113026
13554,0.30761403777417545
13555,0.7739232613431714
13556,0.21551819255284377
13557,0.7513018194926316
13558,0.4466209435624039
13559,0.6623220446140055
13560,0.5402630110055219
13561,0.6166128477516535
13562,0.15719313253488879
13563,0.8913755385862725
13564,0.31766938329010913
13565,0.8395082560626435
13566,0.2846879973543067
13567,0.4346975307750948
13568,0.747691574158008
13569,0.9530330511954509
13570,0.12629968027718963
13571,0.9194800641214019
13572,0.5324635758770779
13573,0.8881907339245441
13574,0.2858309817994646
13575,0.9319960428574904
13576,0.4849200032593403
13577,0.9183594719681926
13578,0.7123136415184809
13579,0.3886662712377084
13580,0.42586145119843205
13581,0.29904502906971275
13582,0.20138612375347667
13583,0.47127332486395185
13584,0.6194248036542269
13585,0.7543053676614654
13586,0.3997110268141291
13587,0.6425249067697976
13588,0.49157448816573984
13589,0.8326010926427272
13590,0.3021821807980671
13591,0.4250284043756912
13592,0.7635003199857602
13593,0.7374899492914416
13594,0.6766534778062064
13595,0.7115911630136892
13596,0.5496042941796465
13597,0.38661106747715873
13598,0.9600059117732528
13599,0.31393850559066794
13600,0.7794096974877068
13601,0.6724605073687785
13602,0.6870323771074182
13603,0.3558845841947831
13604,0.5880342755883227
13605,0.49787238082938273
13606,0.20194753025732534
13607,0.6296446729699458
13608,0.6087416672001347
13609,0.3672770048637382
13610,0.9830829428981246
13611,0.5842160338129563
13612,0.5058491875262691
13613,0.6896827668669842
13614,0.4567055085831335
13615,0.9971253188232874
13616,0.34386817959584026
13617,0.21879376928527006
13618,0.6136350000086583
13619,0.710732514163613
13620,0.7172607138170263
13621,0.9731023448544126
13622,0.5427663345066277
13623,0.6611529467191478
13624,0.09408293439849989
13625,0.43461130545662374
13626,0.09849598684957062
13627,0.3571157684367941
13628,0.3039152559135297
13629,0.31650572183999715
13630,0.8946204561215951
13631,0.8233240115266699
13632,0.5933343084576809
13633,0.63060713789311
13634,0.8850757205358768
13635,0.6295726112818676
13636,0.07777961049064225
13637,0.7394577453412029
13638,0.6773505296827489
13639,0.29143265260270323
13640,0.13518967357718348
13641,0.55911549118475
13642,0.6903575818817282
13643,0.3487105306963958
13644,0.34160642990701334
13645,0.25991787383053766
13646,0.18775790317884364
13647,0.7517386333197863
13648,0.9382586820918287
13649,0.9633220738601971
13650,0.5195432732173497
13651,0.3047360405177309
13652,0.4654000441535584
13653,0.256423005469775
13654,0.6673282499193981
13655,0.7160400278198604
13656,0.141723619010025
13657,0.8709518566975347
13658,0.7485061445790103
13659,0.3044405060693701
13660,0.5169457319178827
13661,0.47105903098193597
13662,0.33522639263088994
13663,0.5215133504929359
13664,0.8104607136863726
13665,0.6189362659440616
13666,0.2076964500271957
13667,0.9179376305951261
13668,0.5328570439740664
13669,0.863289818304064
13670,0.7811541719830707
13671,0.1832437723883616
13672,0.5185375564148466
13673,0.36800492618196257
13674,0.247820521238992
13675,0.6648053539959266
13676,0.7842842012590777
13677,0.7502800063189421
13678,0.8687211642235892
13679,0.2524755168134098
13680,0.9536050409336972
13681,0.8994782169529381
13682,0.812591319154122
13683,0.5903933523971151
13684,0.6908816357219384
13685,0.30076887502672545
13686,0.526668798254728
13687,0.4747555160398059
13688,0.48759771492603116
13689,0.3725648949033388
13690,0.5318097652871672
13691,0.46848430888505727
13692,0.35751362396196434
13693,0.4489049842963866
13694,0.6069641925889675
13695,0.33898227547150506
13696,0.7620674452998051
13697,0.11966969824537058
13698,0.6805071124880848
13699,0.7334236256543387
13700,0.5627461412513644
13701,0.04413453317505999
13702,0.6850432772078391
13703,0.9276337883113855
13704,0.43511102087149117
13705,0.7029700561578824
13706,0.7025621720819972
13707,0.32995416735102256
13708,0.7703651811304223
13709,0.05046442780142244
13710,0.5009126160442084
13711,0.7151991794630449
13712,0.5493555876167759
13713,0.6029273691123254
13714,0.5396800667884161
13715,0.7124683817485922
13716,0.41705858047067607
13717,0.5694109646115298
13718,0.6185005089321202
13719,0.9179951261324842
13720,0.9700974598297886
13721,0.25996815978143006
13722,0.21176026897427894
13723,0.4685965746693284
13724,0.6811330734610883
13725,0.40132823455728556
13726,0.8966698540739683
13727,0.8121649713289447
13728,0.6722171907279787
13729,0.6203027772021251
13730,0.9067348277455562
13731,0.40073238203314243
13732,0.890781657025954
13733,0.9104505749650738
13734,0.8165782689043689
13735,0.06406670483732031
13736,0.13691587968254199
13737,0.7804027019399314
13738,0.947321163404677
13739,0.8320630955559405
13740,0.6966364864203216
13741,0.7896474103492302
13742,0.17258735714773388
13743,0.26858150993855695
13744,0.9069024911166496
13745,0.18709458086142294
13746,0.7441741912165577
13747,0.4562011436270186
13748,0.3503490304048072
13749,0.7813426763210625
13750,0.7129211579146448
13751,0.5953720033142959
13752,0.5898673617506108
13753,0.8563300998118615
13754,0.8223458518520013
13755,0.8455185828974399
13756,0.8967987772765041
13757,0.6460827570212793
13758,0.6043089886128435
13759,0.3390400456952127
13760,0.6951822597362675
13761,0.5456682979303068
13762,0.9108823385802031
13763,0.8291133915269742
13764,0.42761945927947304
13765,0.6225625792439827
13766,0.46860189152269327
13767,0.6496553106166433
13768,0.8883425585499809
13769,0.44188591247995607
13770,0.11079417823971753
13771,0.29908320312819947
13772,0.9494832557659209
13773,0.9064887955230183
13774,0.820702298222084
13775,0.6981269811778198
13776,0.13833886267252488
13777,0.5575068658942297
13778,0.18710565856271522
13779,0.46726374156600164
13780,0.49178385743815173
13781,0.45198430287877195
13782,0.24236389838175998
13783,0.8814460930745006
13784,0.4302695216809203
13785,0.24705650529089773
13786,0.13227745533593926
13787,0.7119258490146785
13788,0.6487058724638066
13789,0.24441889884494306
13790,0.41340199052397036
13791,0.6825249400622306
13792,0.6650745366425408
13793,0.9705180921851267
13794,0.25322309868984566
13795,0.4267611529429482
13796,0.3510202965987903
13797,0.6952429351414783
13798,0.7928562770713306
13799,0.24422287805922524
13800,0.4643996390591224
13801,0.4589358433887865
13802,0.19404761161590997
13803,0.8365863619590694
13804,0.4713890916753936
13805,0.21923298583750936
13806,0.5322736936145591
13807,0.16586378216383746
13808,0.4298387649402725
13809,0.21191165930289863
13810,0.4753689509921049
13811,0.4327480453274768
13812,0.7638019799913364
13813,0.5453523776583965
13814,0.6907480282420645
13815,0.685371399137313
13816,0.39895192621745956
13817,0.9768490820636606
13818,0.8999457910683255
13819,0.9838066772394438
13820,0.95872307650154
13821,0.16393976264992907
13822,0.9249030817771983
13823,0.8950011861479065
13824,0.8019605401762195
13825,0.7268605951994751
13826,0.8525986971930145
13827,0.7692367067379337
13828,0.37575435671927016
13829,0.22209862336018102
13830,0.07645317872175728
13831,0.9243701388052412
13832,0.5240594558898954
13833,0.1619278985293288
13834,0.3722969863154267
13835,0.7796421945372762
13836,0.5131193386775895
13837,0.1583224378477865
13838,0.3533825545202612
13839,0.8751743972400657
13840,0.27638315855701107
13841,0.8315873068863961
13842,0.5367715281589779
13843,0.2810362055983662
13844,0.5091577162475908
13845,0.34355567203855897
13846,0.7427729778361619
13847,0.8666885915184636
13848,0.8529024033601769
13849,0.07609849572589886
13850,0.13085973761746503
13851,0.6807457081624168
13852,0.9258899031638249
13853,0.6861018257036697
13854,0.8788492567993109
13855,0.9189462781339842
13856,0.8999847978295785
13857,0.48735746411666037
13858,0.3240681466769177
13859,0.8144728248325562
13860,0.45220881182351375
13861,0.1728164763150198
13862,0.2301886038756517
13863,0.3189846614426722
13864,0.5612100480091775
13865,0.9003410684901615
13866,0.7892190947332689
13867,0.803870532400263
13868,0.47708891326074243
13869,0.7987987537887933
13870,0.7749041414099233
13871,0.6567650171272075
13872,0.6474596810831421
13873,0.48823200393186295
13874,0.26390575877279604
13875,0.563053287359935
13876,0.440714738356403
13877,0.5164981515396319
13878,0.45791891685423763
13879,0.25549477037508983
13880,0.9302783316378153
13881,0.4283176890799931
13882,0.26879587712758574
13883,0.9413177307117535
13884,0.2767258232050728
13885,0.6136638811164047
13886,0.7887658524236029
13887,0.2318514782829118
13888,0.8639615383375622
13889,0.13916723541202966
13890,0.8755278520397245
13891,0.18728984008525323
13892,0.389083772476629
13893,0.39064781644510904
13894,0.6333482432201237
13895,0.6784775368655042
13896,0.6161034785977074
13897,0.46123932275667084
13898,0.5989964430330943
13899,0.9166014633328234
13900,0.834392263704006
13901,0.9181539209379553
13902,0.3938061414106528
13903,0.6417406861300982
13904,0.866332018604221
13905,0.2333513018379858
13906,0.2852688200059299
13907,0.5029661761791563
13908,0.27400899415856605
13909,0.15102039220612606
13910,0.1604100278369374
13911,0.4194369935366775
13912,0.4201473970622395
13913,0.23158702053978875
13914,0.573095380738994
13915,0.2274593869769104
13916,0.09383686492979867
13917,0.4501502844726749
13918,0.054736929601404596
13919,0.7803073706337035
13920,0.1829707053134314
13921,0.4247883705281137
13922,0.5611165952955839
13923,0.15412760786911237
13924,0.2973650861886586
13925,0.6413291953214504
13926,0.8925833106173812
13927,0.5179713798725872
13928,0.2861004731616368
13929,0.21876485835258985
13930,0.4996528125053463
13931,0.4529468032011563
13932,0.8391857791675429
13933,0.8205141207564096
13934,0.3936473137143535
13935,0.6731367003041153
13936,0.7090581311488597
13937,0.6640321363927061
13938,0.6686735897543542
13939,0.6474122556288046
13940,0.8887708878736499
13941,0.5621932819078513
13942,0.7908910429475247
13943,0.20832355386234933
13944,0.29485027985084855
13945,0.7256386491134541
13946,0.6412776671504653
13947,0.9902961507239441
13948,0.49769373580598875
13949,0.8091069434385589
13950,0.5123552228889133
13951,0.42199594780203836
13952,0.48649052668388
13953,0.42454744832040486
13954,0.8195636375361819
13955,0.1310613470854346
13956,0.6165130632718053
13957,0.5365112243040185
13958,0.30989534987984835
13959,0.8995707036907514
13960,0.7828461841320126
13961,0.7728029573578516
13962,0.8028119026045958
13963,0.25944243066122497
13964,0.9208636876515115
13965,0.8142382400140327
13966,0.23724836808689903
13967,0.8274638710403468
13968,0.6154913845187582
13969,0.640837993204207
13970,0.28662558354703765
13971,0.8750586312584505
13972,0.8317191339919847
13973,0.06862872634401934
13974,0.632557526775903
13975,0.3452794037261898
13976,0.17615614029094134
13977,0.41618095503784536
13978,0.8383186405594827
13979,0.6334864437295178
13980,0.8085136693584473
13981,0.7543066759721269
13982,0.7243247044042348
13983,0.7072734719416996
13984,0.795488808808207
13985,0.529413299918627
13986,0.7603288118613166
13987,0.5322687049399634
13988,0.2928853241163616
13989,0.9798419122914023
13990,0.5578195717850112
13991,0.04445628059169571
13992,0.34038711024046964
13993,0.6517639875673503
13994,0.764321948910481
13995,0.8106992947770502
13996,0.17768920024785248
13997,0.5158482299370983
13998,0.5236300635642094
13999,0.6000429198203466
14000,0.7557217041037201
14001,0.4275867356643191
14002,0.7687013045192909
14003,0.7903328829090644
14004,0.2858643876338166
14005,0.795578557760965
14006,0.6827354096995396
14007,0.5225940748463138
14008,0.5078447845669986
14009,0.5790711310060112
14010,0.8281959829447553
14011,0.9037416080089204
14012,0.5082786084187779
14013,0.040394206921470055
14014,0.8818745359634416
14015,0.6940427147871114
14016,0.9187592927087963
14017,0.3949265637103262
14018,0.5703121752529661
14019,0.37038111706990173
14020,0.18557358967858847
14021,0.6755127483421911
14022,0.29051918325001186
14023,0.904662574435809
14024,0.6936872271728188
14025,0.6243751140132693
14026,0.6057980399018235
14027,0.22022859715616924
14028,0.29025873365568994
14029,0.7417850664789326
14030,0.34621468709703523
14031,0.9077805638044594
14032,0.2799464857889789
14033,0.8253508882820869
14034,0.7913284249261007
14035,0.8389185746245263
14036,0.08073906724357544
14037,0.68833610574123
14038,0.7478632837537634
14039,0.8443323423486458
14040,0.7134514897851737
14041,0.6175040316002971
14042,0.7233535031427798
14043,0.9453889054890621
14044,0.9509293403447918
14045,0.7475425236318662
14046,0.6036732659342819
14047,0.2756824321407108
14048,0.6150438982614211
14049,0.7506618725552724
14050,0.5503634762198808
14051,0.569192848564901
14052,0.7200697879420367
14053,0.4972400792763401
14054,0.786437711908426
14055,0.5838828070878661
14056,0.5825393746634694
14057,0.9762286400486021
14058,0.9596779548539889
14059,0.25706498554792706
14060,0.2035134630270459
14061,0.21489974365741787
14062,0.3945375329600396
14063,0.8645064798974382
14064,0.4127429561553688
14065,0.24412080750064521
14066,0.408144149533851
14067,0.45054575902951655
14068,0.4088431003604441
14069,0.8869007041539702
14070,0.7564641019901843
14071,0.6692814150801726
14072,0.4317812744380302
14073,0.6282594422674729
14074,0.360554245650617
14075,0.39481482142558305
14076,0.6154097357083685
14077,0.4480033577759709
14078,0.8002300754642667
14079,0.4274228827998428
14080,0.502612083490705
14081,0.4760041370359866
14082,0.9214823952180234
14083,0.3572540353519482
14084,0.7665973134001264
14085,0.7803849841367413
14086,0.42220260333570026
14087,0.6183202781379897
14088,0.8249796267035475
14089,0.8204493619181481
14090,0.564814519526998
14091,0.5334426036295882
14092,0.09454543757445877
14093,0.2706522505561797
14094,0.8369715556620878
14095,0.3610294472301125
14096,0.19424730473822688
14097,0.5609971885089461
14098,0.3282496070703893
14099,0.9110167499013665
14100,0.869103300910094
14101,0.20332475702540426
14102,0.36145594305493334
14103,0.4600511141655119
14104,0.6663410328232358
14105,0.7935924938357907
14106,0.8409742071705931
14107,0.9826580195100543
14108,0.37774532428623775
14109,0.678276728439808
14110,0.7683073081152331
14111,0.32787023820313854
14112,0.5350332642272422
14113,0.6372519741457929
14114,0.10510807761369027
14115,0.617308967228962
14116,0.43919325577772805
14117,0.5247449452033907
14118,0.3199400349740202
14119,0.6461972687262103
14120,0.21755635389417213
14121,0.7643702915814414
14122,0.9427527811919889
14123,0.4544677689893097
14124,0.5697092530535978
14125,0.5633024971591997
14126,0.6904517772806771
14127,0.4447072953002594
14128,0.8777520000603918
14129,0.8750550346807706
14130,0.46850348508032325
14131,0.3095590935824926
14132,0.890201647443552
14133,0.1907902495714925
14134,0.5723298695141341
14135,0.7753676901833241
14136,0.5025198644286003
14137,0.9401149734810618
14138,0.3808200356782102
14139,0.7801120218114568
14140,0.8211830696955141
14141,0.5611397329439928
14142,0.22803208667084437
14143,0.7789980324968232
14144,0.5280210302736348
14145,0.19103089562537653
14146,0.3490409644616509
14147,0.6496876810935549
14148,0.538267071933381
14149,0.6411669333226444
14150,0.45317306348446673
14151,0.5417898899833686
14152,0.32348398062577305
14153,0.4062288301448309
14154,0.4657373060943289
14155,0.7710202304432583
14156,0.5009622550007155
14157,0.8514652537797301
14158,0.4534685433409006
14159,0.4950611203729238
14160,0.6235773765372551
14161,0.7215145311927151
14162,0.7099057026233233
14163,0.06896341389094117
14164,0.7501761054555691
14165,0.4509035670599342
14166,0.7030931065409712
14167,0.2845879972677166
14168,0.17696618888099871
14169,0.9046429417597288
14170,0.5163526206618968
14171,0.5528514263184174
14172,0.6618754145309719
14173,0.8883052790797288
14174,0.4905072732178211
14175,0.8945246210536962
14176,0.4261106489739016
14177,0.8424738877241836
14178,0.15676938981277178
14179,0.4719260284268156
14180,0.7819184825770708
14181,0.7880109080934633
14182,0.6102227614917735
14183,0.9346026449393005
14184,0.17261629209289686
14185,0.6110542903691792
14186,0.583156487766431
14187,0.39245050503734713
14188,0.28320647709838553
14189,0.39244756034888595
14190,0.6309944169225777
14191,0.8029357488389292
14192,0.5497570534520979
14193,0.4402149701389707
14194,0.6926528868837383
14195,0.2053983643312214
14196,0.5606173496562319
14197,0.5283765686181419
14198,0.5254701039097446
14199,0.8524731014369014
14200,0.5059165777218291
14201,0.7621938276139436
14202,0.8561089818016966
14203,0.8547473299533208
14204,0.4001872885599169
14205,0.8834818914886318
14206,0.7265621930695901
14207,0.3736563160494395
14208,0.47607377313561977
14209,0.32323054983957905
14210,0.8012221504426393
14211,0.22064821581145194
14212,0.5031617384167314
14213,0.29074909373661356
14214,0.399115137223654
14215,0.37168891179407215
14216,0.375001436439932
14217,0.07893040277609992
14218,0.7879795891260682
14219,0.41753635925125937
14220,0.612631261763071
14221,0.49921555058350914
14222,0.7722837118405569
14223,0.4571625165515009
14224,0.5651225150352931
14225,0.547340985990939
14226,0.9140471496739668
14227,0.8024866654524263
14228,0.33156245819208185
14229,0.7369453938529068
14230,0.27328706057584995
14231,0.3047695734103781
14232,0.8753895545635286
14233,0.8075058326791694
14234,0.12764404726023726
14235,0.5320547087292556
14236,0.5334889869533224
14237,0.23635455025510732
14238,0.4959127638781536
14239,0.24543896924189382
14240,0.28290616873331575
14241,0.5566220764908555
14242,0.8057537108070418
14243,0.5686192580672582
14244,0.31497993982321865
14245,0.8356594402984465
14246,0.26625348090747336
14247,0.13010474550695605
14248,0.36879590778751886
14249,0.8012720815325033
14250,0.4148413465697153
14251,0.9359207186930755
14252,0.8420162764132976
14253,0.25273928967198284
14254,0.2979738536626436
14255,0.6320386216719763
14256,0.7082227464286895
14257,0.7020931154042498
14258,0.5153979981833983
14259,0.8741374591002578
14260,0.7768993549456349
14261,0.9720896773758048
14262,0.5215902074723832
14263,0.15884634745780052
14264,0.8552622254050037
14265,0.3005303261994346
14266,0.18844416003482636
14267,0.3099255526542774
14268,0.8086936808457065
14269,0.23899737705683827
14270,0.657864574338957
14271,0.49668631017760767
14272,0.7331588191824961
14273,0.8972911888393429
14274,0.42092473611602815
14275,0.9348796837294259
14276,0.1456207001096804
14277,0.31780656836257964
14278,0.23782644883855816
14279,0.07213266336910429
14280,0.6642562588529439
14281,0.18763666649389205
14282,0.3829868857001975
14283,0.9384701602239214
14284,0.6244906074315962
14285,0.7522412658063063
14286,0.33454239916076944
14287,0.5745753643828835
14288,0.8098687546206264
14289,0.2891878037544222
14290,0.42975448174438896
14291,0.6483594050546406
14292,0.5476073250804252
14293,0.5026906319718506
14294,0.9040865247309139
14295,0.6684959502585781
14296,0.5803904935411542
14297,0.7561265799678932
14298,0.15497958705622686
14299,0.8231803528782347
14300,0.7087687245901237
14301,0.5678754433265717
14302,0.29777878691798
14303,0.17989146333538109
14304,0.7491183687389181
14305,0.2513064006113469
14306,0.9023602646046605
14307,0.8453653574724269
14308,0.5205005146468145
14309,0.552013053075552
14310,0.486247962415607
14311,0.7238319241652172
14312,0.7067881458683393
14313,0.7203442078632328
14314,0.4323523632908248
14315,0.846735110256003
14316,0.6232327475782802
14317,0.7232521293939392
14318,0.27458190603645277
14319,0.925576029620992
14320,0.6153401757196623
14321,0.0996733807751392
14322,0.5655351566199587
14323,0.25806331059904203
14324,0.6962829968951125
14325,0.7635317561629782
14326,0.7119124068205163
14327,0.7020988208555781
14328,0.7964899444231287
14329,0.12789835769635124
14330,0.7908380546063448
14331,0.2999555076572424
14332,0.6005817612558659
14333,0.6431599784739838
14334,0.6787627355060557
14335,0.9117776232404702
14336,0.3443878691760351
14337,0.595216214279689
14338,0.7843304870240038
14339,0.3934347006150158
14340,0.6690157596553055
14341,0.14224824130457067
14342,0.3802564930241837
14343,0.7882155227853733
14344,0.8927351218955659
14345,0.1413407679972014
14346,0.7372757177058257
14347,0.1342480917781101
14348,0.20479506558213997
14349,0.6785452069916679
14350,0.14245887326028847
14351,0.5139801213488886
14352,0.5402434747128652
14353,0.3896200108711207
14354,0.28292168458967437
14355,0.6944816307246928
14356,0.16893393843710514
14357,0.44477435291495787
14358,0.44086138461683566
14359,0.4270632638198913
14360,0.7521083596664279
14361,0.2512105959472335
14362,0.2998828755099198
14363,0.6985077149443644
14364,0.6987369758284752
14365,0.2831397854671045
14366,0.5592670986939565
14367,0.4286197287461652
14368,0.32640185876924016
14369,0.7811224617931275
14370,0.611725487785704
14371,0.21684086636503164
14372,0.8248282159876902
14373,0.7206827478869617
14374,0.673806040165025
14375,0.40526579938194934
14376,0.6336033867589893
14377,0.6580064614271359
14378,0.6489971283602779
14379,0.8483185819672466
14380,0.3418239549415365
14381,0.37595338371618847
14382,0.9111151101041416
14383,0.8270365455340019
14384,0.6491255621794869
14385,0.765011984607651
14386,0.7276357865817435
14387,0.7950198498801746
14388,0.8562948325227556
14389,0.33865748446797084
14390,0.34631687810143386
14391,0.22811849065182913
14392,0.8413766094142835
14393,0.3398570909046206
14394,0.7203837199603902
14395,0.9583716156985382
14396,0.5598795034817557
14397,0.8509729024318805
14398,0.7187614073224188
14399,0.8381257215762549
14400,0.06361460521647423
14401,0.36066873834661917
14402,0.39071102654418716
14403,0.7612955220008909
14404,0.8557525873904673
14405,0.7787657251539025
14406,0.7495922623153131
14407,0.11117182694591767
14408,0.5461559842261569
14409,0.6369379824553387
14410,0.5089509805424575
14411,0.28602475293098517
14412,0.6870940103159381
14413,0.20694120057559243
14414,0.3835123456862667
14415,0.8405577482307465
14416,0.6593021040623709
14417,0.26294939045524046
14418,0.28086807406002356
14419,0.6830486391858568
14420,0.15400994197904733
14421,0.4856342756004342
14422,0.6284939619439149
14423,0.6040754146236433
14424,0.4491987676423326
14425,0.6397223625358155
14426,0.5688899505246151
14427,0.5890770520487295
14428,0.834080732692288
14429,0.8068696190300038
14430,0.44380718082118525
14431,0.2914865025284207
14432,0.4494390940117842
14433,0.45437976721500484
14434,0.4475048401505779
14435,0.6213051683934141
14436,0.47998753740053196
14437,0.5522598680668339
14438,0.800779202610512
14439,0.7400424321596697
14440,0.4312688195079615
14441,0.5188641566079947
14442,0.14734555254709863
14443,0.4495006537407187
14444,0.914267454975262
14445,0.4190015503561329
14446,0.5191629339797622
14447,0.6866406593593638
14448,0.6723525936985906
14449,0.5186681795886892
14450,0.5942223024706696
14451,0.8622500333011185
14452,0.9219738097490703
14453,0.9164398398594521
14454,0.715637085812181
14455,0.5981416968808592
14456,0.35189544464539996
14457,0.42280433607884377
14458,0.6458992459648439
14459,0.16242060965444338
14460,0.7336653456376006
14461,0.7419316180666036
14462,0.47479447432014504
14463,0.8689082121301911
14464,0.8572041007181345
14465,0.32635571148531
14466,0.42942698654075157
14467,0.18787492062285557
14468,0.7789360124549197
14469,0.616382482274999
14470,0.7133376480167476
14471,0.9279586751765259
14472,0.5255209077134291
14473,0.4553473887845355
14474,0.8625328923731282
14475,0.57618064887939
14476,0.2996563164383185
14477,0.14142063229325455
14478,0.18981894509703354
14479,0.7224653439210204
14480,0.8521959337518868
14481,0.8850469355317441
14482,0.476075640542376
14483,0.22581556163382915
14484,0.22039399503454624
14485,0.9754856692446383
14486,0.3589466179289326
14487,0.9721253266624242
14488,0.2396240504323388
14489,0.38035899441257986
14490,0.12597561606335927
14491,0.8729805225199337
14492,0.34767886008604304
14493,0.34272650255356657
14494,0.4382681701265813
14495,0.6663027144051411
14496,0.47941067054118747
14497,0.9201359580863752
14498,0.2568506772441566
14499,0.6142848161238315
14500,0.3136040536331113
14501,0.8140538252478792
14502,0.5976973633977661
14503,0.8822443370944664
14504,0.1903028460075453
14505,0.10221382941661716
14506,0.6837447659214105
14507,0.7680325541439532
14508,0.3930628498084648
14509,0.9452987760394259
14510,0.9052681744742035
14511,0.06185081534035974
14512,0.5972229404200053
14513,0.2065111549073889
14514,0.657412800975026
14515,0.5122577844745365
14516,0.6946277868456584
14517,0.6340003620071903
14518,0.8249716492793328
14519,0.512555527977986
14520,0.7856080239416346
14521,0.35511321906129656
14522,0.7446826226804586
14523,0.7649107935465113
14524,0.9569836443441937
14525,0.6718274378048604
14526,0.7109996364380615
14527,0.9438932270480097
14528,0.6651497309773524
14529,0.5785582290554081
14530,0.1388576646376639
14531,0.5353922944299876
14532,0.8549298193164279
14533,0.20540822107726722
14534,0.2817976305767944
14535,0.45718893249161774
14536,0.6123093174653759
14537,0.45911656981767324
14538,0.6181289525146412
14539,0.45369803449444474
14540,0.4799055977411693
14541,0.7494543384872784
14542,0.8338369468499388
14543,0.27528518814177955
14544,0.5765662490195327
14545,0.572649622917528
14546,0.7718912187460489
14547,0.8037676963159004
14548,0.01643116472347141
14549,0.8493606660917001
14550,0.4164631155427699
14551,0.5829947823729821
14552,0.6216468757010392
14553,0.4458873262701984
14554,0.4991051766325243
14555,0.37319294169705275
14556,0.6938880522495964
14557,0.5320597626278488
14558,0.8873764876211395
14559,0.9102487322366081
14560,0.37230654695629023
14561,0.4385012976057459
14562,0.9477330456679119
14563,0.7083356737838732
14564,0.6573545794529512
14565,0.7920942001545783
14566,0.9714559386459264
14567,0.5237007105592153
14568,0.5021116562180743
14569,0.13175309589418244
14570,0.20533538929546674
14571,0.9016167855555575
14572,0.33203579776516057
14573,0.7132789455644966
14574,0.31206490207009907
14575,0.4624367733818808
14576,0.9323696936675634
14577,0.8316459680152175
14578,0.7452867103847611
14579,0.15836053987190601
14580,0.9002219367305645
14581,0.3973296658986661
14582,0.8140660426184703
14583,0.3895328405027139
14584,0.2841488296757736
14585,0.7972305721101889
14586,0.4816754259622046
14587,0.454561630984455
14588,0.6906439853913157
14589,0.23223725020063515
14590,0.3721997074654732
14591,0.25775104353556283
14592,0.9629237902345185
14593,0.4942886941664669
14594,0.6179066947621937
14595,0.39034307533684925
14596,0.4408243366211827
14597,0.09513431168220768
14598,0.4638863122201925
14599,0.24791419792112376
14600,0.5645564872512068
14601,0.6007414705971904
14602,0.8132442837009648
14603,0.8654760697843763
14604,0.823867379679888
14605,0.4774634362165152
14606,0.45986504991892296
14607,0.24964086039085945
14608,0.6694430354850591
14609,0.8370156068911181
14610,0.4332083928677384
14611,0.2903659933263556
14612,0.541218282991727
14613,0.9907363589733185
14614,0.14102224828200782
14615,0.5038576831731626
14616,0.7281002114026568
14617,0.3239559824284105
14618,0.665052328594492
14619,0.7096671951794474
14620,0.5483385879248303
14621,0.42788766609159495
14622,0.8317426034744464
14623,0.6818517763199825
14624,0.851334009898861
14625,0.882759211434624
14626,0.6087280473051726
14627,0.49653427588578475
14628,0.32944895915000866
14629,0.3098472184773529
14630,0.3860474770960081
14631,0.491012081123061
14632,0.5973095293272299
14633,0.6780445311593901
14634,0.8564903009450406
14635,0.4803942200568583
14636,0.16273233543743468
14637,0.19341295995854818
14638,0.9760504275241908
14639,0.7541335178681904
14640,0.45834495520099333
14641,0.4844847616381718
14642,0.4277115906880745
14643,0.9262084696774622
14644,0.5874560632637867
14645,0.6077102501069793
14646,0.6567850586975136
14647,0.4742632942197738
14648,0.8631180053682758
14649,0.3685536434946314
14650,0.5434757435014633
14651,0.11113278155718724
14652,0.6787486962284892
14653,0.29342092012471566
14654,0.8838301876857805
14655,0.2533104917349149
14656,0.5224451615816812
14657,0.41834488558330807
14658,0.5344663973196898
14659,0.22553928405921916
14660,0.8050142276863429
14661,0.41692958335129454
14662,0.05397404873821862
14663,0.5678018568533144
14664,0.6398284368083076
14665,0.5103992816039238
14666,0.71955384917702
14667,0.4851318401457144
14668,0.7611335541211645
14669,0.6465597913282438
14670,0.3090453771700906
14671,0.8457112895520675
14672,0.12660540222260883
14673,0.264447534203697
14674,0.9207845864118808
14675,0.8483323212636263
14676,0.8636135484525573
14677,0.31061214428918565
14678,0.6169710675777558
14679,0.6122735085073069
14680,0.8817946979003519
14681,0.3385837447328776
14682,0.7763971512976897
14683,0.1786049601247798
14684,0.5925060828280789
14685,0.4207283412053044
14686,0.5254951664314406
14687,0.8168331698385134
14688,0.5849732014804899
14689,0.8228169051177493
14690,0.8524602168473536
14691,0.618114570905265
14692,0.9018837491988917
14693,0.1691028495966342
14694,0.6430168493280516
14695,0.22466606778749693
14696,0.5369139647093704
14697,0.752722562862149
14698,0.3354572184936589
14699,0.9272679268541945
14700,0.20863691571260998
14701,0.8878856152542431
14702,0.3071498099307764
14703,0.20905059921609662
14704,0.8819901756503961
14705,0.3976691305996184
14706,0.6257870588074655
14707,0.3385591377291004
14708,0.942887619589428
14709,0.5765220799327169
14710,0.5623862320658973
14711,0.20764089748077577
14712,0.9288961825164751
14713,0.46719499570309087
14714,0.29223556363693415
14715,0.41492198072878556
14716,0.4490371212887919
14717,0.3262969220991893
14718,0.742007577854036
14719,0.704730261238767
14720,0.48146876592089904
14721,0.660736105842858
14722,0.858260178864505
14723,0.6249021093311634
14724,0.6335309437308594
14725,0.4275575198010559
14726,0.16406802332625106
14727,0.760699737207085
14728,0.19913141219626887
14729,0.21561739864369694
14730,0.3972630620200976
14731,0.754465303704399
14732,0.3921592363645368
14733,0.4425770043420003
14734,0.36170791651852935
14735,0.9711484200017575
14736,0.3824017794551294
14737,0.18380054892890282
14738,0.7674335008866234
14739,0.6847396744201492
14740,0.44033008585487693
14741,0.3076601134783524
14742,0.4745774668257651
14743,0.36654695335740695
14744,0.6928740341280741
14745,0.8142916731389985
14746,0.8686685939453332
14747,0.7477870795556792
14748,0.2582209171323152
14749,0.7197421266026967
14750,0.18572870118641344
14751,0.26070882015003494
14752,0.459378369773794
14753,0.8642840394710859
14754,0.6892662729379723
14755,0.785500843267422
14756,0.4758772984740265
14757,0.6047226950028579
14758,0.5118920023517085
14759,0.611130183742516
14760,0.6036748099095864
14761,0.28975127439831416
14762,0.8947937304156263
14763,0.9621116260916394
14764,0.8179946281823941
14765,0.8251169637297332
14766,0.6164643753454013
14767,0.7773821374166696
14768,0.19460871935167312
14769,0.929710315741744
14770,0.9536402158722755
14771,0.35533173284015557
14772,0.52000267688713
14773,0.2574453963562616
14774,0.7381231051159243
14775,0.9335685831243691
14776,0.6566506336908974
14777,0.6177028714431653
14778,0.8365065420821352
14779,0.28053981021458785
14780,0.9330247716152332
14781,0.6972811877113898
14782,0.5646509074789967
14783,0.6339828831383032
14784,0.6034247010452921
14785,0.29186478482410727
14786,0.4504501920012279
14787,0.617578095369717
14788,0.26762294162578953
14789,0.700039122678376
14790,0.43650162615400223
14791,0.23119300026301165
14792,0.6742532679354128
14793,0.3619360325973055
14794,0.9864909610948456
14795,0.8400369887297748
14796,0.8733135861957786
14797,0.8419407216128366
14798,0.4316218845272759
14799,0.9740937994784234
14800,0.23406376713238355
14801,0.4888633835841315
14802,0.887681781962061
14803,0.27511495852464934
14804,0.21363275136315898
14805,0.6208701731106692
14806,0.7948746674142173
14807,0.6682907766797169
14808,0.5526503747323054
14809,0.605683646690107
14810,0.8863794320307117
14811,0.8615036843969328
14812,0.3626140664053015
14813,0.11008548577765825
14814,0.3830981305226004
14815,0.933932723714729
14816,0.3833489369939593
14817,0.580304000695894
14818,0.41563978890197056
14819,0.7853259690423352
14820,0.614845963842557
14821,0.273511115267266
14822,0.8413336650531293
14823,0.42696139116252785
14824,0.49637823056271924
14825,0.4723896285172677
14826,0.22539982775685677
14827,0.3783332754082861
14828,0.7859797246411117
14829,0.8002719384714194
14830,0.6549515285921084
14831,0.8021000906891115
14832,0.40631349704452285
14833,0.17582246866031748
14834,0.7899314742326397
14835,0.38511424996794813
14836,0.9059754258209288
14837,0.24201084099868367
14838,0.701108113919084
14839,0.7389723570028476
14840,0.6018234544044079
14841,0.5376285654851333
14842,0.19108543595179034
14843,0.36736075935806456
14844,0.9652494876457157
14845,0.7816398119183787
14846,0.13684248140909866
14847,0.710206253960924
14848,0.8292450500131126
14849,0.5897978420898736
14850,0.6321636553999282
14851,0.3952449968182678
14852,0.1834380762607021
14853,0.5588857559640893
14854,0.3279585597758706
14855,0.05502141354712684
14856,0.8322327648804951
14857,0.608599273120639
14858,0.3055982230962503
14859,0.667723141045692
14860,0.8867008854027921
14861,0.9535502648788577
14862,0.6808720016929563
14863,0.7242831977963325
14864,0.33546066699368754
14865,0.11212015034260821
14866,0.6963290740143974
14867,0.26398720112221025
14868,0.7180864230015467
14869,0.30582648529883305
14870,0.06675156047215214
14871,0.4403876383577024
14872,0.5145105073440428
14873,0.821554136623971
14874,0.28169281049716904
14875,0.8357821331134772
14876,0.34327924775651386
14877,0.11631087395635796
14878,0.5781125842740468
14879,0.8326656036962412
14880,0.6272982098209328
14881,0.4847573031761111
14882,0.1491057312973073
14883,0.8159669618101322
14884,0.6000860622215499
14885,0.6420791971069761
14886,0.6493752932604084
14887,0.8316377772501629
14888,0.6758484978591782
14889,0.3720889451101177
14890,0.21608541667520975
14891,0.9428451234037264
14892,0.7797236653571321
14893,0.6624821801470832
14894,0.47195467135751795
14895,0.6123916406406016
14896,0.6595946405170023
14897,0.5808645634433415
14898,0.5526156583705134
14899,0.24049235255156223
14900,0.6023926871645998
14901,0.8579887035937368
14902,0.4178798790010561
14903,0.7592954762470396
14904,0.9453524343126156
14905,0.8858471388441093
14906,0.9094156162919226
14907,0.29625781482562424
14908,0.371253033393385
14909,0.7636983825324343
14910,0.42662395822020943
14911,0.4343219354698176
14912,0.9113437983212139
14913,0.8337875426144808
14914,0.6358804587720942
14915,0.2302141091031669
14916,0.5658567491739651
14917,0.7305298754120139
14918,0.7338184587797314
14919,0.33154343227692284
14920,0.6881435662484245
14921,0.7726518012079172
14922,0.9284807603646944
14923,0.9282513158084201
14924,0.9000054510944688
14925,0.8895850234372169
14926,0.5679382735091562
14927,0.7158155763642686
14928,0.5290557783210889
14929,0.30644011938020776
14930,0.7591284411690206
14931,0.2631023962176088
14932,0.18858202688276665
14933,0.7171262342560538
14934,0.632334652273805
14935,0.11658288465597706
14936,0.7970259042493496
14937,0.8440192315100722
14938,0.7911783978474892
14939,0.10368166487887441
14940,0.20934099385779015
14941,0.5925335569584488
14942,0.8254440947868147
14943,0.6950990704706494
14944,0.673892763587142
14945,0.6419152308798405
14946,0.22880118573355568
14947,0.4969914816438854
14948,0.17741354331538745
14949,0.5881145993240522
14950,0.706259162066518
14951,0.4889942885838591
14952,0.1511327495266628
14953,0.09471975471354152
14954,0.6692927865693936
14955,0.7757629616642915
14956,0.623324879976384
14957,0.37820967515651194
14958,0.5188532958302781
14959,0.8499332104668242
14960,0.08886114387202743
14961,0.7776971999218089
14962,0.18604420030749724
14963,0.7222751921370031
14964,0.955224386284423
14965,0.2630878988210947
14966,0.3682565754242265
14967,0.48537880776971176
14968,0.6292961190538051
14969,0.27561442666916264
14970,0.9226034003913559
14971,0.7831590915162302
14972,0.8681938546150513
14973,0.058788628939466306
14974,0.7188532946756624
14975,0.8775637979983406
14976,0.9273082901605685
14977,0.15111647303648337
14978,0.7416907500779606
14979,0.8357492860871519
14980,0.3140530515787155
14981,0.07272966596301317
14982,0.4070252298762713
14983,0.3659632364306359
14984,0.29106891251395867
14985,0.35574743433493583
14986,0.5041014980947739
14987,0.8546210948717408
14988,0.7595941888934239
14989,0.7372482810516027
14990,0.0527844004053539
14991,0.860393202743335
14992,0.2874836483215681
14993,0.7144954444762952
14994,0.6414171256327561
14995,0.9124751268969021
14996,0.8143084203457426
14997,0.7879850640202871
14998,0.4676283063905526
14999,0.5076377666234496
15000,0.2974443004538528
15001,0.1839422506504801
15002,0.14581957875604745
15003,0.5397834280512713
15004,0.07573097502093967
15005,0.8745892488106122
15006,0.6287213203749613
15007,0.46181210491070535
15008,0.3780641715051466
15009,0.21476866269991135
15010,0.4734263348109341
15011,0.37404993696069144
15012,0.8062424026565854
15013,0.5630274956945095
15014,0.8200492647456266
15015,0.8806964354471363
15016,0.3155673187828037
15017,0.2444104455053198
15018,0.7949539747688985
15019,0.8421926997144302
15020,0.5449881208009859
15021,0.3707717354028274
15022,0.7939601781778827
15023,0.912308685532112
15024,0.18663597644830332
15025,0.7221483917993122
15026,0.27375960613911005
15027,0.9297198263715438
15028,0.545065396413909
15029,0.313670961251483
15030,0.31966224458134984
15031,0.5209625650195618
15032,0.347474019684281
15033,0.49716609526918765
15034,0.7820494320555744
15035,0.08923572136212954
15036,0.2955255006352631
15037,0.7912427746662039
15038,0.15464709964650122
15039,0.5713158527627628
15040,0.1955040807883263
15041,0.21710866823003538
15042,0.6586280471923321
15043,0.8503555281098986
15044,0.8414402021423157
15045,0.6644619373681474
15046,0.6417546933201652
15047,0.7323559395685207
15048,0.9781793943028187
15049,0.9075240336391371
15050,0.481117054885426
15051,0.6028590883016232
15052,0.36474814569873404
15053,0.5929099116548201
15054,0.8894898009984195
15055,0.8585426938332767
15056,0.3024284153139731
15057,0.7851270995960129
15058,0.6573586989802208
15059,0.7830126455320382
15060,0.8524493133013505
15061,0.7098634653292676
15062,0.7661034791183393
15063,0.39948955852086737
15064,0.9296348792998564
15065,0.6677881145582155
15066,0.15024952823743093
15067,0.5403306587781026
15068,0.6172072680434716
15069,0.7329410967796991
15070,0.6106714854175748
15071,0.8352229918120674
15072,0.3913753860817013
15073,0.9211627862574457
15074,0.6001179132014385
15075,0.6520323676328127
15076,0.6009448438791907
15077,0.684432457226399
15078,0.5203107381948054
15079,0.3612015298945435
15080,0.7442184264271337
15081,0.11764514670087808
15082,0.19226201180378058
15083,0.3101113723525302
15084,0.866391175533328
15085,0.4569342849774384
15086,0.9200985246862455
15087,0.8922273105765587
15088,0.9355497393750367
15089,0.9447730712496931
15090,0.8239111873728977
15091,0.6555294660137222
15092,0.6258523738621188
15093,0.4832040772938661
15094,0.9383692410309616
15095,0.2723509626470882
15096,0.8026415728183686
15097,0.8434872247217912
15098,0.6291418830921711
15099,0.10125758779902426
15100,0.25056114958783804
15101,0.7618958453313196
15102,0.8553520872010634
15103,0.49384980796527056
15104,0.20732939027598174
15105,0.037273022590755295
15106,0.8361429897585274
15107,0.8313570615746888
15108,0.11039688485420195
15109,0.04664851084928672
15110,0.4369194933035306
15111,0.6794304148608906
15112,0.525700739819276
15113,0.4714592647979308
15114,0.46446285088126715
15115,0.779121700054259
15116,0.6076723277020224
15117,0.4718081202923486
15118,0.6760794843092239
15119,0.6429135067182336
15120,0.34865096784399763
15121,0.03881876061126276
15122,0.22745441582398368
15123,0.30940072231189414
15124,0.46271878646699593
15125,0.8614209875712187
15126,0.2965355567279652
15127,0.9241666610877776
15128,0.47652814438572977
15129,0.6727530420966991
15130,0.2561575599227982
15131,0.7055680701262731
15132,0.08899076156292383
15133,0.6342250960690853
15134,0.8835072560636047
15135,0.855930371195462
15136,0.11442369529975727
15137,0.43378940785025716
15138,0.6958469107682355
15139,0.6260052559537426
15140,0.48247318565052305
15141,0.668178549784604
15142,0.0918124036259555
15143,0.21002303212915724
15144,0.9252097965365703
15145,0.456407590413502
15146,0.906828657531096
15147,0.6469156134669389
15148,0.32239832463791984
15149,0.8020979864147049
15150,0.9724043879377607
15151,0.40312320500836263
15152,0.1837121084281403
15153,0.6108528920347404
15154,0.8282432238931112
15155,0.2945662474378137
15156,0.4072842484215083
15157,0.6824990569409752
15158,0.47941129102823316
15159,0.34189053305107414
15160,0.6722991095245358
15161,0.5311979079940977
15162,0.9087631935403804
15163,0.8036055239182186
15164,0.2502730358939258
15165,0.31519320580134713
15166,0.6919511555186478
15167,0.4045863043726984
15168,0.052363575363843354
15169,0.5476739746176755
15170,0.2133140025215851
15171,0.5562044308365179
15172,0.0898141713101261
15173,0.9182753884202881
15174,0.2742508181256842
15175,0.49803399067901444
15176,0.4581889206977023
15177,0.7549591028165558
15178,0.48875010803003194
15179,0.272938374564231
15180,0.4410797713834535
15181,0.807852889761244
15182,0.6403389109276832
15183,0.5495594483041364
15184,0.3930832991988434
15185,0.5511939995975791
15186,0.4097466689079663
15187,0.7754685951414947
15188,0.729943294668409
15189,0.8384380017529806
15190,0.6376766504273017
15191,0.46389032074139086
15192,0.8288952330504709
15193,0.21256237740562992
15194,0.059686995794292395
15195,0.693305111209031
15196,0.6317558586572948
15197,0.8282840736255459
15198,0.7978443593832995
15199,0.4687460789980978
15200,0.8467686000962255
15201,0.333656838733782
15202,0.5394521792566479
15203,0.764856596863388
15204,0.192500222550938
15205,0.477185390987789
15206,0.5388984163039063
15207,0.6346005681008452
15208,0.8294449129411504
15209,0.38708749463055203
15210,0.3620668452595741
15211,0.6196872548265729
15212,0.374112548671893
15213,0.18668870775046856
15214,0.5336917232530597
15215,0.49370782866476337
15216,0.46883730851126204
15217,0.3402864433035623
15218,0.3724932296915709
15219,0.8071081304731047
15220,0.7135222461408793
15221,0.40967587528789473
15222,0.898613890576186
15223,0.7177002304143932
15224,0.7142424010921905
15225,0.935094214681855
15226,0.1901709286751184
15227,0.6235777977366517
15228,0.7943282365054144
15229,0.5191216008112781
15230,0.3848569104633251
15231,0.9272109723447076
15232,0.12829193448389425
15233,0.2097881858290393
15234,0.7763599368666952
15235,0.6194993376513614
15236,0.4770819219278843
15237,0.17075663760846027
15238,0.7918964356393993
15239,0.24889201239890388
15240,0.6794424309828094
15241,0.29134018678923856
15242,0.1335174414341814
15243,0.9072847817020316
15244,0.7588316468687774
15245,0.5504948726033914
15246,0.4898680645177214
15247,0.6718802221661743
15248,0.7648576554755491
15249,0.4750156417881891
15250,0.8481444948268345
15251,0.08054998408950746
15252,0.6074667275458813
15253,0.9554269869199026
15254,0.4111097926469921
15255,0.4411171411174207
15256,0.5799252415288423
15257,0.5176516450033427
15258,0.1996021712638401
15259,0.5455396100323787
15260,0.7206668208411497
15261,0.6588156458854478
15262,0.4055462012974934
15263,0.34591990344252327
15264,0.2940186150256962
15265,0.9811124658242669
15266,0.8884300437440968
15267,0.20080152726150485
15268,0.6402069523243723
15269,0.9350160878997993
15270,0.09835159307623542
15271,0.39625615599407676
15272,0.9252121947660248
15273,0.5853997837485762
15274,0.5230525480245186
15275,0.3473124040916527
15276,0.8470655630581584
15277,0.3218231035488826
15278,0.06583187363276723
15279,0.25954107400463733
15280,0.4967586732170034
15281,0.4397871197940248
15282,0.5707884283752518
15283,0.46071647676580757
15284,0.34764736794153406
15285,0.8763257674933154
15286,0.8647584989910413
15287,0.44179906282879
15288,0.8518755048609721
15289,0.47494899441042543
15290,0.30207583840563906
15291,0.07166408322538576
15292,0.10126844822406754
15293,0.3036726985313559
15294,0.04588143904957243
15295,0.3683580681493409
15296,0.5660255250207588
15297,0.3346006662998871
15298,0.47926596753521883
15299,0.14384433995497087
15300,0.3474681551376111
15301,0.13163212335294724
15302,0.8770045883960479
15303,0.3539273996127413
15304,0.7086549589957201
15305,0.6221115969075753
15306,0.5990867731585238
15307,0.5176173452110597
15308,0.9617238843487796
15309,0.07594904093041757
15310,0.3609720682798729
15311,0.8563833707157872
15312,0.4930851080712626
15313,0.6820435492412026
15314,0.48410195104322146
15315,0.9055107336800158
15316,0.7055637382407198
15317,0.5932419689106946
15318,0.6451810880646661
15319,0.2486553026370196
15320,0.25975245410444114
15321,0.33506434118611556
15322,0.6990822096104266
15323,0.7503259826895629
15324,0.5170650907030898
15325,0.6230128685843258
15326,0.9145570067707762
15327,0.5705456853821964
15328,0.9014188619143746
15329,0.7693253902378032
15330,0.412701746624694
15331,0.37584856719485915
15332,0.7656096037184558
15333,0.49042681303027286
15334,0.4282156719063858
15335,0.6943803819743323
15336,0.7824243613455576
15337,0.7024108780988033
15338,0.324818673214984
15339,0.2419009517846384
15340,0.6250568823476973
15341,0.10339798958301778
15342,0.5084089427232545
15343,0.6894323991508974
15344,0.6854430522531952
15345,0.5906167509744898
15346,0.7444912407227452
15347,0.9202337228140445
15348,0.08754659618776633
15349,0.3139985161440758
15350,0.7661262992906177
15351,0.9015523229529571
15352,0.6974145820516018
15353,0.23026421618105736
15354,0.23046389640117126
15355,0.2964207429894635
15356,0.767643955687064
15357,0.4211821052776461
15358,0.4402840917715341
15359,0.7103167276490915
15360,0.7087084336140699
15361,0.20648646819255598
15362,0.3453614347097368
15363,0.3512689188451706
15364,0.14654057325603317
15365,0.07020124718089256
15366,0.9265575256644977
15367,0.9290417807527411
15368,0.11469828714376883
15369,0.1265564308389117
15370,0.32558629303659786
15371,0.9446055055692467
15372,0.4762030114238709
15373,0.6844308217549623
15374,0.8500221143558723
15375,0.42537504819279054
15376,0.4100598490094215
15377,0.5796186703302926
15378,0.25884741466779687
15379,0.8544850877498623
15380,0.48283682435298714
15381,0.13487849135806057
15382,0.5045725538785075
15383,0.6576428631021486
15384,0.5913516254773898
15385,0.40553873759718284
15386,0.8995332360809086
15387,0.41079589295218544
15388,0.5638884513940798
15389,0.7933682040635534
15390,0.18986398245519492
15391,0.5706367242563921
15392,0.9353233572234328
15393,0.6674585123003677
15394,0.8988876462218716
15395,0.7385819633351953
15396,0.45798119384965325
15397,0.2298798491685348
15398,0.7430085141988199
15399,0.9163184927843103
15400,0.6364160747979101
15401,0.7980321021776783
15402,0.165376514330828
15403,0.784169046892038
15404,0.04480839817422162
15405,0.895824070501056
15406,0.5195835699232999
15407,0.8669665774172013
15408,0.27217571034738447
15409,0.8127474926047287
15410,0.3484551170792343
15411,0.3299213114286259
15412,0.681318356898923
15413,0.18437045389502119
15414,0.5574057557363326
15415,0.7417572179992528
15416,0.48123126227934904
15417,0.42817674877861606
15418,0.7797874818867577
15419,0.543025043280792
15420,0.7369217002316713
15421,0.7453460747811168
15422,0.15065086134296615
15423,0.3447881883041907
15424,0.4241406948743426
15425,0.48496006604256503
15426,0.16165793871622158
15427,0.9235434835270427
15428,0.26639534683546146
15429,0.7458359228566601
15430,0.15947256365846327
15431,0.3899327468856249
15432,0.8506507898155006
15433,0.35145035019556575
15434,0.6786964550152812
15435,0.9335634565839808
15436,0.1846715150091729
15437,0.95427801109822
15438,0.29027252533958975
15439,0.2613289026689701
15440,0.7835979036258133
15441,0.36835118988029925
15442,0.5557045823786636
15443,0.13326565959488698
15444,0.5372662390292215
15445,0.3044063380214277
15446,0.26682435001305815
15447,0.6272393678236442
15448,0.5555909399380554
15449,0.25106803816264267
15450,0.19442891822558642
15451,0.3098470337239766
15452,0.2484195578339877
15453,0.26448842609750484
15454,0.6835380183159612
15455,0.2533444899346515
15456,0.7814869294928142
15457,0.3298588325318368
15458,0.33983382369253345
15459,0.7453598892544602
15460,0.34882790610865655
15461,0.580660012374353
15462,0.8072814254708748
15463,0.29042672597415337
15464,0.47141062868774875
15465,0.5317424183438748
15466,0.2432336538442905
15467,0.0394900705871434
15468,0.1059417461407292
15469,0.8893207644135187
15470,0.20258735164159275
15471,0.1060270130752478
15472,0.30833298686272187
15473,0.6480799364794547
15474,0.7205820870121582
15475,0.5118743904149804
15476,0.6880532628676345
15477,0.6855132892522914
15478,0.7505551338510277
15479,0.19035914541305615
15480,0.8662040796934435
15481,0.8133503011615112
15482,0.7877683581290472
15483,0.6368375919100492
15484,0.6357667470650379
15485,0.1572205012567607
15486,0.779801190190908
15487,0.34329838756761405
15488,0.17159900603283798
15489,0.3687215528468565
15490,0.8616973143603467
15491,0.6275191037376326
15492,0.2720612159736751
15493,0.6103394442966855
15494,0.025779627813238427
15495,0.7945796200994717
15496,0.2097950420650837
15497,0.43411982028930923
15498,0.5153943159867305
15499,0.21710776065919207
15500,0.5067948668694847
15501,0.6252444412173817
15502,0.25427265237763613
15503,0.5821097753105898
15504,0.4801791385827429
15505,0.7759624841574257
15506,0.29777115793839865
15507,0.1056983560759659
15508,0.17787700614028706
15509,0.6954852154084114
15510,0.9036424445577989
15511,0.8659974410556667
15512,0.7987636450776947
15513,0.9702169313145259
15514,0.5371963638975986
15515,0.7933040445461296
15516,0.5151600169963871
15517,0.5120373750339813
15518,0.29771123814867106
15519,0.7560254711564155
15520,0.6618405984882104
15521,0.6024782947500052
15522,0.9518353052403656
15523,0.666760863467053
15524,0.21806575474404313
15525,0.9228066867066975
15526,0.9017946239490966
15527,0.8186729540554879
15528,0.6410813508606228
15529,0.6945268642981733
15530,0.7752972278086441
15531,0.8100018615351912
15532,0.607381221521207
15533,0.4972821163493685
15534,0.7812771084401685
15535,0.5885863974069753
15536,0.4947012443787345
15537,0.7492692389253888
15538,0.3399326417779039
15539,0.2794025765161465
15540,0.3667013542063169
15541,0.792841733970802
15542,0.9264704729724088
15543,0.3298888390255584
15544,0.49326303598496957
15545,0.6260477786546197
15546,0.8571034013068056
15547,0.7547605586574704
15548,0.8788621825399809
15549,0.6774189296601534
15550,0.7926019901976282
15551,0.5160052976019648
15552,0.5003349972505976
15553,0.659308784272131
15554,0.7441442898851022
15555,0.6888009649921696
15556,0.7623322676187871
15557,0.8177439568099877
15558,0.20565602521804224
15559,0.15194718821249814
15560,0.14605065024869632
15561,0.503018688718562
15562,0.8150322301164015
15563,0.48596541755904926
15564,0.7939128553214291
15565,0.8676243976176182
15566,0.6695912883762732
15567,0.9543689914056277
15568,0.8670090485724455
15569,0.7517250683751711
15570,0.4287822956143761
15571,0.6586079436836836
15572,0.34394668405002593
15573,0.4750925173837467
15574,0.4083147437567702
15575,0.846873970663918
15576,0.6926258371674113
15577,0.45009960757341444
15578,0.3121099606887714
15579,0.8496361382103688
15580,0.09143320589704444
15581,0.4097126472370817
15582,0.13677873235757293
15583,0.6134068302832479
15584,0.5985559416403528
15585,0.403883930329119
15586,0.8798946425495567
15587,0.6393387764784654
15588,0.5661878351279874
15589,0.8187033879916753
15590,0.684056228806734
15591,0.6137994032281517
15592,0.5490720442950436
15593,0.28840437705786753
15594,0.6485518337113383
15595,0.4859540011366343
15596,0.6063820374280575
15597,0.6529151199577075
15598,0.680765822664458
15599,0.24628947230893256
15600,0.7291700870717962
15601,0.11591777783634297
15602,0.5992691031357625
15603,0.7367612303441602
15604,0.1827771955585842
15605,0.09000947060530726
15606,0.38723352961846014
15607,0.09504384031460401
15608,0.28511016278382667
15609,0.7475566902279174
15610,0.7026328917849236
15611,0.8542420100823153
15612,0.4162687613175274
15613,0.4160086606698826
15614,0.4991318698387103
15615,0.7563485101718576
15616,0.9106040471900423
15617,0.44822279090826384
15618,0.8445345138070554
15619,0.7893114341597551
15620,0.2533359957944962
15621,0.5757079326660071
15622,0.8394896367944124
15623,0.23849087128149465
15624,0.5650935494350002
15625,0.09940435211510823
15626,0.7637195069469656
15627,0.5595120471015943
15628,0.8013587991873835
15629,0.30270379110113776
15630,0.2647759024574906
15631,0.4346779128657282
15632,0.2550520572568234
15633,0.44636201998611075
15634,0.47005287686656116
15635,0.11560081010117126
15636,0.9483546914797878
15637,0.3538664438658651
15638,0.6910171914589887
15639,0.8350678137519781
15640,0.49803310325350514
15641,0.7107003444453867
15642,0.9491275031377489
15643,0.3433006075099755
15644,0.9531108971659742
15645,0.3405900694098816
15646,0.5398673478554061
15647,0.5721974343566238
15648,0.6501052379995542
15649,0.6962476460080018
15650,0.3844509232332802
15651,0.8771568118437238
15652,0.9343498520512409
15653,0.4389699756476701
15654,0.6436106628195805
15655,0.8010609823771776
15656,0.6355025429461055
15657,0.26514718326550446
15658,0.4110814587254839
15659,0.676947378100059
15660,0.33959957176828054
15661,0.5840942766315272
15662,0.12284247862068207
15663,0.8159762202876373
15664,0.336706830056753
15665,0.2362349411865715
15666,0.32704096637887353
15667,0.6854359677135641
15668,0.781739333970662
15669,0.9106249865797459
15670,0.605590650617259
15671,0.7129958970460742
15672,0.8602836612617657
15673,0.6674324084543851
15674,0.6547262880872304
15675,0.1608863389117028
15676,0.8149975327653821
15677,0.5955982362339448
15678,0.805002146873286
15679,0.381759499342466
15680,0.27830548850113945
15681,0.16041329480018876
15682,0.8331677811981153
15683,0.5729699202254768
15684,0.27635551707824896
15685,0.6837611953689483
15686,0.9085082072922975
15687,0.7927798434368785
15688,0.81224430792466
15689,0.8152244325767221
15690,0.7042764564217473
15691,0.5234031062054147
15692,0.0510668520944144
15693,0.27832783338756906
15694,0.948153688114088
15695,0.3288068076347905
15696,0.5372933979365808
15697,0.19887457197350678
15698,0.4033552395029942
15699,0.5072819784886216
15700,0.30874199742139585
15701,0.49952226796381466
15702,0.7997438511728262
15703,0.5159203452018676
15704,0.8241956267668157
15705,0.824384881237191
15706,0.6159558615712006
15707,0.4047032362907721
15708,0.8330858311184831
15709,0.6794030217729212
15710,0.6001167501722805
15711,0.6767064082952768
15712,0.7392885197370016
15713,0.34555147743158654
15714,0.3260219937849409
15715,0.3470299555862076
15716,0.8025067368893636
15717,0.22699813793879484
15718,0.21498305274517718
15719,0.8743707409450765
15720,0.7898770722964782
15721,0.2292823913631444
15722,0.8060980229453873
15723,0.8992278127418422
15724,0.3984889503213087
15725,0.12790921712236195
15726,0.6813821667512986
15727,0.7193459340112371
15728,0.5901864067972344
15729,0.7044206601855554
15730,0.6933463090257963
15731,0.09780262868309653
15732,0.34802958138978934
15733,0.5732595761381821
15734,0.8289755970892191
15735,0.09178559245049785
15736,0.5851253901983847
15737,0.7630393514095917
15738,0.23410232232038794
15739,0.27685688158598243
15740,0.5672292816556385
15741,0.2208100860236082
15742,0.7659206992431491
15743,0.6588744660169595
15744,0.2963339416996189
15745,0.7621497704355237
15746,0.7095618251229575
15747,0.7873012424382486
15748,0.5629407209596792
15749,0.9281140623230495
15750,0.29034119175203066
15751,0.9212091168633767
15752,0.9613594953195311
15753,0.8610960473972468
15754,0.8543140405918815
15755,0.7158050969192817
15756,0.7774987289997389
15757,0.6598340746877828
15758,0.4019689453281688
15759,0.3368639708409561
15760,0.8970026237574374
15761,0.17534586914813
15762,0.7571733540768969
15763,0.40121550816306806
15764,0.8823545886273949
15765,0.1311810688644033
15766,0.30410134004460987
15767,0.7971455969161705
15768,0.8474434289308754
15769,0.9432133433555434
15770,0.7347640292175143
15771,0.19718544733298954
15772,0.0956490056976487
15773,0.843342894907583
15774,0.903670138962979
15775,0.33046856565599564
15776,0.6699868616054573
15777,0.21335656861470478
15778,0.8006079953919668
15779,0.33789455737304513
15780,0.6186911635818128
15781,0.5948298327095176
15782,0.7179702309344599
15783,0.21553867938032048
15784,0.3137821384461322
15785,0.7609432139285842
15786,0.25411622203563605
15787,0.8602058766170084
15788,0.7235083044454849
15789,0.47865622903315036
15790,0.08607959015576182
15791,0.3561118994117863
15792,0.2268643180032309
15793,0.8899205373784898
15794,0.8407411691048201
15795,0.2535697477289646
15796,0.878788869504918
15797,0.20157577244668645
15798,0.8475117737615359
15799,0.8829394976282985
15800,0.2629385039274642
15801,0.7744404536841424
15802,0.6119724460795409
15803,0.2692115408752264
15804,0.687915406018374
15805,0.07143253592089764
15806,0.3689783062324261
15807,0.7115980240420172
15808,0.23905110910622163
15809,0.30847886512572126
15810,0.22901093851070467
15811,0.7555290944138557
15812,0.9764898605569062
15813,0.65149930289056
15814,0.8997503296258011
15815,0.6081695979706173
15816,0.12815120321544013
15817,0.6114320735037371
15818,0.3237707288534465
15819,0.7352883346027606
15820,0.2398856455824316
15821,0.13731182608858808
15822,0.6810914269075002
15823,0.7014989381133114
15824,0.45091508277400605
15825,0.37186349535654134
15826,0.25863260558617257
15827,0.09990218156960422
15828,0.33652305221454043
15829,0.9378996630988464
15830,0.2726975247868679
15831,0.2718279631233441
15832,0.857555700569582
15833,0.46539972497879833
15834,0.18206671011800699
15835,0.4561016376698327
15836,0.5809227557018711
15837,0.643215426719383
15838,0.7579046469804396
15839,0.8513495456472752
15840,0.7616907375726059
15841,0.3796318039450026
15842,0.5275473568462206
15843,0.20463460362159627
15844,0.07430422379419617
15845,0.6146859184984405
15846,0.5000937239658786
15847,0.4375482640134477
15848,0.9510768841225861
15849,0.6961338649709159
15850,0.7411321561400999
15851,0.9703002936160188
15852,0.16746093051191202
15853,0.9013087558581704
15854,0.9560106855395825
15855,0.4783980835989888
15856,0.5540067426115237
15857,0.9080220420793618
15858,0.7800529367162934
15859,0.8513508439000111
15860,0.6225278618061557
15861,0.724920926708914
15862,0.6387956752940841
15863,0.37672741671628585
15864,0.7674290424400033
15865,0.39039826000992073
15866,0.08272323166294347
15867,0.0897437084741362
15868,0.7521578863961172
15869,0.7160541064988193
15870,0.9435625177847323
15871,0.5784610091758932
15872,0.29596756985606015
15873,0.8067105522141654
15874,0.6520699405602025
15875,0.8125786881105594
15876,0.33244640032186257
15877,0.8783014602275343
15878,0.7432781202046953
15879,0.28722576547826817
15880,0.5042570638094401
15881,0.7538283071716022
15882,0.8124714987876367
15883,0.7720633314254702
15884,0.9208627451183302
15885,0.5615101329023904
15886,0.339640772525756
15887,0.6545399641401218
15888,0.5445868391430302
15889,0.7786431671269667
15890,0.4855543294988206
15891,0.8794783229271621
15892,0.6393871474550991
15893,0.6505410953053041
15894,0.509277375854399
15895,0.9376793895270298
15896,0.15534070012981072
15897,0.3183699207461026
15898,0.18138698363634553
15899,0.8125225984136277
15900,0.41458847724221987
15901,0.36968588060243923
15902,0.7424447049085278
15903,0.296247119099833
15904,0.21129906421472608
15905,0.45353355737632506
15906,0.9464274882931626
15907,0.7525361981600099
15908,0.5580536121774254
15909,0.5502424832474768
15910,0.7812555294021518
15911,0.8416191646687126
15912,0.108908487747776
15913,0.31926379517598036
15914,0.7468227212668531
15915,0.13994023807354164
15916,0.5312405966350716
15917,0.8199213273935081
15918,0.7153970599963737
15919,0.5838427458777747
15920,0.666467220282714
15921,0.8405676047655206
15922,0.3329421753530014
15923,0.6274655812480331
15924,0.5647010743724077
15925,0.35050823483434596
15926,0.8127293736279225
15927,0.1653243577283423
15928,0.1261944379004281
15929,0.1805718269856152
15930,0.8154757510441591
15931,0.40234231565811085
15932,0.42333276569046674
15933,0.35799114803585047
15934,0.6275827447711596
15935,0.8007692112553747
15936,0.20833977528035727
15937,0.5143239500641767
15938,0.4764380359956467
15939,0.7519017417128413
15940,0.4594714502523693
15941,0.9362288540799067
15942,0.17604836912944055
15943,0.8187209495840214
15944,0.9561614939765407
15945,0.30667936127393414
15946,0.47299760717025624
15947,0.09747050579988212
15948,0.5416884068443006
15949,0.7004273130912394
15950,0.3834100769042022
15951,0.3744989039130314
15952,0.5528317230139922
15953,0.6438057437971133
15954,0.690377196933337
15955,0.8739832338612006
15956,0.5319945909190288
15957,0.47343528054794304
15958,0.4778507417258443
15959,0.07904587349698886
15960,0.7661394511417293
15961,0.2145282530992361
15962,0.11505982056501139
15963,0.8973808420540726
15964,0.3718800713742962
15965,0.851336265319206
15966,0.405380283728887
15967,0.47719007145805414
15968,0.8664039945574783
15969,0.38141517278759796
15970,0.4374061932692467
15971,0.6206308227192318
15972,0.47865941138314827
15973,0.9246570943157931
15974,0.7984374172809101
15975,0.9033125133451796
15976,0.5680619999870838
15977,0.7924916594445568
15978,0.3645576178584247
15979,0.3127761093068273
15980,0.9102199462982927
15981,0.8520098968457498
15982,0.6793363465353728
15983,0.7430457332151743
15984,0.4074950222553301
15985,0.9383130816913109
15986,0.7303722745101691
15987,0.663560036632203
15988,0.3294325999251194
15989,0.23232450114466918
15990,0.33430956943825374
15991,0.354096117313497
15992,0.7818995636141017
15993,0.8401548616031242
15994,0.6222358420699506
15995,0.7579304363562043
15996,0.18204859373576562
15997,0.5983736722305804
15998,0.8589747905721725
15999,0.7530355193405848
16000,0.25202862422735184
16001,0.2711659649057047
16002,0.598648579861934
16003,0.6259713322420626
16004,0.796627842451501
16005,0.542577188923238
16006,0.6730599838855092
16007,0.4296975965183172
16008,0.23224836905784255
16009,0.5184826105008149
16010,0.5379578505864239
16011,0.9602856012701859
16012,0.3884709449392896
16013,0.5787746411287081
16014,0.478088421720938
16015,0.6459577563613951
16016,0.6180269833160754
16017,0.5245087571108494
16018,0.8189730146589992
16019,0.8833167790849467
16020,0.6833561244964266
16021,0.8772718509966244
16022,0.5073202892672554
16023,0.4291279215232066
16024,0.8503710514602604
16025,0.3803727397805362
16026,0.8310782604594056
16027,0.27430296430942624
16028,0.25968633522303175
16029,0.4365704320623551
16030,0.9683193101980058
16031,0.10151497641379995
16032,0.861249844559466
16033,0.1783046243670552
16034,0.5512816085233495
16035,0.7530326159295928
16036,0.7457412190515869
16037,0.3938212067245466
16038,0.5337006641228249
16039,0.08606451536832697
16040,0.4201152513059533
16041,0.1591633563383411
16042,0.9802289401010862
16043,0.25391778378626045
16044,0.4216948932672914
16045,0.5230577187514301
16046,0.639944445648082
16047,0.3521308313145871
16048,0.25092232753328464
16049,0.6451187600737756
16050,0.7247206327335887
16051,0.6856270489403533
16052,0.9252177987998695
16053,0.32817585608145156
16054,0.9015119315419163
16055,0.8195388377136232
16056,0.9301946606848936
16057,0.17923903573421246
16058,0.7680390602220107
16059,0.627815982060712
16060,0.19572940497542624
16061,0.15408043470261
16062,0.592051395755307
16063,0.8850688050501346
16064,0.6819931289936302
16065,0.6922745645195831
16066,0.1462660171557097
16067,0.8114328921537803
16068,0.07588823045034078
16069,0.44349549648761627
16070,0.47667422632782774
16071,0.9047114486347688
16072,0.5261782804802997
16073,0.6731368714331788
16074,0.8261346258311059
16075,0.4761101727761625
16076,0.8311649144559363
16077,0.15632340275741405
16078,0.2008832282898639
16079,0.5190436680326361
16080,0.94576389771861
16081,0.46302325949299644
16082,0.44914746574269493
16083,0.4675448753610102
16084,0.9567651852958439
16085,0.2850032301415674
16086,0.8575570984538124
16087,0.7818869147242228
16088,0.7485520721142355
16089,0.3464993795462474
16090,0.7122373965373673
16091,0.255658774866608
16092,0.8191588979172989
16093,0.9301473604903867
16094,0.4484778745224158
16095,0.7210504617984208
16096,0.6516482051543723
16097,0.685599918413527
16098,0.39732411288035885
16099,0.5934232838012143
16100,0.31930689393678374
16101,0.7383000824508921
16102,0.20174895409819962
16103,0.6394746976963172
16104,0.7387633427631245
16105,0.5766392533317521
16106,0.7955848598891075
16107,0.0811333706305717
16108,0.5479907777417528
16109,0.8092778263432983
16110,0.15562950608400195
16111,0.29297169581552973
16112,0.6191492903970082
16113,0.30937807193971506
16114,0.5720233345486909
16115,0.8084150887386881
16116,0.5973947489745757
16117,0.4986310746478638
16118,0.8015807593850707
16119,0.28039544513509645
16120,0.5541743184118038
16121,0.450949100292614
16122,0.2765680277197127
16123,0.04411554491338295
16124,0.2766268847909187
16125,0.20033558021573597
16126,0.7575953780250477
16127,0.4971826611861889
16128,0.25341444705778843
16129,0.4561537580537148
16130,0.7611243129867842
16131,0.8226663658524852
16132,0.5228300071169847
16133,0.4351897901388998
16134,0.21051562309427332
16135,0.19245668407029537
16136,0.36196088689498335
16137,0.2420943971838424
16138,0.49309101128244287
16139,0.6450071942196464
16140,0.5918962984775021
16141,0.8510501409394037
16142,0.4134475690255529
16143,0.7208457889645628
16144,0.610560812235981
16145,0.546739734752938
16146,0.8752919770063878
16147,0.5844228043902095
16148,0.2028188916574436
16149,0.154103782770264
16150,0.822692618832884
16151,0.5312604926587929
16152,0.28439020734004994
16153,0.5771898329112989
16154,0.5892855942058548
16155,0.6154599260535678
16156,0.5711539166922475
16157,0.8601966493105735
16158,0.511936464593985
16159,0.6665836719222309
16160,0.5602305845689198
16161,0.6138727532999521
16162,0.36233687059208447
16163,0.6020017880018611
16164,0.703794068138191
16165,0.5926474545304372
16166,0.6277982415065047
16167,0.0669599357123066
16168,0.9607509209563084
16169,0.2356709759157589
16170,0.6895822960413154
16171,0.5688696417293758
16172,0.5416604546552827
16173,0.6115868786994689
16174,0.1701754041481682
16175,0.4645472347249212
16176,0.5428475063619875
16177,0.7639580303458943
16178,0.9551875911067752
16179,0.7184579988768012
16180,0.9470728703606387
16181,0.6969674236884223
16182,0.8299662146326013
16183,0.6421064227972573
16184,0.22170182023397533
16185,0.5449827066988034
16186,0.6749699236827106
16187,0.917509034103619
16188,0.7747069909203799
16189,0.8522758556880734
16190,0.7729333298748314
16191,0.9216772106651023
16192,0.8588917636886371
16193,0.8790455237275956
16194,0.3162014608952542
16195,0.2619823261914594
16196,0.6635057318627946
16197,0.4225950438881675
16198,0.35815853947321474
16199,0.5085525594692069
16200,0.5787848597482214
16201,0.23845953448016013
16202,0.5792744115094082
16203,0.8532919354282772
16204,0.26626010381917103
16205,0.2573416455503617
16206,0.732227448814925
16207,0.6851619718114377
16208,0.5149944801117502
16209,0.46271363498503915
16210,0.9024347878775381
16211,0.6787259652803677
16212,0.14767089566915353
16213,0.31850878879897726
16214,0.5337364185687913
16215,0.4641673387969835
16216,0.78697668821657
16217,0.6301396722833568
16218,0.3323682950856583
16219,0.7397244668695584
16220,0.13056108032317734
16221,0.30035199296524623
16222,0.563181553331267
16223,0.7737355306879361
16224,0.4659886843362702
16225,0.186081855705967
16226,0.3386198177212998
16227,0.7564999967305945
16228,0.9053276975396206
16229,0.7944051936095394
16230,0.1964167400088488
16231,0.6411769439813195
16232,0.5661063714115608
16233,0.5999300418297489
16234,0.35161648750462354
16235,0.8901164520047382
16236,0.47060852701627365
16237,0.6200573964979209
16238,0.9567534883032234
16239,0.793757538609894
16240,0.41274579789079374
16241,0.058932068359032405
16242,0.26307585274987977
16243,0.24023406299496056
16244,0.932686982975152
16245,0.4607107042866945
16246,0.446028764121983
16247,0.62769701335121
16248,0.4807445304391525
16249,0.24416101418059163
16250,0.6628874905149647
16251,0.8471974949491152
16252,0.37148454153707433
16253,0.7572429248868796
16254,0.42587112527293747
16255,0.8676333860436493
16256,0.9227905069055374
16257,0.8575813273964827
16258,0.808352012179779
16259,0.9235313386279792
16260,0.5180694473266086
16261,0.3593262147269101
16262,0.7211769182695854
16263,0.8105870228409241
16264,0.29213699546028166
16265,0.8704312933118937
16266,0.36511235339993253
16267,0.3709443544781222
16268,0.4069005066243245
16269,0.8336004674584688
16270,0.37096653661682205
16271,0.8828840340569225
16272,0.356723758638948
16273,0.597166843621213
16274,0.37932847863625796
16275,0.756389674070469
16276,0.7056789874922833
16277,0.2540387970306882
16278,0.5660531494129212
16279,0.24087969893400274
16280,0.6903892644382766
16281,0.4604628266395616
16282,0.42233832355640183
16283,0.6803065523226054
16284,0.1938131422179353
16285,0.15783161144133886
16286,0.7739618434364178
16287,0.7634107023358385
16288,0.29637277606403545
16289,0.36042272903560013
16290,0.2156161100531159
16291,0.6486347823261264
16292,0.5756691445165623
16293,0.8889876497230829
16294,0.5995619226858038
16295,0.15300108072736415
16296,0.2836958650153052
16297,0.8980178866409279
16298,0.7456388675056954
16299,0.8538750094668242
16300,0.33957482543979123
16301,0.7063663731589317
16302,0.22509001368470669
16303,0.8808661580876119
16304,0.08248028721707772
16305,0.771122498571062
16306,0.5067334918323219
16307,0.8260099115264471
16308,0.4749983243812444
16309,0.626737902998831
16310,0.3102019852283097
16311,0.5771618741602639
16312,0.932212963078237
16313,0.85720872949575
16314,0.8019967516545247
16315,0.2968169105748274
16316,0.5567507327624274
16317,0.9177386258684159
16318,0.8238793525287714
16319,0.3017092288835609
16320,0.7742813147092886
16321,0.49147168525840335
16322,0.5080533388596631
16323,0.15900124995294007
16324,0.1966952359307365
16325,0.3268221334958024
16326,0.7643023711672876
16327,0.6795766966977291
16328,0.8153610895934289
16329,0.8671193976496393
16330,0.32434432799796
16331,0.8535506106065351
16332,0.6391538388141494
16333,0.9177899729106891
16334,0.026751074836416595
16335,0.9385728632672266
16336,0.4872788766179322
16337,0.9362419904625012
16338,0.11307500630080619
16339,0.7677742168621506
16340,0.7706408926344644
16341,0.4876972157617762
16342,0.5548384907819215
16343,0.39178791579754624
16344,0.8120129418044139
16345,0.6110257165163219
16346,0.7216893488405984
16347,0.692944373033133
16348,0.8839904939076906
16349,0.8549895648459651
16350,0.334592497543526
16351,0.23884888946267857
16352,0.7278226435454921
16353,0.4230270832587505
16354,0.8868017809021665
16355,0.5431156745707174
16356,0.8133989337812864
16357,0.8484877983106351
16358,0.5342444272031587
16359,0.8767549370401232
16360,0.2562313985830674
16361,0.6115267058120429
16362,0.24293657160013485
16363,0.8343554019737721
16364,0.1454499423019159
16365,0.7543970367587453
16366,0.8057763979891107
16367,0.5376579714170872
16368,0.8451164585962331
16369,0.9303639102614871
16370,0.8735454241672181
16371,0.8764480373195874
16372,0.6670071298612814
16373,0.84156347998938
16374,0.42139089030256044
16375,0.26995605462631617
16376,0.448499803865423
16377,0.505464331794859
16378,0.35686098347381295
16379,0.8238257314230574
16380,0.3359140335106618
16381,0.3403729189534696
16382,0.23294812411743715
16383,0.23731600367813827
16384,0.5487749913150892
16385,0.3489681130138923
16386,0.3891077440563384
16387,0.513138980216917
16388,0.5184878328072374
16389,0.40104727151584846
16390,0.337247292350708
16391,0.9272109487658695
16392,0.8864429728353836
16393,0.6018726975823074
16394,0.5579670062961153
16395,0.905893223270721
16396,0.6421618661034393
16397,0.5299628236426642
16398,0.54867993983073
16399,0.7128860033225918
16400,0.5844789718977408
16401,0.5751392142145042
16402,0.456832352161431
16403,0.053490210939768336
16404,0.5889842683028549
16405,0.7784938440647311
16406,0.8694187173159046
16407,0.9265781903832643
16408,0.512437909862367
16409,0.5242396912449402
16410,0.8713726120636363
16411,0.46563834447717567
16412,0.5088524096175568
16413,0.4363153386475959
16414,0.6500993339706801
16415,0.7430543699906079
16416,0.45266388469138696
16417,0.8704202772230947
16418,0.7146761641180341
16419,0.5794157800047134
16420,0.7469368303931048
16421,0.44856725232894124
16422,0.6480876166932376
16423,0.2988413603783884
16424,0.49828027141248543
16425,0.6324051737315314
16426,0.764313855947052
16427,0.7246610675208243
16428,0.8846403888283372
16429,0.693729685442193
16430,0.1662932815463161
16431,0.1688361475004752
16432,0.7203046743304395
16433,0.7394621597777102
16434,0.7637495681572969
16435,0.9114963989917717
16436,0.6085698609042399
16437,0.5116751705059632
16438,0.7157431596743775
16439,0.4161145438651815
16440,0.3779638478666206
16441,0.21017615138205412
16442,0.06477260962256275
16443,0.800771015923682
16444,0.41909398230530726
16445,0.4904108872194858
16446,0.36212653865888905
16447,0.4647534818163317
16448,0.5576714159788656
16449,0.7934776405639642
16450,0.554064264769935
16451,0.2259439124627309
16452,0.37741527900173877
16453,0.4882790203533001
16454,0.5252097986014296
16455,0.3497500896370844
16456,0.6436352843177782
16457,0.5732505894189959
16458,0.7994672846896629
16459,0.6340592415868518
16460,0.6938711515429867
16461,0.4978754649597111
16462,0.705990066152179
16463,0.7232250409595584
16464,0.9333178216339949
16465,0.16423231757855175
16466,0.4869840666527662
16467,0.9244591560961841
16468,0.6842900196717848
16469,0.13142706126416362
16470,0.8342793779734936
16471,0.5466984349781207
16472,0.5673367955715642
16473,0.21580315393063892
16474,0.7688626353503973
16475,0.1454271166336473
16476,0.1498509124104221
16477,0.7881913076190202
16478,0.5338389002381448
16479,0.20804372365245577
16480,0.9721851178832823
16481,0.8263490475962922
16482,0.1137100554939478
16483,0.5351398669467331
16484,0.496807142841652
16485,0.6259779280165911
16486,0.2990870995024369
16487,0.4703567358126763
16488,0.5353044895241099
16489,0.6843582651179794
16490,0.6938167915239764
16491,0.6968065122569019
16492,0.41227278416772006
16493,0.9358897076588486
16494,0.47470484581616124
16495,0.959550872336379
16496,0.9769574870797118
16497,0.21490046920803246
16498,0.8168483846604123
16499,0.9489598424125324
16500,0.23471041012418847
16501,0.7600336190256114
16502,0.4056806036356737
16503,0.5277504145803682
16504,0.337986666518088
16505,0.2711492938985872
16506,0.7092942398412843
16507,0.8980312494996952
16508,0.2335704966951785
16509,0.899236787089917
16510,0.3810222519309696
16511,0.8677903152581149
16512,0.38960280630609434
16513,0.7639345923446856
16514,0.3614955842523166
16515,0.9651353366183931
16516,0.3499268407710441
16517,0.6408267636242403
16518,0.12370387020294661
16519,0.6367827321295093
16520,0.21623764588344468
16521,0.39910033756060265
16522,0.7202830406595996
16523,0.9055523027881535
16524,0.462882434516586
16525,0.6516943920646143
16526,0.5783958043782343
16527,0.5676794114730903
16528,0.8404803381524232
16529,0.23244280551940058
16530,0.9079241479360504
16531,0.7950684698118242
16532,0.3523685637253525
16533,0.510500771722002
16534,0.637103958572226
16535,0.9553924524152129
16536,0.7994476766150609
16537,0.5677804450211282
16538,0.621873907786812
16539,0.5927561367850298
16540,0.9126375895210158
16541,0.3066389661674311
16542,0.5438559387963486
16543,0.515640734038555
16544,0.7799933697484341
16545,0.9042067745470617
16546,0.8717579538034066
16547,0.8958874874078168
16548,0.6181989694548837
16549,0.8818145724310611
16550,0.5626384373967891
16551,0.5876566828751698
16552,0.8755008042360548
16553,0.17418498320099954
16554,0.40979908641392465
16555,0.4801196459545896
16556,0.44568125414450455
16557,0.8040485159196721
16558,0.8913161862861019
16559,0.866649666718131
16560,0.9026983589512718
16561,0.40146360992139263
16562,0.40711328695020593
16563,0.6137472212948867
16564,0.6108208387050441
16565,0.2730965725893468
16566,0.30942345750516126
16567,0.8024834878354995
16568,0.6818708226335503
16569,0.1442870445951868
16570,0.17966276799841766
16571,0.8100609239258829
16572,0.6712932865441511
16573,0.11408129520189635
16574,0.31745544664003844
16575,0.7616633910095669
16576,0.7783497623944431
16577,0.7937119346547179
16578,0.38227001017790935
16579,0.7062612282236332
16580,0.8563906442465198
16581,0.4166840496822816
16582,0.21632560363468337
16583,0.41193920528328887
16584,0.4484365039864437
16585,0.949346580727711
16586,0.9690793324984608
16587,0.8865335743479706
16588,0.33748777146421866
16589,0.7099627040745212
16590,0.4827603466773335
16591,0.838435613745061
16592,0.23355735939505826
16593,0.6593198636121088
16594,0.7312880786258982
16595,0.9156092663094813
16596,0.6396424589962771
16597,0.2693024031207607
16598,0.30329220842756877
16599,0.8756856218008744
16600,0.5558519052741043
16601,0.20662223136378882
16602,0.7713459935872853
16603,0.555788843486484
16604,0.8496235875222556
16605,0.494040888293135
16606,0.6015125051337777
16607,0.5420157784093855
16608,0.39318073604015713
16609,0.23469816338455607
16610,0.6856600276178059
16611,0.15204818824718203
16612,0.47409722913823776
16613,0.732211639078192
16614,0.7180040785431674
16615,0.9156168567344676
16616,0.2925250644716801
16617,0.4098720853095537
16618,0.040808627037790715
16619,0.4384851760776202
16620,0.20674943048164493
16621,0.2634170847287618
16622,0.10914351360144521
16623,0.812697494400627
16624,0.9742175230993121
16625,0.8776421320402473
16626,0.5474211610747538
16627,0.5660443852637457
16628,0.3792217299773279
16629,0.9426912416601236
16630,0.8119518620814686
16631,0.8984169302508873
16632,0.5929921433790812
16633,0.6497880769279006
16634,0.9417604607158893
16635,0.8454666663064723
16636,0.5879403653323204
16637,0.5477439820042276
16638,0.5022417447984392
16639,0.29863296316133364
16640,0.26550443844157795
16641,0.9471357828032907
16642,0.8378583619848429
16643,0.5965323240040769
16644,0.7607333936304622
16645,0.4643273686599249
16646,0.7734341493519628
16647,0.721195158412632
16648,0.9171515479687186
16649,0.4678482644637766
16650,0.9329312069360277
16651,0.8104547504999091
16652,0.6560950640728302
16653,0.7021104738591764
16654,0.8668775285705125
16655,0.3304317919984829
16656,0.3406674934832362
16657,0.7081802249794223
16658,0.20903713923235587
16659,0.576292970951576
16660,0.08151842094836048
16661,0.7357079401043101
16662,0.504511274658559
16663,0.6631098311979293
16664,0.2923873670683546
16665,0.1573252507394063
16666,0.7430645149061268
16667,0.48461004388023815
16668,0.5027967425673167
16669,0.7408019922197356
16670,0.5369910766781684
16671,0.25818209321689556
16672,0.8963845607069414
16673,0.264745844820788
16674,0.6425822052919419
16675,0.8221689018264606
16676,0.06930101572872464
16677,0.6770263461153626
16678,0.07657570215421716
16679,0.1716419195233013
16680,0.6267316185422358
16681,0.9074412528673643
16682,0.4638213816767484
16683,0.8098801187334994
16684,0.05017000390447126
16685,0.5239639019075997
16686,0.9561316583778728
16687,0.745636240823124
16688,0.5270479810225183
16689,0.8557368851701783
16690,0.2763763957159833
16691,0.41940055426823575
16692,0.6015830778707105
16693,0.9032687789791132
16694,0.1855794358990198
16695,0.7239444144408986
16696,0.2912069248774525
16697,0.2696679043919731
16698,0.8736883236332188
16699,0.1729325470090435
16700,0.9056671841122228
16701,0.20025260991795743
16702,0.734637975442934
16703,0.7342146779348019
16704,0.6872580405067354
16705,0.08685282866031636
16706,0.721425545120075
16707,0.6830988397998856
16708,0.19556683623072765
16709,0.5014597524703226
16710,0.7679835643915246
16711,0.600984987068751
16712,0.15609704098305097
16713,0.506768202122333
16714,0.35196494411967194
16715,0.2418019877853632
16716,0.3935128129416227
16717,0.7385342429198892
16718,0.8952223786009244
16719,0.7116905325773436
16720,0.2057720721745405
16721,0.5470500690523444
16722,0.8733735134393886
16723,0.9078088949535229
16724,0.8145989673387762
16725,0.3680866100932793
16726,0.12046054288135416
16727,0.7842942487953921
16728,0.37103628743812445
16729,0.9626929969345659
16730,0.7186432112992637
16731,0.8979438922676166
16732,0.8882151641423668
16733,0.4920792343242432
16734,0.8031947249927067
16735,0.4056350747692803
16736,0.9770359268595363
16737,0.13275165964331517
16738,0.53205173807395
16739,0.5755414698961084
16740,0.6673414901108774
16741,0.7519457204325128
16742,0.9418979614300175
16743,0.693451768860856
16744,0.5155301119192857
16745,0.23980267983646603
16746,0.9321494130014008
16747,0.6314630632892183
16748,0.5395970322376852
16749,0.4105525878271638
16750,0.29064808555182337
16751,0.28387727200526797
16752,0.3565361281045431
16753,0.1703714889531214
16754,0.4871136102928508
16755,0.3578089432083109
16756,0.5956407592476853
16757,0.29446452867118367
16758,0.47877276930370855
16759,0.20975534083490063
16760,0.2051203030776457
16761,0.7910085106440641
16762,0.7872509202568907
16763,0.2603930061234879
16764,0.5745560698049514
16765,0.6782633006654151
16766,0.32594095512978927
16767,0.41476462962446614
16768,0.6484994630780097
16769,0.19969707819390564
16770,0.777195882197095
16771,0.05253590944198396
16772,0.8480768974133828
16773,0.7008007376964149
16774,0.8176099932544332
16775,0.8582137991884029
16776,0.3642373526053753
16777,0.6385936235150663
16778,0.7952309473797842
16779,0.8213855460861514
16780,0.38715067696587463
16781,0.9586663985039395
16782,0.44965966543397506
16783,0.6469828193490563
16784,0.6726342559450076
16785,0.24346520666275956
16786,0.7453860660236329
16787,0.4159146247303748
16788,0.5181021155542842
16789,0.37560702880179225
16790,0.6183523174062346
16791,0.7689158510907553
16792,0.8255185419100611
16793,0.21061292652055327
16794,0.7393321781001315
16795,0.4546347133842562
16796,0.49607664017689984
16797,0.23609463946753895
16798,0.9135609195144168
16799,0.8276815479678497
16800,0.9677260622082282
16801,0.7634243207829172
16802,0.2572569247727159
16803,0.7565812898059936
16804,0.628559828050802
16805,0.3234631892644132
16806,0.36533420662675153
16807,0.6143498075750607
16808,0.7950416191562033
16809,0.5481398778301968
16810,0.26056169773979126
16811,0.8213987308013729
16812,0.8511121968413687
16813,0.7847091630173991
16814,0.1446546945670482
16815,0.5513020180193559
16816,0.3940958686785712
16817,0.13383787373113468
16818,0.5204406058534057
16819,0.6663362879926505
16820,0.5344358075161243
16821,0.46785254364570755
16822,0.6678816667796686
16823,0.6695752801900449
16824,0.5465438240733805
16825,0.43503272635921997
16826,0.32982490919322865
16827,0.5594066547826374
16828,0.6737917648778026
16829,0.19292183297015358
16830,0.43366145869699346
16831,0.8494261413355004
16832,0.9379222270997521
16833,0.8645878720890265
16834,0.1254704101479657
16835,0.5718818596646457
16836,0.6825274548834
16837,0.41175635469164246
16838,0.49022005733109963
16839,0.975212541253365
16840,0.9119113626833363
16841,0.6840233613558492
16842,0.86709209531225
16843,0.7776171563407185
16844,0.5232925337273739
16845,0.42454858146814844
16846,0.8511913304585501
16847,0.7452308242393815
16848,0.7500479986134009
16849,0.4906830821793661
16850,0.2269997104486929
16851,0.7840299392810839
16852,0.7469759953986026
16853,0.9426240934159145
16854,0.9766133371712712
16855,0.9168454587614834
16856,0.23266474880566448
16857,0.9366838017868129
16858,0.8000173560603013
16859,0.6554723237535682
16860,0.5514326533493602
16861,0.9138449008945252
16862,0.689539145526445
16863,0.8332004293164302
16864,0.5088137781946975
16865,0.3667870141847302
16866,0.9336310519271995
16867,0.8815125896768823
16868,0.9174013129875829
16869,0.5335804307752137
16870,0.4505610977314716
16871,0.6038877003209582
16872,0.30643784673373736
16873,0.2473364417486563
16874,0.8612245582053007
16875,0.28624152699476113
16876,0.7676110387595163
16877,0.20728265085871006
16878,0.5262926384557917
16879,0.2640764922619536
16880,0.23316957127847882
16881,0.5089870557189295
16882,0.9157948487350349
16883,0.4949335122293081
16884,0.2120840589334432
16885,0.5831956202880588
16886,0.46418092911108827
16887,0.8362517196462026
16888,0.7861301211749636
16889,0.8488189910796459
16890,0.4799705393408185
16891,0.2734367686726193
16892,0.18001808254242346
16893,0.676952831469915
16894,0.8881713482343486
16895,0.30995259279275705
16896,0.47985049929367296
16897,0.9579055961846855
16898,0.4558216217909379
16899,0.8834904297177973
16900,0.6988927076137764
16901,0.10442051336108184
16902,0.8211433199331628
16903,0.3358278526598103
16904,0.40752026014972326
16905,0.8081377450546402
16906,0.9058430462645439
16907,0.13964363389455395
16908,0.8745232693604171
16909,0.7243299104187912
16910,0.8442423390990915
16911,0.6190323571007905
16912,0.6269144205849975
16913,0.6546763416263728
16914,0.9253433206276686
16915,0.2880663390728662
16916,0.46781373907395557
16917,0.5659667828856528
16918,0.1594876836811051
16919,0.7268102399996398
16920,0.7429182440086388
16921,0.6207658403595322
16922,0.909670573437559
16923,0.9073631221981531
16924,0.21578358688184884
16925,0.6289949021322391
16926,0.7894583926044753
16927,0.4652846317611279
16928,0.7167805585531777
16929,0.328100930126797
16930,0.7843307821611067
16931,0.5274291707870076
16932,0.1649661365741641
16933,0.37143354074513163
16934,0.10702532080359871
16935,0.6214029532392104
16936,0.8683723484384056
16937,0.47542163814811805
16938,0.8563498845288761
16939,0.9148648700325528
16940,0.7515082548171859
16941,0.564748066826011
16942,0.2927748260951803
16943,0.803008278259965
16944,0.3436986979064098
16945,0.02941739366538054
16946,0.8845270263202646
16947,0.08493863123318657
16948,0.22278452167184798
16949,0.6489250516164072
16950,0.35871601013718574
16951,0.5631938162988473
16952,0.25596747495495914
16953,0.8742809533583225
16954,0.9500293338654474
16955,0.8992471356957045
16956,0.7258051364928484
16957,0.7339194799993564
16958,0.8277284448578726
16959,0.3168606667902495
16960,0.9192604181777864
16961,0.7165463596113416
16962,0.37629016773603347
16963,0.5044386508694024
16964,0.555985008281363
16965,0.5949339975103538
16966,0.5540046823279424
16967,0.6149625362003165
16968,0.8653946559293969
16969,0.7475540345827928
16970,0.7150445523025227
16971,0.7276106980521749
16972,0.6862049921732458
16973,0.6638029005646746
16974,0.7435479758016948
16975,0.37286765613750583
16976,0.9208638705980491
16977,0.8641364256711147
16978,0.4924173556259415
16979,0.5175356361694764
16980,0.5744029437244603
16981,0.985789437720383
16982,0.8992289698335945
16983,0.42801307985506515
16984,0.6449382092156223
16985,0.7509765135750524
16986,0.7528394104653494
16987,0.3988124549466586
16988,0.6258225359350512
16989,0.06574584304331135
16990,0.3502640029230113
16991,0.8718571390428068
16992,0.09176836398494503
16993,0.6703419120656674
16994,0.5595899540099695
16995,0.49430199606436587
16996,0.5035006257982368
16997,0.7284728436152512
16998,0.42067467229144745
16999,0.22124087290980549
17000,0.6816150357568381
17001,0.20618559943206588
17002,0.4157492889517814
17003,0.12367983400425012
17004,0.6720122503599926
17005,0.3383659311323007
17006,0.447180600362802
17007,0.9684815320760483
17008,0.49716711000562014
17009,0.6206920859639319
17010,0.7947379551290464
17011,0.35843692898574053
17012,0.4763603185199424
17013,0.7935431313284088
17014,0.5464094887833529
17015,0.9396036676468704
17016,0.3986456588978275
17017,0.7812019177608984
17018,0.7570802013009829
17019,0.38364584442011707
17020,0.4028169829040869
17021,0.64384783119915
17022,0.2716206562537138
17023,0.3341368486831631
17024,0.607131766226646
17025,0.7017883697903061
17026,0.8084350300551493
17027,0.26782277885245714
17028,0.8216389606473772
17029,0.5873044691632254
17030,0.11444395805102504
17031,0.6362026935406924
17032,0.6228620821305824
17033,0.5751678223158382
17034,0.6757717392942383
17035,0.8389552285785117
17036,0.34409353869635395
17037,0.6660927147141862
17038,0.11469529303615497
17039,0.9135102901778639
17040,0.7758413319320387
17041,0.5998912129439643
17042,0.5700408538670967
17043,0.9614045160411281
17044,0.36711389371521225
17045,0.7961283564159479
17046,0.3462260543014554
17047,0.6519683036172679
17048,0.7971785621654633
17049,0.871485645129931
17050,0.5248007051294964
17051,0.5484080280807834
17052,0.2976393501959229
17053,0.16632722730374253
17054,0.2699036531408687
17055,0.5309867707202951
17056,0.6626893757906717
17057,0.7569752569082997
17058,0.8430638746953685
17059,0.8220979433787102
17060,0.6165778521959168
17061,0.1355886034832988
17062,0.9419224900299368
17063,0.8650631731044258
17064,0.43591653020580656
17065,0.455704432405559
17066,0.4253137744988898
17067,0.785501937062365
17068,0.9269319038703602
17069,0.4587858153171013
17070,0.6052249097852522
17071,0.5437240137349952
17072,0.33467246547108515
17073,0.28663951568815976
17074,0.5870036242045501
17075,0.9242529205659707
17076,0.3748554735093953
17077,0.578418290908228
17078,0.8391718771247115
17079,0.836930517968914
17080,0.5550686081279572
17081,0.8070166929072478
17082,0.25865034532009173
17083,0.30297706940716135
17084,0.6005890163770172
17085,0.22228931301774515
17086,0.7301310171137666
17087,0.9259180756276145
17088,0.6788571040119455
17089,0.2870614733079459
17090,0.6004178516513115
17091,0.3339328213709503
17092,0.22148838906124435
17093,0.9295378489103333
17094,0.7127749445788736
17095,0.6047097169394888
17096,0.2971988213633091
17097,0.7002182061777807
17098,0.7025386039512874
17099,0.7778511214115629
17100,0.8031677256474757
17101,0.5938048244296242
17102,0.7339945427612188
17103,0.04814794367185813
17104,0.8897537031731555
17105,0.509071090211455
17106,0.7080826764259384
17107,0.665766212762502
17108,0.3913716550438588
17109,0.8580416403902477
17110,0.4615032778747635
17111,0.02009573085368835
17112,0.6534991498841393
17113,0.7870623192386133
17114,0.17217865853766348
17115,0.7316022502006628
17116,0.35845887194758314
17117,0.6939455498983896
17118,0.5960670177265193
17119,0.3520622168997128
17120,0.8620159540010189
17121,0.6258890422399771
17122,0.5487008567050142
17123,0.7036774157044655
17124,0.7128189207315695
17125,0.36636785619334544
17126,0.7674609829485644
17127,0.44990987283790146
17128,0.18411061398174772
17129,0.2628971823680779
17130,0.5596140959584959
17131,0.14140961004305877
17132,0.2759478027942816
17133,0.33368808692607926
17134,0.4812439564962986
17135,0.32343625680771776
17136,0.7994547962997414
17137,0.17476212779561126
17138,0.8316422391690735
17139,0.738646706563226
17140,0.7496882598373849
17141,0.46661757425894423
17142,0.6895989664524702
17143,0.6986812699701127
17144,0.8933789603891191
17145,0.780399724170089
17146,0.4360250183398828
17147,0.8565768141276499
17148,0.13383185290364172
17149,0.16327803585361905
17150,0.11705809447480903
17151,0.708139212800824
17152,0.8647380513249082
17153,0.6698309619799825
17154,0.3714905705090598
17155,0.11563748575667845
17156,0.18257192053064944
17157,0.18558857426893086
17158,0.5957290653678055
17159,0.19046438157892165
17160,0.6142413474605851
17161,0.8763391668283947
17162,0.5493951046802343
17163,0.19991095087485164
17164,0.5611238434943959
17165,0.304593335491127
17166,0.6839258117668751
17167,0.4327138269612318
17168,0.11920946242009402
17169,0.46080712862915607
17170,0.776540848730754
17171,0.31979085037527927
17172,0.2796703446698605
17173,0.4189001313605712
17174,0.21854120600834967
17175,0.4993097861139451
17176,0.3865703686856837
17177,0.7704185395522746
17178,0.5487554925211535
17179,0.9332667778917889
17180,0.07220712061098725
17181,0.7204286381156968
17182,0.7728674931417467
17183,0.732861066641271
17184,0.8590925765361417
17185,0.8022056623719981
17186,0.6587950975961564
17187,0.7711156202466787
17188,0.32725001492153055
17189,0.4880625234724486
17190,0.07174512593528429
17191,0.7016041142196976
17192,0.6682921217276706
17193,0.7178751649993225
17194,0.8175812036805008
17195,0.7771338972929465
17196,0.6066051216198076
17197,0.08856491907710788
17198,0.2702210148072196
17199,0.9463840528838212
17200,0.7069888214880189
17201,0.6361392139649011
17202,0.5095618977893693
17203,0.8513694469892643
17204,0.9306992072708138
17205,0.8249690474003308
17206,0.3425601359929325
17207,0.4222597429977536
17208,0.21989627078671467
17209,0.9307931316265271
17210,0.5749374847447362
17211,0.7677809963949195
17212,0.5185029999522949
17213,0.9567313010562208
17214,0.7685739766818315
17215,0.6995430639599854
17216,0.10827271238314522
17217,0.8955689473374566
17218,0.38085882159297785
17219,0.25185536667903463
17220,0.4295604484377534
17221,0.9508194234553587
17222,0.3257074078564575
17223,0.4503504188089448
17224,0.5532530376732686
17225,0.6692273721406949
17226,0.6925738715112782
17227,0.3803385580108299
17228,0.27460791505266247
17229,0.5951780455584537
17230,0.565867438928577
17231,0.3132202861722969
17232,0.3781796832736254
17233,0.24341712558887565
17234,0.4296515669726303
17235,0.752639374909068
17236,0.6369446368024886
17237,0.9162982754753068
17238,0.7402281019689598
17239,0.08340735620376494
17240,0.3940975077540699
17241,0.43372098895687583
17242,0.8053097641421286
17243,0.45911567695438965
17244,0.43485904368769324
17245,0.4777198589842694
17246,0.8115634986126085
17247,0.16552105813511125
17248,0.5302852312722733
17249,0.5176021917453323
17250,0.7899704501096303
17251,0.28920903464025505
17252,0.34399060450231544
17253,0.872742266392594
17254,0.18608768407158752
17255,0.7916722750713543
17256,0.18933722977537984
17257,0.9213013907574559
17258,0.2344849477063842
17259,0.6754807454904936
17260,0.20062578649493182
17261,0.8526055791122902
17262,0.7700294065590602
17263,0.32232302737680635
17264,0.4683222155322317
17265,0.7705409882940618
17266,0.17689866054839662
17267,0.730765478291457
17268,0.8690038955039363
17269,0.6828209003809221
17270,0.9062021178071845
17271,0.32662289381878795
17272,0.3412158461191578
17273,0.8890656111279808
17274,0.3161010909125168
17275,0.8705246308766783
17276,0.7930353397790683
17277,0.7594627454193452
17278,0.47521400411744036
17279,0.608879331757894
17280,0.8098796859911374
17281,0.6170356494933256
17282,0.8700793791197157
17283,0.4433134824537332
17284,0.5273366514781488
17285,0.8078052440346482
17286,0.6907437921387612
17287,0.4569824328764126
17288,0.7749475927849334
17289,0.31374014239509307
17290,0.6300199663790603
17291,0.37977395149552373
17292,0.33917195928162397
17293,0.5176637567811667
17294,0.8792757524011111
17295,0.2079454499131832
17296,0.651131353555616
17297,0.6699466621776858
17298,0.4124181694221124
17299,0.16181643200905133
17300,0.8755786300454358
17301,0.7081728818582581
17302,0.3980303711245316
17303,0.8604964508236872
17304,0.835797165965326
17305,0.13117882329973818
17306,0.36940647599872867
17307,0.5599270485762224
17308,0.7767183647993753
17309,0.04051515400591
17310,0.5159784894985937
17311,0.7430047241172625
17312,0.8973556862345917
17313,0.5745749975611829
17314,0.4747529351760587
17315,0.3590233826764952
17316,0.7947684139564831
17317,0.41073981190282394
17318,0.12750009110324145
17319,0.113266312695194
17320,0.8046899739359923
17321,0.5142897424793571
17322,0.8436645957169712
17323,0.42199655421102383
17324,0.06882932624492911
17325,0.4310250553064665
17326,0.3381807915534888
17327,0.1031075749102451
17328,0.17421598108003936
17329,0.5795692594993095
17330,0.6597173946157311
17331,0.5395961455888869
17332,0.2612536871259687
17333,0.432278572237017
17334,0.5693534519642822
17335,0.5416408679775441
17336,0.6089699434297642
17337,0.6257528993684458
17338,0.36786459990656195
17339,0.47073087684486126
17340,0.1297587876695241
17341,0.43068983598801625
17342,0.7463077333582906
17343,0.19161980452625568
17344,0.35536688898290536
17345,0.719728068931321
17346,0.19463980269534123
17347,0.33829200565192963
17348,0.49731326889544597
17349,0.48301894033024306
17350,0.8984271160122513
17351,0.091393348685392
17352,0.5359419272854782
17353,0.15393706066168972
17354,0.5653128852684534
17355,0.5227896414433426
17356,0.8722492101859415
17357,0.6825997125374998
17358,0.7291077849210321
17359,0.0824566778779698
17360,0.7410999390537979
17361,0.8549264423438713
17362,0.6246417643581398
17363,0.6007995506089447
17364,0.8726186648397913
17365,0.965188815819044
17366,0.5769599249467617
17367,0.16397782850025183
17368,0.26351753183399446
17369,0.5900627567540367
17370,0.6106469759232213
17371,0.926599108478053
17372,0.902194110412016
17373,0.49168948632646514
17374,0.3906664529725263
17375,0.641342955499557
17376,0.8066420619539144
17377,0.3767391093446503
17378,0.4258372221891654
17379,0.6013617270500298
17380,0.4069760061597046
17381,0.8889997920096352
17382,0.8050898729724886
17383,0.19908889739714764
17384,0.39777175475385124
17385,0.0836263625690934
17386,0.532203606734828
17387,0.7520236981756225
17388,0.5073296631774271
17389,0.7615287449117969
17390,0.7026156608228605
17391,0.469831968942551
17392,0.4670348152492197
17393,0.22291403064669485
17394,0.46178654121419255
17395,0.7359397181015888
17396,0.7722136464004504
17397,0.9678139864379102
17398,0.8771253262203486
17399,0.878671442932944
17400,0.1979980158670149
17401,0.5353979570126766
17402,0.29233308486571064
17403,0.4202485154716106
17404,0.17967560011421155
17405,0.43927420154867836
17406,0.7794152606430396
17407,0.7751183977254882
17408,0.8940251977663077
17409,0.7848328402844459
17410,0.8278825434635905
17411,0.29687238482982775
17412,0.6139068237514276
17413,0.8142292486971321
17414,0.8926617052264333
17415,0.5061137070954339
17416,0.47166328802063484
17417,0.8684801074733166
17418,0.6817056994641585
17419,0.1258912116195865
17420,0.37445592865263344
17421,0.8637087316380854
17422,0.42216296485222726
17423,0.5729694565597545
17424,0.2495730371198049
17425,0.6081069677097529
17426,0.6340423272429065
17427,0.7244518304398763
17428,0.699002508799786
17429,0.3486235193755235
17430,0.47427395517398696
17431,0.7653316267401876
17432,0.8726245834033779
17433,0.02432308221968649
17434,0.987909917021513
17435,0.3918226762580532
17436,0.16136930087766735
17437,0.8211307620793544
17438,0.607128532370186
17439,0.10489279858161965
17440,0.33978432596114727
17441,0.8899476589196513
17442,0.7637021676143112
17443,0.4762922843574018
17444,0.5216864677220074
17445,0.2619607394402266
17446,0.30207201623485713
17447,0.4230509928864112
17448,0.8657223323796627
17449,0.6815065803602394
17450,0.8923623272911849
17451,0.33550208261812453
17452,0.21601326910650806
17453,0.95920742661597
17454,0.19024163405056957
17455,0.8570919745113912
17456,0.3441188883671268
17457,0.06819772584932068
17458,0.7009622178983961
17459,0.9294060604235151
17460,0.9055293098176087
17461,0.279664596561556
17462,0.4296695734222762
17463,0.2559670725920961
17464,0.947283586349027
17465,0.5597683475186886
17466,0.7574207279054141
17467,0.7438996670150547
17468,0.9444690718663129
17469,0.6223213656847992
17470,0.6957322679652671
17471,0.14106639800486337
17472,0.8412948129115562
17473,0.6583551742657665
17474,0.9100144253909346
17475,0.7503250877336759
17476,0.4608123372247939
17477,0.30377074313390345
17478,0.7272630917381392
17479,0.6252946624523285
17480,0.8915497249932899
17481,0.4741279532355032
17482,0.541767526283652
17483,0.2960014569090503
17484,0.6335539131101936
17485,0.6393713846762549
17486,0.8677456688651619
17487,0.9319252266935015
17488,0.15145666586335416
17489,0.7204219906835225
17490,0.26322383337445154
17491,0.5632152661382295
17492,0.6136678299769736
17493,0.732177389192238
17494,0.2925560097536376
17495,0.8331460761971253
17496,0.5849827024496885
17497,0.6706189947449029
17498,0.5325355200899292
17499,0.5620965836306143
17500,0.343273935408527
17501,0.6679953531074638
17502,0.39303010914473013
17503,0.3626886255920919
17504,0.50589081929588
17505,0.8270134783243082
17506,0.14326734275867892
17507,0.9003777902058909
17508,0.18294761753473301
17509,0.2412110097260603
17510,0.4126922650153134
17511,0.6455554913962465
17512,0.8371192534077826
17513,0.6056240001858748
17514,0.7578957321027053
17515,0.7066122311997547
17516,0.6125093012788603
17517,0.48852746836331956
17518,0.9486048500864888
17519,0.8787349357569937
17520,0.08038711728844464
17521,0.8717614493341769
17522,0.5760550718267755
17523,0.37859028514026477
17524,0.49889150690897643
17525,0.6113944383523309
17526,0.8040942183558552
17527,0.955940858720627
17528,0.5461316431931291
17529,0.866234503709559
17530,0.9071669288411666
17531,0.9493654350871746
17532,0.405704189172849
17533,0.3357017080006671
17534,0.2690949933323684
17535,0.2117626467639721
17536,0.19375728773917775
17537,0.020724551359299785
17538,0.833069979636324
17539,0.165064586772425
17540,0.4467745259636473
17541,0.2488145279506976
17542,0.5097776697981773
17543,0.966255295350485
17544,0.5090090190640636
17545,0.9287122723210142
17546,0.7897794863036253
17547,0.5830755955205136
17548,0.9017509905856732
17549,0.6028486633903073
17550,0.766139302257185
17551,0.37834428350837956
17552,0.6282572311573116
17553,0.8202014165937227
17554,0.0858970742340206
17555,0.4375040535282382
17556,0.9423925974823119
17557,0.7495980271987615
17558,0.7574799337969611
17559,0.4866332072517142
17560,0.3623340943392669
17561,0.3946107821311775
17562,0.5586131130057054
17563,0.8213878093816454
17564,0.32930265046253016
17565,0.5056200120303289
17566,0.3446902851109572
17567,0.2282846331361255
17568,0.3077589381843643
17569,0.1611058316835142
17570,0.5995525939410657
17571,0.8664800842922022
17572,0.19207252161082997
17573,0.38831858248326906
17574,0.8560321772475178
17575,0.3453896021069919
17576,0.6361458127883843
17577,0.45543820980830796
17578,0.5111629324013055
17579,0.6476924458315894
17580,0.8897912293671639
17581,0.6447725785011115
17582,0.5378171128208895
17583,0.5595435515299412
17584,0.6244239763375311
17585,0.8859427688847435
17586,0.601858441101581
17587,0.2628667634304942
17588,0.5945091692380605
17589,0.46994361479806007
17590,0.6737417794283883
17591,0.5588084117963236
17592,0.3946970657619497
17593,0.28787896645987077
17594,0.3765989968387521
17595,0.36012873147403923
17596,0.7673150517977086
17597,0.5184890581177033
17598,0.6351882857538019
17599,0.8659970287085462
17600,0.3020097341228978
17601,0.15608476692586912
17602,0.8829370067106703
17603,0.8616808676306622
17604,0.762815298596104
17605,0.4880177854734357
17606,0.6347245663802352
17607,0.8904891113124992
17608,0.5710919796764696
17609,0.4664136891774129
17610,0.8573836163519813
17611,0.6481270245509922
17612,0.9022759548997126
17613,0.7459399555216414
17614,0.7978821668145222
17615,0.5820483359907119
17616,0.2853178160158461
17617,0.8624730064688818
17618,0.8053786037822434
17619,0.7409807334003827
17620,0.5665881002440184
17621,0.5577806040332195
17622,0.879757051390356
17623,0.4013281575691576
17624,0.6008118054345803
17625,0.3104691947836348
17626,0.8078940099298975
17627,0.6492820489152357
17628,0.23270134464426165
17629,0.5813560021973265
17630,0.9470210735843674
17631,0.7664177005164684
17632,0.32790619220354306
17633,0.8170619583690637
17634,0.6989351321080732
17635,0.7957608184483803
17636,0.6460994739356809
17637,0.32472838813499455
17638,0.6312587023062961
17639,0.7098687100051132
17640,0.6946920906808176
17641,0.5973257027386644
17642,0.7772643783811718
17643,0.7583869665183942
17644,0.7706433145421222
17645,0.9318092845197359
17646,0.7871637775121116
17647,0.759013607901049
17648,0.8720989936318418
17649,0.5184179878213684
17650,0.22014011240857279
17651,0.9294447579768049
17652,0.2939560297189934
17653,0.5775336820198066
17654,0.9209554632330901
17655,0.19014004488637182
17656,0.2554153629598651
17657,0.12093711175512861
17658,0.0982691155830756
17659,0.5051830710355543
17660,0.33203897037933866
17661,0.21106162236055218
17662,0.5869048292610716
17663,0.35632199525444763
17664,0.1931071476536305
17665,0.805431088512614
17666,0.7479318656593318
17667,0.30896486348169827
17668,0.32979454892226795
17669,0.9828855375535794
17670,0.6218426453011271
17671,0.5051640755597832
17672,0.6826503098923568
17673,0.37192028878776856
17674,0.8708309482317325
17675,0.30333092335717454
17676,0.46798474254711275
17677,0.5273448183490781
17678,0.5180712721881362
17679,0.19767919197417044
17680,0.34240085242043733
17681,0.33812687475060016
17682,0.6730600844774122
17683,0.5171794634074744
17684,0.37255359147478045
17685,0.7543006712423495
17686,0.6908085059449339
17687,0.6013894273231973
17688,0.5128577058156489
17689,0.24507689985222383
17690,0.3376337871301258
17691,0.6191888544683422
17692,0.9517537073489051
17693,0.8190030848232783
17694,0.9162031591010369
17695,0.397976863707933
17696,0.8533555104802585
17697,0.5869201445248352
17698,0.5390268286337726
17699,0.9611153156539745
17700,0.5172940373364343
17701,0.4321311478879134
17702,0.86178958321959
17703,0.7503188104645905
17704,0.9041009740030881
17705,0.7106619298835278
17706,0.17860777592379853
17707,0.16108189952954916
17708,0.8182216919296535
17709,0.6754442170258309
17710,0.3722875483425565
17711,0.7486295537591361
17712,0.771675851686403
17713,0.5949076381040599
17714,0.513672323853592
17715,0.8691344362744792
17716,0.5803187592541774
17717,0.6475255815406179
17718,0.6903257013271561
17719,0.5893320092147029
17720,0.5958118690392687
17721,0.3952892154203172
17722,0.46986673718371347
17723,0.9087396247992435
17724,0.4707711946934841
17725,0.6600973147896751
17726,0.404101164502527
17727,0.6477200129543565
17728,0.6647459057315244
17729,0.5427225387817929
17730,0.47795181462302944
17731,0.3564870119598565
17732,0.8106059596112143
17733,0.2616837829831902
17734,0.6132941680426721
17735,0.3443174437671562
17736,0.7163041426827744
17737,0.8902220889869077
17738,0.7077739354456609
17739,0.2302765002503432
17740,0.7897065928303726
17741,0.34160661352662314
17742,0.9241542912399625
17743,0.8542048958324555
17744,0.33309729657511333
17745,0.09863939807996923
17746,0.6869008865207598
17747,0.6543923599393323
17748,0.2544838498007823
17749,0.22927983835505242
17750,0.7792810969115117
17751,0.13732128060665802
17752,0.5841956992978422
17753,0.7428991984441897
17754,0.2923284574348775
17755,0.6654606757740713
17756,0.3544215069730416
17757,0.9582330974748725
17758,0.6567146830382609
17759,0.2574967197842952
17760,0.13797391356445615
17761,0.6524843109574986
17762,0.28285597549204194
17763,0.8762254441007545
17764,0.6906677993382051
17765,0.4805293052883488
17766,0.27581642279010554
17767,0.6564127015550199
17768,0.3976741905782513
17769,0.4869952802296768
17770,0.2355574228423465
17771,0.3735740855142204
17772,0.5965989227804648
17773,0.5438828204697629
17774,0.5798464480810607
17775,0.9103554917188501
17776,0.5899928258028498
17777,0.8542648063933593
17778,0.7719725570408617
17779,0.9692617337409873
17780,0.35339689404138913
17781,0.7874581578431988
17782,0.6125055290265564
17783,0.12605562726745365
17784,0.612923625100324
17785,0.8401678090318933
17786,0.27404003777885344
17787,0.20836880587792336
17788,0.6648175438724191
17789,0.47001639823347613
17790,0.900433021196401
17791,0.6596680779085077
17792,0.4435322368005178
17793,0.4850152907896246
17794,0.376838704623804
17795,0.7216149441370558
17796,0.6969775151594415
17797,0.3437742673946168
17798,0.47665035872438266
17799,0.31537177036093134
17800,0.3474033001285314
17801,0.6948868554977132
17802,0.2274619604149321
17803,0.5766106542517159
17804,0.43021041859359976
17805,0.5245354752697247
17806,0.8087658637337057
17807,0.24259613864907056
17808,0.8873115175908021
17809,0.0595159658718447
17810,0.33100774107259423
17811,0.7887698108174235
17812,0.44696995744414475
17813,0.39194936420595544
17814,0.6560538744786836
17815,0.3255964887374205
17816,0.24519075614578187
17817,0.849765052236528
17818,0.1949842136913998
17819,0.79174850700455
17820,0.9355939646460443
17821,0.21285826147739045
17822,0.7947202319680007
17823,0.21753038450585996
17824,0.15782962602294057
17825,0.6472136904717751
17826,0.849316466917258
17827,0.5031756925131677
17828,0.24302853823280113
17829,0.8368454949164622
17830,0.9097172432114439
17831,0.7968904422364075
17832,0.5995548729630007
17833,0.45572463274162833
17834,0.0819957208248721
17835,0.1879040366838741
17836,0.1756661054119411
17837,0.7989829031940715
17838,0.5727550884534026
17839,0.8428535068386859
17840,0.4969962963447444
17841,0.5757997317695353
17842,0.1092901657688509
17843,0.7927444570572896
17844,0.9658752419494222
17845,0.3772318307039616
17846,0.7809663900365015
17847,0.7319345956121841
17848,0.5688475619417864
17849,0.46432278070815663
17850,0.6186683730784004
17851,0.6765293857552673
17852,0.4270646999233436
17853,0.7788908411535584
17854,0.2907202429333454
17855,0.5986505957527352
17856,0.4094820438738718
17857,0.9270788103436315
17858,0.8426807440490194
17859,0.5526529158561012
17860,0.4224022764442187
17861,0.29491175043546664
17862,0.8825685378905471
17863,0.5363998893129777
17864,0.3363939930390932
17865,0.9517937908485066
17866,0.7192604111327553
17867,0.934947991675053
17868,0.6317561391751558
17869,0.6392801296285826
17870,0.7695007124779959
17871,0.46423550733687685
17872,0.70687842422973
17873,0.579955105498239
17874,0.49166327491151574
17875,0.6245661401933948
17876,0.19658007792147614
17877,0.3294003697535982
17878,0.8811742996618976
17879,0.7637493042666202
17880,0.7441094470242211
17881,0.17721700460651277
17882,0.3440812474149975
17883,0.9087358438585237
17884,0.23060911012764518
17885,0.6816513285373555
17886,0.06903677389826801
17887,0.3789365290686405
17888,0.8454771824013382
17889,0.39904031925099265
17890,0.3794489146647194
17891,0.4237515049448535
17892,0.6929622634558713
17893,0.18182012516310048
17894,0.5634510292592736
17895,0.7912684674004706
17896,0.47202340175396673
17897,0.08884631682571381
17898,0.41183106062443486
17899,0.6997126344056548
17900,0.6319583064355596
17901,0.44346440905934265
17902,0.3593708532335277
17903,0.6776895614776324
17904,0.5683361209831977
17905,0.44383905836711285
17906,0.9918234337593478
17907,0.5172297776492766
17908,0.3419496152557292
17909,0.09234002218800035
17910,0.32771414533144627
17911,0.45877110428173806
17912,0.36553170305623306
17913,0.18268883983859407
17914,0.24705140590160918
17915,0.3698809410855355
17916,0.7935074155069342
17917,0.7629233152809897
17918,0.8755713749466572
17919,0.8942882126363837
17920,0.9136469535635451
17921,0.9278448169390191
17922,0.32013922552719953
17923,0.9216023774576522
17924,0.8897428592216914
17925,0.2675357735772171
17926,0.5053646776432272
17927,0.24281038950140943
17928,0.6682826656880935
17929,0.4268104245790709
17930,0.21008290982564715
17931,0.5504941249706264
17932,0.3057475345080806
17933,0.4929616820940148
17934,0.09801192884175676
17935,0.043535091637379196
17936,0.40165919989832927
17937,0.27472917118589585
17938,0.5216652179366656
17939,0.41790069567099414
17940,0.6075315184684289
17941,0.16835934382010467
17942,0.13210132721994414
17943,0.6840546565716789
17944,0.7458608982253258
17945,0.8088380935125179
17946,0.6976743255665016
17947,0.627341154604289
17948,0.8242496680300427
17949,0.8378524889363963
17950,0.7292541744483952
17951,0.21550580205110947
17952,0.7202044364536011
17953,0.4486495115638253
17954,0.7352862856915267
17955,0.26012650127947046
17956,0.7800862755308877
17957,0.7436963022875428
17958,0.5768911349402752
17959,0.5737559657419565
17960,0.680738324247532
17961,0.9472318131209617
17962,0.16249976714477896
17963,0.28533934198645783
17964,0.3435331476258125
17965,0.6823357721663333
17966,0.5932531702834826
17967,0.38287472446387955
17968,0.21674900367996772
17969,0.9510260294971405
17970,0.4878343156101095
17971,0.8915426103558146
17972,0.33500771727823014
17973,0.8217161890694723
17974,0.5918321972050877
17975,0.24824599283905477
17976,0.32484146219172433
17977,0.8090506422719848
17978,0.4373234305101546
17979,0.16558851919519038
17980,0.5615738423225898
17981,0.1569736804827692
17982,0.2124758514974817
17983,0.8589237002638398
17984,0.7079535694513396
17985,0.07287397216757638
17986,0.7396146715964764
17987,0.2688069142905029
17988,0.4503380515172828
17989,0.27924442590599
17990,0.10448867707157304
17991,0.6304165622500696
17992,0.8091319051251025
17993,0.7708596110773573
17994,0.7706001428832414
17995,0.7397468099013111
17996,0.842568869365065
17997,0.12587062640397395
17998,0.648062011720321
17999,0.6528449430287743
18000,0.2628473770733505
18001,0.12674853147552614
18002,0.6067440480331465
18003,0.6582521516380163
18004,0.7589647368528157
18005,0.6862240846807505
18006,0.2911656594802171
18007,0.682986804816801
18008,0.5181939839372576
18009,0.41048478120524773
18010,0.28022632567719075
18011,0.7812468164577906
18012,0.36170895761196775
18013,0.20353691179819425
18014,0.8714866900055304
18015,0.13155757861176123
18016,0.22296604524595284
18017,0.8038883904430522
18018,0.7753859185670149
18019,0.32021974796855984
18020,0.8445492756891454
18021,0.3290556510502753
18022,0.6350201959438979
18023,0.40674191603022863
18024,0.937752465054467
18025,0.34781587096351
18026,0.5272446862926323
18027,0.9398112645135428
18028,0.3824862741321248
18029,0.2273715625883459
18030,0.11911671563429782
18031,0.40231428055527985
18032,0.8433940655127138
18033,0.8152798299748683
18034,0.6418532036293396
18035,0.1845069204673674
18036,0.6010472420145727
18037,0.6420955327227617
18038,0.5926844413176966
18039,0.20804670795395017
18040,0.46721543960324513
18041,0.6503925281415333
18042,0.8336533702377575
18043,0.3266358323974447
18044,0.9220641169822015
18045,0.0639517899889293
18046,0.716345737045033
18047,0.6690116012199169
18048,0.5812871094507863
18049,0.2534330438586889
18050,0.6828989686304299
18051,0.9263275628296965
18052,0.9652055660543883
18053,0.054857446692393716
18054,0.5983826038166937
18055,0.4684450111947578
18056,0.4743893813970247
18057,0.4918454971867007
18058,0.5338265149780108
18059,0.9083638002320901
18060,0.3124288224711176
18061,0.3456272047470796
18062,0.901911036694714
18063,0.3139227020729859
18064,0.15205626509934936
18065,0.7961455800745598
18066,0.1875315730950057
18067,0.19633627568670117
18068,0.6163416062945971
18069,0.6015912614399952
18070,0.804050520126293
18071,0.5617174379165575
18072,0.23509321241421322
18073,0.4478652384568603
18074,0.7536383018419462
18075,0.32807432056308794
18076,0.4310428244567442
18077,0.8713561995326307
18078,0.852664573434907
18079,0.31525451965378226
18080,0.6046440242564194
18081,0.5450380449493982
18082,0.27657098029698024
18083,0.2849980631813655
18084,0.14785087785156426
18085,0.8440161436701121
18086,0.25179923368386586
18087,0.7337111421693338
18088,0.7322063965146697
18089,0.31998696113602754
18090,0.6015970825858886
18091,0.3584021553752653
18092,0.6505628305116228
18093,0.36560840573517817
18094,0.7484690746715457
18095,0.8213211000671855
18096,0.3153862860213631
18097,0.24767016309685153
18098,0.34268361149334287
18099,0.19839346315900125
18100,0.7054295809996148
18101,0.6295804686031011
18102,0.6881183167432143
18103,0.5459794022116373
18104,0.3911339876661449
18105,0.8016846043357388
18106,0.04558320387008542
18107,0.7877082676707029
18108,0.308895324808549
18109,0.7877332867720892
18110,0.6765693900889697
18111,0.388802996802431
18112,0.49088007798137934
18113,0.8558156622073249
18114,0.6873317909869633
18115,0.1520709268364233
18116,0.3539816421707286
18117,0.930715664664194
18118,0.41548235306121095
18119,0.38184013801417177
18120,0.20684047627303379
18121,0.6932477539329501
18122,0.31751980579609135
18123,0.8501137629250246
18124,0.903992989677567
18125,0.5204432072156895
18126,0.426577469497529
18127,0.8627169806077465
18128,0.07981258398325579
18129,0.931903807438697
18130,0.8841366776202938
18131,0.3573645963238364
18132,0.17068168717501542
18133,0.8844013437739648
18134,0.7150732237608189
18135,0.8638977714180532
18136,0.4225500203066026
18137,0.9078418427058521
18138,0.7657769290216615
18139,0.437957653031873
18140,0.9237456550015071
18141,0.7709893124009698
18142,0.5408444046551673
18143,0.21924421769965505
18144,0.677829624164913
18145,0.6251040241855491
18146,0.5904074467760468
18147,0.4172103285709271
18148,0.34020264267824
18149,0.527003616502066
18150,0.11553278954176116
18151,0.8278656794197204
18152,0.3081779219081442
18153,0.5217327733845661
18154,0.8946592413861962
18155,0.6509293235161168
18156,0.7910269613073476
18157,0.5752816330114487
18158,0.54851885475947
18159,0.29990558382276206
18160,0.7379959264558954
18161,0.8733384045379443
18162,0.22799112304675268
18163,0.1711488736194364
18164,0.1162974562715042
18165,0.8566771761461613
18166,0.7523531397199732
18167,0.9527013330973887
18168,0.5276922511985761
18169,0.3348610802877463
18170,0.2976241372890784
18171,0.9710956303146865
18172,0.4780269830941794
18173,0.2605063148453362
18174,0.7160044491163051
18175,0.020339130756202466
18176,0.6606652533797497
18177,0.6782136185411626
18178,0.45990216826562424
18179,0.6066631640142774
18180,0.3720981452663936
18181,0.2125452810670468
18182,0.8050596037493909
18183,0.7750669281166053
18184,0.9589286500691413
18185,0.9713065806833717
18186,0.5316978743189131
18187,0.5313400858943823
18188,0.5229163111685093
18189,0.8605841411468135
18190,0.24059977213566247
18191,0.04950063999361742
18192,0.41680494520892564
18193,0.0736847690000911
18194,0.8260241937472228
18195,0.8142369143512932
18196,0.72805617750362
18197,0.7269664339837173
18198,0.03496042036027638
18199,0.8910676180656981
18200,0.6913527373524855
18201,0.9359222642869067
18202,0.30103174650554876
18203,0.19624053027476693
18204,0.0754151391439963
18205,0.13999299256070644
18206,0.7159652481366432
18207,0.781026816099768
18208,0.5016994322870291
18209,0.14714717633253788
18210,0.2693816652180918
18211,0.9489220176926972
18212,0.8841364609699932
18213,0.5652310033424354
18214,0.7469983159485584
18215,0.22469425456929917
18216,0.629340595348064
18217,0.8008610875050506
18218,0.6330109690508016
18219,0.8171369692797268
18220,0.27068899342387837
18221,0.8543249683546211
18222,0.5061602797512889
18223,0.5917219403587994
18224,0.7059620237479142
18225,0.8522774308100646
18226,0.5294876187228298
18227,0.6084671743882724
18228,0.655114813659757
18229,0.11761980056047201
18230,0.784755492332937
18231,0.8219541866213831
18232,0.08011849055626309
18233,0.6917785180845671
18234,0.9532391304645738
18235,0.7298117512495015
18236,0.5405371984942788
18237,0.25675989284055833
18238,0.6909344791692278
18239,0.8011675453834749
18240,0.30821988647433957
18241,0.26416462849703576
18242,0.03381753104697897
18243,0.3989075716300742
18244,0.9537527246733588
18245,0.3781247340684315
18246,0.7817275041228937
18247,0.47891500109613266
18248,0.7173784886111834
18249,0.09193844108077617
18250,0.4612845797379381
18251,0.5494833264036965
18252,0.8938809084476862
18253,0.6952216639533643
18254,0.3464734304992907
18255,0.2503152102954221
18256,0.7700073445279159
18257,0.7458558756070996
18258,0.3343106207699676
18259,0.688862276053912
18260,0.6838687672418933
18261,0.33733380408022434
18262,0.2617981281569813
18263,0.5273780000429036
18264,0.3375814080146667
18265,0.22716017151002144
18266,0.2189391951763009
18267,0.8762822733003772
18268,0.08859190212655535
18269,0.8529590344952259
18270,0.6465153473572711
18271,0.10098959935317878
18272,0.07897639481516724
18273,0.6010113080929773
18274,0.4640959540536239
18275,0.8211969407224121
18276,0.762386767193965
18277,0.12070206391580926
18278,0.23891872399025624
18279,0.6966805351314148
18280,0.1555942800389922
18281,0.5667447263461365
18282,0.6758674251007457
18283,0.2978865346111194
18284,0.25572486882025847
18285,0.48245846728311687
18286,0.8836062219168717
18287,0.5323101287864941
18288,0.6453629707998085
18289,0.6750942558095409
18290,0.5747656421068241
18291,0.6192099508649523
18292,0.4725943893526226
18293,0.8837818811992083
18294,0.4193365367188162
18295,0.6253916240559328
18296,0.7494738442263645
18297,0.7409907479184603
18298,0.10403952314554014
18299,0.7607156499580079
18300,0.8433510257958382
18301,0.6297928472207573
18302,0.5321333054257484
18303,0.31402533576753533
18304,0.520294487316441
18305,0.22049165805318538
18306,0.22891332256986882
18307,0.1706443125300518
18308,0.7104668540713074
18309,0.4751162728652288
18310,0.8302310879859983
18311,0.21108286534902043
18312,0.6177482891485413
18313,0.6048950337137641
18314,0.20392852427872996
18315,0.6088337482022802
18316,0.23080351569712293
18317,0.7280801200690022
18318,0.8488040775718898
18319,0.3317392665467178
18320,0.9418620469535105
18321,0.5367497059471984
18322,0.5312081942595156
18323,0.6309475516178225
18324,0.8736496184427343
18325,0.7989265892813244
18326,0.9267199225530979
18327,0.23622165592526229
18328,0.7844124852606915
18329,0.22299752239205617
18330,0.9100761463121417
18331,0.5711776589308674
18332,0.8282991437210894
18333,0.2949183699036106
18334,0.58676167505913
18335,0.884835593604086
18336,0.6368768345250142
18337,0.3289270600961349
18338,0.5049528169053258
18339,0.5556996823319947
18340,0.10347416178949824
18341,0.611613104413896
18342,0.2661081242820488
18343,0.7203497830172828
18344,0.2886284682208988
18345,0.47119312841330824
18346,0.7791662288364265
18347,0.917472994998133
18348,0.9409188952011316
18349,0.6283499007416385
18350,0.627158705671459
18351,0.13000804809343414
18352,0.6258375825328238
18353,0.7132556878121424
18354,0.6284350472999581
18355,0.8436508656472705
18356,0.4174187620337336
18357,0.152415779002786
18358,0.79928411949439
18359,0.07384581487888799
18360,0.7682484546774175
18361,0.7110860762275023
18362,0.9304244346976032
18363,0.6444159248176039
18364,0.7746202507978274
18365,0.7353834514993896
18366,0.4883135513344549
18367,0.13034521805260327
18368,0.7993568963450599
18369,0.8101564057197654
18370,0.41180705730570893
18371,0.4026651061023151
18372,0.40015132399662895
18373,0.07069212308440924
18374,0.9038206514494893
18375,0.638983163892913
18376,0.5457203975511205
18377,0.37271961936225
18378,0.1154309146599803
18379,0.5676699484714224
18380,0.492851310094973
18381,0.6605132385902563
18382,0.6775125435874927
18383,0.10803210175807823
18384,0.8922260203788298
18385,0.6785066705173719
18386,0.897431748803534
18387,0.7796262499631118
18388,0.7286009457177639
18389,0.3843329884232328
18390,0.6591854765172178
18391,0.4672215957537377
18392,0.44025287438411687
18393,0.6835556666741768
18394,0.5955644112715528
18395,0.1815333429750373
18396,0.825786440097655
18397,0.11012011380898823
18398,0.6065255108782922
18399,0.715528545751662
18400,0.5473071272754132
18401,0.6569752912402843
18402,0.2485890666107789
18403,0.2128390309787998
18404,0.4740330203731317
18405,0.10744528874904205
18406,0.8348605474847329
18407,0.9613028604487137
18408,0.18268246243889452
18409,0.8937209446521068
18410,0.07453480088770684
18411,0.23515842004709656
18412,0.9031209896620473
18413,0.5005836578094001
18414,0.38830825967637855
18415,0.9143179851799192
18416,0.11376559594965326
18417,0.6812181136226451
18418,0.18274282166796318
18419,0.041898810439650304
18420,0.5872889156056345
18421,0.1464494069246801
18422,0.9611366192371684
18423,0.8911258440270972
18424,0.9180557718135369
18425,0.8794848595731292
18426,0.8339132788268486
18427,0.8987450018426193
18428,0.2196590580316867
18429,0.3406298306816579
18430,0.40094208679319454
18431,0.4786602125434504
18432,0.2839262831527304
18433,0.913437174676858
18434,0.5919788878276377
18435,0.41721207501821633
18436,0.8024770616027262
18437,0.8323498118688353
18438,0.10147002712384667
18439,0.30261076968636874
18440,0.9195366400327611
18441,0.4086384528666505
18442,0.17993402545359555
18443,0.6459666444053084
18444,0.3543719300973591
18445,0.7541133486397652
18446,0.5857457312266532
18447,0.6282075985055223
18448,0.8254203419762605
18449,0.37003487474086116
18450,0.6106311900443194
18451,0.9218643780005135
18452,0.08928631102113081
18453,0.49342273788653357
18454,0.5800271266265602
18455,0.5251613315835245
18456,0.2579096817177483
18457,0.867792843059039
18458,0.35258299342315375
18459,0.6443051769245287
18460,0.43950246794818343
18461,0.9635461867130658
18462,0.9232756222274512
18463,0.7663714303502193
18464,0.4812383098589538
18465,0.8628233540714298
18466,0.6818299613888346
18467,0.8841006174164686
18468,0.5460901163243054
18469,0.8768738545262134
18470,0.5715781740960031
18471,0.399402807655606
18472,0.9304876628956721
18473,0.7510617658539028
18474,0.09558559215685314
18475,0.885758497553491
18476,0.570922298390327
18477,0.34116525909469
18478,0.10206621811837388
18479,0.8443463034598749
18480,0.5202977646173553
18481,0.6080834071751695
18482,0.7371391208590112
18483,0.8694611035222863
18484,0.385006584779041
18485,0.592231228597056
18486,0.4448259437758109
18487,0.4362505063330104
18488,0.7267184272294548
18489,0.3114004470883521
18490,0.4832198098029414
18491,0.7714731141914581
18492,0.882689218724592
18493,0.5009297171372346
18494,0.7554834723372488
18495,0.28119086056003306
18496,0.11112184749939528
18497,0.46532994347071566
18498,0.8936104570262392
18499,0.650132783411427
18500,0.740178848766717
18501,0.11770624134636878
18502,0.7794003673369245
18503,0.6613721232239617
18504,0.2656073270724557
18505,0.6652726731507649
18506,0.6151740381540569
18507,0.1700035602461794
18508,0.9509366758019233
18509,0.5490230154439426
18510,0.9725437019703699
18511,0.6900509930542187
18512,0.8030241940195879
18513,0.7990887166814234
18514,0.775120903395108
18515,0.7752100860419462
18516,0.6576275834654305
18517,0.4942528561725401
18518,0.6049520112528934
18519,0.79152407429586
18520,0.9387183098961569
18521,0.5712602931808894
18522,0.7354121545782862
18523,0.2540026292678727
18524,0.7095403904394617
18525,0.4524653856052717
18526,0.813936075884953
18527,0.7565905863621183
18528,0.24476676759785257
18529,0.364711776832659
18530,0.4277366537929043
18531,0.06224129913609824
18532,0.13445796544311542
18533,0.18749203154428393
18534,0.6195861581820926
18535,0.6737761503521745
18536,0.8191861605908786
18537,0.6542412829680264
18538,0.2928320070420091
18539,0.936220365881244
18540,0.27503141879912907
18541,0.5240498573953003
18542,0.12240897750357073
18543,0.4479107100899273
18544,0.821057100644908
18545,0.8537618487115649
18546,0.3030453350119966
18547,0.9658762743313736
18548,0.8529262648828622
18549,0.9049526766609407
18550,0.5444075161978704
18551,0.7606512102560591
18552,0.5285341807942107
18553,0.8809030420216649
18554,0.5612911249331267
18555,0.43926490942713997
18556,0.05458035848089754
18557,0.2623788732783428
18558,0.6936944488807699
18559,0.3816626907092952
18560,0.7962691391903317
18561,0.07677220319019955
18562,0.5259582429432446
18563,0.3515564804165007
18564,0.19881060518739582
18565,0.7221082130187673
18566,0.4356570036060749
18567,0.8352171092415887
18568,0.7522764818637935
18569,0.40211013715898575
18570,0.6507165615488097
18571,0.1347600855469869
18572,0.29957379670263184
18573,0.3207813333634827
18574,0.6402399849302505
18575,0.6628101140730571
18576,0.7322093694017874
18577,0.9262478435431144
18578,0.9271462159957361
18579,0.665508862072096
18580,0.6122274149610893
18581,0.5896423674288163
18582,0.7205670926813444
18583,0.41937175908840857
18584,0.4784601754730006
18585,0.6650397307910298
18586,0.18785644169252386
18587,0.4789279933059809
18588,0.6103344803362091
18589,0.14383868149066514
18590,0.8782336838703072
18591,0.15086441266438236
18592,0.6457443585778795
18593,0.4852470933610863
18594,0.05610857318788354
18595,0.2937761065844521
18596,0.6543336428804046
18597,0.9097683500899743
18598,0.6082419503146702
18599,0.9078627841182715
18600,0.3963544936749129
18601,0.918680267468683
18602,0.5057929993110514
18603,0.6290454857268761
18604,0.8411723825138432
18605,0.8659376927070288
18606,0.6188593163715186
18607,0.6806963881440892
18608,0.4973542894302101
18609,0.4836030839175374
18610,0.7208467443404802
18611,0.7212200494820522
18612,0.17345470535392182
18613,0.4533997588593223
18614,0.7781271069134713
18615,0.5767360179971094
18616,0.7952205763979548
18617,0.5134034628759392
18618,0.4602419838264645
18619,0.9289430592468172
18620,0.4643688530629238
18621,0.7231579690405278
18622,0.6854430509688472
18623,0.7374699008751988
18624,0.785010664286392
18625,0.5066799715566934
18626,0.7449049074234076
18627,0.08027719877409224
18628,0.2035577078408268
18629,0.6843920726506063
18630,0.494785474860948
18631,0.29491701276439525
18632,0.41308091961355115
18633,0.3561089457343461
18634,0.6601003903332154
18635,0.0587428331406134
18636,0.8027710897852882
18637,0.9805668739648271
18638,0.22502705065139103
18639,0.24621394097349664
18640,0.10759328430053378
18641,0.23083272389914963
18642,0.31928841354826626
18643,0.7512031582983113
18644,0.8923618928821604
18645,0.9176191499552255
18646,0.8206437009323273
18647,0.8998761259083822
18648,0.7239887662902171
18649,0.6809264724550811
18650,0.6660230414296202
18651,0.7394099910609804
18652,0.5445559311750142
18653,0.20304583049138297
18654,0.8340148541376521
18655,0.520951576852422
18656,0.29827192157036375
18657,0.3359064200698463
18658,0.7474478175754928
18659,0.7624631393316209
18660,0.4098552357604819
18661,0.1455310089787324
18662,0.5972542348307697
18663,0.7848954445255282
18664,0.356211317824184
18665,0.4296157210881384
18666,0.1992996507589478
18667,0.8417098452554176
18668,0.8768863112564426
18669,0.3644075805833686
18670,0.7524550122726572
18671,0.2570164889043231
18672,0.5958307071622848
18673,0.21999871940699142
18674,0.912568899622868
18675,0.45717513803676024
18676,0.49763781470493407
18677,0.5713879658950803
18678,0.7659307023891853
18679,0.42946757415223624
18680,0.8980408530237575
18681,0.4995319547207372
18682,0.708098102639832
18683,0.4123101058213108
18684,0.07510792358175065
18685,0.7875545268571015
18686,0.5601413786727608
18687,0.31612392443540294
18688,0.8070420039855009
18689,0.7516370305609008
18690,0.9418877769343953
18691,0.6315186666369123
18692,0.4435532515508076
18693,0.4029431268617319
18694,0.9313590399905598
18695,0.5617770209429217
18696,0.5292478500165295
18697,0.8578944176772251
18698,0.6901315933508224
18699,0.5193454966494268
18700,0.3492970157840834
18701,0.1343874484869549
18702,0.8569331546032429
18703,0.5979606954345145
18704,0.6304046754346794
18705,0.36137170517750694
18706,0.4284353955426169
18707,0.38465062306706094
18708,0.7493716899044426
18709,0.8583691530720924
18710,0.5723525994514455
18711,0.7993397950801587
18712,0.3302189151971361
18713,0.9525771111187243
18714,0.8394430591693589
18715,0.7836079305064182
18716,0.4993488836690558
18717,0.28703894788215345
18718,0.21419502275972416
18719,0.8517655028240523
18720,0.3201272322788689
18721,0.3410173912995445
18722,0.5758188006356727
18723,0.20919303012400872
18724,0.432298120030782
18725,0.6669161022996822
18726,0.5505153014789793
18727,0.35242363828220497
18728,0.6213446470663436
18729,0.3244302228324543
18730,0.8325309992639888
18731,0.2034881453567101
18732,0.5891726512886734
18733,0.5551961825055503
18734,0.4689502376143646
18735,0.3320634961157457
18736,0.8100264015700906
18737,0.7439346428041775
18738,0.6818729134168975
18739,0.8946957725399308
18740,0.9655211669178808
18741,0.9188110132699637
18742,0.6959418153321324
18743,0.5058071871261396
18744,0.6552456669405309
18745,0.7829833201277286
18746,0.6177485049323685
18747,0.7878772672319386
18748,0.14072929383716448
18749,0.6623570139602827
18750,0.5712969840915131
18751,0.6363788907911728
18752,0.4280488530609633
18753,0.47278620066022675
18754,0.727846094812171
18755,0.5921304690398187
18756,0.1930153346231301
18757,0.6099039533426884
18758,0.6364379899970489
18759,0.4475976109922752
18760,0.29125226887839567
18761,0.8072587491926709
18762,0.5818481181702996
18763,0.8661024221165938
18764,0.6617608128957986
18765,0.5110217751483087
18766,0.07238051794756965
18767,0.9125126249852
18768,0.6729983585844097
18769,0.9254790311548949
18770,0.6866952060127045
18771,0.3471746304863468
18772,0.2992555063299615
18773,0.6584604906064865
18774,0.44730693536847677
18775,0.3218872034468413
18776,0.3606506313091315
18777,0.39162548665193014
18778,0.48057462359204517
18779,0.2493203143548365
18780,0.44709657883984977
18781,0.2009884424831211
18782,0.6134577365147784
18783,0.8019502266634707
18784,0.3181358464693146
18785,0.966943180207169
18786,0.480671972014804
18787,0.43330143366837914
18788,0.41247055293423346
18789,0.6494495539303605
18790,0.1834650313733336
18791,0.6022377699062587
18792,0.728192177616605
18793,0.27672769671322095
18794,0.3361545224764823
18795,0.48563417348740445
18796,0.40762554467310164
18797,0.8978955767018283
18798,0.59894430610121
18799,0.8339547681199384
18800,0.4452798932108512
18801,0.4349541059297854
18802,0.22774123871019397
18803,0.2793816060474073
18804,0.4689137733421125
18805,0.5666534070694544
18806,0.25393759844752817
18807,0.7093001655550351
18808,0.9293530465296393
18809,0.8927702530885127
18810,0.21805529017958117
18811,0.1483387379609614
18812,0.4898695108460524
18813,0.636503487536632
18814,0.32257121433784247
18815,0.6028296153648982
18816,0.19579537963246277
18817,0.3391502746206823
18818,0.6567850342656948
18819,0.2629345212432954
18820,0.16048139334530018
18821,0.7416772987652321
18822,0.23942559627810375
18823,0.40297707773092956
18824,0.8365924900481172
18825,0.7183383295864052
18826,0.8066256782626929
18827,0.5986528654274543
18828,0.2080861555544264
18829,0.5526568144530261
18830,0.17269325422003734
18831,0.6356327589904743
18832,0.2211295043838042
18833,0.3724224133739874
18834,0.5671480328015261
18835,0.3379767870144666
18836,0.45537771291102763
18837,0.4232927632492109
18838,0.3456063216731557
18839,0.07375574164996494
18840,0.18440865697580772
18841,0.3158908427953315
18842,0.6549713368060966
18843,0.20559909205496885
18844,0.9476322912312226
18845,0.3002817215673
18846,0.23927556625026195
18847,0.911945839864318
18848,0.15461769269249653
18849,0.27470155426810805
18850,0.7404088590657424
18851,0.4554810148211386
18852,0.7782122954181876
18853,0.4750473259954143
18854,0.5749177359973361
18855,0.7934482160181533
18856,0.6608501270467612
18857,0.24950693552026448
18858,0.7959477760490566
18859,0.33936760974145297
18860,0.8280074695158771
18861,0.6229182064932401
18862,0.4686020530453869
18863,0.6090450834800908
18864,0.5237496894583911
18865,0.10501153211120355
18866,0.4927597087770108
18867,0.7512192302989188
18868,0.6492014402357177
18869,0.587999740017291
18870,0.10458860297337809
18871,0.1626249588558468
18872,0.4767912561218894
18873,0.44610380057091004
18874,0.5079258212449222
18875,0.6860845305028106
18876,0.1510962238580882
18877,0.3355299206465303
18878,0.9467541671174213
18879,0.3040712019287082
18880,0.06407809961746652
18881,0.29947713669244796
18882,0.2735261798937401
18883,0.2571088839573276
18884,0.7509848323577643
18885,0.3576786037673861
18886,0.5936255057624135
18887,0.9348199791612771
18888,0.13607583381111554
18889,0.8893686669881196
18890,0.08310741494164482
18891,0.7168047688252331
18892,0.7073128432840482
18893,0.7848893395398789
18894,0.7442365940987841
18895,0.8257790164155475
18896,0.34538884514713064
18897,0.03647143993515353
18898,0.36002800509376337
18899,0.887390019658711
18900,0.789165988047863
18901,0.2677178415956892
18902,0.7074665659400461
18903,0.735844657656188
18904,0.1509568379576742
18905,0.7346650642171596
18906,0.9327172161864101
18907,0.5725792392281389
18908,0.6447452108175965
18909,0.619994217033066
18910,0.5847180105037594
18911,0.24954460802043515
18912,0.8389311411450675
18913,0.6693061241501919
18914,0.71116220354563
18915,0.7561693190480248
18916,0.3724854712219251
18917,0.7902221372741683
18918,0.7494862648797623
18919,0.53859439614424
18920,0.9046767667146105
18921,0.2473443370695601
18922,0.4350330503310962
18923,0.48636825366036296
18924,0.5957216397769398
18925,0.6233378334619555
18926,0.6864580446821325
18927,0.3029161618992547
18928,0.8434336629667684
18929,0.29785866708518205
18930,0.7438125425106185
18931,0.7908849794837032
18932,0.23839568953514553
18933,0.7126185464976517
18934,0.5136435183787362
18935,0.3833541793006386
18936,0.3648267214716946
18937,0.8826445470391785
18938,0.2835827535328297
18939,0.6927067062297307
18940,0.8430353722471028
18941,0.19057436810447778
18942,0.45160090216124366
18943,0.18290153703506085
18944,0.09176883719095573
18945,0.6853416436309426
18946,0.653794617317893
18947,0.21472039136976884
18948,0.6828447354942223
18949,0.8349444170541392
18950,0.768943185127093
18951,0.5397966865583217
18952,0.5439157071464137
18953,0.549160004240223
18954,0.26284292171169826
18955,0.46156409214325517
18956,0.3644111145537874
18957,0.43157372819798395
18958,0.6591120337961199
18959,0.8381197302750232
18960,0.418996349919823
18961,0.3868759276373803
18962,0.5906368844349346
18963,0.9563509280300885
18964,0.609121271003062
18965,0.6086144055811955
18966,0.9141960458856958
18967,0.10047454872687958
18968,0.24657457471488872
18969,0.9076021577159523
18970,0.836995213657944
18971,0.9484458511123702
18972,0.11565611107448265
18973,0.4143614098598535
18974,0.46356347660700387
18975,0.5369554237405393
18976,0.5660487143000261
18977,0.950599256162236
18978,0.5942778213896727
18979,0.20265559133438862
18980,0.715138184181962
18981,0.48999622621947586
18982,0.3482312497338896
18983,0.851597089847148
18984,0.7501457341476908
18985,0.486687264188142
18986,0.3265572782370148
18987,0.8198905358833781
18988,0.5265021149704093
18989,0.5957905702808017
18990,0.7543542537897084
18991,0.3457709185373481
18992,0.6652877647862071
18993,0.7504060796317497
18994,0.807291058732888
18995,0.5687201430656517
18996,0.1863202242538677
18997,0.21655516026195837
18998,0.7621324484695119
18999,0.7233830649756242
19000,0.6595617279319155
19001,0.8832907163426232
19002,0.951013764488431
19003,0.9589838354775941
19004,0.3850287804021501
19005,0.9325103751318286
19006,0.7894020592047298
19007,0.4820151590776846
19008,0.4073307301760781
19009,0.12767675910688742
19010,0.4672223606415287
19011,0.444229684541553
19012,0.27206061403186615
19013,0.6056888127028255
19014,0.33744666810924717
19015,0.7113295395264871
19016,0.5776828217090041
19017,0.49247919932935696
19018,0.5867134128886217
19019,0.9141126244160599
19020,0.6885393419519825
19021,0.3264916764546685
19022,0.4988448169827403
19023,0.6370595138665451
19024,0.710170823247201
19025,0.4898724072453775
19026,0.2321179332705121
19027,0.27213474923507425
19028,0.7152961348298708
19029,0.2746785088013641
19030,0.7579326837275949
19031,0.04658703176794643
19032,0.47637520652481535
19033,0.2078635414835291
19034,0.36159830010459904
19035,0.7948521847829256
19036,0.35693607499404967
19037,0.6812098840633073
19038,0.43386333428476054
19039,0.7317047027394346
19040,0.7455867837789726
19041,0.20460744816206505
19042,0.42964086936904305
19043,0.817549824901478
19044,0.5883475571193043
19045,0.6368384759969693
19046,0.7071309195449108
19047,0.6469556485691392
19048,0.8229510290541137
19049,0.7921141978951758
19050,0.8536645848549111
19051,0.4181630278879897
19052,0.6394454389180708
19053,0.5858380916981838
19054,0.8702561516063444
19055,0.20923553058631472
19056,0.6172764366466846
19057,0.9284974946241424
19058,0.3064084543404926
19059,0.2699161116751389
19060,0.6215861135969263
19061,0.8212345328895801
19062,0.5891997209395915
19063,0.7681312728943713
19064,0.5521656875694197
19065,0.2786371374517436
19066,0.7561852472974906
19067,0.44415413423755695
19068,0.867149405194968
19069,0.5469398204366731
19070,0.4476674514979853
19071,0.9547788837298052
19072,0.4791651456859619
19073,0.8946393384727566
19074,0.9742845494068282
19075,0.48210447208738516
19076,0.3455647089926852
19077,0.2806130162256539
19078,0.7217119502645644
19079,0.5946435466060801
19080,0.3726476177121909
19081,0.23409892450661252
19082,0.8375011948553304
19083,0.14848419716952269
19084,0.5656260069617989
19085,0.130973641468419
19086,0.6149708978682114
19087,0.600519725798808
19088,0.80887356216655
19089,0.7735147874568922
19090,0.6664291109674105
19091,0.14262384091061003
19092,0.4771910803002952
19093,0.9371705166595016
19094,0.8731709399909955
19095,0.8944268227091886
19096,0.44890754752245426
19097,0.7799934299695129
19098,0.8312687445371479
19099,0.4506052204042954
19100,0.5765757853740149
19101,0.48500104384446796
19102,0.36068521165787126
19103,0.3428875344468447
19104,0.5478717666079685
19105,0.9381752491036347
19106,0.43125662094719597
19107,0.5820092235441628
19108,0.4427486322097598
19109,0.2592739951998588
19110,0.5897303720960789
19111,0.9450900287941184
19112,0.10617752968667643
19113,0.21294506378090164
19114,0.11851444677128893
19115,0.8867684654447899
19116,0.817509754368652
19117,0.7071337253083722
19118,0.29035903497794247
19119,0.22167441066004306
19120,0.6256152961301508
19121,0.5752855701466186
19122,0.7781816616336109
19123,0.267100189806452
19124,0.7649518134265629
19125,0.4660049994299584
19126,0.3539062903499898
19127,0.18088901207281013
19128,0.8025706496801592
19129,0.43089555130244045
19130,0.6959872296851293
19131,0.6528361300513428
19132,0.649664468769767
19133,0.3716089592963927
19134,0.2850855085822051
19135,0.4515151934631126
19136,0.5261061704942891
19137,0.5946711078445717
19138,0.6471926582361307
19139,0.6087873192125366
19140,0.18435213788405302
19141,0.60481800785717
19142,0.7493369040955097
19143,0.8231503628110537
19144,0.6003897480246411
19145,0.5130742210178476
19146,0.7336546137141299
19147,0.8877627577092584
19148,0.9656906208776792
19149,0.3984311482164823
19150,0.8613980084946851
19151,0.35180607752090703
19152,0.5076496824958955
19153,0.7651574647514636
19154,0.47780821547552216
19155,0.7337790333540612
19156,0.7972456421865599
19157,0.44951384247099263
19158,0.242791775625506
19159,0.412395939535485
19160,0.5309956707865613
19161,0.18219006038522256
19162,0.5869617606197076
19163,0.5088297514829072
19164,0.888342497789964
19165,0.9310087527109265
19166,0.2715843986022154
19167,0.37295603809261696
19168,0.4712094136520213
19169,0.5631887519056223
19170,0.4251400966173573
19171,0.9058097953260611
19172,0.7726275885678032
19173,0.3929546262872382
19174,0.4035081208806493
19175,0.7229330509426691
19176,0.3610440580305657
19177,0.8476890433240589
19178,0.6710565248725747
19179,0.5880479611944383
19180,0.7081162309258789
19181,0.6480531713899146
19182,0.56942494962192
19183,0.2949713354351161
19184,0.4545111683098674
19185,0.5394269486642482
19186,0.29366483733834375
19187,0.541757232479796
19188,0.8820926470335257
19189,0.9207656284258298
19190,0.5475850331559396
19191,0.7676462491221324
19192,0.766449332857239
19193,0.6958865327231015
19194,0.5689704877656225
19195,0.41616511894932184
19196,0.5769019917118776
19197,0.3296545478058979
19198,0.2160213604365764
19199,0.8857749183430252
19200,0.26000001072479034
19201,0.8118480580055403
19202,0.5685971310855152
19203,0.8838354434012721
19204,0.6197179579093043
19205,0.5611577370380544
19206,0.7583922311625181
19207,0.49714898017743886
19208,0.6581814001906086
19209,0.3773430766776318
19210,0.5415020059852629
19211,0.9116734065520743
19212,0.5851197760068453
19213,0.41781589212284054
19214,0.6064922356607665
19215,0.8522571360625705
19216,0.8870943645164775
19217,0.2901630018768485
19218,0.8912391084325546
19219,0.030867584791806152
19220,0.9336668655241642
19221,0.3898376950188113
19222,0.1266872204967786
19223,0.4390728199006746
19224,0.5306237146704452
19225,0.38549727901768993
19226,0.6982913569505779
19227,0.2591458809926833
19228,0.8068995967092316
19229,0.4334937161333263
19230,0.6070547922312253
19231,0.4000780184246646
19232,0.46175891399783997
19233,0.7630874553962967
19234,0.5122558566557657
19235,0.8126193709389834
19236,0.5260174149757187
19237,0.6909836922856057
19238,0.6655075484386486
19239,0.43466243004754823
19240,0.9499528686211771
19241,0.32047267123349504
19242,0.2802291839626401
19243,0.47654474312087125
19244,0.7329772501112647
19245,0.3905063292400943
19246,0.35012382699775185
19247,0.23860064226290092
19248,0.3526319655450379
19249,0.40900646521261835
19250,0.20773795711694937
19251,0.6771380507842273
19252,0.47870553570625535
19253,0.3707049694801042
19254,0.4239025247674398
19255,0.8197970024043619
19256,0.10550083159703282
19257,0.6062022839899229
19258,0.8211759918613555
19259,0.05502869944599119
19260,0.8939130065114166
19261,0.10877995577070819
19262,0.5209115832748025
19263,0.8169912966071209
19264,0.40417257854529015
19265,0.28253128066171035
19266,0.6916979902601258
19267,0.7649682566620785
19268,0.7773775921496452
19269,0.6534513582107934
19270,0.3120103045633028
19271,0.27235116965165734
19272,0.8836212775751063
19273,0.5531975311997841
19274,0.2320604112153306
19275,0.31416339116523634
19276,0.58197279990415
19277,0.6318576896993154
19278,0.8399683884657211
19279,0.8350143712759117
19280,0.8352430918379714
19281,0.5677244723306547
19282,0.6515002122754978
19283,0.5736676362137828
19284,0.45367254698517506
19285,0.4192545940445878
19286,0.11218811587427345
19287,0.5787183598253764
19288,0.4701252721157601
19289,0.32597125437923385
19290,0.32252877781970096
19291,0.49829920304873315
19292,0.415008535537311
19293,0.5803252707533914
19294,0.38972903399403297
19295,0.6008478267650302
19296,0.5887939761722943
19297,0.3736095948643447
19298,0.6532071100017449
19299,0.8890385032220915
19300,0.6255296079824826
19301,0.2530621301893319
19302,0.5898968799392156
19303,0.5737338132066456
19304,0.3925576510076653
19305,0.14034789258761526
19306,0.8082908443932572
19307,0.34876777144052207
19308,0.5672443371407033
19309,0.5980301697828846
19310,0.8647881749487958
19311,0.47369178226429326
19312,0.31362138444488175
19313,0.6171496919869396
19314,0.21699307888395142
19315,0.11358097251285698
19316,0.7755465212500864
19317,0.8769963553156865
19318,0.7273271102713068
19319,0.4042934850430593
19320,0.9435832434748705
19321,0.563248417324131
19322,0.827632423660934
19323,0.2700536232105191
19324,0.5897987389173026
19325,0.5190212201035524
19326,0.7005003132924058
19327,0.9389065431859496
19328,0.4938320754876366
19329,0.5757127262874625
19330,0.798867303972094
19331,0.7882198385159075
19332,0.4879059350869806
19333,0.6377577223906395
19334,0.14033404077378553
19335,0.883775162661217
19336,0.6754578550969473
19337,0.41114878863652093
19338,0.4417440485611642
19339,0.7664037181395964
19340,0.3399802245259201
19341,0.26784581799975365
19342,0.19538685927783675
19343,0.5127625663806471
19344,0.252559991862776
19345,0.05637817155426876
19346,0.7680185583426142
19347,0.46497037769557176
19348,0.32638471063841434
19349,0.11472321761936577
19350,0.5631640067139695
19351,0.8938510755783441
19352,0.834804375811693
19353,0.2972337290201035
19354,0.8621020034442777
19355,0.7405099060351484
19356,0.19243321293868704
19357,0.5506917077975895
19358,0.12563448121326803
19359,0.8553746450711902
19360,0.6226646585261744
19361,0.05611609567003425
19362,0.8133991237678037
19363,0.6110079075663171
19364,0.9296589204167589
19365,0.6076775263596077
19366,0.42642544600477006
19367,0.6140377674369003
19368,0.24089498649783153
19369,0.9165382171305719
19370,0.3141405041178384
19371,0.6398647261853507
19372,0.3501748878808374
19373,0.6693041913032486
19374,0.5457093018282636
19375,0.8605890359641403
19376,0.3548060677398857
19377,0.914829909106016
19378,0.4465340159171685
19379,0.5296365303474607
19380,0.7406427086455273
19381,0.5772923744725964
19382,0.8298181700734308
19383,0.21444259788820869
19384,0.8585360292610146
19385,0.5292381645680911
19386,0.3095952451333817
19387,0.5137530692256871
19388,0.21914345062149995
19389,0.7197420283581896
19390,0.488914824606554
19391,0.9051008957413179
19392,0.880521711985048
19393,0.10266436386679399
19394,0.3687898777317981
19395,0.619608321574607
19396,0.3771557848914251
19397,0.15565378924011217
19398,0.7930477761336999
19399,0.4933183198459217
19400,0.1656272809042262
19401,0.9024582908767362
19402,0.9453899448007616
19403,0.7936032837652495
19404,0.7514857225812832
19405,0.9506448839246917
19406,0.8890809881102172
19407,0.9332550885498897
19408,0.5655840614321243
19409,0.4119949174519792
19410,0.434609965290423
19411,0.990571663012475
19412,0.2940318739165824
19413,0.7841794671362702
19414,0.9295775881714832
19415,0.14981264102270694
19416,0.9059267246675423
19417,0.6782047254725359
19418,0.5878738654968572
19419,0.4581602327420283
19420,0.5519463819362587
19421,0.42419012631773223
19422,0.5689670793058216
19423,0.39207961398964225
19424,0.5449156938996954
19425,0.8100630752819236
19426,0.7934271592088654
19427,0.26453104572375247
19428,0.16649409919965433
19429,0.26770473463009803
19430,0.5610370790176227
19431,0.06099951871303551
19432,0.6703462740808193
19433,0.5049972734027581
19434,0.44059498969495203
19435,0.8984410095233398
19436,0.358804047719798
19437,0.8873774550013381
19438,0.3096700331342625
19439,0.3918974121539593
19440,0.917281676623393
19441,0.5642415067310582
19442,0.5874814559367543
19443,0.4361839940044174
19444,0.5209887552787597
19445,0.16731857059160887
19446,0.824074379751
19447,0.26261881435369616
19448,0.8916494755030373
19449,0.9135567012007925
19450,0.8636790957044279
19451,0.08110739656050282
19452,0.47384349477909465
19453,0.32025920745431485
19454,0.3999531288705665
19455,0.24959269256171884
19456,0.8565045409994052
19457,0.8161361787296557
19458,0.10553861526794985
19459,0.771573711732244
19460,0.010106519982904101
19461,0.8829450342675979
19462,0.7340780407260551
19463,0.7740012051685318
19464,0.5934640925410738
19465,0.8346259136053725
19466,0.4361808734281322
19467,0.22998001831477646
19468,0.6131700909667068
19469,0.4466982673342779
19470,0.7894246184971719
19471,0.31902031468070174
19472,0.5203664417067573
19473,0.48887344049638937
19474,0.2860771799485756
19475,0.42864371958599773
19476,0.5874115489485154
19477,0.8710575052132746
19478,0.5440610623161094
19479,0.5192963410712381
19480,0.8063555150851557
19481,0.5977692079505484
19482,0.5264663977738704
19483,0.34565948451782735
19484,0.8079428526726101
19485,0.6128763703656558
19486,0.6244617379279284
19487,0.6449437237459356
19488,0.9239455961323654
19489,0.7074287325766188
19490,0.47269891352905874
19491,0.6106669124407966
19492,0.4851178958375637
19493,0.4518210171100944
19494,0.5641596378383438
19495,0.6920841125342083
19496,0.6627519528844522
19497,0.13765686521160567
19498,0.2386599840178702
19499,0.6774366363881803
19500,0.2414790469069489
19501,0.4130325593794843
19502,0.342539061376226
19503,0.6493194462891082
19504,0.11831992843844745
19505,0.26588883352957277
19506,0.5150188437361791
19507,0.839637023807581
19508,0.6714846990464556
19509,0.25784285517479605
19510,0.47778034733990865
19511,0.7965696143737581
19512,0.1751920935229793
19513,0.6086227823574439
19514,0.42235118794688864
19515,0.25840503846388235
19516,0.4289433796831842
19517,0.8610219701468226
19518,0.9261251099240514
19519,0.188416590677574
19520,0.9604297583633457
19521,0.17267374690146783
19522,0.9024634861806851
19523,0.3263413507510148
19524,0.693969372180453
19525,0.2818297162591918
19526,0.8121597064124971
19527,0.22495114861698456
19528,0.651794326419088
19529,0.31642920645237854
19530,0.3622756348932903
19531,0.5232243128678783
19532,0.6931056153178886
19533,0.6619084304088725
19534,0.7961250927227076
19535,0.6686098748463929
19536,0.5110618892725165
19537,0.8616269498162916
19538,0.6203079288431266
19539,0.8047268048509513
19540,0.47977248541183726
19541,0.5736693138196558
19542,0.5234764558725432
19543,0.37652506980339256
19544,0.7874521662067872
19545,0.21640631004276653
19546,0.19404112142078675
19547,0.7837933630581492
19548,0.8163458919674125
19549,0.5880244753180263
19550,0.8614520770090621
19551,0.42494361460191243
19552,0.014610564185446998
19553,0.8410374875078644
19554,0.4739991443413587
19555,0.2088012993772385
19556,0.6615962912608131
19557,0.8586691282567692
19558,0.8534312646121488
19559,0.8902156101555415
19560,0.5666844257555181
19561,0.19171369733251567
19562,0.8805301495612343
19563,0.5876132394922803
19564,0.8432953228990815
19565,0.4437389120585119
19566,0.7303924123492435
19567,0.2503041315041812
19568,0.25079000865724865
19569,0.9403897742162752
19570,0.3180730895330727
19571,0.7019365696440113
19572,0.7769548405406815
19573,0.6543655443636638
19574,0.6562963245682981
19575,0.6567737344590743
19576,0.5916331936212778
19577,0.2624108318602632
19578,0.21639350932929255
19579,0.3247785176475087
19580,0.5819066719735156
19581,0.5704608478437343
19582,0.6359498124893352
19583,0.09784500441458181
19584,0.3849304580901623
19585,0.7983641230320621
19586,0.6016894396685195
19587,0.743415335300952
19588,0.18494738284834583
19589,0.5231685593250656
19590,0.5561415927290851
19591,0.08919539321525306
19592,0.6680370790756525
19593,0.8381425160993923
19594,0.3026963711674363
19595,0.4395344006431657
19596,0.5336373108204322
19597,0.5432815662636634
19598,0.51358286053314
19599,0.9226782419789034
19600,0.4070125582121923
19601,0.3779577106127722
19602,0.15844150105610708
19603,0.6030702185292024
19604,0.7490973319470748
19605,0.35309530391756333
19606,0.5609764310200424
19607,0.6475689147236452
19608,0.191430656962523
19609,0.705309321660436
19610,0.5621881385251746
19611,0.9261035923559684
19612,0.18422672661466347
19613,0.811379770720729
19614,0.7656189377337791
19615,0.5235717846556586
19616,0.6013779395404898
19617,0.6530438898812285
19618,0.5357367264388926
19619,0.4112588810965968
19620,0.8715087420233267
19621,0.6266889491061252
19622,0.45600213958476576
19623,0.3687328099601946
19624,0.29494932347199065
19625,0.5681135639797925
19626,0.8695512946943627
19627,0.2072771730540731
19628,0.4979026560093749
19629,0.35709318331539514
19630,0.6940471599685685
19631,0.40267490205026224
19632,0.832251064289096
19633,0.780310949266763
19634,0.44185274577491057
19635,0.4801879167363899
19636,0.917547104887327
19637,0.7611517001265051
19638,0.9298884155365443
19639,0.3489213652311807
19640,0.4664957939187152
19641,0.8208031786672186
19642,0.6042754879408492
19643,0.6769727936507842
19644,0.8026335658119002
19645,0.6771265817481021
19646,0.4190921159597748
19647,0.10524153979531893
19648,0.10729235450663528
19649,0.8497182686368869
19650,0.8824644962497364
19651,0.2906515623672162
19652,0.4777137597986626
19653,0.6253884859147467
19654,0.7774875842694762
19655,0.3668506900432542
19656,0.847893979790204
19657,0.8284682109771905
19658,0.9194277622552113
19659,0.3000476997870713
19660,0.4246768254628683
19661,0.42214746947376647
19662,0.4324808422722432
19663,0.8296243874381783
19664,0.3688770458280121
19665,0.6111536069999659
19666,0.42553500587920073
19667,0.18996692343036137
19668,0.7834538384256954
19669,0.04667590877855636
19670,0.494084268901959
19671,0.053966743373992314
19672,0.878596327147721
19673,0.7267240319894924
19674,0.9474628320507388
19675,0.5202844945443741
19676,0.3088761852035962
19677,0.897971585109212
19678,0.3076688567667957
19679,0.3221308175210183
19680,0.641733213109078
19681,0.6801948260140451
19682,0.7183018870251189
19683,0.6095280891295957
19684,0.7698258450788522
19685,0.2088405612103078
19686,0.8265278972316354
19687,0.23340217639203148
19688,0.6639928557867847
19689,0.5081755498375455
19690,0.40836036464593917
19691,0.7018991596565651
19692,0.7676386367792366
19693,0.6164786298562076
19694,0.6918027433025307
19695,0.09112763138415997
19696,0.35774618161632754
19697,0.35804393700694287
19698,0.2658897462768277
19699,0.8926129936522033
19700,0.21439988511757885
19701,0.6011409233110561
19702,0.3278133078284301
19703,0.7221400301531083
19704,0.3672080095777828
19705,0.39330140936754404
19706,0.5191213206984309
19707,0.5934193299260456
19708,0.7003876328980045
19709,0.40820798404200065
19710,0.46750530998288803
19711,0.31500006211478027
19712,0.9166600982565742
19713,0.38600656167400577
19714,0.5010450588597537
19715,0.8007973875014774
19716,0.8100362981676223
19717,0.9324626189795957
19718,0.5160023349524095
19719,0.8597429764361764
19720,0.5453416062692665
19721,0.37788355187521494
19722,0.30964828944320977
19723,0.2269294922056691
19724,0.6170011948478935
19725,0.8380493435653528
19726,0.09435434388684304
19727,0.5965469991512722
19728,0.5624625442333174
19729,0.34685061435128944
19730,0.5596179031463089
19731,0.923828917368574
19732,0.6101999417533691
19733,0.2122487671133199
19734,0.7890944163898866
19735,0.864438406965752
19736,0.34271970677627994
19737,0.4562690973523192
19738,0.3549993996358819
19739,0.18820860112916402
19740,0.39278683385143687
19741,0.922692660485356
19742,0.18320363420364666
19743,0.5574226424744468
19744,0.5790582945373332
19745,0.8985217744513994
19746,0.3387074714356537
19747,0.46256218916616915
19748,0.22295980017537795
19749,0.38937143913796624
19750,0.20898831724777267
19751,0.0974876895085111
19752,0.42623721979954754
19753,0.6692466058337958
19754,0.3343939954350518
19755,0.4874346292974958
19756,0.54219759555525
19757,0.15403769983346863
19758,0.18354859337613738
19759,0.3368299096898458
19760,0.8858325745063669
19761,0.2734600522387946
19762,0.3433928409218017
19763,0.5018869697976266
19764,0.49430938755531695
19765,0.5590039880732857
19766,0.6300916721188224
19767,0.8030697098772368
19768,0.3495869834517589
19769,0.3749458636805688
19770,0.8088953862892393
19771,0.6582140266093717
19772,0.24075256377506074
19773,0.9359203781371017
19774,0.7176158621947067
19775,0.13633929628921476
19776,0.6589824781317336
19777,0.5130181904992338
19778,0.8570651817853157
19779,0.6791584950909141
19780,0.7859222089479544
19781,0.32178425349295414
19782,0.2571396134934993
19783,0.6625622834527768
19784,0.47067059750421203
19785,0.7310935533175085
19786,0.7697462298607826
19787,0.08976762078432858
19788,0.9550702913744642
19789,0.3262525721242529
19790,0.7847677486232516
19791,0.6798874973995642
19792,0.4272355079266766
19793,0.5377915915572922
19794,0.4308014617825303
19795,0.7775059585384335
19796,0.08728135083098511
19797,0.47119216875271
19798,0.8287114325012168
19799,0.48098164750540645
19800,0.6886365790230544
19801,0.6235625612122967
19802,0.4583479492712169
19803,0.4005011831829167
19804,0.933928263572259
19805,0.03911136802222986
19806,0.37553650188636767
19807,0.8075720993973646
19808,0.9482259591727483
19809,0.3518634628543974
19810,0.6921829939130723
19811,0.6435610735299331
19812,0.5970867429609139
19813,0.08708028788875305
19814,0.8854374130370468
19815,0.2993584838429299
19816,0.32402726530990006
19817,0.7923436541127087
19818,0.4128326342836717
19819,0.5236056694701154
19820,0.07332591492445346
19821,0.34313605645192996
19822,0.6443946957313054
19823,0.31080993772920845
19824,0.3995648355866085
19825,0.3627656081499405
19826,0.27602468636846816
19827,0.8534875567206389
19828,0.4940783099532141
19829,0.9346255259965421
19830,0.4724478803595502
19831,0.575820627686788
19832,0.6312918528625564
19833,0.40022249212934297
19834,0.5672760378197164
19835,0.9137813382424459
19836,0.2657783465971583
19837,0.3653857270010373
19838,0.9495554801433252
19839,0.5641222692927329
19840,0.675620559886713
19841,0.27784332266879125
19842,0.16511218312464965
19843,0.8762609817741588
19844,0.6329746874642826
19845,0.6738166599568896
19846,0.58885428038845
19847,0.7322535373945877
19848,0.8183228493454775
19849,0.6365007957444494
19850,0.3238617511582852
19851,0.19141630620989772
19852,0.2670840163465801
19853,0.582928699354761
19854,0.9038863792838406
19855,0.04331570499846922
19856,0.4632642888808017
19857,0.31007941789192445
19858,0.45835700699343707
19859,0.2371268873299197
19860,0.9049872591589518
19861,0.30025362295375824
19862,0.9215995776820063
19863,0.27283112539516624
19864,0.7232176540712826
19865,0.24908944664643307
19866,0.14950544179962744
19867,0.35362428916366007
19868,0.6737878283975798
19869,0.5977886997735299
19870,0.4564320169363007
19871,0.8141154826301579
19872,0.23087937795996985
19873,0.49535844009204094
19874,0.8834113383939785
19875,0.9572203996462605
19876,0.6776418339911419
19877,0.7262597256984723
19878,0.20970356060709683
19879,0.5332730101602948
19880,0.5951466267435993
19881,0.5070899508249156
19882,0.5803822569254278
19883,0.687659391141845
19884,0.45647876758309397
19885,0.4641880415457094
19886,0.7218243689816168
19887,0.6152279336464327
19888,0.7335650866110713
19889,0.5309164271744118
19890,0.5338312576089527
19891,0.43359334572499564
19892,0.7837512113225907
19893,0.6323157150132591
19894,0.5164102780200869
19895,0.2573699435162306
19896,0.24944400240106265
19897,0.8633035691634313
19898,0.778253061727873
19899,0.25078416868550285
19900,0.28332400779654254
19901,0.18421397337253564
19902,0.3169004365376736
19903,0.5205934157143746
19904,0.24784968552416756
19905,0.6201962067549595
19906,0.6680247222585788
19907,0.7462117073171524
19908,0.4359244000175607
19909,0.773674450988513
19910,0.8244237605941076
19911,0.742142815858726
19912,0.9195722361216339
19913,0.843390294667969
19914,0.9151788840636436
19915,0.7312631311692096
19916,0.19023367036311464
19917,0.5194359588944927
19918,0.799137033262621
19919,0.5553924028460607
19920,0.06974870099226657
19921,0.758802727763054
19922,0.5042389712327294
19923,0.7300169434135193
19924,0.2783725225380589
19925,0.48077634714397244
19926,0.7324673164065023
19927,0.9513491989324601
19928,0.7551938574483009
19929,0.7912840929479306
19930,0.1939269129422122
19931,0.7050980110761821
19932,0.7006749174769334
19933,0.5703624737649564
19934,0.8723418531268021
19935,0.7436535320054514
19936,0.5463198700133208
19937,0.7407565871614273
19938,0.07879007548679787
19939,0.4627792769082431
19940,0.16209575993160832
19941,0.26869769202826715
19942,0.9446489817559566
19943,0.8084645807639511
19944,0.8880593594247573
19945,0.10427983312696064
19946,0.587607009600313
19947,0.8784217480229528
19948,0.7495227501797823
19949,0.2958971668878551
19950,0.5255000603152983
19951,0.7060642679069625
19952,0.8212560979022324
19953,0.8321943893218912
19954,0.5800657471196725
19955,0.7776656504095446
19956,0.5134756973113951
19957,0.34753077446896985
19958,0.3626226095531775
19959,0.6025673348847917
19960,0.5652858082359328
19961,0.1961440547601127
19962,0.3166555603258859
19963,0.45506798466268034
19964,0.8121858026128999
19965,0.6938017588682441
19966,0.3824330940043459
19967,0.14248328018234627
19968,0.629683822799597
19969,0.29484272428160574
19970,0.13018683136975517
19971,0.8314036863742955
19972,0.4535282444573413
19973,0.5527494808738364
19974,0.735905940408605
19975,0.17052656720351306
19976,0.7685181482877476
19977,0.5544835610743016
19978,0.801702253108471
19979,0.9144919969478821
19980,0.18700106159370936
19981,0.04979170202946345
19982,0.7366015203971763
19983,0.7059170238613822
19984,0.33092628625613596
19985,0.3012705355335724
19986,0.7569154930027004
19987,0.9173894115876945
19988,0.8495259350278855
19989,0.6923687374663465
19990,0.6961850715938817
19991,0.8082130903541999
19992,0.33941830835853065
19993,0.29612273029244013
19994,0.9012871699734136
19995,0.43184218625747206
19996,0.9469864781634816
19997,0.6762466112140919
19998,0.9357734834616391
19999,0.15248799237470426
