id,target
250,0.6027022135901233
251,0.448575768990513
252,0.6217993721686058
253,0.9447245451851888
254,0.6801781946647866
255,0.30633382078466914
256,0.29293976268036587
257,0.19721324866727666
258,0.7965443599886339
259,0.3231090289766408
260,0.5201305256059263
261,0.14942725844615937
262,0.09734779553322716
263,0.8050286354929334
264,0.683339524230626
265,0.8761794724647775
266,0.8949051785080219
267,0.7087570669687137
268,0.5696558058806875
269,0.6752587329052625
270,0.42109515254914137
271,0.933221958768116
272,0.6100567813164652
273,0.6246863450564356
274,0.5121104170866745
275,0.9506622387071969
276,0.01929150858173427
277,0.8364948821312979
278,0.7002545948938611
279,0.6010645169046568
280,0.3527802562512399
281,0.2543731237302933
282,0.506473784164657
283,0.41892194095736884
284,0.6802376147831319
285,0.3147292814894038
286,0.8585983817012277
287,0.8836186852200845
288,0.95374384383239
289,0.7581516451924438
290,0.4986699318558492
291,0.39288557766619875
292,0.8677882546806384
293,0.885275061861261
294,0.5592685710623875
295,0.8930280505390256
296,0.8277776524622373
297,0.615946790667515
298,0.8193986235855627
299,0.3070894234748707
300,0.5016060290849294
301,0.656179648783027
302,0.7837950776808125
303,0.8521686480900587
304,0.728883335382215
305,0.9392974600459523
306,0.9591246804966862
307,0.8607529082367346
308,0.7068930728352217
309,0.17793626504523893
310,0.8163675772220061
311,0.7720251476478329
312,0.8883153450298642
313,0.8657209580427135
314,0.0509171461512772
315,0.48240606462063046
316,0.932446118596145
317,0.7364706925869157
318,0.05149284834024834
319,0.8580953881169598
320,0.7508500629346587
321,0.5143578557752323
322,0.6123276727162372
323,0.858155612286074
324,0.9220961456996116
325,0.13011654040014028
326,0.1865395094102343
327,0.39364863656481514
328,0.3090724851043551
329,0.8062135469509162
330,0.06958583257710521
331,0.5600299656316124
332,0.07921920964046207
333,0.05093945579518625
334,0.9598084644376147
335,0.8132997937465621
336,0.5281590107387579
337,0.47020396543818793
338,0.9417922796827046
339,0.1601420237735793
340,0.91154358597331
341,0.15040394599740248
342,0.5321674540710067
343,0.6484045988178578
344,0.893702653054082
345,0.7287115393584157
346,0.7699016901463368
347,0.653307491896706
348,0.8828648195074392
349,0.7705873557932192
350,0.896093567639897
351,0.752059301611494
352,0.14891184068715643
353,0.6772158361323125
354,0.8771561624719038
355,0.3585500691809869
356,0.016333560790505575
357,0.1830597588070951
358,0.6782677839488453
359,0.361027904708795
360,0.8955259022588539
361,0.5628273180896951
362,0.3968205925742234
363,0.9208820211450862
364,0.0916789897894595
365,0.1121888412599249
366,0.550954237785927
367,0.41268003408365733
368,0.0506852740665182
369,0.8105968216028642
370,0.4700327939094022
371,0.6580805633564865
372,0.2950167585161907
373,0.596699823282718
374,0.918329003592024
375,0.9552318979608551
376,0.5162522101257446
377,0.46912048378991367
378,0.6140490517654266
379,0.1279171733424649
380,0.6900295424624637
381,0.9882047777325728
382,0.7209491410745348
383,0.9569850513621975
384,0.6091853179504375
385,0.3529703259543706
386,0.9626304167464577
387,0.735857726933022
388,0.08081226465782441
389,0.11434398392255657
390,0.9432586646182483
391,0.17223422571122296
392,0.7557408410318317
393,0.43838784669667413
394,0.8417154304386784
395,0.786817470669098
396,0.4729877915711711
397,0.6770375529907987
398,0.8209828574532653
399,0.7458750081781144
400,0.6417587678061762
401,0.9566757223459345
402,0.13926045116777988
403,0.7245979057717209
404,0.5484619431383949
405,0.8010995682151991
406,0.8010984792337776
407,0.042417431768084414
408,0.6923698022924282
409,0.6459771946685
410,0.9946633502014435
411,0.766801222478302
412,0.5731697529423939
413,0.9036663555821369
414,0.9489997098941272
415,0.9270828250051412
416,0.5310539168268771
417,0.9234245912191222
418,0.2842196564124164
419,0.9098396851037535
420,0.689880028937596
421,0.11295074994893366
422,0.8865803368509783
423,0.9699690035185898
424,0.49540654676516543
425,0.21956433090241645
426,0.261662300672011
427,0.7264208465248845
428,0.9720337250308267
429,0.35350936730067756
430,0.6310307323597888
431,0.6893078182949104
432,0.46387207591728186
433,0.8923573418539753
434,0.8927965546073501
435,0.14514340856626232
436,0.23477619554619875
437,0.2779901821597213
438,0.9532843980717081
439,0.8972185647396552
440,0.15803709512543748
441,0.24774322313489194
442,0.5044753037041875
443,0.535345360977239
444,0.4039159352339725
445,0.24974203424393415
446,0.6530754593003608
447,0.09192656282741873
448,0.4379626249018896
449,0.5315018081031773
450,0.04507283507880317
451,0.9490944655498256
452,0.630259144423595
453,0.5161910582176148
454,0.9510618268817189
455,0.37152872595044495
456,0.32226247204050235
457,0.64022936156141
458,0.4559591183071954
459,0.8420166530103277
460,0.8308969172852257
461,0.6229616313941102
462,0.6043751159575225
463,0.32130678724603795
464,0.6952575256240644
465,0.984955119829106
466,0.8461477902017619
467,0.9230463853487466
468,0.8288352732020033
469,0.5945127075457836
470,0.15704974157080873
471,0.2279656282404824
472,0.7045368127816624
473,0.8779271726735766
474,0.9869276045616909
475,0.0806395985702652
476,0.6631270025314985
477,0.9877934195104784
478,0.9815260123439417
479,0.8704726166154703
480,0.4257786301801392
481,0.4374916088468219
482,0.9624660155450364
483,0.650523045312393
484,0.809187826587669
485,0.8231800722801371
486,0.6926068989681662
487,0.5359617513534353
488,0.6646877808984142
489,0.9635351812054499
490,0.21336523643904223
491,0.5094572578246493
492,0.09070949946810451
493,0.8016560582840565
494,0.7843271353852104
495,0.3676205459413289
496,0.2701983399281307
497,0.20557976500089337
498,0.23299996513446253
499,0.7077698998534018
500,0.9920700818300272
501,0.9012695494122663
502,0.8559008203004425
503,0.7047925920955707
504,0.8098327291326508
505,0.9792465955754578
506,0.4780901163410906
507,0.15119976953608025
508,0.7183421622618597
509,0.92342231168504
510,0.5250563228538737
511,0.9539385435074701
512,0.5073052380038615
513,0.7349746597606345
514,0.18332160034679368
515,0.4894346313019249
516,0.6807665578021321
517,0.24090684947866273
518,0.7855922333996225
519,0.38461206783565854
520,0.3213880906397117
521,0.3079605971772645
522,0.7269366133385103
523,0.6972042058928253
524,0.6256632548444487
525,0.8389152293025678
526,0.6369149136502619
527,0.4535371090376337
528,0.3904629089915083
529,0.6690003472719281
530,0.8025970515585961
531,0.9859114697510286
532,0.6356366482786697
533,0.28738920453649947
534,0.6080070042123276
535,0.707066728619921
536,0.7004121684321589
537,0.651939761037036
538,0.13516549880858778
539,0.9921173853265186
540,0.6051475625769226
541,0.6751622720392584
542,0.8518438527218143
543,0.987629883990592
544,0.5129193071258139
545,0.6207306954258073
546,0.681062605976407
547,0.8240654335293081
548,0.96178049596489
549,0.8589015040887364
550,0.9429716517493607
551,0.8423716795879419
552,0.3684059882293064
553,0.832250815264377
554,0.0789372061946444
555,0.34543507437116566
556,0.9928404476904348
557,0.8225687291689036
558,0.10992858513385073
559,0.7207654254700161
560,0.3687209461409884
561,0.48073712807471375
562,0.5833347688652483
563,0.8939587689251202
564,0.5508381211770935
565,0.9589859785517637
566,0.2548181517080046
567,0.5763276344509843
568,0.6865240048051305
569,0.6449216696111126
570,0.5027553450918907
571,0.6854265584977508
572,0.17884126182550797
573,0.5305174338827302
574,0.3361951740495597
575,0.5139564473141242
576,0.05365589230367476
577,0.7025044257424637
578,0.6353049988917169
579,0.9488365507277129
580,0.8872983012366261
581,0.8655999893776151
582,0.6877971023546197
583,0.5916819556982608
584,0.9644177841437923
585,0.4053112683171418
586,0.975307949002901
587,0.46045483865381315
588,0.6228264866436543
589,0.443760775279555
590,0.9462891811470532
591,0.8543461786232721
592,0.9689007029372924
593,0.5620133705055101
594,0.220598472958167
595,0.3300775152518339
596,0.2984841188751633
597,0.8756491458709736
598,0.9474898636075969
599,0.5581295653122158
600,0.29809639329296395
601,0.880721913994115
602,0.7322193561127855
603,0.8479764174018954
604,0.6611896032597647
605,0.7836404270121625
606,0.6766290415576107
607,0.4611522810071064
608,0.877390412786891
609,0.7257428713192272
610,0.9340945519150122
611,0.7203425768975391
612,0.153665497834276
613,0.7398618033862668
614,0.05605673798840247
615,0.48644084679026545
616,0.9033559220036573
617,0.6466794054606432
618,0.6978313301558415
619,0.8440764952921382
620,0.14606149565462878
621,0.5416658048226309
622,0.7529137178414613
623,0.8165847131400464
624,0.09257370476138117
625,0.9366616993460896
626,0.06489652289781557
627,0.8564422786752924
628,0.7339956266044855
629,0.7777609985732473
630,0.4494754742034998
631,0.8420852502383775
632,0.6460500671578818
633,0.6910575029421983
634,0.7777189308559712
635,0.985689477599624
636,0.21628006933386013
637,0.8871661108170922
638,0.40530796666793073
639,0.4408186008887038
640,0.09690582828031898
641,0.36432853597058895
642,0.7673205616323789
643,0.7508605647017085
644,0.9601939323894492
645,0.3004976262432491
646,0.105626055260787
647,0.8933425801120469
648,0.4232288730554516
649,0.03818203030024786
650,0.7230726962142136
651,0.7807790340451465
652,0.10222864837432703
653,0.9395799234887504
654,0.33659880838639333
655,0.4691992399087448
656,0.568748854425052
657,0.9716184058487509
658,0.2757478070778701
659,0.08896098482130797
660,0.32275175740289647
661,0.4061693420329739
662,0.6360446107346108
663,0.12944571131891103
664,0.896537190973587
665,0.2389009813078776
666,0.8240715054312835
667,0.8018945427000439
668,0.8574538529664114
669,0.9068505899048301
670,0.3254569547428909
671,0.21052317107805227
672,0.21278455830282253
673,0.8245597776587977
674,0.8809463550122919
675,0.849446173848032
676,0.4500499749711582
677,0.4318294147966106
678,0.9810912480650343
679,0.672447399110028
680,0.42045246047125834
681,0.5483894188609199
682,0.48855029397962446
683,0.5872194224457205
684,0.23148212398986842
685,0.6594410984006349
686,0.6530581044426277
687,0.7352089673714802
688,0.06510089965742726
689,0.8928025401991445
690,0.48183515205887856
691,0.918772178076976
692,0.8909060946335714
693,0.7974229445650973
694,0.21468965360505762
695,0.42316947508505726
696,0.534494084191468
697,0.08236194754050426
698,0.7925059139109981
699,0.6214266151977444
700,0.09136386618762092
701,0.5005115595884798
702,0.8189249701280105
703,0.24501649034083953
704,0.9901194971644508
705,0.48538302433441816
706,0.23745764074684428
707,0.42495452217511565
708,0.6730990173487331
709,0.8088720047759036
710,0.5760934036078907
711,0.6133515142358236
712,0.8518119390822126
713,0.4076505681574388
714,0.5143395665855645
715,0.7292731093168076
716,0.2756060768092505
717,0.0884067413065925
718,0.5578068544150484
719,0.3376065459714661
720,0.8873595930067735
721,0.5397319240018276
722,0.6765746956502864
723,0.6907527026924933
724,0.6497733309906968
725,0.8695221013269597
726,0.9403647828915106
727,0.44841057637324183
728,0.6882371221994897
729,0.6034853242644621
730,0.9150954010319041
731,0.8656596808295761
732,0.25570074651652713
733,0.4430768221202798
734,0.45495130212662804
735,0.7592918027070928
736,0.5713683202768858
737,0.905303617895249
738,0.20580741290742435
739,0.4119306123755111
740,0.8642766353722177
741,0.19269279679836163
742,0.9288951068699335
743,0.9438903760764844
744,0.3025288130180835
745,0.40753150329779114
746,0.9505325436099277
747,0.8919734267846593
748,0.39372206274161314
749,0.6988792975600022
750,0.4367801184045299
751,0.9692100567047678
752,0.8874870241627967
753,0.8094618067253476
754,0.20447627477133945
755,0.43778779217233127
756,0.7504533395435785
757,0.9384908234860466
758,0.17759099809833404
759,0.6720638503302022
760,0.6743567440971314
761,0.8016927162330191
762,0.0808471564781799
763,0.8254799827048583
764,0.7896413503537764
765,0.972504119852626
766,0.08091862797552463
767,0.5721579513808285
768,0.649422931065455
769,0.8102787890034501
770,0.4832765495677463
771,0.6416253742605732
772,0.5884003343146146
773,0.5558209952372007
774,0.12333211035074909
775,0.9400771984952131
776,0.39028264011642194
777,0.3731541301705302
778,0.42532990664632675
779,0.9883938160914592
780,0.5832962220588632
781,0.44555891846909007
782,0.9514719974218027
783,0.8643435060351191
784,0.4863458985916565
785,0.9008446160733224
786,0.1033885311161814
787,0.8009284379677911
788,0.8558954580239609
789,0.41847931764523993
790,0.8559422458248468
791,0.4423235370940562
792,0.5623962424875176
793,0.5587183242154458
794,0.4713495317486889
795,0.8685100379318392
796,0.9716506355036016
797,0.9845991659951415
798,0.7195170573399162
799,0.6671260550212138
800,0.07237971104028282
801,0.24868114462308202
802,0.949828144927887
803,0.9397111372996565
804,0.9172862513803892
805,0.16493530303648696
806,0.18499609923156013
807,0.9678136362504466
808,0.5272237322461365
809,0.9462166347110562
810,0.9583851887308019
811,0.2680449550014239
812,0.8461959828974269
813,0.23215096773082533
814,0.9411338453603427
815,0.9490951315685905
816,0.3302790208618358
817,0.9083853847390948
818,0.5025653428721588
819,0.6827329981775851
820,0.9795293523221086
821,0.19360868064202522
822,0.6556976964318997
823,0.5925968329869987
824,0.4490702021879551
825,0.7680416975347609
826,0.8972418876064326
827,0.5131022384882787
828,0.7416567518033177
829,0.5023863433072755
830,0.8285491573403746
831,0.9280926378804706
832,0.1475813426039221
833,0.9057707614753655
834,0.31906690585686065
835,0.21429538306236165
836,0.1593580306403625
837,0.608621636821047
838,0.8923043755829428
839,0.8323834600986766
840,0.4359582712655021
841,0.7413941867800681
842,0.7755314283881766
843,0.6951657923498714
844,0.6546835982453549
845,0.8765078339926626
846,0.33100642438802896
847,0.796611462556548
848,0.6243210261911725
849,0.6379836521781445
850,0.9913243192996433
851,0.10164568460893635
852,0.9367961794683876
853,0.41362215364570226
854,0.6418141112258015
855,0.48645587997537093
856,0.49674031868749724
857,0.662250026690986
858,0.9531030560641908
859,0.5995963076417
860,0.42415388284919037
861,0.8330441335203798
862,0.626695292057809
863,0.41476937003127823
864,0.8181334457029705
865,0.8494191599474359
866,0.563360527774167
867,0.03746378918699116
868,0.9092432433031266
869,0.9064594668559253
870,0.5538473915357027
871,0.9420487116181052
872,0.43972654154832735
873,0.053946806289592995
874,0.7459571508918712
875,0.9581567752894697
876,0.8455716160728785
877,0.8322632768689737
878,0.8091626368652909
879,0.36969714781866453
880,0.4948160685850233
881,0.5871038765157859
882,0.9682666881009941
883,0.2984299319554024
884,0.026112230069087944
885,0.8073864492403753
886,0.22909080460737438
887,0.9486478737748524
888,0.17163242544542168
889,0.619941743320584
890,0.8858673257590793
891,0.08616932905374979
892,0.8129578672347745
893,0.9480221063385508
894,0.06124855488621853
895,0.9921238898075817
896,0.8224125994812317
897,0.09155759368514198
898,0.25497496633304434
899,0.6209591095982777
900,0.31061234554373235
901,0.9340242175287911
902,0.9554324548472465
903,0.906580832852312
904,0.9333886539908945
905,0.5553792457491915
906,0.599063408604129
907,0.9576391498669827
908,0.6072652123043999
909,0.8142663171532486
910,0.9449130756320209
911,0.6812628698307425
912,0.951809268037359
913,0.25376233140640025
914,0.9886147124897465
915,0.7471896041704698
916,0.8040685151906523
917,0.8465794193928309
918,0.5154221564933315
919,0.6524513425491754
920,0.8232555672370925
921,0.9365695914946685
922,0.6869891912184549
923,0.4043193764504214
924,0.9581621334580362
925,0.5733263498912536
926,0.9003074611077007
927,0.6136346468118563
928,0.21261944252744627
929,0.9919095011583554
930,0.9090385163437541
931,0.08182668636880733
932,0.0603449644963761
933,0.661420602040162
934,0.37058126194681584
935,0.4204686097206795
936,0.5570802930632863
937,0.6170277901528367
938,0.5848745176009617
939,0.24734764324816014
940,0.9320898849938372
941,0.7929081013088212
942,0.8168712066164482
943,0.9017155236950839
944,0.11001654937021821
945,0.5703112967067666
946,0.8416977954180024
947,0.4011915470875464
948,0.6474481516284215
949,0.8989637360630258
950,0.9015013839946072
951,0.2520409909802153
952,0.5480942259476996
953,0.36110769127950865
954,0.731232275559123
955,0.17834278360567155
956,0.8561535731983936
957,0.5074278813395876
958,0.9600168894198199
959,0.24627932472394173
960,0.240418062511054
961,0.8955829505296092
962,0.6183586612527353
963,0.2375067638236856
964,0.413486035147105
965,0.8788505150403582
966,0.9622608675538084
967,0.9120370026894226
968,0.228610593574601
969,0.9348386914652491
970,0.4629313125793148
971,0.8328309059118851
972,0.2080530940867369
973,0.5819918033173956
974,0.6449090621458908
975,0.45873869312787474
976,0.5277167360618004
977,0.42633302029311276
978,0.314057862211693
979,0.9334407656261012
980,0.5062894541405543
981,0.8526157075190017
982,0.5942388462587874
983,0.34989750856445895
984,0.027289505509330597
985,0.8859629810323372
986,0.8727122672245162
987,0.9759457027163716
988,0.25988105724040705
989,0.7079773200518288
990,0.6443536982132168
991,0.44190303892199473
992,0.9190516592605688
993,0.8028053345670862
994,0.7469427914377125
995,0.9253020486705777
996,0.9014861419443662
997,0.14331577235473614
998,0.8072013310436347
999,0.6832059194825882
1000,0.4849991024618854
1001,0.7086664717783518
1002,0.6425274079977715
1003,0.48731541277136214
1004,0.5987483754409192
1005,0.9264342125787977
1006,0.892431736120491
1007,0.34927214411697144
1008,0.9387592253771944
1009,0.3803966502873961
1010,0.8211830222886624
1011,0.5723617277606099
1012,0.31088185979242433
1013,0.947684726824536
1014,0.88383848369314
1015,0.9336114893490978
1016,0.711298653372397
1017,0.9551043259226031
1018,0.9161842310518932
1019,0.5499973163296913
1020,0.8462840153106869
1021,0.7896214881764161
1022,0.03556591019756609
1023,0.33961825952053065
1024,0.8820129845348075
1025,0.44496892093434487
1026,0.8515435373532746
1027,0.160845024117785
1028,0.8947984828277938
1029,0.23058392337119601
1030,0.9330884688151858
1031,0.6054464378877943
1032,0.5620222463357251
1033,0.09199842293797326
1034,0.718353762987577
1035,0.45139346420747967
1036,0.036137582110831956
1037,0.8862489588772324
1038,0.7992501307261947
1039,0.7884618283282707
1040,0.021417114804462126
1041,0.6872535608635713
1042,0.23082516572392056
1043,0.8607552843694063
1044,0.6726459502193346
1045,0.16440043432214313
1046,0.974518439930113
1047,0.6149237737489623
1048,0.9750468380488947
1049,0.6447137706922053
1050,0.8483238032267958
1051,0.7476723502597543
1052,0.9696780737122791
1053,0.9599345646692545
1054,0.30554245755943094
1055,0.7894650186781133
1056,0.16756526312213005
1057,0.006700888107219816
1058,0.734782636172166
1059,0.9694586814820673
1060,0.5009263494635637
1061,0.9763168869186819
1062,0.42998199913656127
1063,0.8761149902545128
1064,0.8390011383326126
1065,0.15521704997647776
1066,0.6143625898272898
1067,0.10267713288851703
1068,0.6286961164341768
1069,0.37380486207994573
1070,0.8578436048041421
1071,0.944372198081009
1072,0.9359182237766553
1073,0.9678836204663935
1074,0.8378595866988037
1075,0.4372080222134649
1076,0.9146768871940237
1077,0.7311811942306475
1078,0.8757290456331281
1079,0.8793528176790013
1080,0.08637426596952714
1081,0.9162400215939673
1082,0.5474513274452082
1083,0.8641511359634348
1084,0.47107297973759615
1085,0.636416503056917
1086,0.5819812290920278
1087,0.771391415831668
1088,0.022127977942626772
1089,0.08842634678150575
1090,0.3524763876954751
1091,0.6057922901991759
1092,0.5121054058960265
1093,0.5657198338664023
1094,0.2490791970061206
1095,0.8798008907103262
1096,0.6722771276616325
1097,0.2376553614704389
1098,0.1995104866299409
1099,0.8586872229198222
1100,0.8004052639816384
1101,0.8716885643388497
1102,0.9256119691020533
1103,0.5709760893893788
1104,0.27977344500143636
1105,0.914755217254323
1106,0.503498170603051
1107,0.24630164611610925
1108,0.8382191821464998
1109,0.4040232751854698
1110,0.5280599830693204
1111,0.41994899713462625
1112,0.43189067891628197
1113,0.7025379368702991
1114,0.8492056051918385
1115,0.8441513635172223
1116,0.8044558762384094
1117,0.39463219487368156
1118,0.324349014209688
1119,0.2927523822030141
1120,0.96204115628891
1121,0.3803029995784546
1122,0.6267552456249132
1123,0.9638769226272168
1124,0.26973606640616027
1125,0.839150342092767
1126,0.3095390719068299
1127,0.2642369956258897
1128,0.06947676973929869
1129,0.7715616198168523
1130,0.5314222328426944
1131,0.5031163778481971
1132,0.7471707666263988
1133,0.7448237473853023
1134,0.8115965074286947
1135,0.5769996700156971
1136,0.1368152873185105
1137,0.5654720870962016
1138,0.2221168923358273
1139,0.49977493988487104
1140,0.2357684034694426
1141,0.7442937257676475
1142,0.5674701436811281
1143,0.646047856916833
1144,0.32245608654511765
1145,0.8040856120048558
1146,0.7407571615970533
1147,0.6828486477197914
1148,0.6426586378651958
1149,0.20053372445214976
1150,0.18550498746352417
1151,0.9229599798702984
1152,0.7264450069221372
1153,0.789103418009717
1154,0.7392327704279748
1155,0.8284038351432002
1156,0.13024458890283222
1157,0.27892769783688537
1158,0.8303792376845652
1159,0.9119000310139828
1160,0.6122065758719133
1161,0.602025085061312
1162,0.6280326439807224
1163,0.4771899792720169
1164,0.16127094685849122
1165,0.799968639261803
1166,0.9787120088151092
1167,0.7732967499804327
1168,0.5538437835559262
1169,0.9923684027114005
1170,0.1455044887756992
1171,0.9979523537997577
1172,0.8661037249894155
1173,0.1775080453440829
1174,0.04973826375924545
1175,0.08494694150418126
1176,0.39742016164771005
1177,0.9240875694341434
1178,0.7624249198962268
1179,0.85802565554103
1180,0.8223966080568972
1181,0.7861604948358939
1182,0.9750672080601827
1183,0.4238016919012289
1184,0.7900337202333368
1185,0.687477147613997
1186,0.5237898873362596
1187,0.3558977657936149
1188,0.5959878606874087
1189,0.9014265177777562
1190,0.9662842654727369
1191,0.7018776243207804
1192,0.4808880586383095
1193,0.6133392315262055
1194,0.7790023950644668
1195,0.7072730778732866
1196,0.9330520419887974
1197,0.1120851798544565
1198,0.8095250290828174
1199,0.9013183359291324
1200,0.9115720698898432
1201,0.3692027919219341
1202,0.2961756868685843
1203,0.1840116796640104
1204,0.8508041426634296
1205,0.9880788951803111
1206,0.9281921100604689
1207,0.7267346366658534
1208,0.4397808269079702
1209,0.8485497439681874
1210,0.8986370339470775
1211,0.8878371668821968
1212,0.8493671626306799
1213,0.08178963753064364
1214,0.1331657013584848
1215,0.9757300052885772
1216,0.6130691839264947
1217,0.5612439384145858
1218,0.787280164014765
1219,0.22551598509051943
1220,0.8954964974301066
1221,0.22710353921833992
1222,0.9317849354888734
1223,0.8211055055198747
1224,0.702367635493793
1225,0.841155663191138
1226,0.7667625976017384
1227,0.070565778246297
1228,0.34235224567052414
1229,0.33469005566926446
1230,0.3115399423042408
1231,0.2631091804921435
1232,0.7276857004209673
1233,0.38586890635386295
1234,0.9863136409846804
1235,0.699698524137498
1236,0.37779843107016386
1237,0.6316822608107486
1238,0.9641397087296579
1239,0.6203987018643993
1240,0.9875892441615047
1241,0.9248965424031482
1242,0.37511038567606175
1243,0.6516232347870988
1244,0.15805652675515802
1245,0.6908874799971209
1246,0.8284393715498988
1247,0.44670519541146175
1248,0.6950272350757628
1249,0.7008065368283828
1250,0.2892591856795008
1251,0.9655276963821006
1252,0.12614590075927906
1253,0.4912502080693706
1254,0.19289312343975482
1255,0.6733532484753543
1256,0.8778299093785596
1257,0.7273540177229046
1258,0.3534175974717912
1259,0.8189466932781295
1260,0.520520764158474
1261,0.4332856255182005
1262,0.7842066394902979
1263,0.13944888788166063
1264,0.6311583957786135
1265,0.6119595469200818
1266,0.005938577197829517
1267,0.3942563263477708
1268,0.8238991562778213
1269,0.05571392982049141
1270,0.6719201596080732
1271,0.9313585499969214
1272,0.5893523293416298
1273,0.8665465451591503
1274,0.04571351998643386
1275,0.7581792816758361
1276,0.6173975268893487
1277,0.8533432371111793
1278,0.7190533287684677
1279,0.6262930753187642
1280,0.41061983586238476
1281,0.47104727985553635
1282,0.5954614882551046
1283,0.43926680638073573
1284,0.7837124070936579
1285,0.8595227739399166
1286,0.6277601523505513
1287,0.27962676981606294
1288,0.14834464012458515
1289,0.1935070279298616
1290,0.522122250347541
1291,0.3362574575624239
1292,0.8771167414501838
1293,0.9541414581447517
1294,0.7681247973156179
1295,0.963072715242482
1296,0.5838457290513395
1297,0.8919496340960947
1298,0.6362630772459087
1299,0.7978853527812473
1300,0.3999098359267113
1301,0.4496374410855373
1302,0.8067067202559249
1303,0.9534736998928479
1304,0.9747691292651579
1305,0.8762783964708362
1306,0.7797565515537558
1307,0.8792919042982857
1308,0.7488271289973394
1309,0.35106532016499736
1310,0.7196005232251087
1311,0.7422941090503735
1312,0.5683666237080247
1313,0.9120349013362192
1314,0.5107701828704525
1315,0.5299702462095524
1316,0.8612605028559562
1317,0.7524330813922754
1318,0.9157920210848953
1319,0.27548371494629664
1320,0.7852155433717608
1321,0.9939729023017073
1322,0.3071926184759159
1323,0.5126243164931698
1324,0.7682114478982393
1325,0.9307531184808465
1326,0.9835331930455058
1327,0.8613160797654672
1328,0.42649325095443946
1329,0.4621412012708422
1330,0.3610419462722368
1331,0.33136283363357194
1332,0.17274880691750713
1333,0.18666467902224584
1334,0.3865439926621574
1335,0.7967197366521344
1336,0.9505496951218673
1337,0.061048569733806846
1338,0.5593727202862603
1339,0.9713433065023865
1340,0.9328249614779915
1341,0.7197561105127006
1342,0.730096509273055
1343,0.32771751120874804
1344,0.41545317570392504
1345,0.6897531460485268
1346,0.7315596911536683
1347,0.8671127360119217
1348,0.19839717196536824
1349,0.7305240200078259
1350,0.968548425079874
1351,0.3102389598366281
1352,0.6459681534611573
1353,0.593325046511957
1354,0.5732611744749875
1355,0.9123807600582211
1356,0.34861862497912616
1357,0.7679548438131097
1358,0.18453936079948266
1359,0.5826747950842396
1360,0.39645141566616643
1361,0.9680635399129042
1362,0.3401310367870541
1363,0.6867113140727877
1364,0.8559695120173174
1365,0.5039063189821119
1366,0.8284687398527998
1367,0.9504706715825656
1368,0.4314680324682063
1369,0.7168529363792158
1370,0.9217754960703898
1371,0.8667408883532803
1372,0.4075140012322476
1373,0.3486113450753545
1374,0.6894289530648524
1375,0.9213722474249506
1376,0.6251188207630488
1377,0.04136282146156784
1378,0.7220025546513386
1379,0.5685389924778551
1380,0.4458920105578604
1381,0.3717350874878709
1382,0.5786382918266283
1383,0.25245582861434185
1384,0.21357464982711996
1385,0.5210690095935634
1386,0.726819951482469
1387,0.8937085826454826
1388,0.7636798266519045
1389,0.9518267421012853
1390,0.8059843978010238
1391,0.860916148841666
1392,0.585571218203296
1393,0.4707533719694755
1394,0.4529791476825367
1395,0.9680636730528674
1396,0.9510743842859308
1397,0.6850318194381005
1398,0.31900984619583617
1399,0.15210655714036617
1400,0.5692834616780583
1401,0.34543281047225666
1402,0.7029849409375591
1403,0.9394835971597518
1404,0.8079953906742521
1405,0.6484890780921132
1406,0.8834805313396066
1407,0.48372784397157315
1408,0.2944704431365737
1409,0.9257116591195521
1410,0.45520558521667814
1411,0.9482669654733189
1412,0.699773362130579
1413,0.7696241096929572
1414,0.9656842445655575
1415,0.10598925540359734
1416,0.8709524123531079
1417,0.05237066641913877
1418,0.23137617243685815
1419,0.9395131163161587
1420,0.04779192897130422
1421,0.3199176402601465
1422,0.08084027686950816
1423,0.49423258868526654
1424,0.8852678793172709
1425,0.9767460888669913
1426,0.5766572948885559
1427,0.7498232446185286
1428,0.24243608344641168
1429,0.6998445456025905
1430,0.6633517515971298
1431,0.4732321421658674
1432,0.6948906606839046
1433,0.5528191833583818
1434,0.9631805011641886
1435,0.6648515020847671
1436,0.7532008014876425
1437,0.5004530074281511
1438,0.1548392122683879
1439,0.9771870204835474
1440,0.9715488516769816
1441,0.028714678966381718
1442,0.500491989229435
1443,0.7271217488591893
1444,0.9568247923737089
1445,0.06732262481391633
1446,0.9090811530840855
1447,0.9645048070617577
1448,0.5263566257421081
1449,0.7508040965862955
1450,0.19049308721307723
1451,0.5759460469832539
1452,0.23160488479299382
1453,0.7889340674464974
1454,0.9718148321767052
1455,0.16242996082331387
1456,0.15026935165368807
1457,0.7284119128880971
1458,0.06558232047939394
1459,0.46044952835659075
1460,0.43885584115208215
1461,0.4622246028539532
1462,0.6918823865863716
1463,0.7185785156956989
1464,0.7913499548267354
1465,0.16338930699977502
1466,0.7961246919954511
1467,0.2784390484482629
1468,0.49535335143551285
1469,0.9455488401457779
1470,0.9535223299825656
1471,0.4008957152981119
1472,0.9566482690041357
1473,0.5833241426266668
1474,0.17041521932957124
1475,0.9761585926278832
1476,0.36836978335326925
1477,0.3102406719477632
1478,0.9609238465058193
1479,0.9767505167054585
1480,0.7645492249457565
1481,0.7324945966798143
1482,0.8225189924210631
1483,0.2094319154132341
1484,0.4870530007837252
1485,0.9435542710422693
1486,0.821044635242894
1487,0.9400967687719621
1488,0.8538124011651226
1489,0.6171378148437044
1490,0.3788395690229633
1491,0.3987336393363246
1492,0.04631626067149928
1493,0.9372225122577004
1494,0.934174541114858
1495,0.8721535473532979
1496,0.18562571826588894
1497,0.5355618808057486
1498,0.954773120418014
1499,0.9707050626353023
1500,0.8779380008365858
1501,0.8738306897513928
1502,0.7592268276649189
1503,0.6878585453321538
1504,0.8184583665663312
1505,0.627438517793358
1506,0.9193626945837502
1507,0.6057936215141752
1508,0.7980655697565117
1509,0.09052533785713662
1510,0.13210345494642506
1511,0.17876033603593866
1512,0.9669146045171132
1513,0.39142359717249664
1514,0.7696222806132242
1515,0.6573653746227527
1516,0.8071411275433992
1517,0.465185273897224
1518,0.12019899453680082
1519,0.2473754384853691
1520,0.5090108272039863
1521,0.4501926796789775
1522,0.9052514982417367
1523,0.8983597154571523
1524,0.21325124090023698
1525,0.5954249403304798
1526,0.821281226730946
1527,0.5502083575737226
1528,0.2875484439922272
1529,0.40585465478664706
1530,0.26787900380439
1531,0.13329446745326212
1532,0.3171477743280778
1533,0.7489160035767348
1534,0.6351847549264802
1535,0.47883670193641636
1536,0.9783602477247664
1537,0.8713456366403736
1538,0.7861931906856053
1539,0.6626530870276278
1540,0.21370417387760807
1541,0.9000409430854571
1542,0.42844329502697914
1543,0.7906780964892658
1544,0.705522467342234
1545,0.308239118709927
1546,0.7736452527435654
1547,0.7786763880273669
1548,0.13428268724293083
1549,0.8433347210434285
1550,0.8854987407329658
1551,0.9305224048597428
1552,0.7167600683939024
1553,0.9412285715396221
1554,0.13290683006155624
1555,0.9048562706656841
1556,0.32289950360413827
1557,0.14650508497262604
1558,0.6897410577658168
1559,0.6328568453874451
1560,0.6808418209840371
1561,0.9326195077486376
1562,0.9725454552779237
1563,0.26259567441164194
1564,0.9937094449962544
1565,0.6857384499015499
1566,0.2837946302102634
1567,0.47273061934693894
1568,0.6871917421119282
1569,0.5938407357774667
1570,0.9777560982896821
1571,0.9666645671853611
1572,0.6013564961811562
1573,0.49713439893985173
1574,0.23130147834666595
1575,0.9365326166970319
1576,0.8295887613083739
1577,0.9450935423394161
1578,0.7608071955154824
1579,0.840493215206655
1580,0.7134978114292637
1581,0.975609235786376
1582,0.6719674571459074
1583,0.696410243272838
1584,0.7587393405927689
1585,0.6851181251976048
1586,0.9029924698199597
1587,0.9162645712007379
1588,0.8439456719551925
1589,0.8817433026144177
1590,0.310005261425882
1591,0.8665439879859785
1592,0.8303928384055269
1593,0.6824190308206407
1594,0.7019715804871098
1595,0.6293701902789685
1596,0.8626481095422385
1597,0.1984631628702828
1598,0.6980426211407124
1599,0.5452142030564536
1600,0.18373469975264045
1601,0.4362957883439658
1602,0.8536838758581792
1603,0.5671432680053531
1604,0.07934333662911117
1605,0.15010630083284246
1606,0.7520397129762598
1607,0.37990439052028835
1608,0.7430774724045008
1609,0.9701365777765493
1610,0.9452602488856622
1611,0.19243166913344845
1612,0.8554999191056809
1613,0.4960693301773719
1614,0.7524149951583539
1615,0.7581120589266149
1616,0.5177115213613949
1617,0.9403558425783046
1618,0.9204995099019532
1619,0.9237341543512355
1620,0.32626316161336394
1621,0.7688657267523932
1622,0.09889737287416732
1623,0.7635046671528763
1624,0.5231778789577676
1625,0.173260773201233
1626,0.8592585767463307
1627,0.9230568445072173
1628,0.5847156786740147
1629,0.7301858453853232
1630,0.8303905915269637
1631,0.2517293740591007
1632,0.20683686621488837
1633,0.5521935152514518
1634,0.9263727994948079
1635,0.7511177873688067
1636,0.24886761491879805
1637,0.9095134904762855
1638,0.9227492823670761
1639,0.9644389263936541
1640,0.011406429924788726
1641,0.4867899590136691
1642,0.1562990205938638
1643,0.11454799811375886
1644,0.32107455774967103
1645,0.4354500935737673
1646,0.992995282565497
1647,0.7692116698353528
1648,0.5245320025761249
1649,0.9404626005779697
1650,0.43270476488561455
1651,0.4263150945501357
1652,0.9896638788464349
1653,0.6434708121277858
1654,0.16262421374503772
1655,0.165747847565987
1656,0.9057181990947213
1657,0.431281248954833
1658,0.35381298297830127
1659,0.7546026436059196
1660,0.979044590384991
1661,0.6354962206309834
1662,0.6636840238214147
1663,0.7859033957367118
1664,0.4080993227021888
1665,0.909193856838589
1666,0.08586262404264329
1667,0.837168445464279
1668,0.8616921325899067
1669,0.6226401474136612
1670,0.875274934088571
1671,0.028047300597577752
1672,0.6919178209534702
1673,0.4116495406429326
1674,0.15252922298512764
1675,0.5824497244939645
1676,0.6344635883219
1677,0.9103629769172304
1678,0.720725808240963
1679,0.09166028559558105
1680,0.11897294330177353
1681,0.07564483473172452
1682,0.8169346879125837
1683,0.4045036373285699
1684,0.7952533875970662
1685,0.21480364967091778
1686,0.060068880693581635
1687,0.571844248792074
1688,0.4848065188371993
1689,0.8735092356778243
1690,0.591661600515414
1691,0.8958800051231678
1692,0.8437414842810561
1693,0.9011796161460395
1694,0.9785549662858664
1695,0.6774512453753015
1696,0.5719289053422644
1697,0.6950204103003004
1698,0.7513123635261528
1699,0.6233000393231535
1700,0.8621613652271649
1701,0.3978555509823353
1702,0.30207963814520394
1703,0.6884714859158799
1704,0.8277052039011784
1705,0.6220039484425404
1706,0.47333119842254123
1707,0.7609451834904967
1708,0.5902281244593129
1709,0.6178527720561561
1710,0.5729056844481984
1711,0.8032741187275517
1712,0.7610093756031701
1713,0.5095348406467665
1714,0.42113258217383304
1715,0.5994383013380297
1716,0.9223407637023008
1717,0.5319649274950826
1718,0.13269348974011205
1719,0.9404061190428811
1720,0.8849900680189187
1721,0.978857032871483
1722,0.953140570623165
1723,0.6739633018309075
1724,0.09659581585191268
1725,0.9489461123415995
1726,0.7957671712133222
1727,0.9245902531844995
1728,0.06087948510637573
1729,0.8126956338381209
1730,0.9367577109269772
1731,0.6712281860027417
1732,0.6296279948336094
1733,0.9266123698901724
1734,0.5519398687066244
1735,0.44503574238731297
1736,0.5239092480943266
1737,0.7229753475143297
1738,0.7791499930416679
1739,0.12589507628313792
1740,0.8360560257835165
1741,0.6152999975634895
1742,0.13761797291401287
1743,0.6596851193768019
1744,0.6663911688234485
1745,0.15934943799130272
1746,0.5165593354503151
1747,0.7205142380325356
1748,0.26431847714975093
1749,0.02880446475707485
1750,0.692763525027749
1751,0.8909205921451862
1752,0.5327356016619292
1753,0.92142706832534
1754,0.1816314273893066
1755,0.5534068845182102
1756,0.7911062651378978
1757,0.4331632627151632
1758,0.33842955417546267
1759,0.9553578940355747
1760,0.07448032714555904
1761,0.32401283243976814
1762,0.869158832399906
1763,0.533389771641379
1764,0.9472649364399324
1765,0.6196604759434985
1766,0.5745993274652857
1767,0.1831520275588733
1768,0.7147464333861292
1769,0.5782611231841003
1770,0.38086828113026944
1771,0.967320433753089
1772,0.7632857403621242
1773,0.08149331184750076
1774,0.2806072726589452
1775,0.7257497365394291
1776,0.942605357797475
1777,0.9802165245412958
1778,0.24891305807577271
1779,0.22762598207906534
1780,0.5601691920109113
1781,0.31610382147394706
1782,0.2812385726458887
1783,0.6045578299149373
1784,0.9191908080863264
1785,0.6482884727151221
1786,0.8542487262764172
1787,0.9036254717837017
1788,0.43237528331581404
1789,0.5964579993466639
1790,0.9852813796650329
1791,0.8481927445179768
1792,0.7115885080785239
1793,0.7517184863214216
1794,0.23143240551839891
1795,0.6765184559773784
1796,0.784276579167158
1797,0.6770651750607851
1798,0.7658364383984115
1799,0.9842737771363183
1800,0.504974807802634
1801,0.2515302407606193
1802,0.8949074821344389
1803,0.7459105450154845
1804,0.8012025883689452
1805,0.8651555308703199
1806,0.3328930587134147
1807,0.8569627829598182
1808,0.6536408236863583
1809,0.62849177085783
1810,0.7971380078455491
1811,0.8659359876203521
1812,0.6465186394958279
1813,0.872594898966003
1814,0.3577441940291706
1815,0.22450631030863985
1816,0.9339934069061062
1817,0.9512607912740904
1818,0.784627024090014
1819,0.21167860891161075
1820,0.7484284051674033
1821,0.957912067550288
1822,0.8755732586942879
1823,0.37056428995863494
1824,0.8330119147106477
1825,0.9336243531213954
1826,0.10800665109136208
1827,0.21686320240333448
1828,0.283232513355941
1829,0.1830236022805973
1830,0.7596379935947248
1831,0.0492555582447388
1832,0.9192186888103059
1833,0.5496439521771933
1834,0.9294488346389794
1835,0.7602950580434104
1836,0.9001331955718544
1837,0.42843023115559054
1838,0.9724209337007399
1839,0.028741135089923615
1840,0.026213902236987788
1841,0.5834381018880161
1842,0.23124006753586
1843,0.9336016457140315
1844,0.8746999018083078
1845,0.9823962588716487
1846,0.9329018550494701
1847,0.7314767288823071
1848,0.5794411495370441
1849,0.9110146833935288
1850,0.2670225681364115
1851,0.868019606159011
1852,0.40004088184501035
1853,0.8051999378305474
1854,0.8596233843041786
1855,0.9274720169434417
1856,0.7962264802988585
1857,0.8925575258216681
1858,0.8833427608200544
1859,0.8764165300893025
1860,0.8236387817901599
1861,0.26555546141119374
1862,0.7650001977005422
1863,0.9217843374863928
1864,0.8213700250573663
1865,0.32375112360924824
1866,0.5179374886604449
1867,0.9045104078152107
1868,0.45175913056485806
1869,0.16449484085455776
1870,0.8584056122272906
1871,0.5610543893447385
1872,0.7580665803964101
1873,0.6536853420161074
1874,0.909134460941409
1875,0.1988776779750724
1876,0.6442216089974241
1877,0.9742529187535754
1878,0.7942471571757892
1879,0.5172107068799935
1880,0.2149506142558523
1881,0.7442291358639195
1882,0.21851910339363814
1883,0.48217318685877686
1884,0.4905382018550906
1885,0.2823954301847817
1886,0.13287800622920998
1887,0.8742660938284877
1888,0.14875074968049412
1889,0.09239799616422077
1890,0.16756236136942415
1891,0.28399174662068505
1892,0.2806824742782348
1893,0.6053119445407464
1894,0.050837462420529105
1895,0.8387883155130674
1896,0.39016427398419323
1897,0.18042096584545061
1898,0.8611129070911666
1899,0.9572490505169151
1900,0.631912119081455
1901,0.9870568162513904
1902,0.6669874991991369
1903,0.7226285959977323
1904,0.3788558074340605
1905,0.3411366214743154
1906,0.6960570355873793
1907,0.09086927756715334
1908,0.7449354473024626
1909,0.9403020221268191
1910,0.4406910959035979
1911,0.5085009214890938
1912,0.5271042853725635
1913,0.9726088732626336
1914,0.051624560670264476
1915,0.6559677636677878
1916,0.8437471484591955
1917,0.7068257448023578
1918,0.1189518552539482
1919,0.5176279587926432
1920,0.6147001088803948
1921,0.9212358639787324
1922,0.31895004894830564
1923,0.730881305285959
1924,0.6256591077336741
1925,0.3496588178290669
1926,0.9225618340456778
1927,0.32114318477264553
1928,0.7262717045799042
1929,0.9325432574024562
1930,0.8663167665936298
1931,0.9206669163470602
1932,0.35552554786430624
1933,0.9642136900752126
1934,0.6570190613580268
1935,0.5239702035569148
1936,0.33103179768314944
1937,0.7369891676932561
1938,0.6673549278809049
1939,0.12571117581368507
1940,0.5926015875001407
1941,0.9262130028908956
1942,0.9682997235217671
1943,0.720157317988625
1944,0.6931531631441165
1945,0.54682044362866
1946,0.651434059155448
1947,0.946061672271072
1948,0.5891281302320687
1949,0.7298507547859674
1950,0.8648459008899329
1951,0.2901107617964892
1952,0.5929012202936809
1953,0.4048935573195336
1954,0.2297790917957785
1955,0.9853672065829343
1956,0.9575703088160427
1957,0.3086915439356202
1958,0.7185745655022536
1959,0.5144854060257772
1960,0.4436616952870918
1961,0.7387810549994435
1962,0.9287792079613927
1963,0.5511780747348943
1964,0.3309507791489636
1965,0.607582898663909
1966,0.6237779946865305
1967,0.8067375710869754
1968,0.8851927799927534
1969,0.4833222869409138
1970,0.19256469745620255
1971,0.6117156725494076
1972,0.020570521640561012
1973,0.6026361036855439
1974,0.7602606693468456
1975,0.46631673565374826
1976,0.3382358897970886
1977,0.6635577561310612
1978,0.0905140630721769
1979,0.589636362912464
1980,0.15951314071047354
1981,0.2130524995838714
1982,0.7881017910123812
1983,0.612886956583242
1984,0.3708315589823226
1985,0.9174218695171116
1986,0.9186711106212456
1987,0.9005124219680213
1988,0.7903791607644738
1989,0.8362423125346535
1990,0.7932863812786196
1991,0.3030303288589765
1992,0.9350224473782666
1993,0.03875083813324501
1994,0.39029767523709236
1995,0.08937472193386198
1996,0.8716137950760614
1997,0.8728359591020088
1998,0.453287659477467
1999,0.5458018223830708
2000,0.1599964430362857
2001,0.37800106552817786
2002,0.660945713861019
2003,0.9003617449068347
2004,0.9430960698764875
2005,0.9751825058582128
2006,0.9014228801323073
2007,0.15464084940560588
2008,0.12825675271740186
2009,0.6030756185939445
2010,0.09959749258980954
2011,0.9973081776698455
2012,0.04538045079323503
2013,0.872847056471855
2014,0.40482182193466487
2015,0.4307495068760196
2016,0.4292574094861538
2017,0.8346752262139732
2018,0.6598929468037246
2019,0.9469524710825055
2020,0.81263350036654
2021,0.8029312816135924
2022,0.7508597364432575
2023,0.37680643818619036
2024,0.45964024604996007
2025,0.4503862138429408
2026,0.8194655630464238
2027,0.9677702542969246
2028,0.3606581126198963
2029,0.24174926837042668
2030,0.09952914789864685
2031,0.9034114682559699
2032,0.9725054258060889
2033,0.9680497520634742
2034,0.9824245465129923
2035,0.6300848822483954
2036,0.680663494478099
2037,0.4798282229390312
2038,0.7508738802336129
2039,0.8306984291903549
2040,0.7149003327770479
2041,0.5634700051422558
2042,0.24717540650527184
2043,0.025431348742867243
2044,0.16197205531388115
2045,0.7356336504037899
2046,0.21542357842015236
2047,0.7139489082928993
2048,0.5857317679013593
2049,0.5446546965759859
2050,0.6968205253585187
2051,0.8448585439276033
2052,0.7569886459217883
2053,0.939754066953531
2054,0.21564723693107668
2055,0.6795894860505204
2056,0.25609880902153814
2057,0.20495375649977868
2058,0.8815478215405741
2059,0.6817437925104691
2060,0.48585053215729507
2061,0.17666180041571397
2062,0.836655172267797
2063,0.9625573878706213
2064,0.15636632237307857
2065,0.9672062814843075
2066,0.6745537596750051
2067,0.9912702982845881
2068,0.20709996533444122
2069,0.327831012146204
2070,0.6048124855850716
2071,0.2541074880861369
2072,0.21215030086745879
2073,0.5775544975758887
2074,0.2461491972484002
2075,0.9703952462538717
2076,0.9043799027803079
2077,0.08573049890847863
2078,0.7054676133143453
2079,0.9139106698611236
2080,0.5967529287905172
2081,0.1405951027604328
2082,0.2119789302759971
2083,0.9550858663713954
2084,0.7967310598489955
2085,0.1947984586839441
2086,0.3634259334740127
2087,0.42571313191698534
2088,0.5921557651413875
2089,0.8949474208631013
2090,0.5578828039874942
2091,0.36462730825836553
2092,0.4889183561212587
2093,0.5581977765582401
2094,0.07034443909327202
2095,0.5067664793495844
2096,0.9307529479466835
2097,0.8976063383781177
2098,0.6855243642911315
2099,0.7961897905814905
2100,0.5748991620425501
2101,0.46779340506478473
2102,0.6188478022444044
2103,0.4574705554899134
2104,0.7363214002540349
2105,0.6116457486689003
2106,0.9360978215612153
2107,0.45435748390786923
2108,0.17891556261915234
2109,0.7251906734112267
2110,0.7487251526131674
2111,0.8372503974148264
2112,0.22309965642623705
2113,0.14651869865440795
2114,0.3246817803449881
2115,0.28967394632216276
2116,0.24412802726362948
2117,0.7941186339181449
2118,0.061707284004229306
2119,0.6345107570220888
2120,0.30495463776815784
2121,0.29708687214465296
2122,0.5695040391331806
2123,0.8275276173317486
2124,0.9159351363262865
2125,0.8734781121482152
2126,0.022649367839679673
2127,0.039723609023964074
2128,0.86728426286487
2129,0.28602811494892383
2130,0.7944756951279239
2131,0.7364145108506231
2132,0.9708538467749043
2133,0.4584880849505429
2134,0.9811369263663884
2135,0.7667903407201
2136,0.3893638790504919
2137,0.478596317213648
2138,0.6962276912904318
2139,0.7136489300083791
2140,0.2893464103407788
2141,0.8438153369496595
2142,0.39918310024745907
2143,0.9943710381491734
2144,0.7885063333269439
2145,0.7143942201605586
2146,0.7173620405178487
2147,0.7567647249610072
2148,0.8408402199220536
2149,0.025848412832818694
2150,0.8065593384931997
2151,0.18560308050511387
2152,0.1772855331865096
2153,0.534691383193527
2154,0.830110210857267
2155,0.5952275139646054
2156,0.5287786973188991
2157,0.6993661367724786
2158,0.5300432932520492
2159,0.774089786938263
2160,0.12058742915539615
2161,0.9029731079920951
2162,0.9741488674375042
2163,0.985136739720792
2164,0.7365682403835443
2165,0.16279462492863916
2166,0.6464923293480239
2167,0.7425622908910885
2168,0.6816735891343696
2169,0.5974778233900054
2170,0.7505929691684855
2171,0.6477794603028345
2172,0.7517594276678695
2173,0.4260551608424579
2174,0.9168869615664083
2175,0.9376983877906389
2176,0.539850780769481
2177,0.17463265697371674
2178,0.7823607028643641
2179,0.23933516178149547
2180,0.5986294887515121
2181,0.9766366059401617
2182,0.7479871771663884
2183,0.5172634307209766
2184,0.7612597960575201
2185,0.12903239052512816
2186,0.9657955007331718
2187,0.03071305209128002
2188,0.84706358976163
2189,0.8247681867580802
2190,0.7561068349823371
2191,0.968246405940319
2192,0.024850102176692448
2193,0.9720003761483668
2194,0.8418898430331369
2195,0.8826729059801024
2196,0.21938355297895842
2197,0.33868439099785
2198,0.007957493968290744
2199,0.39648333629021987
2200,0.9588771189542961
2201,0.7389720087850572
2202,0.8824471719501549
2203,0.5217868297433781
2204,0.9807649486789173
2205,0.6207365518677596
2206,0.10919292133288093
2207,0.003919728128676979
2208,0.792294361956187
2209,0.6841965941209144
2210,0.8787885599918347
2211,0.9545225539841735
2212,0.5463456371608708
2213,0.6991703774595002
2214,0.8590744386102319
2215,0.872705563750027
2216,0.5302360042522486
2217,0.9639673077079914
2218,0.7133691702870766
2219,0.8710499863135758
2220,0.8773332910842814
2221,0.06802700600899811
2222,0.17071326832083247
2223,0.660162382108593
2224,0.4059721105723871
2225,0.3908761540637215
2226,0.9221284888879812
2227,0.15416329623419103
2228,0.9948473264683431
2229,0.9617396791974085
2230,0.38558598500831737
2231,0.8199018081047446
2232,0.987398038408197
2233,0.8035990169774904
2234,0.6599240812023409
2235,0.39679573132133344
2236,0.23524138693551958
2237,0.31891359238950634
2238,0.7589756634984166
2239,0.26410765494477645
2240,0.9353002582754372
2241,0.47674974137267206
2242,0.8418277424507239
2243,0.7750850768371031
2244,0.07744262039117397
2245,0.12883638919226256
2246,0.05203788509853243
2247,0.6810209829998956
2248,0.7754452566727735
2249,0.13545274451525233
2250,0.8100061156920949
2251,0.6711332443708505
2252,0.5530494124326232
2253,0.5147101984858571
2254,0.7723967172119471
2255,0.9459394110186031
2256,0.2935658370773615
2257,0.6320820087895092
2258,0.9590214657572945
2259,0.3791507657496998
2260,0.9613887530888935
2261,0.6646085581882127
2262,0.16875803815346735
2263,0.39885409847858305
2264,0.25313593936044027
2265,0.6713319873248113
2266,0.41081508335440464
2267,0.5695506953765752
2268,0.7368560528067606
2269,0.48107144231796944
2270,0.9004356103549122
2271,0.8000440309474222
2272,0.8548909759185394
2273,0.32065177000735384
2274,0.8739569992097391
2275,0.3295911211871413
2276,0.9693683162595023
2277,0.9154276433451378
2278,0.8819469768507328
2279,0.7552896887317134
2280,0.8935924886163221
2281,0.6365115754616322
2282,0.5698412350233237
2283,0.5143526013556112
2284,0.8684005153246231
2285,0.4979194192727125
2286,0.3669622235074031
2287,0.33718091317893495
2288,0.7145989922825572
2289,0.9536244612366852
2290,0.9247914498868983
2291,0.9037994625217608
2292,0.49863383720884064
2293,0.4530564202134964
2294,0.857706154000788
2295,0.16632930013832634
2296,0.6384382511375994
2297,0.7924562709939309
2298,0.5598878818277646
2299,0.34798715340986286
2300,0.979835030841544
2301,0.7431963248632556
2302,0.8763424642962166
2303,0.7413340216447403
2304,0.9192691529324337
2305,0.8810072214668114
2306,0.9271159869760011
2307,0.3747322998186111
2308,0.34828727489536176
2309,0.8585138669470763
2310,0.8300641167472816
2311,0.5341513733892621
2312,0.6303182103356512
2313,0.3098633023544967
2314,0.3880677646444255
2315,0.6557517822564448
2316,0.9966629319621235
2317,0.9019356440497054
2318,0.9849466550595832
2319,0.666915544959012
2320,0.6773841722262661
2321,0.319053237448709
2322,0.8185150650293772
2323,0.6458769492360262
2324,0.8856919712728025
2325,0.10409041905933586
2326,0.43651525593328655
2327,0.13959443204008312
2328,0.7524770306404133
2329,0.8562200130991408
2330,0.7225919143233787
2331,0.8369694338115191
2332,0.639902300050239
2333,0.958884555094324
2334,0.5776460595033606
2335,0.6710138102146247
2336,0.7693661478404975
2337,0.7096054662718786
2338,0.7931413192941381
2339,0.6375996296343395
2340,0.5002725509214894
2341,0.9293755059332779
2342,0.7137255906225294
2343,0.7885224738578728
2344,0.895895372323627
2345,0.2854814513099348
2346,0.9117193852652138
2347,0.6072808893338791
2348,0.5060309637841099
2349,0.8342145296062827
2350,0.729410451192633
2351,0.9115319631688812
2352,0.42711823653017605
2353,0.8806490251132892
2354,0.04440136376801291
2355,0.961605298185098
2356,0.9803563048216012
2357,0.6842441157234469
2358,0.7711952037380164
2359,0.3458251693763077
2360,0.07195936639554572
2361,0.9508889047432127
2362,0.5842864703686397
2363,0.4794664632458268
2364,0.9491123569772185
2365,0.8482887465399557
2366,0.8612736275882282
2367,0.919255950382234
2368,0.8393854763158295
2369,0.9349017630447111
2370,0.9048852857939941
2371,0.7832050664552513
2372,0.9111225621399553
2373,0.0847243540205726
2374,0.5402916214296741
2375,0.5794229204586508
2376,0.5855681197952824
2377,0.9242797452421946
2378,0.592650353568053
2379,0.5747427700231744
2380,0.1433311702332518
2381,0.9226157239822421
2382,0.6062093508123807
2383,0.22842278033146715
2384,0.5199266693347576
2385,0.9591290403422851
2386,0.6660506906511209
2387,0.6997877684427349
2388,0.7968436698689008
2389,0.568649296521048
2390,0.04280977888745141
2391,0.35205307522040225
2392,0.8406626422514097
2393,0.8193420253267124
2394,0.9014788547253056
2395,0.1658837203786706
2396,0.4902183098919086
2397,0.15812388623667525
2398,0.9250354581726338
2399,0.8681023525933584
2400,0.7414219976341715
2401,0.501986714209774
2402,0.24045565424404405
2403,0.9368480230312232
2404,0.2741389362152644
2405,0.8843363106643344
2406,0.14660186351822824
2407,0.4995332968784889
2408,0.5455893831708877
2409,0.6270992290299365
2410,0.841733482008222
2411,0.9164692529354556
2412,0.7999563620305841
2413,0.9233858665781614
2414,0.6843159590627366
2415,0.8702137792931769
2416,0.34974193794610037
2417,0.15409372064257024
2418,0.25247085975090927
2419,0.5257041836834072
2420,0.37818070262493264
2421,0.5112721471388062
2422,0.8962268133303275
2423,0.9293326760531769
2424,0.9608052720661168
2425,0.0927634559854738
2426,0.6061475660374077
2427,0.16287093323777435
2428,0.31930955995909516
2429,0.9063133803841735
2430,0.33634114653384867
2431,0.8673549884879826
2432,0.37857328511398
2433,0.6067262200357518
2434,0.983315664750898
2435,0.8584799308889702
2436,0.9672029651216226
2437,0.9629284476978791
2438,0.9602916946180536
2439,0.25602684702153694
2440,0.8351407276432298
2441,0.9462490233445048
2442,0.2875506790978184
2443,0.9689070368385693
2444,0.9038314122247862
2445,0.4127370523483525
2446,0.9464156632580437
2447,0.4148510482479953
2448,0.9200875855658978
2449,0.0748979671931315
2450,0.08281570347243193
2451,0.32474803728893964
2452,0.9661164817899248
2453,0.891640632863285
2454,0.9769729729661433
2455,0.5708494109155785
2456,0.9538795556813051
2457,0.11208576482874044
2458,0.3904929671831417
2459,0.5060294436268792
2460,0.38390968601245284
2461,0.4235881533081342
2462,0.7777710205716181
2463,0.6885092995309426
2464,0.9796408030663751
2465,0.9119346520456822
2466,0.7990703189315361
2467,0.7259686100562491
2468,0.914949689474516
2469,0.9765038096535621
2470,0.3301165836916629
2471,0.793936454538946
2472,0.7020662008393654
2473,0.7845128543298009
2474,0.9497669151202944
2475,0.9082621873263522
2476,0.8002743692846858
2477,0.625076757465217
2478,0.6243199960667349
2479,0.9716063441724215
2480,0.958561124894031
2481,0.683176742431106
2482,0.38202562935621015
2483,0.7186888206786155
2484,0.11684392197526132
2485,0.4694514798315748
2486,0.48440877889114914
2487,0.6834553125058287
2488,0.6487760740636391
2489,0.9825261157129637
2490,0.4869965361041408
2491,0.7699150678309964
2492,0.9863806870894131
2493,0.3380647712579962
2494,0.6740024100734759
2495,0.58187270425461
2496,0.9622846603066688
2497,0.6831537273886958
2498,0.8207557390123236
2499,0.14727878587511264
2500,0.3726917681973297
2501,0.7921519572448514
2502,0.36065129707439897
2503,0.8035107540667976
2504,0.2897975117060785
2505,0.6162242620432334
2506,0.8584618311105509
2507,0.995216889272163
2508,0.17056238871159699
2509,0.12105313853755283
2510,0.37486598129591336
2511,0.2033733442753305
2512,0.7567309174180673
2513,0.5735340799285752
2514,0.5058669190263175
2515,0.7486756327105516
2516,0.8477596460948583
2517,0.9253142156858877
2518,0.11490079044118719
2519,0.914534781633559
2520,0.543062711871315
2521,0.35831123598242426
2522,0.8412231674232804
2523,0.6834769230221971
2524,0.581800773652493
2525,0.9583411458021941
2526,0.15611674297360614
2527,0.639043098579435
2528,0.9177574913812355
2529,0.995845580367109
2530,0.7617553670775927
2531,0.5842067784017406
2532,0.30275510690436086
2533,0.07881081721741577
2534,0.8898811362911508
2535,0.4531865985401468
2536,0.5164286347614004
2537,0.6191467272274652
2538,0.9683893432303962
2539,0.6650249182115486
2540,0.3507785859910359
2541,0.5030160592834445
2542,0.7733729087395607
2543,0.8852204491305269
2544,0.8037788538349545
2545,0.7283941081004972
2546,0.851869238669325
2547,0.3389032510253607
2548,0.6590960715952634
2549,0.7210699376963153
2550,0.6695383365755658
2551,0.8887868712015549
2552,0.20552162970616136
2553,0.7403309660713852
2554,0.9578195444406541
2555,0.7719827052846767
2556,0.4161387617901801
2557,0.5386162782288484
2558,0.9098903316015017
2559,0.6470758043630621
2560,0.619583380152366
2561,0.3975205960280166
2562,0.5913169671367778
2563,0.41127703193116155
2564,0.5307095889750911
2565,0.45214110952035685
2566,0.8018380594829365
2567,0.30384583395500037
2568,0.8151545594767748
2569,0.47155457852618293
2570,0.26332945722186923
2571,0.5313490527419101
2572,0.7106409125835479
2573,0.16803210202325566
2574,0.8809854047527513
2575,0.14280703786434107
2576,0.04631146521848193
2577,0.42526722731138317
2578,0.752633421965884
2579,0.9068994653589201
2580,0.4702165176968551
2581,0.25503249708334114
2582,0.12774438077820252
2583,0.8344944824202215
2584,0.8755430534333776
2585,0.2693604411810405
2586,0.49284639507023403
2587,0.26978067338719364
2588,0.6275125449222078
2589,0.5123007143498536
2590,0.33529381611631487
2591,0.9105107263601772
2592,0.6484567994143751
2593,0.5754810243507106
2594,0.3820573638178891
2595,0.01982969422232295
2596,0.34219971042623265
2597,0.13930474038128374
2598,0.43463149226359504
2599,0.7756416180560922
2600,0.799627488411895
2601,0.5084605297105421
2602,0.29183870341127566
2603,0.7884442710929758
2604,0.8497676208996424
2605,0.8418005349943788
2606,0.9785534368961625
2607,0.8324468567382649
2608,0.8781542644956555
2609,0.6019699251818781
2610,0.2587956686795963
2611,0.9902931985005857
2612,0.1367456642133186
2613,0.26104749855535725
2614,0.4748283024244791
2615,0.9649763378074464
2616,0.934361553192069
2617,0.7029229721555295
2618,0.10571975169066501
2619,0.837599631083838
2620,0.7457353460535167
2621,0.616731730286646
2622,0.46573148392931385
2623,0.6741524453788995
2624,0.10534504388287134
2625,0.4872306167771485
2626,0.9527398509123847
2627,0.24992488918539105
2628,0.7027203995534229
2629,0.21098573180207894
2630,0.9845714711776056
2631,0.3588319552913933
2632,0.14453681419818168
2633,0.42518815704552376
2634,0.096849475865019
2635,0.03058387248558292
2636,0.7606016560023486
2637,0.551590652847286
2638,0.9763034350854988
2639,0.9716534079222119
2640,0.8018589697133622
2641,0.9776203939801889
2642,0.8473466651798853
2643,0.5044626426749127
2644,0.6736230718809574
2645,0.9429361267740588
2646,0.9137773883558248
2647,0.2311694047860647
2648,0.8592986442299081
2649,0.8320720989555003
2650,0.20216954623689043
2651,0.7455688272660721
2652,0.48657184707881895
2653,0.8348467729330094
2654,0.8802981703861897
2655,0.9399501984572521
2656,0.6169980263480748
2657,0.7753732188548548
2658,0.43959213209025405
2659,0.8864387516533379
2660,0.6508818240916404
2661,0.757723827195481
2662,0.3609879041811244
2663,0.47573854512358
2664,0.8638721127064043
2665,0.8429066267346422
2666,0.9299017056097885
2667,0.8312109701304516
2668,0.7601516299361246
2669,0.5344933387066181
2670,0.646987202974886
2671,0.5606488751728901
2672,0.2525800536042545
2673,0.12482756661101185
2674,0.950126086669932
2675,0.09996039988090956
2676,0.37721042660215603
2677,0.9255200790468886
2678,0.5648252313903082
2679,0.9111673464424103
2680,0.8452002820487762
2681,0.7904695666136098
2682,0.11990658527935565
2683,0.17328991596139934
2684,0.19311619821431014
2685,0.4857435687860956
2686,0.3824481497026688
2687,0.7128853486034
2688,0.7262641255464818
2689,0.9942179850940386
2690,0.7016373856019911
2691,0.6444387449901575
2692,0.8448932586436156
2693,0.6572665292808164
2694,0.6766337171340328
2695,0.0707037121068426
2696,0.9204237602042936
2697,0.1412272026213397
2698,0.25213634380981587
2699,0.5493707189864486
2700,0.8106218109792108
2701,0.32437521645669204
2702,0.4284908910978567
2703,0.8689793266494288
2704,0.4839971753247059
2705,0.7379214106128958
2706,0.7145147061930383
2707,0.778358850509909
2708,0.847719668048148
2709,0.7167812036636216
2710,0.4891990548985479
2711,0.8455405274049252
2712,0.23628721777242423
2713,0.7495720097513484
2714,0.765903613357608
2715,0.021900548049387614
2716,0.32907489873345924
2717,0.8261438582583226
2718,0.7019006055568209
2719,0.9561549531541237
2720,0.7136818563348513
2721,0.8071154628162706
2722,0.4283470540519993
2723,0.9052978677695155
2724,0.5620198422993106
2725,0.10525668943120671
2726,0.013808295570595867
2727,0.39735536603056176
2728,0.5520186495243876
2729,0.6019626735402347
2730,0.9018149010902965
2731,0.26692086379385666
2732,0.8136887397746966
2733,0.9203463269310515
2734,0.9455919303741086
2735,0.8074473714516773
2736,0.7273905569100139
2737,0.909218905052553
2738,0.23313463035042012
2739,0.06845839533544722
2740,0.9086551383243613
2741,0.41801692079933056
2742,0.16612453855187956
2743,0.916617145497522
2744,0.9438747569335711
2745,0.524486799672567
2746,0.1107930024215203
2747,0.8299023726810223
2748,0.12181651884158386
2749,0.8913299790637308
2750,0.563784091673475
2751,0.6418150574146584
2752,0.15472619802911391
2753,0.059880137974195065
2754,0.7090926479400211
2755,0.341845055891459
2756,0.37568790873613667
2757,0.6714336895641612
2758,0.9637920949956437
2759,0.3110471089185676
2760,0.03606366147373486
2761,0.7457721892884898
2762,0.07262488390994472
2763,0.9494533828290962
2764,0.7720859839146111
2765,0.33763607442558746
2766,0.24543845609275658
2767,0.5250953845886629
2768,0.3927047390570617
2769,0.5325967273294662
2770,0.15641491405682573
2771,0.7270386566346619
2772,0.8128408040625303
2773,0.8917405720427163
2774,0.398177678530717
2775,0.9809037922830198
2776,0.2815200036486742
2777,0.6793988370165769
2778,0.8879651330051893
2779,0.246953878333373
2780,0.9478949749041706
2781,0.373525679877133
2782,0.9395275956248387
2783,0.6830855649957109
2784,0.07383554774271787
2785,0.7265446573305727
2786,0.6108780729101179
2787,0.8463382425639714
2788,0.9640346932650652
2789,0.9647920423414472
2790,0.2722502801226351
2791,0.9071783654036651
2792,0.8857269882413744
2793,0.5930552002590489
2794,0.4170729328186948
2795,0.5865015168984752
2796,0.7646844836991367
2797,0.24265184156222663
2798,0.8825891690998624
2799,0.8192016286779896
2800,0.5734549014912637
2801,0.8465784438219127
2802,0.7875848707104348
2803,0.1868797749418215
2804,0.030234068443161743
2805,0.5842595644764027
2806,0.7289653537742259
2807,0.7433955134378553
2808,0.6847132689226848
2809,0.5994947050296294
2810,0.026595678622820345
2811,0.02347242471581194
2812,0.33192020510798254
2813,0.4764925117673082
2814,0.8018380135276969
2815,0.9776077982079348
2816,0.24868748094299262
2817,0.1863750624907209
2818,0.6308982331299929
2819,0.6627959801544204
2820,0.901722273566587
2821,0.689136179257459
2822,0.9806210365885882
2823,0.9366716430535565
2824,0.7770946453593823
2825,0.7656990747793803
2826,0.7591051394719995
2827,0.8754131595839535
2828,0.8882311955917807
2829,0.938214482902017
2830,0.9200688583507044
2831,0.314728760557945
2832,0.8196574666213613
2833,0.4596083486168137
2834,0.6628445235666321
2835,0.5151480288046963
2836,0.33545486421573895
2837,0.2873411761953965
2838,0.30622060982302785
2839,0.5625009826453589
2840,0.7170516842292521
2841,0.9401367708889022
2842,0.7148535624010647
2843,0.7535160934640794
2844,0.3831476492708015
2845,0.49656591889133167
2846,0.6091676530789548
2847,0.9577544164765399
2848,0.08317652924451338
2849,0.10056144594980095
2850,0.924872762139313
2851,0.23080919025598953
2852,0.36527206633040193
2853,0.7763074148939776
2854,0.2383636175723979
2855,0.8112985459210625
2856,0.19331767211488318
2857,0.6255708101538947
2858,0.7456091908932262
2859,0.6137447987581693
2860,0.6988177699856527
2861,0.3761380275076367
2862,0.8122010363715466
2863,0.24246023657552263
2864,0.6694338044353114
2865,0.3728021282340868
2866,0.7727553775640122
2867,0.9837109892105896
2868,0.9172182089551288
2869,0.13934469330176022
2870,0.3682049267428326
2871,0.22328742704480645
2872,0.7990361361383411
2873,0.7110133707368571
2874,0.41177174439671305
2875,0.8168900909599769
2876,0.30903319266891627
2877,0.8834586933603125
2878,0.8213452413412411
2879,0.3268530403401198
2880,0.36458953757176893
2881,0.7663752318193847
2882,0.8963976171078691
2883,0.9862501569336996
2884,0.07800631932606535
2885,0.271895810750069
2886,0.5084804567793965
2887,0.28735401641239794
2888,0.34899718189534784
2889,0.4548963411258895
2890,0.8939370636948492
2891,0.524538624460522
2892,0.7125113833003195
2893,0.8249309076254182
2894,0.7189327962040005
2895,0.6530850362910692
2896,0.9985428058429235
2897,0.7599127335200845
2898,0.9257905005727775
2899,0.8701215137965167
2900,0.8743540257520358
2901,0.6977005136169758
2902,0.693231394629429
2903,0.8731955693957981
2904,0.9904738234295559
2905,0.9356219246465084
2906,0.755000571824287
2907,0.0958327188631416
2908,0.8200545212128137
2909,0.20443933930252733
2910,0.526237063919326
2911,0.5258629111596614
2912,0.9063713930488407
2913,0.384904624997275
2914,0.5237959067522665
2915,0.49120885772335904
2916,0.6020515853118061
2917,0.7642514380545467
2918,0.7556090185189858
2919,0.894917224717178
2920,0.5332670975599533
2921,0.032088009904220234
2922,0.6838363864403049
2923,0.7031276947696989
2924,0.6362527869499989
2925,0.9971836739066299
2926,0.9106316887459246
2927,0.24557124075046266
2928,0.7059490975238844
2929,0.08475659735255558
2930,0.7199829063246236
2931,0.7699865116306047
2932,0.9824478412073363
2933,0.7657365162868605
2934,0.42624756324410784
2935,0.4704610223805798
2936,0.8994771967329832
2937,0.2073884452082311
2938,0.20544181132387554
2939,0.21640877630424235
2940,0.49167196561545157
2941,0.8936555831354752
2942,0.5618049505582496
2943,0.9371251558453321
2944,0.5710985234303713
2945,0.6950330395307126
2946,0.6270364036759829
2947,0.6205200770285103
2948,0.029867437291812616
2949,0.9960857094863642
2950,0.5101431426494941
2951,0.6668478997644681
2952,0.6097664292573616
2953,0.523796455612272
2954,0.13450969834964163
2955,0.9189269188484234
2956,0.4877496807018877
2957,0.9785338183234954
2958,0.5893616767738834
2959,0.934507357200855
2960,0.7857574461640615
2961,0.5273943614481502
2962,0.5153082289613429
2963,0.7141841410650707
2964,0.7293413325119804
2965,0.3257184826509703
2966,0.4859622573200362
2967,0.46953276043145936
2968,0.9007872571235446
2969,0.2862811291681317
2970,0.202688280528898
2971,0.3400729597538788
2972,0.9795721824823372
2973,0.9704472658952358
2974,0.4749728156905985
2975,0.15918747461895608
2976,0.9729730094514576
2977,0.12175045435187896
2978,0.8893666287724488
2979,0.962808091566242
2980,0.9620028224487426
2981,0.8754987370728805
2982,0.6455539303019099
2983,0.7803543887538215
2984,0.8294344018749716
2985,0.5036553533062271
2986,0.41359918050126626
2987,0.9392235818503938
2988,0.9923007522185818
2989,0.7354669147033613
2990,0.7808157614384518
2991,0.5666013527312606
2992,0.8798628759065913
2993,0.4917852086414065
2994,0.11356265105300038
2995,0.5990960858182311
2996,0.8646460065445162
2997,0.7882954138146648
2998,0.7177883802595506
2999,0.8085987216276701
3000,0.008274909667906727
3001,0.8532524189238399
3002,0.4211818126197932
3003,0.7644367795549284
3004,0.8530126076772039
3005,0.7989773831458727
3006,0.08104417868510322
3007,0.5602840615530192
3008,0.9458914113170477
3009,0.5505331722921566
3010,0.7776503787322189
3011,0.21730501945171146
3012,0.4824389371266138
3013,0.289864912693588
3014,0.9640504456815574
3015,0.8882628849371644
3016,0.6636076115134508
3017,0.4967054513879929
3018,0.5360642631878555
3019,0.19330176381651423
3020,0.654628181273506
3021,0.8742933318868505
3022,0.40371170620795116
3023,0.4719896786425662
3024,0.5447250362935846
3025,0.5102231153807298
3026,0.2508792428338555
3027,0.7484128692217641
3028,0.7981690721403915
3029,0.3058980073248207
3030,0.9626501109937515
3031,0.35445656893055055
3032,0.8306737578415878
3033,0.47054729424892966
3034,0.26863702229050257
3035,0.8768663458770493
3036,0.5137312840089715
3037,0.5008222005334566
3038,0.6549587367837284
3039,0.8424466962368689
3040,0.9542794398307924
3041,0.8479367252253844
3042,0.9119595623796118
3043,0.8441703353332718
3044,0.8837132944252083
3045,0.8767898540400734
3046,0.09541786744623589
3047,0.9804059538792145
3048,0.7439621080141202
3049,0.5717577368981908
3050,0.8759577695440264
3051,0.9757883667026581
3052,0.21108937171517403
3053,0.9335342880606055
3054,0.8766235354198386
3055,0.30323053687995244
3056,0.1931005762590432
3057,0.21359774365373518
3058,0.955732104281331
3059,0.9326591630270241
3060,0.4445270590872856
3061,0.9621499835099759
3062,0.8720790627822348
3063,0.338632909236303
3064,0.47297180840239167
3065,0.8286150574937431
3066,0.4125716136418267
3067,0.7940318460787941
3068,0.4331665217052214
3069,0.8779915346507495
3070,0.9762703425796951
3071,0.9467114189521643
3072,0.28041893385172334
3073,0.9021498357937467
3074,0.28958312804158043
3075,0.5484371574236961
3076,0.8409093563709161
3077,0.9844363428951289
3078,0.6659481295225188
3079,0.9730204635962411
3080,0.24537514382446993
3081,0.08420001291209438
3082,0.31895974177028946
3083,0.7940944682574368
3084,0.4988145775526858
3085,0.847866098375261
3086,0.8051336281614341
3087,0.9065431468589157
3088,0.7306248990810413
3089,0.9585118300501453
3090,0.8882018091826384
3091,0.8965465727660312
3092,0.8589633319904956
3093,0.9267929825132963
3094,0.20024813068389236
3095,0.7739185444065703
3096,0.6600239050923807
3097,0.4770188237824173
3098,0.6599926636228522
3099,0.8817084207201603
3100,0.30832384109360533
3101,0.986439949525074
3102,0.259833806140942
3103,0.868808935594084
3104,0.9376165454278985
3105,0.923653564178338
3106,0.023851246765817503
3107,0.902774899686107
3108,0.4621129566696005
3109,0.1181584494509366
3110,0.38097327645169515
3111,0.8473942828275941
3112,0.5372430099501173
3113,0.5453725908768581
3114,0.9629630310373655
3115,0.9599664335524024
3116,0.019476111775582543
3117,0.7484999450816741
3118,0.6143110311839203
3119,0.7672314137317077
3120,0.8981451781039457
3121,0.2735597172278263
3122,0.5911765743654288
3123,0.03122733890722587
3124,0.2475034846910018
3125,0.42869832050725126
3126,0.1927130415575935
3127,0.6879621072111766
3128,0.26024163793408434
3129,0.5733056681137593
3130,0.8707036031218061
3131,0.3347076885889952
3132,0.18644882346759886
3133,0.8443532201075357
3134,0.11686932213682626
3135,0.25563750355559617
3136,0.2978055278400256
3137,0.8532249064391625
3138,0.9907994542281727
3139,0.6108612409601345
3140,0.1953207420393327
3141,0.20061417936416448
3142,0.7705888741967887
3143,0.915456335639847
3144,0.6404360268045427
3145,0.8150813454871568
3146,0.951258248461783
3147,0.6565832381971658
3148,0.46834547759118433
3149,0.8075672300287057
3150,0.15901397005168738
3151,0.43341600891748094
3152,0.5568931098026465
3153,0.7077397631139609
3154,0.9599206884589228
3155,0.311747371018543
3156,0.7459792346945745
3157,0.8925510391072025
3158,0.7410624376497199
3159,0.9718487694358166
3160,0.35833962535488323
3161,0.8196627364363863
3162,0.3378884525470767
3163,0.7258801303350361
3164,0.7542830992385959
3165,0.8054488662354871
3166,0.9597785824329766
3167,0.4178226481809079
3168,0.5378946409693988
3169,0.9856423933971556
3170,0.8935108537249654
3171,0.7676362811059635
3172,0.3588094631801284
3173,0.947076686942796
3174,0.9163377972241112
3175,0.8227643481002112
3176,0.8047551057096686
3177,0.7819529888553917
3178,0.08222869142777971
3179,0.9007237160576457
3180,0.8510284294703604
3181,0.45292880991133894
3182,0.8636692205437537
3183,0.9587603685868552
3184,0.04962265358879433
3185,0.5646527943473422
3186,0.43079523810855624
3187,0.3058606979542351
3188,0.990818769893839
3189,0.9223903522845663
3190,0.8486116940486909
3191,0.9114190611944023
3192,0.4587125575454188
3193,0.2529670766960821
3194,0.4086717428762309
3195,0.6674004497610061
3196,0.8763437065479597
3197,0.5792666074968964
3198,0.7725455723384305
3199,0.8816800287839618
3200,0.5081917395333667
3201,0.955988240119574
3202,0.5371452220747498
3203,0.6817640878536251
3204,0.7611895607323268
3205,0.8966696526326657
3206,0.6461229735918025
3207,0.510375477478913
3208,0.8369028272435948
3209,0.5066369556271014
3210,0.7561693842552913
3211,0.2219014093087032
3212,0.4423386584557348
3213,0.49619475622986214
3214,0.6321885903337391
3215,0.35788362363484755
3216,0.3528803124760702
3217,0.5659234022749091
3218,0.11388092496414247
3219,0.6985217894270092
3220,0.6950324050514197
3221,0.544346736236785
3222,0.6113351009175895
3223,0.8636397863253281
3224,0.9425492141304753
3225,0.8276250354827859
3226,0.2569121055199348
3227,0.9415507106832326
3228,0.6045770898437013
3229,0.05270838704763278
3230,0.8993109973616087
3231,0.8767530186043166
3232,0.4608454259182297
3233,0.5234575175791621
3234,0.3425488761933495
3235,0.761486788893932
3236,0.527655311927824
3237,0.9221504030539732
3238,0.5121005801335512
3239,0.6971985402841713
3240,0.9187088166047936
3241,0.4557199632068283
3242,0.8554095972395136
3243,0.9061668442190075
3244,0.8246711021172036
3245,0.9794743729765029
3246,0.6144225509447635
3247,0.9298042363903102
3248,0.7456417283848024
3249,0.7731054465414884
3250,0.28627144319869374
3251,0.8617965962071029
3252,0.8640972106834659
3253,0.7575031999700803
3254,0.23945950619632408
3255,0.8402643290510389
3256,0.8893749648336892
3257,0.48145819850627397
3258,0.8429428478567406
3259,0.7324768852615015
3260,0.3215343536267729
3261,0.13015747038878525
3262,0.18017576268510016
3263,0.10435915006078793
3264,0.9419035977237509
3265,0.5493603427592798
3266,0.9664197673651902
3267,0.2621295629034494
3268,0.9603356313939752
3269,0.23061516006946584
3270,0.4756907428993841
3271,0.8966706885296132
3272,0.056513421429799336
3273,0.225646528915707
3274,0.3448036778855594
3275,0.06719533824607253
3276,0.9131824958248109
3277,0.6902544793207984
3278,0.7855472939763631
3279,0.4440565971528216
3280,0.7462895915075977
3281,0.8725441136359137
3282,0.4574120287582953
3283,0.6298822186417143
3284,0.9738559320661763
3285,0.1814638549006039
3286,0.1308267664233824
3287,0.38672048912946616
3288,0.60643337337312
3289,0.7738606608461747
3290,0.923532247494172
3291,0.5973758637544698
3292,0.883415036850153
3293,0.9243808249670216
3294,0.30750528197818144
3295,0.9649222285472104
3296,0.43614493633253826
3297,0.8068621314523888
3298,0.3108340139698284
3299,0.2184221464746842
3300,0.19726576038176846
3301,0.10192459718893636
3302,0.3668203559220881
3303,0.45561418848604385
3304,0.27067281896677226
3305,0.9704010361272681
3306,0.03899165631608854
3307,0.932995357824942
3308,0.9534933480231892
3309,0.3111245642692737
3310,0.40344276019926145
3311,0.5226554420103339
3312,0.893391007993278
3313,0.7501976357895227
3314,0.8587062657030947
3315,0.4253883952976761
3316,0.04684457021796243
3317,0.8336819781886957
3318,0.1850993409520468
3319,0.31273998206628745
3320,0.9916786744523648
3321,0.33500418024475387
3322,0.805732566343507
3323,0.671367227943804
3324,0.1082015164091591
3325,0.3365382425141701
3326,0.07387300544723731
3327,0.30216198665653704
3328,0.8197597989085129
3329,0.9601904606158004
3330,0.8971834300372447
3331,0.9729259950378094
3332,0.07868983513022404
3333,0.7530213608397616
3334,0.7588746411705071
3335,0.28154939120204786
3336,0.9080717231346105
3337,0.2846905788652286
3338,0.746878556275192
3339,0.17013597984890463
3340,0.47485175565596044
3341,0.8112450404587603
3342,0.7332870940646973
3343,0.20297482184142526
3344,0.6958250986476976
3345,0.19863810837673357
3346,0.7872772333357206
3347,0.9233928435864294
3348,0.9256775930360229
3349,0.9453315362880884
3350,0.6476935889169081
3351,0.40295715140206717
3352,0.7650142031128991
3353,0.07664291273066089
3354,0.22346268212877565
3355,0.9687679222048083
3356,0.8394744329482725
3357,0.9230905047494696
3358,0.1312841749549778
3359,0.75976361644701
3360,0.08528942945593142
3361,0.16690814233547688
3362,0.9579476289066778
3363,0.648668629842297
3364,0.858933372787066
3365,0.5888893180667267
3366,0.37405277502300094
3367,0.8631598976402283
3368,0.5760392088405609
3369,0.5549463802769404
3370,0.3205435367046821
3371,0.7583430479366076
3372,0.5685889594193722
3373,0.34276695623692954
3374,0.18940487835593256
3375,0.6634839048259686
3376,0.9349130888127628
3377,0.32360395543356646
3378,0.980909463548019
3379,0.5518472586884052
3380,0.13071797666026727
3381,0.3854529855550411
3382,0.9357205181937646
3383,0.05699702186475635
3384,0.8317337766558967
3385,0.9253348882663075
3386,0.8735765501929929
3387,0.7560898873587559
3388,0.34796420230077146
3389,0.4099289308503291
3390,0.33707651310936537
3391,0.3600011558692726
3392,0.1929772621162953
3393,0.7667288175560166
3394,0.45663647667719914
3395,0.3166025093031251
3396,0.3972540072544944
3397,0.3391435198425916
3398,0.19945021535687513
3399,0.6627513289540388
3400,0.23946945279029316
3401,0.8918928308590149
3402,0.5066936537568923
3403,0.31845151920895126
3404,0.5586778521689916
3405,0.6197521459801196
3406,0.2645066419262679
3407,0.8672964244786098
3408,0.22359139340995512
3409,0.7039353454410294
3410,0.5665015862327266
3411,0.3842518935811463
3412,0.978920009893808
3413,0.12280059437099784
3414,0.43677725316903787
3415,0.6510735171345328
3416,0.7882493020806015
3417,0.48995335615762864
3418,0.33884470404323813
3419,0.2004149080104539
3420,0.9942616394568987
3421,0.15445878434218657
3422,0.7514113998152864
3423,0.15256711805889397
3424,0.8215028128350038
3425,0.5828186388211885
3426,0.15786359376201953
3427,0.6016440786911096
3428,0.9796082783740853
3429,0.7989314780647385
3430,0.3887095940504555
3431,0.8887096808185225
3432,0.17119303062539473
3433,0.4433952955539415
3434,0.34614078945225346
3435,0.8415577704114332
3436,0.3647697369251173
3437,0.6232132570157612
3438,0.806709051030317
3439,0.029897129802784222
3440,0.8988894409117217
3441,0.531297780887198
3442,0.506431780573783
3443,0.45794170078471447
3444,0.9976451432574839
3445,0.10918167073568436
3446,0.34115169087871927
3447,0.8792488881941937
3448,0.3132363029604003
3449,0.770220448898962
3450,0.03623178260272081
3451,0.6594725709350537
3452,0.887602644430177
3453,0.9983057876244065
3454,0.7284241909651978
3455,0.45128960342876034
3456,0.8820308422762798
3457,0.9639076077904297
3458,0.24954614153184565
3459,0.8470216569613206
3460,0.711461294918308
3461,0.7759880545730587
3462,0.04502845945059771
3463,0.38429370802009316
3464,0.8152620682541061
3465,0.48817836895022904
3466,0.8835154949027877
3467,0.10563641213466964
3468,0.3062454630960071
3469,0.5075256234518073
3470,0.8649510699712365
3471,0.6450869829081701
3472,0.8572890736493566
3473,0.8476956591957387
3474,0.7880165651603973
3475,0.5683052361543282
3476,0.3712600412110589
3477,0.5509273981986776
3478,0.3174501014533857
3479,0.8501533715220052
3480,0.39752773170045946
3481,0.20009551242034015
3482,0.9860759165870515
3483,0.28024340768482653
3484,0.35843004130328776
3485,0.8406614386488794
3486,0.5885095023388092
3487,0.9306112823899553
3488,0.9127648195939918
3489,0.46540283874333005
3490,0.9721348070804122
3491,0.8824312489394653
3492,0.8259358602781549
3493,0.9365277060951502
3494,0.4195129350176848
3495,0.9382400174839282
3496,0.725179149787424
3497,0.9074481574102875
3498,0.22574172309215115
3499,0.0791305357656955
3500,0.4455300506562521
3501,0.38008681583626663
3502,0.1433460054454371
3503,0.31827347601783956
3504,0.28955228073716077
3505,0.7540305540302151
3506,0.5869952066609515
3507,0.4432772728677918
3508,0.44258958998350123
3509,0.16553052359617113
3510,0.212668038156816
3511,0.5552524423121935
3512,0.5851497670323911
3513,0.4366996220506018
3514,0.8633276517324777
3515,0.8313817227813595
3516,0.6594536670729559
3517,0.8052214335428873
3518,0.9407636015638351
3519,0.8414403237264652
3520,0.8492780076668539
3521,0.8178690745950501
3522,0.5330097314364483
3523,0.6787873587859591
3524,0.9461865633532481
3525,0.723215500571559
3526,0.7259301996022733
3527,0.6923887639180583
3528,0.942201831451199
3529,0.733498055248521
3530,0.33189219527056263
3531,0.16579085590691842
3532,0.6223452273222743
3533,0.5184834018663181
3534,0.803745988381662
3535,0.9818864384065913
3536,0.16195127549281635
3537,0.871784446126464
3538,0.8143867621292626
3539,0.9102741309991879
3540,0.5688983782608508
3541,0.4735208270227776
3542,0.09180016257744965
3543,0.41137915655685076
3544,0.8625095568728177
3545,0.9606305264497804
3546,0.30166428938145007
3547,0.41935278466800946
3548,0.9742713244188329
3549,0.9524842556904031
3550,0.5411756974081584
3551,0.9093796407639445
3552,0.32173592734242007
3553,0.7532057199302985
3554,0.19065783886363752
3555,0.6414391948777444
3556,0.9894424698491661
3557,0.5858880597362002
3558,0.9048093552802344
3559,0.5085173385527416
3560,0.9071697163788962
3561,0.8228986973231591
3562,0.9863287408593889
3563,0.11773971897959297
3564,0.9330493646825841
3565,0.6200330720644428
3566,0.8950059583939876
3567,0.30188146791222265
3568,0.6120936280100394
3569,0.544039397816659
3570,0.8688031950247748
3571,0.9142789221503266
3572,0.3624860446044562
3573,0.4068292087878347
3574,0.9130514435150306
3575,0.6969043643519074
3576,0.12475222055293334
3577,0.5771940118951103
3578,0.33902123916823185
3579,0.9054503421602851
3580,0.2509566828207502
3581,0.8139954615073733
3582,0.6404784676731052
3583,0.5896232659525439
3584,0.330467504691647
3585,0.4692403129841754
3586,0.8634486270048609
3587,0.8243276529295874
3588,0.6522498805745124
3589,0.42795939635670693
3590,0.7317704047590675
3591,0.11019094628995729
3592,0.3772514632473958
3593,0.9329653638642327
3594,0.01562898968615592
3595,0.9592262865661915
3596,0.2676314660836174
3597,0.328702618895828
3598,0.23561010005797856
3599,0.170690746434032
3600,0.9233676803313905
3601,0.4576619670854984
3602,0.9982357865424332
3603,0.7813638240517697
3604,0.7217767509871207
3605,0.41699568909298884
3606,0.6749130835108663
3607,0.4757236624544919
3608,0.5265763094349408
3609,0.30142017328814164
3610,0.7991705269929378
3611,0.8259176248828765
3612,0.6484369670761839
3613,0.5018597970656372
3614,0.8391887470788312
3615,0.14850562304333254
3616,0.962990480711562
3617,0.43622006473837693
3618,0.833772014363344
3619,0.9850369005026193
3620,0.4271754614703684
3621,0.08945419991795105
3622,0.6587558248188056
3623,0.887781231777363
3624,0.9325751683032176
3625,0.1576351792483965
3626,0.1284345593662857
3627,0.802075407292183
3628,0.9370098937646167
3629,0.960224934968136
3630,0.9752448535727014
3631,0.39699164321410035
3632,0.5339135884139719
3633,0.9075791040530735
3634,0.5967009217462237
3635,0.976678996109959
3636,0.9301666182755266
3637,0.32081700534514473
3638,0.6819610553928467
3639,0.3555359675321401
3640,0.017410687833802865
3641,0.7453620479370504
3642,0.6838949707165903
3643,0.9775070123737614
3644,0.7645922776828659
3645,0.15496664737832697
3646,0.9753165872920938
3647,0.3560800142713895
3648,0.18874372658832525
3649,0.802649350171171
3650,0.5167521482551954
3651,0.41501162534521097
3652,0.8740112395199174
3653,0.4753178574125523
3654,0.6403295397521437
3655,0.6427734550674853
3656,0.28200986198960226
3657,0.8677461889889608
3658,0.9741417493219298
3659,0.9538426765803832
3660,0.9147762265952045
3661,0.5126933291809439
3662,0.1877109305986114
3663,0.1928450060246526
3664,0.3408736653789506
3665,0.17736247920513667
3666,0.4930102566930321
3667,0.5939107215155773
3668,0.7838928234736603
3669,0.9473854560571988
3670,0.4379809520972371
3671,0.7355461274604576
3672,0.5539144120174597
3673,0.952398707963511
3674,0.7146144365778682
3675,0.5037523197223565
3676,0.2531713153976472
3677,0.5170386546885074
3678,0.9311891778498746
3679,0.7611246032406335
3680,0.8453781164187961
3681,0.780523601193047
3682,0.5988072522046034
3683,0.9454810984909509
3684,0.822307529892751
3685,0.8341192383022437
3686,0.732540620218304
3687,0.799705205371002
3688,0.5847989713995754
3689,0.9182436020288742
3690,0.5084024514135935
3691,0.7674434328986911
3692,0.6536176470271896
3693,0.383777560342127
3694,0.8114983984724017
3695,0.75271366331132
3696,0.21971500245101483
3697,0.5596002477026657
3698,0.9975173306334727
3699,0.8632230852261754
3700,0.9759855327441048
3701,0.9683378338353091
3702,0.8801091715160432
3703,0.7546718842920974
3704,0.7049234958951355
3705,0.1911074662509361
3706,0.9775825613931307
3707,0.2719415569907777
3708,0.5542562304806253
3709,0.7503284711111696
3710,0.30296157454561795
3711,0.26159351464997577
3712,0.4791551743989058
3713,0.18616997053851625
3714,0.6721984943242347
3715,0.13643757003548249
3716,0.9713999067711362
3717,0.22584958135358787
3718,0.7759336848979831
3719,0.9902748716341149
3720,0.9837585158508104
3721,0.023007383385458397
3722,0.8135745046949626
3723,0.9560768370589509
3724,0.8937272431168511
3725,0.021650181800995063
3726,0.8134157453032728
3727,0.06868840711216158
3728,0.056703729152070476
3729,0.45542162116278
3730,0.49433701911139294
3731,0.5376033464380314
3732,0.17565763659364064
3733,0.444371552019233
3734,0.9037298472585625
3735,0.9377608043294333
3736,0.9036200194717253
3737,0.983572859239027
3738,0.45169350193175656
3739,0.05398210069370061
3740,0.6340090438748165
3741,0.7125859118254715
3742,0.16613786716028506
3743,0.9933431226417686
3744,0.9784820337358037
3745,0.8053364346927893
3746,0.6717909654148754
3747,0.5554135691810409
3748,0.2263835015042895
3749,0.9155786567176009
3750,0.31346371790030775
3751,0.06002055104313083
3752,0.557185812053237
3753,0.5165141808438066
3754,0.9873595495786239
3755,0.8227668927161816
3756,0.21602367887526217
3757,0.23730201437540296
3758,0.9332369171299386
3759,0.927114376817209
3760,0.6905561538748356
3761,0.7265813363965669
3762,0.07509413138166923
3763,0.7938077405684435
3764,0.4636460786816188
3765,0.7132806188263062
3766,0.279624016254896
3767,0.7932604718415147
3768,0.3358319842805689
3769,0.4841264146649265
3770,0.9210877573636408
3771,0.9511522108435989
3772,0.607401407106027
3773,0.5339118631854994
3774,0.8854411914516106
3775,0.1280412937618631
3776,0.7867709279631926
3777,0.5702959205452701
3778,0.42253659778836467
3779,0.8167071430055639
3780,0.7952618857365872
3781,0.29926591573384703
3782,0.9692786588131584
3783,0.7255222256660553
3784,0.10322371831844086
3785,0.8652093044794813
3786,0.2321387087026323
3787,0.8910067152571747
3788,0.14286149954069235
3789,0.3315541224291296
3790,0.6770986439615752
3791,0.044791268461944846
3792,0.014617603431371542
3793,0.28721626799860034
3794,0.7459977254260973
3795,0.3685492827968113
3796,0.108603715253122
3797,0.4639873487563497
3798,0.7508074437523931
3799,0.5995339467396449
3800,0.4350208872071448
3801,0.6156311135350311
3802,0.9897274809922135
3803,0.7776378518206236
3804,0.7978498349255917
3805,0.0851761928751587
3806,0.5462962465813103
3807,0.8752974455074463
3808,0.5290179917230119
3809,0.36026721798270556
3810,0.5328694304523572
3811,0.3347253283946095
3812,0.9812326351899047
3813,0.3309470857499819
3814,0.8623251869097289
3815,0.3168241901953324
3816,0.522844886486157
3817,0.4529402488388857
3818,0.8185252385411345
3819,0.47851669332094
3820,0.9748154996108164
3821,0.36621166146487605
3822,0.47344536227880313
3823,0.5966159322014357
3824,0.7572016942514009
3825,0.9873662564641732
3826,0.08760320236898518
3827,0.19285334343211957
3828,0.7590885269169144
3829,0.2396094204485455
3830,0.3044081659158113
3831,0.8728097346299623
3832,0.3700248645737138
3833,0.3719308383010276
3834,0.09188026182037869
3835,0.2611661934142553
3836,0.2341796089288177
3837,0.913947980053076
3838,0.7936186596285557
3839,0.5789707242867549
3840,0.7557589964131592
3841,0.22072514048046657
3842,0.9695768562381115
3843,0.7694491222722238
3844,0.5494519829077112
3845,0.4265422975688556
3846,0.8274319294395216
3847,0.6230574596087425
3848,0.8773654117381645
3849,0.7773674491806744
3850,0.41949356408708355
3851,0.8567580974791938
3852,0.6732478639460959
3853,0.8059526775686443
3854,0.18826634118226307
3855,0.6018089053972849
3856,0.9274480452793297
3857,0.9809200340434098
3858,0.5918353105398383
3859,0.9213430336413982
3860,0.9186355096629407
3861,0.8015786246133056
3862,0.766239447091754
3863,0.9243939120461923
3864,0.44380090079870205
3865,0.7629401349316844
3866,0.19713625597673515
3867,0.40145258280134605
3868,0.800650691173046
3869,0.6722687682813611
3870,0.2359446614734919
3871,0.2607218764391949
3872,0.8493100327920416
3873,0.26769289428945325
3874,0.28303710088148465
3875,0.0616256420211155
3876,0.699150406530992
3877,0.28525782205292916
3878,0.899676076829946
3879,0.9120160762136846
3880,0.320833183301589
3881,0.35528979128794297
3882,0.2135031503491056
3883,0.4136077717527478
3884,0.6826044279717083
3885,0.366023780641722
3886,0.6481717341378412
3887,0.9308687234626891
3888,0.8047595389382005
3889,0.5617997080674805
3890,0.714729595407526
3891,0.7838924722356064
3892,0.2770421554706281
3893,0.42272286344984594
3894,0.838217431173138
3895,0.9217095264591378
3896,0.5670902191933566
3897,0.31081885242587887
3898,0.7289196945311572
3899,0.4430903489572426
3900,0.31867822774505306
3901,0.7183445647445361
3902,0.6745932614975132
3903,0.03918986554914825
3904,0.49352083247163936
3905,0.4472705907417245
3906,0.4460337453982137
3907,0.6866113227555853
3908,0.523626195270518
3909,0.9213760654034456
3910,0.5424755948361052
3911,0.08364067140251592
3912,0.8221811959682741
3913,0.8543124200287574
3914,0.09258739540038709
3915,0.4634818351849848
3916,0.9421369708146051
3917,0.99039094659758
3918,0.5898857105002525
3919,0.3167885699690338
3920,0.822610891235302
3921,0.06463989676944527
3922,0.8752860980801803
3923,0.9523559997670715
3924,0.8263331117874643
3925,0.9704788380498853
3926,0.41955031784281155
3927,0.9357031728163264
3928,0.5982009358142917
3929,0.1924280253030017
3930,0.9849203363014519
3931,0.9348122319873142
3932,0.0691405276897115
3933,0.29231852378673745
3934,0.9822264372220735
3935,0.9323458350486561
3936,0.9873683993016646
3937,0.864959405973179
3938,0.8116871932572843
3939,0.18553045171494278
3940,0.44015573513149686
3941,0.03822932818666706
3942,0.187423797956525
3943,0.03891811487415266
3944,0.7890300560326337
3945,0.25905142358845573
3946,0.1844502214729525
3947,0.1771443105205687
3948,0.637846720032521
3949,0.7065685233857258
3950,0.8747889635407541
3951,0.7820259133099116
3952,0.8890548871249688
3953,0.7618180209786344
3954,0.2761157003357852
3955,0.39758533365646276
3956,0.641352762185715
3957,0.44752774616418317
3958,0.06859635535142747
3959,0.1882348088655632
3960,0.9527583898331408
3961,0.8141347238648958
3962,0.8589410770873984
3963,0.22109058551326868
3964,0.5474959005687471
3965,0.16059730228429314
3966,0.5607024388503569
3967,0.39678930106347204
3968,0.9361227372124817
3969,0.5669656161647292
3970,0.7962770826259163
3971,0.8953340727025735
3972,0.7969006303352716
3973,0.5573646788297071
3974,0.9855792682881429
3975,0.44022481902009697
3976,0.9016658416042512
3977,0.5142608136313364
3978,0.4492677848441336
3979,0.6268096465936339
3980,0.8832011793690899
3981,0.36474814236699765
3982,0.17487650396648002
3983,0.4110296680746474
3984,0.8734140841584047
3985,0.2719861434518586
3986,0.6279772027091658
3987,0.9384806578694894
3988,0.9516380716301489
3989,0.3049543995778798
3990,0.24448455923234916
3991,0.5955668273396686
3992,0.21259681276010234
3993,0.8286078160753455
3994,0.7545918204611155
3995,0.9236805586339257
3996,0.8454153443044387
3997,0.29460646185735984
3998,0.30280438424482775
3999,0.8173590503863788
4000,0.7376091177538604
4001,0.8194416300429498
4002,0.680825015069019
4003,0.9157936560343766
4004,0.5458615811308031
4005,0.8434808487913615
4006,0.08971340767882495
4007,0.7630309023552345
4008,0.9389182941808515
4009,0.5423677583953214
4010,0.47161974822071695
4011,0.5278040319356937
4012,0.17033360867803574
4013,0.522024918616761
4014,0.7309830672325437
4015,0.29789624676395615
4016,0.7458109873227262
4017,0.9044621356353858
4018,0.9710690356969347
4019,0.7427931659042987
4020,0.831796667750713
4021,0.5946105787772372
4022,0.6181873773850118
4023,0.9676988667405371
4024,0.790593780686247
4025,0.22772305052347122
4026,0.9422645565990674
4027,0.8080844753116674
4028,0.6275060095599941
4029,0.6253611236805344
4030,0.6418178567420612
4031,0.8670349259718314
4032,0.4771388658552127
4033,0.8510457440906621
4034,0.20874166111810455
4035,0.116612876892624
4036,0.6605304883926562
4037,0.9130074686903219
4038,0.8148586846793381
4039,0.2880876466830747
4040,0.3855519620043264
4041,0.6336253359690146
4042,0.3200579042357899
4043,0.3904088694782705
4044,0.43341734771036294
4045,0.045393831296922475
4046,0.9131152309199274
4047,0.6514077111051083
4048,0.09729827776792233
4049,0.3223695252372254
4050,0.8945095178357012
4051,0.9720131777134319
4052,0.17008143640926465
4053,0.9505172625983757
4054,0.6995470831293056
4055,0.762564781188177
4056,0.7485121223628886
4057,0.7047105362335754
4058,0.14842123395677137
4059,0.8066033499156008
4060,0.8095186940850763
4061,0.9137935534937339
4062,0.807877449337937
4063,0.5949695953844499
4064,0.7604574346944032
4065,0.21406749582701048
4066,0.3982750353903494
4067,0.08993939564112048
4068,0.3233172709378922
4069,0.7981452672351336
4070,0.3236998250278516
4071,0.3624110945778986
4072,0.0652456539748496
4073,0.32252380851060125
4074,0.9636192528634071
4075,0.4468406176531953
4076,0.6441335414195889
4077,0.5346378662872143
4078,0.5089819223193208
4079,0.7052309966539397
4080,0.9345245428969529
4081,0.964024041491883
4082,0.7604853755921933
4083,0.5542051449924738
4084,0.9440589662506542
4085,0.8430331297656476
4086,0.10184355025392994
4087,0.8904626003236112
4088,0.7033577648168281
4089,0.545705091417069
4090,0.6383223346816496
4091,0.21823975865989367
4092,0.9582987781910344
4093,0.5228797988616384
4094,0.3421417899407369
4095,0.7304089423493195
4096,0.8163579770205768
4097,0.2525009254595263
4098,0.8030889526683596
4099,0.36060439515283815
4100,0.39482604155130474
4101,0.4616932047292887
4102,0.8281993624999315
4103,0.10015331014511068
4104,0.23899614821555584
4105,0.7359849505038795
4106,0.9266201008658755
4107,0.7390071077886012
4108,0.42245450228967996
4109,0.7959922397609285
4110,0.4266800704956573
4111,0.9883110162734293
4112,0.3024564864403249
4113,0.5622646854016685
4114,0.36377266586281176
4115,0.48310225821458563
4116,0.5883582688859771
4117,0.8768321685521676
4118,0.7931198287774013
4119,0.9065970796978761
4120,0.9656431676193092
4121,0.9123391295496442
4122,0.8869267560812452
4123,0.4006247805131606
4124,0.914220236960317
4125,0.8188760295069462
4126,0.4234858735903364
4127,0.15251806966962225
4128,0.4601187602712407
4129,0.29258122133651404
4130,0.03313564721873614
4131,0.515461244900504
4132,0.8471217162833864
4133,0.10497434060158395
4134,0.12220187818903754
4135,0.9778995368895106
4136,0.9509370921550083
4137,0.3808909941365128
4138,0.8093562287558133
4139,0.5786792831895737
4140,0.9526227214358901
4141,0.9439334785495089
4142,0.36873258474517145
4143,0.018026927005300595
4144,0.7642192016743831
4145,0.4059382902908007
4146,0.8178510096243476
4147,0.7263987150988221
4148,0.8171017706602187
4149,0.4922469334112562
4150,0.3604085701099032
4151,0.14575942321010374
4152,0.6118975487436519
4153,0.989522633914066
4154,0.38403661038809894
4155,0.3292647779896177
4156,0.5828197541603725
4157,0.511052807568233
4158,0.9969409249146747
4159,0.592515389566135
4160,0.9072612118502157
4161,0.21479063110298316
4162,0.5678733048905893
4163,0.9646268345217636
4164,0.8384171176508621
4165,0.9460281636036978
4166,0.7320387093812067
4167,0.8773743903249519
4168,0.3599035426259464
4169,0.8353482627900498
4170,0.8699896702142892
4171,0.09953195030736273
4172,0.8441611910980353
4173,0.7619772383060517
4174,0.19926303936109377
4175,0.17140196661508045
4176,0.8806807493866655
4177,0.10921232528392257
4178,0.8895786511383007
4179,0.6198152443586616
4180,0.15955451975072588
4181,0.8683303329312174
4182,0.7127188539471616
4183,0.3945771883439811
4184,0.9733570932153159
4185,0.8676875684566611
4186,0.4955556666195376
4187,0.7469935688524393
4188,0.2821598529631846
4189,0.887747824139276
4190,0.6126333640603873
4191,0.6906142213918017
4192,0.2594039421017823
4193,0.5006557636664787
4194,0.28271967240654255
4195,0.3386922305351714
4196,0.39645155938472737
4197,0.8785675111792965
4198,0.6027713833616212
4199,0.5081571324938716
4200,0.8382551442079214
4201,0.9068880647747029
4202,0.11191062385430191
4203,0.4790214398664053
4204,0.056324613267567235
4205,0.9402446563218384
4206,0.5829698350552509
4207,0.16733658835722387
4208,0.8821620317943043
4209,0.9321786700854237
4210,0.5723714663383476
4211,0.19747275764873318
4212,0.6597689386943851
4213,0.4274811435380839
4214,0.9280376406020291
4215,0.2961784911059126
4216,0.5553428719492851
4217,0.3960884577589579
4218,0.9695343513602127
4219,0.513498453221025
4220,0.4436589327269338
4221,0.4835348285654361
4222,0.4341235222610209
4223,0.4326193304816868
4224,0.4525348761444114
4225,0.8680507518484862
4226,0.8976368766085187
4227,0.7730323773192672
4228,0.9644032431381063
4229,0.9052400892220706
4230,0.965554392641499
4231,0.8257234368066584
4232,0.6609614666320393
4233,0.6393669621742379
4234,0.9612773703004414
4235,0.27076633287621893
4236,0.5004356613635128
4237,0.5288399318173259
4238,0.45834085629403815
4239,0.8743961059037932
4240,0.983157645142208
4241,0.8262858259175584
4242,0.8098707931034697
4243,0.29285886543292855
4244,0.4643722863822588
4245,0.7061967225931539
4246,0.7701067303918055
4247,0.8984853671640041
4248,0.4974594706400262
4249,0.8676117498553465
4250,0.08181173886145693
4251,0.3909697977451679
4252,0.11469905259134087
4253,0.8724155307987566
4254,0.3089445098720351
4255,0.19522144917761805
4256,0.03177354839699143
4257,0.3415098227954239
4258,0.7660554165291914
4259,0.9411786059859781
4260,0.8237665917133771
4261,0.8292028196171691
4262,0.8784188623818747
4263,0.9557935832587013
4264,0.7992057302615948
4265,0.7425464248256267
4266,0.8627164874939414
4267,0.0184231941708709
4268,0.37662527602272516
4269,0.5914159999157013
4270,0.4268154167244517
4271,0.943020675325006
4272,0.6348517652474345
4273,0.13288418944669822
4274,0.7799451413796662
4275,0.2557997202307271
4276,0.4883902419122621
4277,0.8634613813908478
4278,0.2630186364482771
4279,0.5493911345951589
4280,0.5826936899507302
4281,0.8385290720835045
4282,0.04913828381262234
4283,0.9837390064888346
4284,0.19945880944769778
4285,0.7256500413776563
4286,0.5454870065708771
4287,0.8852889853320803
4288,0.37984177771446076
4289,0.7837866569811668
4290,0.7226130194819212
4291,0.5710179404962022
4292,0.005123659169999948
4293,0.5419709050762719
4294,0.860624902171493
4295,0.22066430724048636
4296,0.983328468558839
4297,0.9698613979176097
4298,0.7303832446906992
4299,0.3477601512636641
4300,0.4174581767007215
4301,0.542684320254525
4302,0.2605821717259135
4303,0.8115824161687671
4304,0.4347474981770516
4305,0.6624554395587322
4306,0.20576482713467947
4307,0.847993182963075
4308,0.3384642445409655
4309,0.7656022196318851
4310,0.9373927184756315
4311,0.3587982256128614
4312,0.20385147293893732
4313,0.7164768314597255
4314,0.8537545019754802
4315,0.22948884658972601
4316,0.08008366284753664
4317,0.8441182295098765
4318,0.16893997820872272
4319,0.9726408852469834
4320,0.915837250362666
4321,0.38362348121190215
4322,0.9758211679571499
4323,0.4084853243431184
4324,0.6187761361014873
4325,0.9653418774076723
4326,0.809446384494728
4327,0.12178389473353042
4328,0.18219080117688916
4329,0.027082873279914238
4330,0.2700348352353069
4331,0.7730065759410083
4332,0.9336551510345269
4333,0.40579412685885635
4334,0.5082364069254139
4335,0.16624500310936038
4336,0.26870804976280344
4337,0.33768634523647334
4338,0.5410881843350956
4339,0.3269772539476086
4340,0.20105291194432318
4341,0.21650877866752385
4342,0.6085387391340739
4343,0.6721903647883477
4344,0.8643874421990753
4345,0.8325708441581723
4346,0.9778643158146423
4347,0.9126218655179062
4348,0.6738481955407277
4349,0.41555191285250476
4350,0.4511747344462295
4351,0.20178593877303963
4352,0.8384057110874229
4353,0.8043954067003515
4354,0.9149001829079276
4355,0.9349247229139687
4356,0.4634512956107515
4357,0.21634993686371928
4358,0.16477095613634418
4359,0.5079898174641543
4360,0.40659493630122606
4361,0.01955976446031893
4362,0.9721221164038605
4363,0.2321441198907749
4364,0.05459793373490901
4365,0.797593819335952
4366,0.3351882095480561
4367,0.9955791835026774
4368,0.22609396069033924
4369,0.18699898686983174
4370,0.9307442458940717
4371,0.17196278670975843
4372,0.7692166727553508
4373,0.45169659850434846
4374,0.11861533525966894
4375,0.03452670239379357
4376,0.9857969404097074
4377,0.7334280237366734
4378,0.3413100416234705
4379,0.8700722165266935
4380,0.24088360524013133
4381,0.9096098254897732
4382,0.18838667816283705
4383,0.4771403664907385
4384,0.6291896796554391
4385,0.8809645172253151
4386,0.506083136655082
4387,0.6825081094396171
4388,0.355819237868553
4389,0.7063292771748255
4390,0.3632234661628049
4391,0.5041346087692212
4392,0.9534427081578393
4393,0.8733776826064924
4394,0.9760094320995316
4395,0.7913430970957553
4396,0.7299885391824111
4397,0.4387162028138
4398,0.18914282014662723
4399,0.035220368124555396
4400,0.9785228671411835
4401,0.8536524062188983
4402,0.8579209860273688
4403,0.5481787151950829
4404,0.5959079080811454
4405,0.2551840536787556
4406,0.391308453529087
4407,0.13295481862046757
4408,0.24841209511736592
4409,0.48125976248739694
4410,0.723778461448406
4411,0.6796680833446276
4412,0.5182764410585378
4413,0.8694101331576
4414,0.7445509094452186
4415,0.4896561788091778
4416,0.6976169722851725
4417,0.6674997786361079
4418,0.37505564581439493
4419,0.3520367294330939
4420,0.9068220495131222
4421,0.8766106613674257
4422,0.36533345799409006
4423,0.9572737026580759
4424,0.4321965292167298
4425,0.9956887600193863
4426,0.7527579580500131
4427,0.8556975390786029
4428,0.31368105118080863
4429,0.8889184539468191
4430,0.018469834513926395
4431,0.6109575299198596
4432,0.9843611006127199
4433,0.8771418418636676
4434,0.049006877016181616
4435,0.9792261976145218
4436,0.8652205311055631
4437,0.9239179817270466
4438,0.9475071127206599
4439,0.7338213785018105
4440,0.7044232918028861
4441,0.8270984020731658
4442,0.9223886006245904
4443,0.445223242778426
4444,0.3073302657374853
4445,0.25832255800392984
4446,0.6404462562793046
4447,0.2311390740141389
4448,0.6192076698206485
4449,0.8164509566272327
4450,0.3016428151811115
4451,0.9596135254468924
4452,0.5086477668203101
4453,0.8377361854067725
4454,0.809317975722692
4455,0.36031300099786884
4456,0.4622510731879467
4457,0.7763761168359705
4458,0.8848078542155764
4459,0.0644389330412517
4460,0.5143612139956445
4461,0.9170594104395665
4462,0.551545548755297
4463,0.4054646568325844
4464,0.6631097770797724
4465,0.19916866648992948
4466,0.6877128394053159
4467,0.8399384538385317
4468,0.7606667314369879
4469,0.9416135719697069
4470,0.8054360926414338
4471,0.5102421593493601
4472,0.038940370355703864
4473,0.463365114711009
4474,0.9206113253628292
4475,0.12592098789838715
4476,0.9534826614784414
4477,0.9755362948422599
4478,0.8890624199495921
4479,0.9821901439514846
4480,0.867142931609763
4481,0.2405151040325881
4482,0.9632712476093653
4483,0.852912164054287
4484,0.79446578292999
4485,0.27045373842883386
4486,0.5879646748983803
4487,0.5648968897618123
4488,0.17869370806323173
4489,0.9301293002434893
4490,0.07903455541962814
4491,0.9983742272760922
4492,0.5382888418347954
4493,0.6240492377127409
4494,0.45795372289849356
4495,0.6904101064079936
4496,0.6810907096890119
4497,0.23315958167296646
4498,0.5368278617113346
4499,0.6785049943210719
4500,0.7399844223715578
4501,0.7077467644019736
4502,0.8920470514849129
4503,0.5608760262899576
4504,0.25511371947172773
4505,0.31298073569059653
4506,0.362649731191472
4507,0.9452682033812269
4508,0.9099713310044871
4509,0.8652680338605417
4510,0.6059899578787566
4511,0.44364132570450066
4512,0.3316366676184079
4513,0.9546166125217002
4514,0.16715679051918078
4515,0.7573233989448432
4516,0.9958350406236315
4517,0.4358439234731888
4518,0.778477090968065
4519,0.1429052538016603
4520,0.7331791718376559
4521,0.7849392194848029
4522,0.7742483457480945
4523,0.2491953495629844
4524,0.7444385751267207
4525,0.8394369337781016
4526,0.19612780860696696
4527,0.1152779550797755
4528,0.7142537628375455
4529,0.4207637391623423
4530,0.2793626577145777
4531,0.26760901527874875
4532,0.6769851535148413
4533,0.20828643751385337
4534,0.9775411359519781
4535,0.7939071580910708
4536,0.21885247890717033
4537,0.9335974865066438
4538,0.9590178365450653
4539,0.10776659728880937
4540,0.23179836847666735
4541,0.061361037453202726
4542,0.2004640060797529
4543,0.10917375740379008
4544,0.9339103351125685
4545,0.9316620115902853
4546,0.7969716346712192
4547,0.8894362547448811
4548,0.5679985617476055
4549,0.8248096709219643
4550,0.11389043269369542
4551,0.9722924342708016
4552,0.9909612196279899
4553,0.18361924632133786
4554,0.5304430988243641
4555,0.9960229808322966
4556,0.798590219514992
4557,0.823066502860383
4558,0.5377795729632675
4559,0.48702264997959466
4560,0.49359511578277376
4561,0.821601980084205
4562,0.21886218032406535
4563,0.9800230940904785
4564,0.6673553684866688
4565,0.6213141485930246
4566,0.7942488099584409
4567,0.5519984505700033
4568,0.7258894265378822
4569,0.6520145237574523
4570,0.973578034961967
4571,0.42862132560447835
4572,0.6012887603529213
4573,0.805788983011122
4574,0.9931025422608325
4575,0.6852400254278345
4576,0.8782366470887893
4577,0.35661930181280477
4578,0.47121354751863537
4579,0.2591109595099443
4580,0.9358286714570596
4581,0.36899789611248884
4582,0.9534387303057673
4583,0.3732153918740195
4584,0.964776786410383
4585,0.9352284384895303
4586,0.09809205648702368
4587,0.810906176961665
4588,0.9385416011495996
4589,0.11095917063143558
4590,0.9005538796334797
4591,0.9853173385899966
4592,0.7533528705962248
4593,0.7088980317163841
4594,0.46328595509078196
4595,0.4471818938862137
4596,0.8000997305476326
4597,0.5853986012888406
4598,0.8445365646347729
4599,0.83355580747671
4600,0.4413328275107595
4601,0.41785502955618403
4602,0.7766190188758514
4603,0.8168054306699455
4604,0.8554426458025411
4605,0.12584807429976833
4606,0.7046274652618668
4607,0.42252606036749135
4608,0.5037726945837891
4609,0.2833708956508437
4610,0.5353711750537617
4611,0.7461218975767564
4612,0.8656008741150621
4613,0.3679637263136278
4614,0.5215628241008432
4615,0.4228027727281991
4616,0.5403541735473164
4617,0.04432422015203136
4618,0.963094219739041
4619,0.5225512406972885
4620,0.7744831348572419
4621,0.5512700255070583
4622,0.08612102487194406
4623,0.39714527246313464
4624,0.5281022709394588
4625,0.32188866134456334
4626,0.10624013275189474
4627,0.584986218947641
4628,0.7756976188747012
4629,0.21191320011480871
4630,0.2313895612291276
4631,0.8957024217689687
4632,0.9169063137103667
4633,0.043141289299401676
4634,0.9002172570061767
4635,0.07037346243458203
4636,0.0938725956278656
4637,0.912729223624237
4638,0.5732647165617416
4639,0.6160506879733463
4640,0.624730202498555
4641,0.6398106053473269
4642,0.3655280992020937
4643,0.6954234096878569
4644,0.8556502158684852
4645,0.9560320211190109
4646,0.5427568793333347
4647,0.4504625618833802
4648,0.9358911522649841
4649,0.6378445384850219
4650,0.3999190364955007
4651,0.7798541111200689
4652,0.8712207832074096
4653,0.9464296324437229
4654,0.9614852992860253
4655,0.020355102942515402
4656,0.2465815008141037
4657,0.017423748086170254
4658,0.8559666661389
4659,0.7485920992768992
4660,0.6147555427958284
4661,0.38527104981784527
4662,0.7392710557539569
4663,0.8896270551725566
4664,0.945849605488314
4665,0.9881335906341002
4666,0.9632041187324253
4667,0.5178546649077965
4668,0.3096209256074797
4669,0.4177830640481474
4670,0.8654311066135807
4671,0.8073913994565644
4672,0.5916919026656001
4673,0.8021944137779312
4674,0.3886488556564678
4675,0.5952516529624532
4676,0.49420655089269117
4677,0.3116929125429907
4678,0.8571276949937956
4679,0.30786596440910635
4680,0.957657526533613
4681,0.8844620671025099
4682,0.5062961637735165
4683,0.7117001139593014
4684,0.6803875804185262
4685,0.9004190273396375
4686,0.6563915057508495
4687,0.5753427319153368
4688,0.43551847457827825
4689,0.7097971367101881
4690,0.5922880909321488
4691,0.9458381339525229
4692,0.980358588061287
4693,0.45653051488399177
4694,0.9099617244521482
4695,0.49267965606700664
4696,0.5214776805380398
4697,0.7547743100843632
4698,0.7109110358682385
4699,0.5926955476539271
4700,0.530274622690576
4701,0.07593769068314284
4702,0.30768169807046214
4703,0.35105779491326095
4704,0.663777331211731
4705,0.00853220290922424
4706,0.6546232449222728
4707,0.26718850621487317
4708,0.5488565782906866
4709,0.5009309532840936
4710,0.9768746765400463
4711,0.4893689159408394
4712,0.3713056960766689
4713,0.6274044266481265
4714,0.08843878471396592
4715,0.9278167885127063
4716,0.5718909865536417
4717,0.8147328611347534
4718,0.7711462274676095
4719,0.8474587625723108
4720,0.4209306785070253
4721,0.41370949449070604
4722,0.8352790093915505
4723,0.8413667793540184
4724,0.19562565891580772
4725,0.38188425626800915
4726,0.708889215752173
4727,0.6632256179435408
4728,0.4252668489251827
4729,0.055872617827782946
4730,0.8351293934840477
4731,0.8630408659323106
4732,0.8618633607963573
4733,0.19030773209465515
4734,0.9259070400208609
4735,0.7056644552192967
4736,0.7732615485674615
4737,0.701207650308334
4738,0.42106959441686403
4739,0.8074182944183076
4740,0.7764449388564723
4741,0.2670319481376125
4742,0.8408348496935978
4743,0.722884507460262
4744,0.9312994858824545
4745,0.7134249203918713
4746,0.9718360447471608
4747,0.5386239368461331
4748,0.30167733180605333
4749,0.4829711865373468
4750,0.9667180631441544
4751,0.5455685319767735
4752,0.06886119934572597
4753,0.5143420631513863
4754,0.6658846083013569
4755,0.28997904474462394
4756,0.0911455243233235
4757,0.6435232610711071
4758,0.8664645093158968
4759,0.26853967778371407
4760,0.8085367008362775
4761,0.9836144361618587
4762,0.9013282632996508
4763,0.34113191753760574
4764,0.8964678466555455
4765,0.5992183153889061
4766,0.8899074438086281
4767,0.8861951231636033
4768,0.24338394540536432
4769,0.824596799093253
4770,0.965539726413692
4771,0.12877454255712567
4772,0.7298312978417586
4773,0.796209806838457
4774,0.15487785417444977
4775,0.5509901255984607
4776,0.8727090606740497
4777,0.8436651595799406
4778,0.7689386608089621
4779,0.7035430561333129
4780,0.914989154075872
4781,0.6973855405106901
4782,0.6780608632528068
4783,0.16266445443619146
4784,0.6910760042667884
4785,0.8706820000158428
4786,0.4373011489287886
4787,0.3715600901270815
4788,0.15337751830687907
4789,0.990576178285624
4790,0.8518811342832152
4791,0.28982315143462545
4792,0.7196828789313732
4793,0.3429718400933473
4794,0.50280760165635
4795,0.23180690536566917
4796,0.8967148311680656
4797,0.712741663115169
4798,0.6107783295745152
4799,0.7550096941697038
4800,0.4103685122004707
4801,0.17541355164836156
4802,0.9193532539302526
4803,0.8224607760882696
4804,0.8577245833497447
4805,0.9949438703917962
4806,0.9712381818466446
4807,0.7280143295317538
4808,0.9708877263106257
4809,0.9742019787421686
4810,0.8778860706570989
4811,0.620962710942545
4812,0.9408601412417373
4813,0.6156820107701672
4814,0.8451265861340397
4815,0.9205789225638833
4816,0.7443783040424133
4817,0.27624154058362477
4818,0.45746950883478915
4819,0.5085655091313654
4820,0.15210103543295975
4821,0.7951949125063558
4822,0.8429425443863464
4823,0.1464576758861992
4824,0.8708265824041744
4825,0.5631487742341942
4826,0.6370933015715804
4827,0.0890896966211309
4828,0.9445068242103348
4829,0.9064813919537006
4830,0.6738895886019608
4831,0.814717869363597
4832,0.2445690377986778
4833,0.8384197041778382
4834,0.2525583523903315
4835,0.33341626100193156
4836,0.38432370752176076
4837,0.24269075823531402
4838,0.7580782596932268
4839,0.5884046367708528
4840,0.9662946652980092
4841,0.5285844156329915
4842,0.5755112387622741
4843,0.8753669879886
4844,0.019668093486627774
4845,0.4934465176916912
4846,0.43761756566898047
4847,0.09861436543997289
4848,0.9823889041011075
4849,0.6992314096943172
4850,0.3510118466668551
4851,0.7741831566772156
4852,0.23043456327551023
4853,0.5876543098535253
4854,0.5029249529718087
4855,0.8367117698638759
4856,0.6136040202140006
4857,0.36630393201202555
4858,0.859119976428211
4859,0.43060520001108715
4860,0.8880587793408949
4861,0.42376447919798155
4862,0.7799257571167106
4863,0.8657368029981414
4864,0.19446977334884885
4865,0.9605223954838983
4866,0.43205378186491467
4867,0.22361705276300023
4868,0.15599674137458058
4869,0.8877548012833977
4870,0.5417409531076925
4871,0.338347177476278
4872,0.2818645755207628
4873,0.9964661460062659
4874,0.7379516743929536
4875,0.44664458635412263
4876,0.6557973116807861
4877,0.961256238921281
4878,0.7272921689854702
4879,0.49272743462314655
4880,0.9513458211944498
4881,0.7101737095573326
4882,0.5997570474717039
4883,0.14586398552153826
4884,0.995029758005189
4885,0.7576789350269353
4886,0.6714046870158726
4887,0.2870097038791714
4888,0.917723740013419
4889,0.08795078751396589
4890,0.5281806793426355
4891,0.8803917296881166
4892,0.9273392513447187
4893,0.5228588053827952
4894,0.13184577203909562
4895,0.9382898267668797
4896,0.0996698365234267
4897,0.49662893358784577
4898,0.11470682388601243
4899,0.2950490354100896
4900,0.7760199634153605
4901,0.9248830381637756
4902,0.9461287336440426
4903,0.0579198742567657
4904,0.4434238135044341
4905,0.9534640822744226
4906,0.06615036576872817
4907,0.6455818506618377
4908,0.8304651286022828
4909,0.2819039028283465
4910,0.5992344171521351
4911,0.4331480757696033
4912,0.2562880323555239
4913,0.8512450020516299
4914,0.7814139750443275
4915,0.40741606494233745
4916,0.06425802929476675
4917,0.27904806194842585
4918,0.42017389297812485
4919,0.561518682892992
4920,0.836738565795454
4921,0.8231978682791489
4922,0.6133640404970063
4923,0.8413584709506301
4924,0.8796160598966317
4925,0.6557878462347307
4926,0.20007277240111665
4927,0.9830974335880659
4928,0.16346852402582976
4929,0.5841931270644972
4930,0.71956222108262
4931,0.32051211415186603
4932,0.5898886509454119
4933,0.07617773321314113
4934,0.7194201923320621
4935,0.10980384264507127
4936,0.8923727226177487
4937,0.1440090246113895
4938,0.8374877423207142
4939,0.7586524148833194
4940,0.6647975051221259
4941,0.870551744121364
4942,0.07448751301746537
4943,0.5219548203687517
4944,0.7861910995084015
4945,0.09998576072463707
4946,0.2901891435083687
4947,0.5650726191266663
4948,0.14143862099807605
4949,0.649725719443376
4950,0.9078563690434036
4951,0.09541569573054091
4952,0.8218635737373439
4953,0.3945140806531022
4954,0.8888929755078223
4955,0.17392945885985386
4956,0.9059620970399157
4957,0.9764274431539146
4958,0.5873727995363794
4959,0.5544852946659997
4960,0.6097241148865431
4961,0.9060054762195752
4962,0.7636936850318166
4963,0.09781485377629111
4964,0.4297231151327035
4965,0.711217053519571
4966,0.9902946690648475
4967,0.15352776886504008
4968,0.779771656729847
4969,0.34180467315862856
4970,0.9763164845865338
4971,0.8248099367659644
4972,0.34128388241001134
4973,0.2522268965747931
4974,0.7744249925879495
4975,0.2909093430597785
4976,0.45241884288772555
4977,0.30749389515256625
4978,0.24977679420669474
4979,0.6664761252162306
4980,0.977488361791579
4981,0.7259045975657034
4982,0.707600492033131
4983,0.9022589190577776
4984,0.9601691515836802
4985,0.7951800704114165
4986,0.9032560278746558
4987,0.14013443926456184
4988,0.7284641443067161
4989,0.21341003374654247
4990,0.3241632694511107
4991,0.7793014607769401
4992,0.47902687681731093
4993,0.6902387894834833
4994,0.0658173147986119
4995,0.33425693430860753
4996,0.8096095483431408
4997,0.8057863568046386
4998,0.5914316063334889
4999,0.9835456865801481
5000,0.12985770186549347
5001,0.664880533876091
5002,0.19045764508571184
5003,0.836753412498911
5004,0.774310030582486
5005,0.02299914105189089
5006,0.9674112476370728
5007,0.7816733921447135
5008,0.6462876452303474
5009,0.585085423297797
5010,0.08767777059444253
5011,0.18501672088798593
5012,0.9347317235272538
5013,0.9956612760622505
5014,0.974656471214919
5015,0.30256521865162483
5016,0.7886229316132164
5017,0.50826703559963
5018,0.956413669706725
5019,0.9842598090304926
5020,0.9874896987699066
5021,0.06970475991702663
5022,0.5431880042272282
5023,0.6636486463727972
5024,0.20651160189926007
5025,0.48247260623883753
5026,0.6347430420079307
5027,0.7296930517935903
5028,0.805511203972021
5029,0.5843161996248993
5030,0.2784190148618171
5031,0.7503909889327923
5032,0.38154097180370705
5033,0.613613196936665
5034,0.42482799250581454
5035,0.7128560283695674
5036,0.9787534443950662
5037,0.6548720889085232
5038,0.9928796261598792
5039,0.36158727283929504
5040,0.3423194250739529
5041,0.8518963398161413
5042,0.9168531989209997
5043,0.6696900885748126
5044,0.5007254992558912
5045,0.2797090098490156
5046,0.8191157223622332
5047,0.8419905034536468
5048,0.568230784020827
5049,0.3323264252804535
5050,0.8428963431874154
5051,0.46335083562082063
5052,0.7322486952149792
5053,0.46890951268995645
5054,0.6759197794469647
5055,0.9238899518991707
5056,0.9522689389664389
5057,0.9013740161744384
5058,0.045875228444441855
5059,0.8755587428566532
5060,0.7665866870334899
5061,0.06581417914025223
5062,0.5214934409178461
5063,0.38538674056565175
5064,0.700379936459269
5065,0.3076937126752812
5066,0.9268263290738009
5067,0.7202440566148723
5068,0.6964945961066857
5069,0.9342140576252688
5070,0.7384053227338819
5071,0.9603903494095732
5072,0.08548202913461593
5073,0.7703361890607034
5074,0.8232887006213594
5075,0.9230551663554488
5076,0.6834624224359453
5077,0.9766775813007841
5078,0.8929321276035201
5079,0.11803871221802936
5080,0.2558347176423339
5081,0.1525747548210032
5082,0.5221665124796971
5083,0.880237757246466
5084,0.9179469095919726
5085,0.8341721582108962
5086,0.10282676062205842
5087,0.6111389561579025
5088,0.18542991112785667
5089,0.04168952623620223
5090,0.8073655969682189
5091,0.9508589224248499
5092,0.29045186951083823
5093,0.36341966676214277
5094,0.6729608615052548
5095,0.028476145525896796
5096,0.4286852758932031
5097,0.9637625823240757
5098,0.09071875991248819
5099,0.8346268451148005
5100,0.9683634502673257
5101,0.5328010862677549
5102,0.3559050598372668
5103,0.6361168086968744
5104,0.5487779359803572
5105,0.6483559047140368
5106,0.6325051936695475
5107,0.8997403436011896
5108,0.9838496701995038
5109,0.4288425641762341
5110,0.49415740474810005
5111,0.46982779652611556
5112,0.7081328496832652
5113,0.8220173001543074
5114,0.273525357823743
5115,0.3088179912627267
5116,0.15057537980198377
5117,0.9288908600637944
5118,0.44712354335906507
5119,0.4760236212853457
5120,0.11023574133180129
5121,0.7253376108363968
5122,0.026614198851900996
5123,0.9834461376914482
5124,0.5854825004499419
5125,0.4638938630385731
5126,0.18290543894365943
5127,0.034225714342196865
5128,0.7545360339664292
5129,0.9775344754112364
5130,0.21743448097043613
5131,0.8607441414637876
5132,0.8730466524369384
5133,0.29176250539773974
5134,0.03698628964221199
5135,0.42308779003786245
5136,0.9339576369197274
5137,0.4214600984809933
5138,0.12074002532904617
5139,0.4986003956710536
5140,0.6354802188051546
5141,0.9577360307211117
5142,0.2671755651179631
5143,0.6631576989219209
5144,0.8504367879422716
5145,0.461048636374994
5146,0.8307592102397953
5147,0.8013940185233709
5148,0.9814919390318931
5149,0.8077530374809042
5150,0.6881333454797547
5151,0.8268384028547775
5152,0.5305775371517533
5153,0.9675226738050395
5154,0.6052548666246954
5155,0.22472725773795035
5156,0.265564442609115
5157,0.5168304218777496
5158,0.1969256409172894
5159,0.40830648537382536
5160,0.47575119315798337
5161,0.8178011212365979
5162,0.8637662541994194
5163,0.8654218910460347
5164,0.9107770613477614
5165,0.29950300194530854
5166,0.5670901763183901
5167,0.17662997204609632
5168,0.5755322972599495
5169,0.7078675683599066
5170,0.6968887984936819
5171,0.030718847493797163
5172,0.780578930824224
5173,0.913116454689957
5174,0.8882163509596802
5175,0.4275288439021809
5176,0.8263393656934354
5177,0.6949649662605907
5178,0.8859885581268238
5179,0.5082577376921533
5180,0.9309883199087404
5181,0.7373373559724511
5182,0.7378495184023802
5183,0.5392614929597787
5184,0.36871190025486694
5185,0.3795424213543977
5186,0.5899842329583859
5187,0.5208929753136315
5188,0.5667702827682272
5189,0.5250795226252344
5190,0.7752513087782432
5191,0.9232778181572993
5192,0.32085676161524707
5193,0.2934455971012984
5194,0.8935227838167755
5195,0.30002985725088616
5196,0.9886189384056933
5197,0.9190679357759537
5198,0.25906243703984405
5199,0.7271178137594282
5200,0.078236529566792
5201,0.5414157936551103
5202,0.8998029533666684
5203,0.6443667699188423
5204,0.7047056578102596
5205,0.676909730665058
5206,0.02238309775988287
5207,0.9903733132161062
5208,0.9961106283618685
5209,0.7898854358405685
5210,0.5820519109068555
5211,0.8987951895638653
5212,0.1591561044550889
5213,0.6371342649336379
5214,0.9193863449416764
5215,0.006503898752023322
5216,0.14538120028633802
5217,0.5276502281675647
5218,0.9262529478335778
5219,0.2705003709012979
5220,0.20948383505383447
5221,0.3545804641187513
5222,0.9239006624927238
5223,0.4246203373375659
5224,0.9932945692989478
5225,0.9708995448294685
5226,0.14630223724004165
5227,0.9282266114467702
5228,0.8377888680240279
5229,0.6156225410317607
5230,0.773114567339633
5231,0.15780925394009068
5232,0.7065116127274748
5233,0.39089599152006943
5234,0.3057597153642218
5235,0.6024698825457805
5236,0.8388170346911684
5237,0.7544971266827964
5238,0.7041286969380525
5239,0.5855082721052637
5240,0.5727732018732413
5241,0.8063427094768226
5242,0.757425382186886
5243,0.6703641461540735
5244,0.9719063731722177
5245,0.8664249583094147
5246,0.6591139139442852
5247,0.26766208058571606
5248,0.9736062838458556
5249,0.7272849753552683
5250,0.86862551511087
5251,0.9091026965835972
5252,0.8145370519330201
5253,0.48138002534235563
5254,0.30616280476027696
5255,0.7242999466997718
5256,0.16547992723668067
5257,0.8725656736719225
5258,0.6495070323827586
5259,0.5839532967997544
5260,0.32459592798961734
5261,0.3964096255591753
5262,0.0763034959480709
5263,0.5358099360880141
5264,0.9202764279559682
5265,0.7228604133804096
5266,0.08117844472066285
5267,0.9179555272227132
5268,0.867504260393139
5269,0.7245220446197003
5270,0.9081623063242831
5271,0.7763971091520029
5272,0.3126449020351631
5273,0.5688909918887531
5274,0.634637518980857
5275,0.9522343633509777
5276,0.8426600918466195
5277,0.4442849613068227
5278,0.9301313942645751
5279,0.05242617971033787
5280,0.9914114862127482
5281,0.9602206219302808
5282,0.6853342764916031
5283,0.9872525171257731
5284,0.7306777244750894
5285,0.9321844313999792
5286,0.7864206487886748
5287,0.5228953240135804
5288,0.08044028790102309
5289,0.7168586383217269
5290,0.9135071517472045
5291,0.8897743194918531
5292,0.25680106010409154
5293,0.3004868119307757
5294,0.8068254948165058
5295,0.530400371689065
5296,0.20546659295932504
5297,0.42655319281525683
5298,0.4843841396552116
5299,0.8526687976670235
5300,0.8619569274230158
5301,0.9032441216275711
5302,0.6476863968746752
5303,0.6615690299854657
5304,0.6158315322284582
5305,0.9683114694373757
5306,0.2649534551509712
5307,0.45530560343739374
5308,0.8994498757733447
5309,0.7985592912289734
5310,0.8520821550213039
5311,0.6911721479987175
5312,0.7803259787435876
5313,0.1135179052356383
5314,0.4893773900213539
5315,0.16299818895789223
5316,0.5201383912797096
5317,0.164033451462615
5318,0.2809832116496993
5319,0.5666172756405113
5320,0.6965627085277801
5321,0.751203966081074
5322,0.6998640776244871
5323,0.116432480627206
5324,0.27997090974166744
5325,0.061127258295968205
5326,0.9674862823660867
5327,0.9745566079307938
5328,0.6634131066145488
5329,0.6336536983459968
5330,0.46023135809717813
5331,0.8010382924529109
5332,0.002922817546601066
5333,0.4240769383549133
5334,0.9057824237709683
5335,0.24380020620978124
5336,0.8703829184400768
5337,0.92623411286809
5338,0.22124056219309618
5339,0.6643059952586764
5340,0.14051781682127987
5341,0.30722492648098937
5342,0.974966730360038
5343,0.7774670898055461
5344,0.7847330275784389
5345,0.87700168096932
5346,0.5731127437063643
5347,0.6861367026571928
5348,0.42310272363857404
5349,0.27308384754623777
5350,0.6933743965181293
5351,0.882215800353964
5352,0.9906290645652617
5353,0.8519313614975706
5354,0.9864629254866827
5355,0.7822995437668218
5356,0.6088899994727784
5357,0.8988499005600801
5358,0.7247450394155509
5359,0.17827279378209804
5360,0.03373585925194169
5361,0.2847215863805599
5362,0.34869047738546394
5363,0.6237678507003291
5364,0.060219708321565944
5365,0.7416046196807295
5366,0.6487956611550988
5367,0.8876981149247013
5368,0.7377906118064829
5369,0.05636153317457051
5370,0.6155885250314569
5371,0.9065042318983384
5372,0.7651317967502509
5373,0.3061360270545511
5374,0.3776326122794946
5375,0.9923593661436816
5376,0.14339309923180832
5377,0.8682680112369545
5378,0.03202092382940146
5379,0.11533253564926738
5380,0.4323407443854041
5381,0.1855762382919149
5382,0.9590029078616173
5383,0.7422816676145851
5384,0.3403751270595438
5385,0.7629678568061289
5386,0.8689632612837269
5387,0.08617751739535144
5388,0.8410794604368608
5389,0.889585628610624
5390,0.846860182707211
5391,0.7594138934710699
5392,0.3331846114129347
5393,0.7028199003723641
5394,0.9895434363716293
5395,0.6347744990336415
5396,0.5865648233817692
5397,0.12621719759870945
5398,0.24196211723497071
5399,0.9166589207170125
5400,0.2577852613301348
5401,0.869940960768412
5402,0.09539727593064817
5403,0.8049085693282616
5404,0.8819778294967717
5405,0.8658376516373845
5406,0.1633680274650382
5407,0.9036386592036881
5408,0.9931144267127623
5409,0.8117442675910898
5410,0.4782137427173126
5411,0.8702233474742336
5412,0.2916656141942699
5413,0.7837474614036157
5414,0.7836029953563339
5415,0.5897086394749559
5416,0.4512309082330123
5417,0.2794854282711787
5418,0.9200850612090049
5419,0.7761828884531186
5420,0.6492906262792606
5421,0.6886567828250043
5422,0.5761395311717655
5423,0.9345068386555956
5424,0.7898893865193798
5425,0.9718107350347941
5426,0.98433096148965
5427,0.04549890671435087
5428,0.2752813865213057
5429,0.5989723354865558
5430,0.2139800437395646
5431,0.8750263131048057
5432,0.7976877885451295
5433,0.9982433246285506
5434,0.8623586481554347
5435,0.7172101087051775
5436,0.17506356385113941
5437,0.44695011045272254
5438,0.8150034437250522
5439,0.6972314288761833
5440,0.7087060617677051
5441,0.431741639421973
5442,0.0662312731948606
5443,0.7943654339617545
5444,0.8492516908111897
5445,0.6442870843519454
5446,0.6155865541148856
5447,0.28536384598475684
5448,0.08139550734508824
5449,0.842522076366515
5450,0.8135329185738818
5451,0.5624291005273228
5452,0.8064967935071928
5453,0.9341225513997863
5454,0.9460708367002902
5455,0.8672981589594692
5456,0.9399175886808998
5457,0.9587819108191113
5458,0.378676376121273
5459,0.12682254683898916
5460,0.5019802383878563
5461,0.8056215166089723
5462,0.5143339865881109
5463,0.04079445613561513
5464,0.5734960378642019
5465,0.7297616611557758
5466,0.962242071239797
5467,0.5592438574916928
5468,0.09770608559665779
5469,0.1800808166925391
5470,0.8554295499784544
5471,0.3157429235742689
5472,0.7622887551471246
5473,0.9411693733599439
5474,0.7249650773985561
5475,0.09943867715173166
5476,0.9172197838342613
5477,0.5060491903884635
5478,0.12923474927101353
5479,0.5997896939625035
5480,0.23360708983018527
5481,0.35093157043728374
5482,0.19522140368350668
5483,0.8668980706546612
5484,0.33486170007947197
5485,0.4754131618924606
5486,0.6444285757832251
5487,0.6932597641893699
5488,0.40757174330347906
5489,0.5741852810796981
5490,0.6582575298804701
5491,0.7969631431426967
5492,0.8318881288075158
5493,0.9087088234064723
5494,0.08757508078579375
5495,0.21859575287025038
5496,0.5830527533088453
5497,0.8838276738413017
5498,0.6673580827926315
5499,0.47816444647622863
5500,0.7931195629477239
5501,0.8180360323851571
5502,0.16125771575023415
5503,0.08020216207409768
5504,0.7985067480196713
5505,0.1566651083029372
5506,0.9691848483254216
5507,0.7372203360159393
5508,0.6602435084259949
5509,0.6230224241915595
5510,0.6669871810274155
5511,0.30484236110856294
5512,0.4735922815144776
5513,0.8956751199882002
5514,0.10938001350531053
5515,0.17940592561671556
5516,0.5456563869284435
5517,0.03690694837575853
5518,0.28577272540836846
5519,0.8128190075585296
5520,0.45449837422856154
5521,0.12356475771821974
5522,0.991341584378036
5523,0.19705846853403722
5524,0.7985995635874871
5525,0.9902301346671744
5526,0.8713534861663966
5527,0.8180030321860742
5528,0.7711277187389262
5529,0.38471117519211334
5530,0.918207000506638
5531,0.8426835775841507
5532,0.8539534845536787
5533,0.9311478930601739
5534,0.30280537603408225
5535,0.5218637330814467
5536,0.4543704711876029
5537,0.3089130532454943
5538,0.09728823293607097
5539,0.13595765179081865
5540,0.23814811042083894
5541,0.19514251755575882
5542,0.9119502323302955
5543,0.8916195532073262
5544,0.847527634762808
5545,0.9694249940974746
5546,0.4128456846911644
5547,0.32453297591505037
5548,0.8108179620810555
5549,0.3038859682470273
5550,0.8287003917035817
5551,0.45476015736579295
5552,0.16405849437336822
5553,0.8895860269587047
5554,0.6346276908348718
5555,0.9533778066506291
5556,0.9630217639498889
5557,0.16318736304821962
5558,0.6977887021274466
5559,0.6382713221444387
5560,0.281820693908077
5561,0.2725986954449215
5562,0.13266208798131776
5563,0.2904567906002325
5564,0.6811837350122896
5565,0.9338678528096868
5566,0.9876808807715841
5567,0.9817775582298062
5568,0.9358973769954244
5569,0.5984272431014279
5570,0.9647367597149547
5571,0.528783635417439
5572,0.640516530677238
5573,0.9656453789796062
5574,0.10550419546019844
5575,0.8647294466611909
5576,0.911855305638912
5577,0.604198592491369
5578,0.8818226985837386
5579,0.9776195337631265
5580,0.927477784187137
5581,0.8038750701267587
5582,0.18428241404351883
5583,0.2742985382733712
5584,0.9792444991297803
5585,0.4510250219799317
5586,0.5954593429779078
5587,0.7734497109989328
5588,0.7943984642763323
5589,0.2782868082231453
5590,0.9969544159080913
5591,0.36730175951697613
5592,0.951788212529176
5593,0.9429230368396931
5594,0.9361052129258077
5595,0.6539927321826587
5596,0.9388621831893649
5597,0.24952658249039703
5598,0.6892730990647387
5599,0.2253590353620075
5600,0.6825264470155679
5601,0.925445810391092
5602,0.9520045852425515
5603,0.06256340582767729
5604,0.7829684855412201
5605,0.7449481882248029
5606,0.3166164621315773
5607,0.5231844153578574
5608,0.9424197584961415
5609,0.9036847047211496
5610,0.29661746507479897
5611,0.8209709110525106
5612,0.8666257308210574
5613,0.8418664410395663
5614,0.3465154970932542
5615,0.4844376338529221
5616,0.9437575259459723
5617,0.7327051417831211
5618,0.7878448698775564
5619,0.3570910790525305
5620,0.5888012786792776
5621,0.9322193930418156
5622,0.7102081537281828
5623,0.9434832447007103
5624,0.9917792530135848
5625,0.054000413862272445
5626,0.874032813691762
5627,0.5580476587230091
5628,0.8685770771852281
5629,0.784047665593551
5630,0.8742215040792317
5631,0.3137669628615949
5632,0.5778245734684876
5633,0.11685460634898863
5634,0.6932926760223524
5635,0.9350099418127608
5636,0.2645487742904191
5637,0.3756168850494794
5638,0.8230831197515528
5639,0.9706781801027994
5640,0.9694467917206274
5641,0.6620786661722069
5642,0.7073465776556187
5643,0.12608091313279515
5644,0.5180887389157177
5645,0.48411021399079274
5646,0.16170230568819488
5647,0.8643238013857842
5648,0.5134612442409958
5649,0.7953720417973829
5650,0.12190625755978972
5651,0.14591517196219317
5652,0.4345301018654902
5653,0.4525165964718225
5654,0.7876893494197986
5655,0.8475077118970867
5656,0.09410315625905315
5657,0.9553571127176322
5658,0.7428797515498138
5659,0.19832944110416761
5660,0.0921801588090736
5661,0.6714904061774954
5662,0.09833219172129065
5663,0.7970417908032926
5664,0.8094915656321415
5665,0.5878887669158973
5666,0.8312909850173495
5667,0.5253635115877339
5668,0.9561424454979152
5669,0.4240067890671358
5670,0.9028118061213558
5671,0.9346199601555442
5672,0.9087292657041424
5673,0.33521574553190403
5674,0.8098389002322682
5675,0.7395034724110374
5676,0.2845124009746867
5677,0.18781758270014826
5678,0.15512278608478308
5679,0.8423582945414608
5680,0.9126262030444819
5681,0.6794996090435959
5682,0.8266104384206222
5683,0.13897558115827674
5684,0.8661763092758469
5685,0.8684296484142267
5686,0.27109787363903143
5687,0.677041890428704
5688,0.33545123795907433
5689,0.9915241992502554
5690,0.993863308177357
5691,0.23112695948575865
5692,0.341029513369049
5693,0.040643379767712116
5694,0.5617617216944389
5695,0.7201165453532373
5696,0.8256598678222868
5697,0.07165568090378488
5698,0.43873838841591084
5699,0.8805445493021938
5700,0.8512411399246537
5701,0.4040047133153852
5702,0.7416687292008807
5703,0.831552204016711
5704,0.975356328421484
5705,0.966019827641504
5706,0.9492211573572007
5707,0.08213310395032239
5708,0.8686721714680735
5709,0.40505839034517965
5710,0.6049524211602549
5711,0.09112566957519143
5712,0.7698109477967735
5713,0.6573501482673234
5714,0.8360002248846548
5715,0.6861374863456379
5716,0.8976433729547321
5717,0.832040696425508
5718,0.7230889364759157
5719,0.8661150956634778
5720,0.9941354082949201
5721,0.8142205009121617
5722,0.3975404735335882
5723,0.9517395115099966
5724,0.012797989332838551
5725,0.45654984599401294
5726,0.801755721790053
5727,0.934303053381394
5728,0.45566372758501467
5729,0.20968367371078003
5730,0.5048741328380109
5731,0.34256875897253486
5732,0.9644319823728328
5733,0.6795757584164083
5734,0.7845577923829251
5735,0.19152474187933585
5736,0.5672815846737951
5737,0.207312341917786
5738,0.9359360873326751
5739,0.590452544970149
5740,0.17855045311200068
5741,0.9246319221328053
5742,0.8774689457918424
5743,0.5278619254242192
5744,0.16570007345859952
5745,0.5642912976478767
5746,0.9574723717395552
5747,0.9479685403870505
5748,0.4609579633428893
5749,0.7967267732716893
5750,0.9672249312056307
5751,0.5937116681975352
5752,0.9869472744738067
5753,0.9481749170187901
5754,0.493440538133989
5755,0.9908866719287638
5756,0.3805590449560258
5757,0.7782354940979918
5758,0.6361235691210261
5759,0.35751330529760755
5760,0.8131092863756662
5761,0.8496224286510122
5762,0.8557485538946242
5763,0.7785405200007794
5764,0.518294927076024
5765,0.5163846629193224
5766,0.27620704117616374
5767,0.5681606695396176
5768,0.870461007572191
5769,0.3035658414508849
5770,0.9349863035517436
5771,0.17846033564156427
5772,0.9374458737921199
5773,0.9757683358003382
5774,0.7905519685703432
5775,0.5279864641344693
5776,0.2079406226442262
5777,0.8760915005722447
5778,0.9324436846635891
5779,0.13775317321286643
5780,0.7985519846856947
5781,0.7547201495431112
5782,0.7668701533961397
5783,0.5896666421877145
5784,0.9613945804016382
5785,0.7134154634159696
5786,0.47960077713901517
5787,0.22212819993721208
5788,0.3346767924888554
5789,0.1276039348361149
5790,0.5150709986719567
5791,0.17801728520908436
5792,0.8697084353856902
5793,0.9622320284249687
5794,0.9313665920748156
5795,0.7110425101412936
5796,0.6662564518900078
5797,0.28980884406504365
5798,0.9240713233564547
5799,0.09376537426646092
5800,0.950865844325997
5801,0.3787554028421307
5802,0.2009863919950112
5803,0.3457505951103501
5804,0.8310163780743954
5805,0.9731463647242012
5806,0.20176638933409383
5807,0.8622220571283595
5808,0.980081607130653
5809,0.23691641301570202
5810,0.9384495744008289
5811,0.8161481478050483
5812,0.6097050562703954
5813,0.924010136802608
5814,0.9213574594741085
5815,0.4089156915294386
5816,0.6511987149010944
5817,0.19523735823364763
5818,0.2739341289469029
5819,0.5785842444227897
5820,0.8693989909477975
5821,0.9638114593678989
5822,0.15707625233762423
5823,0.6763164234512081
5824,0.8936817442377075
5825,0.6488231271385997
5826,0.8043726669394037
5827,0.5548555443883193
5828,0.48989531937243874
5829,0.5843300881883361
5830,0.18896618454383274
5831,0.600713541307953
5832,0.4255525257668377
5833,0.916989505206261
5834,0.5868853745202255
5835,0.49149501283245395
5836,0.785595681711109
5837,0.9379984468979022
5838,0.12186376222128249
5839,0.8839617471385482
5840,0.20776144222895088
5841,0.1546244527981964
5842,0.7730635444578725
5843,0.4419236825512009
5844,0.4690918946744387
5845,0.8612611774362199
5846,0.20998555485891154
5847,0.9345738353877078
5848,0.9328405483579943
5849,0.3266346681440005
5850,0.9092287198448951
5851,0.636245866320388
5852,0.7678916611899962
5853,0.854076752577341
5854,0.4035529731708391
5855,0.9149971827210095
5856,0.14183953770731164
5857,0.9494166496567726
5858,0.8007349477029454
5859,0.7807792785364837
5860,0.26541017526596966
5861,0.09719373247425701
5862,0.3262756460947258
5863,0.7595713371145519
5864,0.9564933833263042
5865,0.8375993557175437
5866,0.27273023365767335
5867,0.20663102022738225
5868,0.818239630029038
5869,0.3201157651161339
5870,0.913497773252068
5871,0.7787426796490772
5872,0.45829761391203255
5873,0.5766100983824384
5874,0.09790778972260934
5875,0.9791413539769032
5876,0.9651666592865281
5877,0.4585822272742142
5878,0.8781219643812728
5879,0.27413465843745133
5880,0.5737954968707036
5881,0.007191579462425231
5882,0.9161682060430135
5883,0.8474842103299207
5884,0.8047901141524996
5885,0.45202807863099864
5886,0.7207467055074147
5887,0.5251249729091431
5888,0.6847140673302198
5889,0.50309386700914
5890,0.07321348655628052
5891,0.7591389262352989
5892,0.29482404553087127
5893,0.3541174661154694
5894,0.5946759706064049
5895,0.9137214166505417
5896,0.38313542517142296
5897,0.760789281058384
5898,0.848769681632085
5899,0.5758475553639398
5900,0.6389136569110336
5901,0.9328342525002445
5902,0.19262227207825167
5903,0.6861820757582001
5904,0.6539336944998847
5905,0.7937973822611463
5906,0.691115754531015
5907,0.9881748822505293
5908,0.4435526686986451
5909,0.9440226541823667
5910,0.9575674447435435
5911,0.6746010804725672
5912,0.8950412741670727
5913,0.7190908718219772
5914,0.736257842654743
5915,0.789675239120924
5916,0.9522800497972548
5917,0.7388718713224974
5918,0.14411853495422347
5919,0.11472087533240945
5920,0.8353709728889823
5921,0.7311424253126789
5922,0.8722066597775865
5923,0.7296833249563512
5924,0.7957392083884646
5925,0.3352210377403079
5926,0.5092042060513539
5927,0.3088887774933956
5928,0.641106481677523
5929,0.9671421038145235
5930,0.21838474726991244
5931,0.9178608148963067
5932,0.4676638564928726
5933,0.30658417660413945
5934,0.35639236924275597
5935,0.6830647130417321
5936,0.4619488621841625
5937,0.3723343586160024
5938,0.1449757189040334
5939,0.13566812482746501
5940,0.9606690652515324
5941,0.6982586955053339
5942,0.39718327447566243
5943,0.9697209390331182
5944,0.5685999507840974
5945,0.816238145763536
5946,0.606470970359069
5947,0.14733367458920646
5948,0.790589378351076
5949,0.04682835856768685
5950,0.8243922678938324
5951,0.40971752839333747
5952,0.8661498549177908
5953,0.5098073690763542
5954,0.6132315792861663
5955,0.09952824508034015
5956,0.21920346175664882
5957,0.5532796982035042
5958,0.8574311396027001
5959,0.5093541836848682
5960,0.9850186831131515
5961,0.9228152774757726
5962,0.6352256535664375
5963,0.29707254366219255
5964,0.5552453982686165
5965,0.5269429657484562
5966,0.9071119822851935
5967,0.9215390792334816
5968,0.9182687591627948
5969,0.9294505515969145
5970,0.8966549676204821
5971,0.21386191501157273
5972,0.8738383987915284
5973,0.22229247389838303
5974,0.345999054822633
5975,0.6843731254630004
5976,0.43377171778848284
5977,0.1840964034015725
5978,0.7107523104316679
5979,0.026643596996595357
5980,0.7148583332479256
5981,0.9355173253690272
5982,0.7022376519834029
5983,0.14940836272876323
5984,0.8190466011185537
5985,0.49664828583053744
5986,0.5244376892145773
5987,0.9334485173356969
5988,0.7603461246457788
5989,0.5066174878080302
5990,0.4372011773054119
5991,0.881457335567875
5992,0.3608953642908996
5993,0.14627352917260034
5994,0.26091123259633964
5995,0.3890652519408471
5996,0.2298005502264766
5997,0.7398802805041037
5998,0.3118971457197149
5999,0.6219883119457049
6000,0.9342387129233553
6001,0.5183290985425063
6002,0.8598739674264685
6003,0.9516806456939241
6004,0.9021443916242514
6005,0.8102440044455032
6006,0.9046626768575196
6007,0.10974460152162246
6008,0.8280913322057059
6009,0.15703576824687623
6010,0.9368604370584493
6011,0.8780272029937827
6012,0.8460033038542262
6013,0.9257630681247608
6014,0.028558283481578087
6015,0.7951758093082968
6016,0.2206044960629566
6017,0.7620994704875668
6018,0.9204698791382993
6019,0.6937838397755502
6020,0.4584406653971107
6021,0.9900467348538071
6022,0.06091380097208703
6023,0.8208835428981883
6024,0.5989669370300686
6025,0.6973295090358249
6026,0.8548031963248767
6027,0.16002134272072507
6028,0.8003220205952433
6029,0.02626350090815331
6030,0.39070900236504985
6031,0.9791254973847553
6032,0.5515850785080777
6033,0.7590738920698116
6034,0.6650386062387811
6035,0.9672516508158205
6036,0.6835470863931586
6037,0.3136528617920276
6038,0.8278978582010929
6039,0.28402999583269595
6040,0.7043297758093066
6041,0.7189301645400107
6042,0.7755886026631401
6043,0.7682206430572768
6044,0.32158896608570786
6045,0.7522648528329375
6046,0.41572125798155085
6047,0.8615232164380476
6048,0.38328175441815465
6049,0.5855810045082187
6050,0.16275800698982057
6051,0.732332516174428
6052,0.965287930115271
6053,0.9924378693424679
6054,0.9001358134184193
6055,0.8887093463595971
6056,0.7523568987828867
6057,0.43864173196141537
6058,0.46505418961304085
6059,0.5993548599798033
6060,0.8717858751494351
6061,0.6619461484043243
6062,0.9612537676884205
6063,0.9319168861681438
6064,0.6998475035656812
6065,0.8446509404626111
6066,0.9177889453785383
6067,0.9090742273929915
6068,0.28928046692113946
6069,0.6512990711883532
6070,0.5109390916546158
6071,0.9757083839237214
6072,0.8074072881743158
6073,0.2058572773154188
6074,0.09455764309934722
6075,0.6507244065975862
6076,0.5504423980242933
6077,0.9941502241754718
6078,0.2111145486313267
6079,0.6029637907001621
6080,0.9411139900887303
6081,0.7016255111987157
6082,0.7941729378704991
6083,0.9558948434485407
6084,0.772726023134001
6085,0.9695126089899331
6086,0.4880404139370082
6087,0.6230419968819088
6088,0.24077641928006055
6089,0.5029950810357025
6090,0.9876438543635168
6091,0.7940217595987541
6092,0.989838461294451
6093,0.7955997817405599
6094,0.08273253501337133
6095,0.6537690283647125
6096,0.9755456389144616
6097,0.7131964873256686
6098,0.8538863132882725
6099,0.3713651814280902
6100,0.15507374082934264
6101,0.946704584480047
6102,0.03555760111892462
6103,0.9940902949577722
6104,0.0728169807154412
6105,0.6899625104327581
6106,0.9030276988465605
6107,0.43878916411860974
6108,0.3698378289846656
6109,0.23652219275601202
6110,0.3165653144134439
6111,0.46326266205885497
6112,0.8660804583946288
6113,0.6836652705522622
6114,0.15427564689414133
6115,0.9311747079910465
6116,0.8194429441757314
6117,0.7160127742722505
6118,0.7307056791913521
6119,0.29072215207842245
6120,0.8311026279642885
6121,0.8165411868710107
6122,0.5763858621533453
6123,0.7331703749434766
6124,0.310802577491713
6125,0.7024437642816331
6126,0.41344133901120994
6127,0.35994129213056697
6128,0.7754535078825531
6129,0.6263084710444334
6130,0.581841358650846
6131,0.4041521418917568
6132,0.965527019414366
6133,0.13194476657658238
6134,0.582582857765596
6135,0.8075728879691533
6136,0.27486085925627435
6137,0.9657987753082381
6138,0.96943866023084
6139,0.14445706427889704
6140,0.5446660012724692
6141,0.644797499185548
6142,0.07490748352311029
6143,0.10867570753681015
6144,0.520701196695436
6145,0.2169999406273162
6146,0.7751398086381122
6147,0.8508873221138904
6148,0.7542213232342002
6149,0.9926647020885885
6150,0.3650181674227358
6151,0.4143103630565583
6152,0.9396703685809159
6153,0.42968937883372343
6154,0.20544922452809086
6155,0.9825430350742087
6156,0.9805326818695549
6157,0.6107904300516495
6158,0.6970456522477901
6159,0.4562827429978975
6160,0.7837034319536499
6161,0.680981915079354
6162,0.7465180442877072
6163,0.42744218947310214
6164,0.926038543811803
6165,0.8493728061639251
6166,0.16676374087132098
6167,0.09439872216985092
6168,0.5129953199239528
6169,0.1550532995454296
6170,0.9489054740565589
6171,0.8896877187428381
6172,0.7727047718097481
6173,0.8707292062850113
6174,0.5087629186238805
6175,0.8860196086516736
6176,0.7864121635643772
6177,0.27688899406313905
6178,0.4905278746294666
6179,0.38027744153325577
6180,0.9621943989624593
6181,0.9971152989114653
6182,0.7771197173876017
6183,0.11634518072199862
6184,0.9632947088663798
6185,0.8697719128622602
6186,0.4642764165432845
6187,0.3484594484493662
6188,0.7951522504591225
6189,0.09275687456181253
6190,0.860318446902097
6191,0.7576567773376754
6192,0.9950975361831339
6193,0.6607935399527123
6194,0.6035081732896211
6195,0.12143142169395778
6196,0.21689599333868467
6197,0.6494086406904334
6198,0.8166876185480311
6199,0.8050025045721453
6200,0.890674854077765
6201,0.4637781461194077
6202,0.9640068651799449
6203,0.8815086412043316
6204,0.12861524923750536
6205,0.9591257562954619
6206,0.1730957583910299
6207,0.8371917988994974
6208,0.9727791011254944
6209,0.6161900660695925
6210,0.9561409133144774
6211,0.7164517288687295
6212,0.9088572148138959
6213,0.9011050405540901
6214,0.9751904385376111
6215,0.7492376034032535
6216,0.9923612191067712
6217,0.866803241254714
6218,0.43804889281805987
6219,0.6814207758197526
6220,0.6900274537218595
6221,0.7013668662772744
6222,0.3649795520727846
6223,0.6512697312643265
6224,0.5591471046413864
6225,0.40602299359229016
6226,0.9893853631395867
6227,0.7856972244228189
6228,0.8978442453299458
6229,0.8426511880908576
6230,0.08047158762449615
6231,0.4658137478642159
6232,0.5657556045805271
6233,0.8856528514222549
6234,0.6172854889052461
6235,0.7052833940338239
6236,0.7525075141384346
6237,0.29981166747906934
6238,0.6766955620456899
6239,0.01653394523109299
6240,0.2134762838114558
6241,0.7676035514696667
6242,0.6844614079310122
6243,0.8757056664980231
6244,0.48166319582773615
6245,0.6628995286285848
6246,0.9568657520645371
6247,0.8375002102760115
6248,0.560842812500641
6249,0.27454293086226167
6250,0.3584355665479692
6251,0.5295191255423478
6252,0.9576712352735975
6253,0.8526859905863563
6254,0.8374558171293355
6255,0.6639814089488465
6256,0.44937452160725266
6257,0.8840289890500314
6258,0.6551154613782392
6259,0.8290199225498576
6260,0.7979596132111743
6261,0.34804746465138914
6262,0.8727695569417309
6263,0.3516748570012432
6264,0.3961357950919495
6265,0.4475810947394887
6266,0.9835116296175604
6267,0.8855588442390007
6268,0.6424159385552879
6269,0.7210720182502857
6270,0.22797693052867815
6271,0.7819320820095098
6272,0.5435562175798876
6273,0.7892636116808921
6274,0.2704816059861955
6275,0.17025080383591337
6276,0.9840887484562493
6277,0.9420640119355906
6278,0.8274739705478314
6279,0.7723780118901603
6280,0.9629721002461168
6281,0.5376175356308406
6282,0.08507119305954576
6283,0.9665536086742953
6284,0.1248562877082721
6285,0.305133952916765
6286,0.8341228728548371
6287,0.7677281728158437
6288,0.8516655533907892
6289,0.6256289849978894
6290,0.9730567261587068
6291,0.6754250350746499
6292,0.59884439521081
6293,0.9759006228212339
6294,0.3473413210356855
6295,0.5830580483813186
6296,0.30048411592092583
6297,0.20020765360237744
6298,0.8356658117844047
6299,0.9957907477862458
6300,0.47841740004923533
6301,0.7453151816866163
6302,0.8052512599804547
6303,0.11469555657549335
6304,0.29548398677500237
6305,0.3566618646461243
6306,0.9561387764142052
6307,0.7461321766428114
6308,0.49558751669253587
6309,0.6382818445170552
6310,0.8190228823875246
6311,0.914390964862093
6312,0.9326889843362268
6313,0.9357653016552249
6314,0.14700111208275393
6315,0.29033228109607856
6316,0.6197182004199949
6317,0.6385335225439348
6318,0.6872770205314748
6319,0.9736886474445487
6320,0.5505116444203795
6321,0.579946625925566
6322,0.45315176456318196
6323,0.08491120528467078
6324,0.11230174910352053
6325,0.2854824243698133
6326,0.3929741443839278
6327,0.25858610715253494
6328,0.3490887872242033
6329,0.7232428598487256
6330,0.8069026590145884
6331,0.43771681543435464
6332,0.4712797937081468
6333,0.6310225004126054
6334,0.27843313576250184
6335,0.4119507766357775
6336,0.5610379639632189
6337,0.8908577570798936
6338,0.3967249586437804
6339,0.9933206649771883
6340,0.938221451262061
6341,0.8743770402909071
6342,0.37014604839755383
6343,0.810956145124898
6344,0.7801803933490269
6345,0.09673284028605379
6346,0.27570996543256826
6347,0.2287735477286179
6348,0.7815790988576761
6349,0.08363759078354888
6350,0.431802364653628
6351,0.12319465100791176
6352,0.2982395812970639
6353,0.5894368048113854
6354,0.5691525054532228
6355,0.18041284184445036
6356,0.8585846331839573
6357,0.2883005745871991
6358,0.12467056244366419
6359,0.9181986907847531
6360,0.358043118311139
6361,0.44632975402974706
6362,0.37254816142444175
6363,0.2980274554998909
6364,0.8711445744704052
6365,0.9610982734013214
6366,0.6634849555899739
6367,0.26074985906170006
6368,0.9653384322376635
6369,0.34829038291631703
6370,0.5913708481094107
6371,0.5352619449671866
6372,0.7374329933508365
6373,0.8808454538571531
6374,0.124947121655408
6375,0.9461061389552402
6376,0.9319917022921748
6377,0.20009444856103367
6378,0.43164960020330895
6379,0.39793787047214796
6380,0.037517871929173
6381,0.2662215629602166
6382,0.9132971087368028
6383,0.6153186925743517
6384,0.6745233629822488
6385,0.10541946836161935
6386,0.7547563221736211
6387,0.9157866327783332
6388,0.8100555224318701
6389,0.0694735467525041
6390,0.4783845362944595
6391,0.5327367995228186
6392,0.8196942444225822
6393,0.12290765942784061
6394,0.138141425473174
6395,0.8175076008671526
6396,0.580434024559696
6397,0.6966155502927842
6398,0.3539137837525408
6399,0.8879735039187743
6400,0.5978763356361178
6401,0.7082761725605232
6402,0.9229931522965819
6403,0.795209290102039
6404,0.038149466446878944
6405,0.08851557747339166
6406,0.4114847633772522
6407,0.1023907681905062
6408,0.7358558619664416
6409,0.4053975513461905
6410,0.22300678531424234
6411,0.9897084046836729
6412,0.2742950127270429
6413,0.6963843197041757
6414,0.3139793785819249
6415,0.9527691951594885
6416,0.3245462311942963
6417,0.04276378432057615
6418,0.9367655049090051
6419,0.9855754299249027
6420,0.7249962960313269
6421,0.12929910914572396
6422,0.0532219225264697
6423,0.7561788741879587
6424,0.5303809016919828
6425,0.1638070205865977
6426,0.2628123290329279
6427,0.29273615154334226
6428,0.9650101074434412
6429,0.968812811729892
6430,0.9419911957390447
6431,0.1590995609756475
6432,0.3119959659862454
6433,0.41100984241786404
6434,0.6887092247094171
6435,0.573939539919344
6436,0.9869158272892093
6437,0.6275342194337813
6438,0.32488839058706914
6439,0.08494464281561964
6440,0.06402090562840874
6441,0.36122614642551
6442,0.510079076779624
6443,0.9380920892045147
6444,0.9145363999104426
6445,0.6062213261320023
6446,0.6315467582884152
6447,0.9632944520007686
6448,0.77512589941638
6449,0.9633968929240907
6450,0.8056118017163466
6451,0.5303086843465544
6452,0.5940423717652564
6453,0.8509467042867382
6454,0.8676973747202922
6455,0.9968094950564725
6456,0.8899675923269194
6457,0.8228338639318818
6458,0.8565109282316911
6459,0.5466559362763592
6460,0.9143892776709642
6461,0.38456702080417954
6462,0.4374769307382603
6463,0.8186064720668194
6464,0.6934603421089772
6465,0.3373214520522733
6466,0.7510439198802215
6467,0.278646282205193
6468,0.29805971339123966
6469,0.8732190653568809
6470,0.6385795961338832
6471,0.9320897191677364
6472,0.9902727765101185
6473,0.5136506542192535
6474,0.9332213041096794
6475,0.8670958415408107
6476,0.9459108854653385
6477,0.7355399227114824
6478,0.9760232639254943
6479,0.5816622444208995
6480,0.8335768537348573
6481,0.9464004368269597
6482,0.17863745481784332
6483,0.8307043160578927
6484,0.25829056867526257
6485,0.9946735276194056
6486,0.17738294502873253
6487,0.7790898167867383
6488,0.9271664351138833
6489,0.7705519265899134
6490,0.7766623141831938
6491,0.6977873942350938
6492,0.33385551763151566
6493,0.5537284916474874
6494,0.8543210195828076
6495,0.5710176685495064
6496,0.1851371161941593
6497,0.8255697588301292
6498,0.030564567015177676
6499,0.4912499283322502
6500,0.33171742741839877
6501,0.5257254147977368
6502,0.6493994565508163
6503,0.3780637072407975
6504,0.7584911648437314
6505,0.9734839362394947
6506,0.849227637445593
6507,0.26684160350296643
6508,0.22027823430181603
6509,0.8737967877550313
6510,0.4243430453468167
6511,0.759463967875755
6512,0.9032004160573416
6513,0.7793165696751085
6514,0.9375282071054439
6515,0.8506672762104329
6516,0.678125204339973
6517,0.78260644240028
6518,0.9688409477056705
6519,0.06134633983924323
6520,0.25137628684976737
6521,0.9644373411833027
6522,0.4353290543861837
6523,0.4855337759767269
6524,0.7723856572069682
6525,0.32757337044198676
6526,0.5971877451227273
6527,0.20445704992933178
6528,0.06993570777598117
6529,0.5969311385243105
6530,0.9510731706832756
6531,0.9067189653678813
6532,0.9587494244947194
6533,0.9639858887739513
6534,0.8825293489608533
6535,0.6886169831175982
6536,0.6971114570646436
6537,0.4237122682098519
6538,0.9820049567660103
6539,0.1738901154200602
6540,0.6679221046014937
6541,0.6488054981737608
6542,0.7780141021927639
6543,0.9177995396135027
6544,0.05526045333445804
6545,0.6504684844048948
6546,0.9107035858817779
6547,0.39060400100124504
6548,0.823983848340383
6549,0.6572135221584362
6550,0.41380228225167826
6551,0.5422570585803611
6552,0.21458809862466866
6553,0.8913495080858787
6554,0.13680417672241874
6555,0.9320610195429772
6556,0.8888280493939488
6557,0.9054472663170273
6558,0.45737139256741116
6559,0.6225095076338182
6560,0.6252090358351041
6561,0.2726812206362165
6562,0.9332070220201479
6563,0.7914560967856151
6564,0.9879602999094482
6565,0.42323464495798424
6566,0.42620628142841016
6567,0.858977012320204
6568,0.5184538615643111
6569,0.3650703136790124
6570,0.0861262714735742
6571,0.5732995586464456
6572,0.14685221660289874
6573,0.9742392598644697
6574,0.15676691771222664
6575,0.37567389378718014
6576,0.8786004293574171
6577,0.2133204804364959
6578,0.6747383515872382
6579,0.8205713151007094
6580,0.5744823303443409
6581,0.14255707170474607
6582,0.4177438349209018
6583,0.6715482009842053
6584,0.8436318176606835
6585,0.6217786801419652
6586,0.6525656073827553
6587,0.9427680336413777
6588,0.3011655531627054
6589,0.1975336457412482
6590,0.42884771506636904
6591,0.18304585395607254
6592,0.2488560559165933
6593,0.5386261765321732
6594,0.009659005216732542
6595,0.9062728072541453
6596,0.0684294331196311
6597,0.6155433878329748
6598,0.08526686336023565
6599,0.21093868826688747
6600,0.763683932061717
6601,0.2553744909454513
6602,0.6963447029914006
6603,0.8878488750661161
6604,0.7273498835275586
6605,0.802443092708132
6606,0.5864295650715509
6607,0.7015939132803686
6608,0.4256795796727632
6609,0.11737431678082832
6610,0.6175239993869703
6611,0.4705156710946759
6612,0.08684035887552023
6613,0.5937130771309216
6614,0.08826032639357222
6615,0.1815089151982544
6616,0.2825301325897819
6617,0.7440780513116341
6618,0.7643951273700091
6619,0.4866960186964584
6620,0.5569124702854181
6621,0.134288166347131
6622,0.828743728076831
6623,0.2047276141510931
6624,0.3482103592820094
6625,0.13155815704034854
6626,0.9370323540332501
6627,0.9187776774428084
6628,0.9368937464464051
6629,0.7946938358859787
6630,0.2768784603423143
6631,0.9392013173232024
6632,0.1112877922106394
6633,0.6237522013736652
6634,0.41430269781530615
6635,0.8075915845945297
6636,0.1120366918974362
6637,0.23749667789592602
6638,0.485752295643604
6639,0.8691218253669676
6640,0.5393567631636328
6641,0.4644000510654305
6642,0.8385063784012193
6643,0.8677566790460972
6644,0.8620491258569868
6645,0.9265828798698917
6646,0.7752578449809961
6647,0.9735619828683736
6648,0.6970926834499416
6649,0.7903166324751677
6650,0.9128601844003422
6651,0.37048119585119105
6652,0.8981050464274926
6653,0.9169078150668071
6654,0.7155119902662777
6655,0.8115643616344816
6656,0.8632977477013696
6657,0.4162213286913643
6658,0.9966082308866926
6659,0.23358560874963372
6660,0.7894319318865765
6661,0.47419669065371134
6662,0.9391124230206591
6663,0.8013089681565918
6664,0.9422541840878926
6665,0.7674096736004028
6666,0.9858112658170497
6667,0.4922470512496764
6668,0.7267735249438613
6669,0.8901136596769944
6670,0.125562857030709
6671,0.9488475547766148
6672,0.04602041770439854
6673,0.6791733978676282
6674,0.9038147995846622
6675,0.016219862389269587
6676,0.9654197363283847
6677,0.8568576327871966
6678,0.6943545773449488
6679,0.7528186414284547
6680,0.1227599768680036
6681,0.8764534156101108
6682,0.7914262685660506
6683,0.3068195483118709
6684,0.478607716914843
6685,0.6331922893541383
6686,0.5127096294729149
6687,0.8648140140855644
6688,0.39323107864532386
6689,0.5692519098525832
6690,0.6277044979831109
6691,0.991426745062954
6692,0.8249478751263729
6693,0.4701222206484929
6694,0.8331665628001855
6695,0.4256233010816292
6696,0.6002942307507015
6697,0.9147228368086168
6698,0.8507466370849562
6699,0.06448995088406129
6700,0.8259037253095062
6701,0.9669703480894242
6702,0.6937799604894458
6703,0.1693312071448095
6704,0.69032381280093
6705,0.9128020456322968
6706,0.09538780037888596
6707,0.9492163782497361
6708,0.9600636323964737
6709,0.80192276974982
6710,0.5285472143729165
6711,0.197976134481602
6712,0.6170146944425987
6713,0.08496166750876612
6714,0.5621044931765982
6715,0.6114195061711508
6716,0.16327535656141945
6717,0.6991900114447166
6718,0.9615650535906468
6719,0.9075781671264319
6720,0.03590376048806727
6721,0.8995653461435595
6722,0.2586607276151287
6723,0.6018530741300868
6724,0.3402965375412655
6725,0.6261602343239729
6726,0.8244325665470438
6727,0.962607904605671
6728,0.500870422826312
6729,0.6199411214121596
6730,0.7815605911271147
6731,0.45896700449560085
6732,0.7069619978549199
6733,0.8043558944357013
6734,0.7934703708618939
6735,0.5248843346686426
6736,0.30084120917230156
6737,0.7639333605205022
6738,0.9507592749472348
6739,0.9727896042785907
6740,0.8099631991728122
6741,0.5302650539376615
6742,0.78474889879124
6743,0.5768544757081443
6744,0.1879257874026253
6745,0.5059303862776551
6746,0.7643121852964545
6747,0.6214627652027976
6748,0.3814924797256171
6749,0.7485474223494525
6750,0.7337483060208783
6751,0.8566730741693465
6752,0.9253257146297926
6753,0.40329017398860056
6754,0.9124039103688012
6755,0.1650818635845053
6756,0.7641863281617082
6757,0.5798582845798813
6758,0.522656706498045
6759,0.3390072637179376
6760,0.7492857960251982
6761,0.9201012606116773
6762,0.8434406667371809
6763,0.2036900735874502
6764,0.23682315921652478
6765,0.6200252557030407
6766,0.8428156113424823
6767,0.5760133430929849
6768,0.1692081992822161
6769,0.6893509730855202
6770,0.04389196955598762
6771,0.9180495338052216
6772,0.876977004632901
6773,0.3620372104133833
6774,0.8403750231211399
6775,0.9228495075266303
6776,0.9407366867608399
6777,0.17001698993088177
6778,0.5086850799156576
6779,0.6241449582728167
6780,0.6132113875259647
6781,0.5198274792114987
6782,0.3713761320737512
6783,0.30785038152117605
6784,0.7136178993314263
6785,0.41552216362012523
6786,0.6277859279792405
6787,0.8306950357781916
6788,0.9697839951521691
6789,0.6573015562520663
6790,0.18901682494973038
6791,0.9963773962059309
6792,0.6073879503728571
6793,0.672380854944666
6794,0.5929606307498053
6795,0.11842760040174295
6796,0.9234262866205182
6797,0.9489405341674239
6798,0.13715017793348794
6799,0.7583480206254617
6800,0.23318597266889715
6801,0.9751341304860879
6802,0.8909587348644536
6803,0.918704083438593
6804,0.3126710738963219
6805,0.5889504679535088
6806,0.9089147555036815
6807,0.07880258010975306
6808,0.5605606356331555
6809,0.9452338758657358
6810,0.9662655152286034
6811,0.556200386475037
6812,0.8233647901788571
6813,0.9941154737392238
6814,0.9610097778337794
6815,0.5242678968044007
6816,0.19040582054223246
6817,0.5517830311174118
6818,0.9651191384357075
6819,0.5922596170885898
6820,0.5001902033674653
6821,0.06914317195222115
6822,0.3026705879922133
6823,0.8548825726509549
6824,0.780322720736148
6825,0.016027561881905874
6826,0.4907086842967998
6827,0.9854322964482449
6828,0.3647078644034562
6829,0.44107893210585297
6830,0.890604800820184
6831,0.9303144255591
6832,0.9850732092432573
6833,0.15843874705601205
6834,0.9628365319178345
6835,0.7393501389653118
6836,0.4845891788908518
6837,0.21102521911617636
6838,0.9389744741990885
6839,0.11829466679215873
6840,0.37980650224812634
6841,0.7302146016115424
6842,0.9301087226895374
6843,0.6931255562801617
6844,0.6904214789587333
6845,0.04484221646588498
6846,0.33332068999425213
6847,0.2239996417269794
6848,0.85511308304986
6849,0.30133400906381735
6850,0.7685710962816464
6851,0.9188015144984778
6852,0.8857723652300432
6853,0.98762752542958
6854,0.8752353025977619
6855,0.7303440672951192
6856,0.9219493504397335
6857,0.26338024016918604
6858,0.794307574175555
6859,0.5139880747510093
6860,0.3630250923189477
6861,0.25467756693637655
6862,0.9001387298340707
6863,0.18804884648449147
6864,0.9906792808084531
6865,0.610470225238277
6866,0.7021777820491631
6867,0.5186901853619537
6868,0.8749473288516945
6869,0.10758742614164314
6870,0.9847669650161678
6871,0.9416538976331389
6872,0.9205217922481476
6873,0.308306070085325
6874,0.9357781298047622
6875,0.9532017053019314
6876,0.6051821627065445
6877,0.16642213245338836
6878,0.44472811322920897
6879,0.8476175974761384
6880,0.6878637267693994
6881,0.6017789142565398
6882,0.20431730745478446
6883,0.04304362572958944
6884,0.9960964140189145
6885,0.012416886019844397
6886,0.32167437300703144
6887,0.4326086092982369
6888,0.5863339028413177
6889,0.5397387144133955
6890,0.8786235584658213
6891,0.7029960383301797
6892,0.4173611018213094
6893,0.8444667125737548
6894,0.9275701426245364
6895,0.08542492955756782
6896,0.2917872982947329
6897,0.3530787836011065
6898,0.5556775348626651
6899,0.8600331553084314
6900,0.9665705135467032
6901,0.7367167387201206
6902,0.5408895090780869
6903,0.8679384485531494
6904,0.7851726410425116
6905,0.19649945362539836
6906,0.7462772365087282
6907,0.5351832149066027
6908,0.19295740718464374
6909,0.7177498253752361
6910,0.7486830159541215
6911,0.674675949245309
6912,0.9720065571914921
6913,0.25805060907427163
6914,0.23936745713568852
6915,0.6089041076409846
6916,0.3661127403933395
6917,0.9871703013154466
6918,0.5544356681031511
6919,0.9218119281724318
6920,0.9166211479029481
6921,0.1984216665239236
6922,0.47118310696559446
6923,0.5920324015334293
6924,0.3549032693045939
6925,0.7749747683372957
6926,0.24586428648393419
6927,0.7364288405375808
6928,0.9365313354238944
6929,0.8516639879290072
6930,0.8195429121151575
6931,0.8443818353615299
6932,0.3343470907046358
6933,0.3971488796355169
6934,0.809377706065808
6935,0.15529288382778997
6936,0.7113542514396318
6937,0.5359222687596593
6938,0.9711668818065796
6939,0.7372671770938428
6940,0.49704085852791696
6941,0.19546945776389543
6942,0.2714140369225682
6943,0.981863936632553
6944,0.9002771623048677
6945,0.7869768120733479
6946,0.8710749318309711
6947,0.8254413594681566
6948,0.1735516481382382
6949,0.95888829219057
6950,0.9714288165077175
6951,0.8750533787752367
6952,0.22604874998189095
6953,0.9018319697326745
6954,0.6915668924453376
6955,0.7749877331617451
6956,0.2846366736777191
6957,0.5166188428312041
6958,0.38920861120561673
6959,0.7939497163484686
6960,0.3676885952154995
6961,0.08171426703879427
6962,0.8149778711298263
6963,0.9759347319515447
6964,0.38692922335711954
6965,0.3443193999895442
6966,0.6499831830765872
6967,0.6941673697778575
6968,0.22752649520384005
6969,0.822766338138114
6970,0.6786782985392049
6971,0.5917505848138535
6972,0.642697346058357
6973,0.9471497339509436
6974,0.9480578937038538
6975,0.3923921527808747
6976,0.8943106154859005
6977,0.35398910093709635
6978,0.3449288616515364
6979,0.41622047514817573
6980,0.2408163574009806
6981,0.40890150402936004
6982,0.15023199904049014
6983,0.3781670440969796
6984,0.44065678243081324
6985,0.2260135922150944
6986,0.06840923657388188
6987,0.6012383661215345
6988,0.7418621559062138
6989,0.37100416567195665
6990,0.9782550477756894
6991,0.8271499014504263
6992,0.9037077276380755
6993,0.039128708124957064
6994,0.6002589953647509
6995,0.47665238572756513
6996,0.7965385956436384
6997,0.47984924785962346
6998,0.747656933783733
6999,0.7947675131736189
7000,0.25996434265367957
7001,0.6579380295366722
7002,0.5783936199536518
7003,0.2730624572800892
7004,0.02522006710136832
7005,0.5199943641017812
7006,0.8893439189282432
7007,0.017380055392220064
7008,0.3431360905795859
7009,0.9754964055781311
7010,0.13565983376046936
7011,0.95555130190669
7012,0.9443204843359864
7013,0.7662265369233076
7014,0.5124646508824128
7015,0.4351135048166915
7016,0.9122101166185393
7017,0.9394129641329937
7018,0.392796788045579
7019,0.8448487007748251
7020,0.9446967238753433
7021,0.5619239331746253
7022,0.5745719223103225
7023,0.9726084348672704
7024,0.7833561996684627
7025,0.6160001146173552
7026,0.16279031024399607
7027,0.12073287798012777
7028,0.3674097678976232
7029,0.8656383146307688
7030,0.35656225826792376
7031,0.19804164287934037
7032,0.50071708333774
7033,0.6841757459071953
7034,0.3187386412267754
7035,0.46217843590119667
7036,0.28458839883145515
7037,0.2388229094235305
7038,0.8671115199360964
7039,0.04028755881383123
7040,0.629232661114429
7041,0.29810640481715317
7042,0.28940192887412586
7043,0.5449652859193636
7044,0.7054949792397979
7045,0.18161086542734153
7046,0.8052071529843662
7047,0.9476218466808201
7048,0.41824531810987664
7049,0.2927156902999874
7050,0.030932184722469714
7051,0.6205123302210798
7052,0.06329716734991869
7053,0.5843561824852124
7054,0.6481293206684188
7055,0.21711600627820946
7056,0.9535259542036439
7057,0.327101430939414
7058,0.2058512523562673
7059,0.5145685006303221
7060,0.3178054632533159
7061,0.6659771417545918
7062,0.9393924683108498
7063,0.8115894448712209
7064,0.2597582867541335
7065,0.6974416901729539
7066,0.08772739723892746
7067,0.8803850671268062
7068,0.6406893429840094
7069,0.967722521797798
7070,0.7671947756311068
7071,0.5334116913628492
7072,0.3225378067900119
7073,0.5295965079180874
7074,0.3412425569615596
7075,0.8100541181702011
7076,0.8214617136706854
7077,0.9744145791665936
7078,0.1322583204098682
7079,0.6679613048840194
7080,0.8611432139274644
7081,0.42358409520100926
7082,0.772497538413746
7083,0.908394513777829
7084,0.39459751397836795
7085,0.9879358386548494
7086,0.42180336936885504
7087,0.8587583643958351
7088,0.878250412903606
7089,0.9532226941197409
7090,0.4057640506327715
7091,0.8579956547626321
7092,0.3356204633251367
7093,0.05356873579099939
7094,0.634703902986307
7095,0.7686091614833629
7096,0.83298749560179
7097,0.6511828850550966
7098,0.4582241358375416
7099,0.7576528664130775
7100,0.7670912313916302
7101,0.80040789622498
7102,0.061017450896949134
7103,0.7231901499865793
7104,0.38622966999110814
7105,0.6591326999348303
7106,0.21509565675157294
7107,0.31627828755788795
7108,0.902125441280354
7109,0.5466398682990312
7110,0.7516544902214061
7111,0.8230507813367084
7112,0.37708684920234675
7113,0.3370388752837619
7114,0.8606533566619073
7115,0.9881301553798321
7116,0.9407717767565272
7117,0.4414972245313695
7118,0.5243946980686659
7119,0.4549526857646105
7120,0.8367267313688465
7121,0.9027089304886481
7122,0.43502594488816465
7123,0.8905817854739423
7124,0.8897804382505416
7125,0.8514054211881102
7126,0.2652815743170114
7127,0.7923266103783577
7128,0.34465640233325706
7129,0.23500596866466275
7130,0.3981427786176039
7131,0.9188964758673105
7132,0.15771757331332176
7133,0.2958557372312788
7134,0.5965520571385303
7135,0.6027990584291159
7136,0.7207870362329455
7137,0.9776646181588206
7138,0.8367297136611155
7139,0.14164090190126455
7140,0.45822891978153496
7141,0.6907644068560357
7142,0.8261811101227526
7143,0.7256368322036969
7144,0.632831819755869
7145,0.16390894841254885
7146,0.780212677847793
7147,0.9133936364125388
7148,0.8833165762469058
7149,0.3885881154205923
7150,0.5854203067349762
7151,0.5770356524099028
7152,0.6604886981911465
7153,0.9423686197203174
7154,0.9526468732374247
7155,0.9875383900819162
7156,0.686093646211987
7157,0.5871198969134799
7158,0.8172965487994941
7159,0.7728172964742884
7160,0.7887075173829615
7161,0.342418323064495
7162,0.36016631666794424
7163,0.6295567992627329
7164,0.3752652894521469
7165,0.8705911980931688
7166,0.4735594829907444
7167,0.34325254076376027
7168,0.7433097671326937
7169,0.7911285433435368
7170,0.7829531067799552
7171,0.9503514408047712
7172,0.684960168267931
7173,0.8612825540100427
7174,0.9254931856647731
7175,0.20627163593752806
7176,0.9625987927742523
7177,0.9706095012298336
7178,0.158933747662004
7179,0.052527859030704595
7180,0.875398009261524
7181,0.5098731756746241
7182,0.1285714646966067
7183,0.3029234646794429
7184,0.4498660598553194
7185,0.8415172920927345
7186,0.3302978982261137
7187,0.6067965318512717
7188,0.6378434291585275
7189,0.7655031324997174
7190,0.9593706851621658
7191,0.3914767374204719
7192,0.8962073492058122
7193,0.3206066400980699
7194,0.19354207996968995
7195,0.11385638557675377
7196,0.9850541114403645
7197,0.2798730363290166
7198,0.7971701810401894
7199,0.29664866015471236
7200,0.2577289711970827
7201,0.9871641789237627
7202,0.5094590512079833
7203,0.7545780133934413
7204,0.8804598733722626
7205,0.7856779226470495
7206,0.7314962906766965
7207,0.15964506586515323
7208,0.8550333175327541
7209,0.36080082594425494
7210,0.9041450449750412
7211,0.30364826550898744
7212,0.3533433694098691
7213,0.501223085965194
7214,0.1447970959998862
7215,0.6856178848135307
7216,0.6250506217815713
7217,0.7199913832069437
7218,0.8886652627717481
7219,0.9226731470855941
7220,0.47056807554964136
7221,0.4682439895454121
7222,0.7990609117092772
7223,0.15610074302541008
7224,0.8471125801122178
7225,0.8422583552530799
7226,0.9439187284022258
7227,0.9750431568082875
7228,0.25537974572212724
7229,0.4259017111219288
7230,0.18360999703975853
7231,0.8327659543032139
7232,0.5348385576206783
7233,0.8209669804156957
7234,0.7537318366039419
7235,0.04860172882032854
7236,0.40616198070140935
7237,0.7901330483685868
7238,0.8501090947340622
7239,0.7525824555865718
7240,0.9321521079235894
7241,0.42579268345465193
7242,0.6407982425160168
7243,0.8842427269606378
7244,0.5460342734584008
7245,0.7595311987467697
7246,0.9799757969413188
7247,0.6084835046558659
7248,0.8371227402200913
7249,0.6266549606955633
7250,0.9384827498541384
7251,0.2248221494354499
7252,0.7993790516155235
7253,0.8165741114913333
7254,0.7221355745611037
7255,0.6197850119198657
7256,0.9187203697016385
7257,0.5599174942039258
7258,0.6152263302621512
7259,0.2852926216662236
7260,0.34877784591777483
7261,0.9775327192252986
7262,0.41161847855493455
7263,0.6664035028012054
7264,0.6357156627951671
7265,0.5893369741348397
7266,0.7329203620987744
7267,0.8806330767252574
7268,0.38622291911902806
7269,0.7780046753407048
7270,0.48535556271530716
7271,0.775036519343543
7272,0.9893016092376445
7273,0.42321839746421935
7274,0.469424603805078
7275,0.8484966254901726
7276,0.030993805092732363
7277,0.9451106778275967
7278,0.5182342248595492
7279,0.8374663056110435
7280,0.49723675577601467
7281,0.7698393714046974
7282,0.3422627987276117
7283,0.6902022736005229
7284,0.4849750850535009
7285,0.8352816309185935
7286,0.7587381507052348
7287,0.9924721225040134
7288,0.692777535511262
7289,0.16585376431509444
7290,0.3484406568191682
7291,0.9146732521710161
7292,0.2046605399999534
7293,0.6076630880967683
7294,0.9050512671106187
7295,0.9119433616940503
7296,0.7528070252309917
7297,0.4651102405668374
7298,0.9925311447617835
7299,0.3740601057042605
7300,0.26521663531067186
7301,0.9866803935480014
7302,0.18691542659471852
7303,0.9701073294565449
7304,0.9954692195258268
7305,0.7869058153961411
7306,0.5231746557561419
7307,0.7203849394491009
7308,0.20828188566753292
7309,0.30407994538289185
7310,0.8682001548493593
7311,0.9390182963984669
7312,0.471434662912757
7313,0.17718609925393772
7314,0.8012167645042032
7315,0.5236821882616808
7316,0.7114684810681551
7317,0.2297808458193511
7318,0.9636987476561871
7319,0.017851510227821776
7320,0.5735618598576812
7321,0.8742318184204773
7322,0.37259192727482143
7323,0.4763638152957517
7324,0.557972260891758
7325,0.6256846204900784
7326,0.8066354797997475
7327,0.010978906663933382
7328,0.15514135669310936
7329,0.5226123528400046
7330,0.8892801538162791
7331,0.6585940321653952
7332,0.5217344986905468
7333,0.9368242486555931
7334,0.21487166363411417
7335,0.8593604578829336
7336,0.7508203723748238
7337,0.8742763609278447
7338,0.5178513644938357
7339,0.9052376005312636
7340,0.5176462824115601
7341,0.2365221119660609
7342,0.9685719300829242
7343,0.11572753038704818
7344,0.17779728099005357
7345,0.5734510808740305
7346,0.8256298054433316
7347,0.42672792376756724
7348,0.11256360004269554
7349,0.894937502039328
7350,0.731064725269008
7351,0.712561782687129
7352,0.8977028789258615
7353,0.7179240539499127
7354,0.49907955278813826
7355,0.12966930473673646
7356,0.8837199835781776
7357,0.7865877781476044
7358,0.10860729690555519
7359,0.4565778205260458
7360,0.40775167359582437
7361,0.9682809871293218
7362,0.09337873459089426
7363,0.21182611862559833
7364,0.1680300826619361
7365,0.5177062053732785
7366,0.9598649674290719
7367,0.6524576794625744
7368,0.7008633282197613
7369,0.12760482982928403
7370,0.070509885722797
7371,0.42173595263552593
7372,0.7247518207077824
7373,0.7917709605754185
7374,0.07617469227925965
7375,0.5742556803482537
7376,0.7571238365131628
7377,0.48315095524084445
7378,0.7493646140112328
7379,0.7055320610381344
7380,0.3028017196975638
7381,0.8454893254252601
7382,0.4506779760281763
7383,0.7398531918162212
7384,0.8598409458298417
7385,0.5297456993615114
7386,0.5268240089416124
7387,0.9730146894053563
7388,0.6094806944190824
7389,0.19505453150481614
7390,0.5163586782820647
7391,0.8756006873955847
7392,0.43010184423280545
7393,0.2676081178712869
7394,0.7761779647334893
7395,0.960861758752861
7396,0.9699390424996439
7397,0.9359090906932858
7398,0.9525964225750739
7399,0.6313514558818332
7400,0.10485603446417131
7401,0.7628088716771226
7402,0.3520314402660268
7403,0.3200886094659415
7404,0.9115411366655808
7405,0.7115395546427528
7406,0.17212140954085262
7407,0.8847653086515427
7408,0.4327303180943876
7409,0.7307938218663012
7410,0.7704039848740241
7411,0.4827000424073276
7412,0.32987298396725256
7413,0.693919503594739
7414,0.5326147696875901
7415,0.20740851264750407
7416,0.15325782740799151
7417,0.5807036113755073
7418,0.8831557334707206
7419,0.662496512899831
7420,0.6110647780564521
7421,0.8974914946239592
7422,0.33635950923633856
7423,0.8323003438105786
7424,0.15106897686291
7425,0.5018604012767404
7426,0.9288179169716931
7427,0.5289199465973181
7428,0.17207597567992572
7429,0.7234105601064761
7430,0.9718761738304543
7431,0.2363154750685714
7432,0.019864897251508543
7433,0.17830681060688922
7434,0.6698883854219236
7435,0.4250600101703448
7436,0.5063747667211675
7437,0.45711380243701494
7438,0.5001273054339664
7439,0.6937406577415138
7440,0.08049313568600568
7441,0.8521750994667198
7442,0.6528715527016682
7443,0.18607396978856974
7444,0.9402159167360798
7445,0.9022347341625591
7446,0.7488481483398917
7447,0.6597313728345322
7448,0.6867580626695163
7449,0.4633074487621796
7450,0.8955015751539198
7451,0.96620855549013
7452,0.5493264421872911
7453,0.017111216925482762
7454,0.8705488286404331
7455,0.1181010568191483
7456,0.4372128821168156
7457,0.8285878529795149
7458,0.48867019398132766
7459,0.6165685828906393
7460,0.9330162485089216
7461,0.4839711554039217
7462,0.8621366857621121
7463,0.9915967742620783
7464,0.9664735883853725
7465,0.2730309123392453
7466,0.40740845967194167
7467,0.08486481091383524
7468,0.3573896288482327
7469,0.08627323555893608
7470,0.5196164795907432
7471,0.6536293305284323
7472,0.15719820862043712
7473,0.6267710209123208
7474,0.856152327159927
7475,0.6751594389989889
7476,0.9019642979047412
7477,0.22071518903042545
7478,0.9716965279705683
7479,0.8021733791262092
7480,0.8593846108827109
7481,0.44059022522746566
7482,0.1089201928142507
7483,0.9064592042413127
7484,0.48676078792145794
7485,0.9429676654031937
7486,0.7334823005578496
7487,0.6093872007706224
7488,0.11461357816500928
7489,0.4214906842955206
7490,0.8722867028912216
7491,0.48105615643046157
7492,0.8587148680379988
7493,0.8041631467700384
7494,0.9892053994619662
7495,0.6291734680994662
7496,0.8410715498445565
7497,0.6740907021658229
7498,0.9472905116570446
7499,0.9335879727005648
7500,0.2606793189211763
7501,0.5722669488423845
7502,0.4809152213550451
7503,0.7462680477671766
7504,0.5703939628788977
7505,0.6030721344499774
7506,0.7278118527216758
7507,0.04403861350031412
7508,0.7699296109062409
7509,0.8634606839581725
7510,0.09970319006035892
7511,0.9041570157783055
7512,0.8250351929410494
7513,0.5910806446408399
7514,0.21460918771149193
7515,0.3562624140442963
7516,0.35990130552131117
7517,0.3293271493104127
7518,0.7136526885743629
7519,0.8752109861898257
7520,0.35641445784189196
7521,0.8790942103466365
7522,0.572819355370869
7523,0.23173143535777804
7524,0.4212066894242086
7525,0.17487285706227462
7526,0.9345273569396678
7527,0.7203718589742542
7528,0.8279232954923619
7529,0.4419066580234075
7530,0.6910821681903753
7531,0.5804056996125436
7532,0.6933433807010729
7533,0.6639778049554557
7534,0.6168462084902179
7535,0.7266370050415577
7536,0.45003481592923594
7537,0.49095130114026597
7538,0.43846169800693335
7539,0.2691746026555409
7540,0.5815580211684767
7541,0.9446539974737528
7542,0.4874343391741993
7543,0.8579500130768468
7544,0.9632171002772281
7545,0.9804114761906918
7546,0.5492414719837179
7547,0.7428839252274745
7548,0.7049315625568836
7549,0.25504867374004764
7550,0.8907283121031195
7551,0.6964460801730268
7552,0.7151641155116829
7553,0.7652063164834475
7554,0.9888343143692429
7555,0.27249512534738013
7556,0.35209343500254303
7557,0.45946926534247945
7558,0.4824993386693146
7559,0.7050753461764542
7560,0.8362511256254149
7561,0.20372245696881217
7562,0.2640102997395024
7563,0.8425833004878894
7564,0.7168378068554152
7565,0.9177349687006306
7566,0.8551507620294511
7567,0.9105394804072188
7568,0.5752752352283667
7569,0.16026885307903352
7570,0.4092000599386048
7571,0.9684148752666047
7572,0.08682449293157539
7573,0.9248701329796334
7574,0.02694201857892436
7575,0.10571776588185743
7576,0.130059765910684
7577,0.2157952466180739
7578,0.8359913624344669
7579,0.7034360381311376
7580,0.5603860300247465
7581,0.6661442523261317
7582,0.8537837374621892
7583,0.49556711013103577
7584,0.9441854674508056
7585,0.9546754982895996
7586,0.7800491155056418
7587,0.5710552048022359
7588,0.9538032271261253
7589,0.7643147294306312
7590,0.8147131758455887
7591,0.8376845313437481
7592,0.6460673457409619
7593,0.23604125694752862
7594,0.6778132617411466
7595,0.3513207822806961
7596,0.8554491408701724
7597,0.9652968240871661
7598,0.6869981188604576
7599,0.7655707672248814
7600,0.4195518716500941
7601,0.9571059571541999
7602,0.06262351213816188
7603,0.9440210373317428
7604,0.8272770865150344
7605,0.9897453807170694
7606,0.5047246725806934
7607,0.9649559075925858
7608,0.7841677382806173
7609,0.904396434988301
7610,0.5248701565923463
7611,0.6467204940288217
7612,0.7042350144144199
7613,0.05520420317000555
7614,0.4993908863161162
7615,0.10256117692942995
7616,0.2735009642073913
7617,0.7924812233674401
7618,0.9412080942834065
7619,0.41179099007186365
7620,0.9953042412553986
7621,0.9684513912533103
7622,0.47886074400646433
7623,0.01167239354951167
7624,0.55271659194212
7625,0.7608106713128753
7626,0.06792628509256564
7627,0.22357921624872404
7628,0.04539440765994868
7629,0.5984197143768912
7630,0.1284618622720453
7631,0.7614181499682577
7632,0.8459170500420173
7633,0.9413075199126001
7634,0.6716371441446887
7635,0.8576509665551498
7636,0.45116434305717057
7637,0.7787893892983458
7638,0.1475699756088302
7639,0.6603304976946588
7640,0.1587902562692324
7641,0.9789353957481001
7642,0.556402613345617
7643,0.7917894162581108
7644,0.8285986480146916
7645,0.3092486320350146
7646,0.4636888993976191
7647,0.5026270340909026
7648,0.7972171949793014
7649,0.01654282626657346
7650,0.07220979878853093
7651,0.34279641907195485
7652,0.7790422291539967
7653,0.9369164467819727
7654,0.02531507568503924
7655,0.4564432914477208
7656,0.5075190001803102
7657,0.19414845542101444
7658,0.7966648507230172
7659,0.5111054536889319
7660,0.5243226958966013
7661,0.2116594998083615
7662,0.07117558007626722
7663,0.612007722963949
7664,0.10405362589782612
7665,0.9431287758864264
7666,0.22332560078952782
7667,0.9188577806161246
7668,0.8088906073937135
7669,0.7226413921691431
7670,0.8656104637868447
7671,0.9527872629430688
7672,0.856824010986894
7673,0.7795875549931414
7674,0.8802667623696397
7675,0.7083979318720844
7676,0.20797074907709792
7677,0.9801369607144418
7678,0.5343501642176705
7679,0.5109201778293598
7680,0.8456847286761393
7681,0.7195767036221455
7682,0.7361783111439841
7683,0.5874434814794713
7684,0.7389305603960783
7685,0.8100348013307873
7686,0.5575777245549733
7687,0.9115462245354315
7688,0.9149889554503506
7689,0.9240808925298968
7690,0.24906159028078043
7691,0.12393408224996778
7692,0.975516877093963
7693,0.3048378014409923
7694,0.7951586356231207
7695,0.7453162027475707
7696,0.8213683638906878
7697,0.8122407720493917
7698,0.9268297381072484
7699,0.7955405219664492
7700,0.6806290726508699
7701,0.7943172647329607
7702,0.9338910881074775
7703,0.9008786690851581
7704,0.09324521731402409
7705,0.6796581390256456
7706,0.1834954065885062
7707,0.3555690689532139
7708,0.6555168137081889
7709,0.27432698337682426
7710,0.9518448523857863
7711,0.9476290564519951
7712,0.6381585632498824
7713,0.14838113163811778
7714,0.5023234498551513
7715,0.5335076542929552
7716,0.36427950665281245
7717,0.9282361525388246
7718,0.22338743766349023
7719,0.3150673150590894
7720,0.9085154589738651
7721,0.30382863706944085
7722,0.7936008846840702
7723,0.7635928526526294
7724,0.4025144491236381
7725,0.17071182411206162
7726,0.8935852417606909
7727,0.89564253979339
7728,0.9950879700463128
7729,0.7596916421917944
7730,0.8985133932687769
7731,0.043422196624216446
7732,0.9522382944453086
7733,0.715279806148852
7734,0.8569975188000237
7735,0.10178025846527523
7736,0.8253492035320015
7737,0.14047511062438275
7738,0.3115664458005498
7739,0.6752248799384836
7740,0.7681831533880413
7741,0.6936573301681105
7742,0.22526101595605985
7743,0.2554552094820889
7744,0.47955250101000974
7745,0.35204651106269286
7746,0.28897184960103767
7747,0.9221570674373353
7748,0.9091944256069091
7749,0.5823515239399844
7750,0.3730453249145584
7751,0.06215700066432817
7752,0.42587069634714075
7753,0.37219159916850336
7754,0.3075822182867877
7755,0.05482177328166402
7756,0.8642424669583785
7757,0.413249451815856
7758,0.8821873144474282
7759,0.18377131014502213
7760,0.772087737931467
7761,0.7026120444215337
7762,0.24152932544802894
7763,0.7447898985771122
7764,0.9155494226788147
7765,0.36229169939708356
7766,0.8014459713114697
7767,0.842888643086768
7768,0.98162913190578
7769,0.8478802208911426
7770,0.07927848396153386
7771,0.6690957458124576
7772,0.28150109779345284
7773,0.12321332189505907
7774,0.7665975623995203
7775,0.9933399289678916
7776,0.8258076215460659
7777,0.6178159296810993
7778,0.96647798234489
7779,0.1222544019071133
7780,0.9013620432830733
7781,0.36529632755583535
7782,0.9531177447720639
7783,0.24699912844696767
7784,0.35011198593560366
7785,0.8715557922685547
7786,0.21252128131652168
7787,0.39159259044074163
7788,0.7341843036013983
7789,0.8407095676063073
7790,0.8010921579282749
7791,0.8745146657019388
7792,0.9816693593987446
7793,0.6609963898742082
7794,0.7891008258963295
7795,0.968816571120617
7796,0.3467653213752982
7797,0.6426804900800172
7798,0.5785207446204953
7799,0.4105116817340424
7800,0.31921660619115694
7801,0.8768575674497887
7802,0.9236622407684272
7803,0.44532663854032006
7804,0.8153612472421958
7805,0.9742089938390137
7806,0.8147382448446163
7807,0.3432866893246465
7808,0.6444803667323742
7809,0.22741638651879703
7810,0.8217875009689236
7811,0.22881940005654278
7812,0.911416923591665
7813,0.49287424624518583
7814,0.998866791127711
7815,0.35972317325703523
7816,0.69579017889239
7817,0.21329151753055933
7818,0.4327684757662093
7819,0.19520984247289305
7820,0.7898992331898804
7821,0.9817809613554936
7822,0.31280535037557505
7823,0.868401477897649
7824,0.7174905082590755
7825,0.639598170725062
7826,0.6751188870149507
7827,0.9933703847023326
7828,0.9787100570956806
7829,0.773920071577638
7830,0.41925770027704695
7831,0.3444180040510794
7832,0.41224119486855887
7833,0.9689050825753678
7834,0.5165635465780359
7835,0.9452468453433366
7836,0.3473162785445858
7837,0.7308556594352386
7838,0.12702507503221128
7839,0.5260287259759118
7840,0.8610206316853386
7841,0.577723809903069
7842,0.2868135272776005
7843,0.7808309606620827
7844,0.5608795153458433
7845,0.31710322274915353
7846,0.8878481723065436
7847,0.11329150878092004
7848,0.508572474703311
7849,0.9884277119362671
7850,0.3290941533200433
7851,0.9965219525344874
7852,0.2409030524494459
7853,0.9652384468994608
7854,0.7920199951607886
7855,0.6619652626628856
7856,0.34498929063630834
7857,0.8595260989538835
7858,0.6709577259752648
7859,0.8777918309910474
7860,0.5569077569679166
7861,0.9220594549899528
7862,0.8111119279683147
7863,0.8249056439382138
7864,0.37227967813552804
7865,0.6804402488041528
7866,0.04359212162718692
7867,0.28132376607648707
7868,0.9733068839065053
7869,0.7003182301207108
7870,0.8927244309265289
7871,0.5147889259778544
7872,0.773796669696447
7873,0.8298684498565562
7874,0.9074516932541536
7875,0.9691064323824706
7876,0.10025743401542368
7877,0.7210455738665381
7878,0.28120401300975867
7879,0.64507437784817
7880,0.5920129956779967
7881,0.10599761208452453
7882,0.6669828816871108
7883,0.9889266559581563
7884,0.5979044277691242
7885,0.6340900401583759
7886,0.6095338764866528
7887,0.37864814383075784
7888,0.8347789512741092
7889,0.7354069404382276
7890,0.6817334960510125
7891,0.4886021132275811
7892,0.930229354944231
7893,0.2672368564696589
7894,0.6092381214248505
7895,0.7155205706502014
7896,0.1066187305266878
7897,0.7479824620940599
7898,0.7627500100519985
7899,0.330670117072413
7900,0.3039961670616789
7901,0.854730152307209
7902,0.2793440499260552
7903,0.9279855596486836
7904,0.05359409444088453
7905,0.9617958929241164
7906,0.7280166823007227
7907,0.668705487638562
7908,0.31950573135040117
7909,0.969601109263448
7910,0.4197795731551038
7911,0.9924416145249629
7912,0.4433282776566154
7913,0.1615500313406221
7914,0.8099303635639035
7915,0.4947750631739569
7916,0.8425137602350808
7917,0.8186966410208236
7918,0.621205404306099
7919,0.7309741445080374
7920,0.509449123162245
7921,0.10433720315588489
7922,0.6833361402380872
7923,0.6376198243848261
7924,0.6461832253279388
7925,0.9751438901026636
7926,0.3512235544243579
7927,0.2791540131705081
7928,0.800716927757796
7929,0.5152260234647756
7930,0.8964518622789149
7931,0.9520310666982473
7932,0.8658232013675738
7933,0.45421510194935805
7934,0.2632478161569372
7935,0.8520143553874174
7936,0.7485122457462663
7937,0.30374946572968836
7938,0.8622278866897921
7939,0.9153539972436647
7940,0.09621699444076987
7941,0.2522497683978893
7942,0.8112299191087925
7943,0.9366666685244187
7944,0.9038330997543729
7945,0.8327600794635707
7946,0.8912112424283523
7947,0.912425636785133
7948,0.5244058910852346
7949,0.08995883078607982
7950,0.8353368213273766
7951,0.505252078811501
7952,0.4608264921349243
7953,0.7263314503214126
7954,0.38151615665510125
7955,0.2373983840696331
7956,0.9561305675819701
7957,0.03344790244797446
7958,0.04198391924846207
7959,0.7076629315312468
7960,0.8044300293662315
7961,0.5795954228505342
7962,0.8238293147293546
7963,0.8527689998627747
7964,0.8034997005093006
7965,0.9541789109691309
7966,0.028844549025847852
7967,0.6796410477871668
7968,0.40724512941388413
7969,0.4972462659944439
7970,0.7727631942747067
7971,0.3272064654987827
7972,0.7314448573518666
7973,0.8873570133213783
7974,0.3540417445214435
7975,0.6101313763341972
7976,0.7976801105369722
7977,0.018413189673743908
7978,0.3956727903808881
7979,0.663764449226958
7980,0.8753706371215063
7981,0.8955798001315217
7982,0.5541691674068909
7983,0.5403591434794522
7984,0.7965246960905435
7985,0.5990774234245072
7986,0.9824320640521704
7987,0.231717650728398
7988,0.953217085400095
7989,0.8400019758397096
7990,0.985523307453347
7991,0.8299782160089763
7992,0.9869973552769445
7993,0.8830835118097665
7994,0.3013274562114902
7995,0.8820799651559971
7996,0.12205135295627535
7997,0.9421425025854248
7998,0.8842336082559075
7999,0.23522572427648222
8000,0.7504580824344386
8001,0.6613850924150394
8002,0.852338001111112
8003,0.5937784022084315
8004,0.5226536974475136
8005,0.7317826696275905
8006,0.7721909558122532
8007,0.6128226916202065
8008,0.7779671083223917
8009,0.7857924015876829
8010,0.9255642810069628
8011,0.9740825434868343
8012,0.5759886607996384
8013,0.9059895167380128
8014,0.41283987990971927
8015,0.7460037264875305
8016,0.4887417906838471
8017,0.7810333034413546
8018,0.891211731493185
8019,0.8643496097533511
8020,0.8321337931390443
8021,0.8511646598001463
8022,0.46766953088585145
8023,0.9207375828734524
8024,0.8808401331357781
8025,0.9666482292449571
8026,0.7301067476155487
8027,0.761868522674935
8028,0.660400490240446
8029,0.6938259744294272
8030,0.88616479894364
8031,0.7675832096060223
8032,0.992815516769647
8033,0.12808728403260325
8034,0.9015088252246857
8035,0.8119977731374233
8036,0.10355025979235073
8037,0.23352533852392643
8038,0.5041565554413746
8039,0.501411384114419
8040,0.8714107553664333
8041,0.18783857054323175
8042,0.06822861089238792
8043,0.15715540001310993
8044,0.795192485284527
8045,0.29101257377659345
8046,0.06375545847353888
8047,0.9930387755497619
8048,0.3915115965373757
8049,0.9577979716009329
8050,0.8731811843230185
8051,0.9803727868685361
8052,0.5763056273532728
8053,0.7947573213738632
8054,0.5619870747120906
8055,0.8608817033540744
8056,0.9173943513912136
8057,0.871316924381925
8058,0.5388097012233773
8059,0.28886370790506194
8060,0.5844544857878701
8061,0.9907074620771211
8062,0.932208061185768
8063,0.8554776310633413
8064,0.7172797456977573
8065,0.7831015265573517
8066,0.13999399346511962
8067,0.8330171508217251
8068,0.8913763172243501
8069,0.8913977368836171
8070,0.4687810208661793
8071,0.7559779862110014
8072,0.7747863764327954
8073,0.8915949914832518
8074,0.43262538988832744
8075,0.40849487074853646
8076,0.660455140043441
8077,0.3197640298576218
8078,0.5450224689853842
8079,0.32486443006694166
8080,0.11657031880645911
8081,0.8807760973951865
8082,0.41313286055708304
8083,0.9879603966524405
8084,0.5974242938416866
8085,0.8501155145864715
8086,0.9213297848925798
8087,0.762841703094014
8088,0.7897946098554254
8089,0.5956939335992555
8090,0.7903949842861447
8091,0.3068504370388366
8092,0.6757420265642966
8093,0.3042210391949282
8094,0.9207132174658451
8095,0.050605167431770744
8096,0.9068077859290447
8097,0.7313053261720323
8098,0.9702970290429208
8099,0.2264783320946503
8100,0.6599580853075236
8101,0.6519995726590341
8102,0.8001622457070665
8103,0.4781954303151761
8104,0.3003617156642932
8105,0.8101159527059164
8106,0.9142810964966207
8107,0.5759550918706804
8108,0.8520811190425296
8109,0.6274157753314373
8110,0.7624802811197348
8111,0.06681187215182058
8112,0.780681221771698
8113,0.7756955703282319
8114,0.6615318060204857
8115,0.9510864761005854
8116,0.8694952531959746
8117,0.3364659335918232
8118,0.5923436663027092
8119,0.9080003923325526
8120,0.9875114770547301
8121,0.4280270370517216
8122,0.7660994406237815
8123,0.9086027172269958
8124,0.1685483729676903
8125,0.9421075447482078
8126,0.9896140630868911
8127,0.9955655630160495
8128,0.5309904143972607
8129,0.3110501027950637
8130,0.32924355190326865
8131,0.04938554462448138
8132,0.4474822564419678
8133,0.2317743705682281
8134,0.31084761617717815
8135,0.19765343315599596
8136,0.4366235468990021
8137,0.9370738410503758
8138,0.7512380206022805
8139,0.7843804456715423
8140,0.4028286099581277
8141,0.6137912876486903
8142,0.7563347223969806
8143,0.5980703152019031
8144,0.988175709727091
8145,0.7591503869450599
8146,0.7247825690914896
8147,0.31755277661596565
8148,0.9734512998255259
8149,0.9411536283557055
8150,0.6317902254194206
8151,0.6038570805842486
8152,0.946958305458092
8153,0.3959555032116729
8154,0.09053991592960048
8155,0.7999167934690182
8156,0.9746462841836402
8157,0.6790521218865423
8158,0.9561601163421104
8159,0.8725403066243923
8160,0.920692123719887
8161,0.3166639792641396
8162,0.2520086805486637
8163,0.9427282686745695
8164,0.2655272083970807
8165,0.9358440850352651
8166,0.23934991120596338
8167,0.8622735452677004
8168,0.1685665849906582
8169,0.4590649016917065
8170,0.22828123491117105
8171,0.3153605584287976
8172,0.8363002139405177
8173,0.6124086866809227
8174,0.8236750207675145
8175,0.6126316068932379
8176,0.9329220880168526
8177,0.4414604242119598
8178,0.033362855375288006
8179,0.07477935601094529
8180,0.577657379064284
8181,0.610417586668612
8182,0.31358856652115974
8183,0.32548009375530645
8184,0.8582971734222432
8185,0.9392415763626628
8186,0.46626669037667057
8187,0.5458936966082469
8188,0.18090103160569485
8189,0.6366998602415535
8190,0.976926771441785
8191,0.9666026189656874
8192,0.47441727222693414
8193,0.8352812250174275
8194,0.23555379548756816
8195,0.9504174973763005
8196,0.8971442865512689
8197,0.057890697572148785
8198,0.9917713435850972
8199,0.5865235216089912
8200,0.5290691189238031
8201,0.8333262805569284
8202,0.5700637221701529
8203,0.42793644481038157
8204,0.8218240097242028
8205,0.9057658588639536
8206,0.4997864947797403
8207,0.451950640903271
8208,0.9940376057651644
8209,0.6604903637824111
8210,0.9020525162831508
8211,0.15504037536719292
8212,0.5478174532361281
8213,0.36125023544803764
8214,0.5414341103530452
8215,0.5619301098569472
8216,0.5138429815170271
8217,0.2371529448608127
8218,0.8917295212466101
8219,0.5075977228347724
8220,0.09168153921632088
8221,0.6960015754870362
8222,0.10758863640650974
8223,0.25163175374602553
8224,0.8529105562564535
8225,0.7212820834802028
8226,0.8472324044315851
8227,0.6208309291517852
8228,0.9344685580073411
8229,0.7811500339985226
8230,0.5027214034040943
8231,0.9341101590757249
8232,0.5857508716133798
8233,0.7284365868882943
8234,0.5000265571289718
8235,0.18118069015079974
8236,0.09387584979905571
8237,0.3323181575961052
8238,0.9701615661316217
8239,0.5453474556577752
8240,0.20551201350165835
8241,0.5235077163020511
8242,0.6054597996149842
8243,0.719752357180111
8244,0.16330374351084812
8245,0.9024264144235782
8246,0.628330552528903
8247,0.7019893926865092
8248,0.4100173523819975
8249,0.797175386061333
8250,0.9826791486334345
8251,0.37640004129744814
8252,0.9743397379042023
8253,0.5387361727082248
8254,0.44959180129270643
8255,0.6700172278298354
8256,0.20616247011186598
8257,0.06191556418014995
8258,0.6833659368529589
8259,0.8637475560852952
8260,0.7549066705156843
8261,0.46054338398358624
8262,0.29456671209856383
8263,0.5992734292046312
8264,0.5116861399595835
8265,0.6595916234950808
8266,0.4510674171254148
8267,0.6028442186032222
8268,0.6664587797920866
8269,0.052286525745339076
8270,0.832379617767215
8271,0.6011705590367518
8272,0.08277389828092335
8273,0.42500930709634904
8274,0.8683000352355682
8275,0.923325857277959
8276,0.48398089632005564
8277,0.5005838812959484
8278,0.5476764948923338
8279,0.6650645853673605
8280,0.8738749656256554
8281,0.6974141102225889
8282,0.37323742713551816
8283,0.45310277853554176
8284,0.3738711784210416
8285,0.6487280414761258
8286,0.7961001359214946
8287,0.19439561493245794
8288,0.17194067950166012
8289,0.7058823785009761
8290,0.8271254016011164
8291,0.8657275065384509
8292,0.38153930005209963
8293,0.516665670952944
8294,0.6918215026258846
8295,0.8006685974522839
8296,0.23724057130198553
8297,0.3506609647747339
8298,0.5444430734115623
8299,0.2452078091081599
8300,0.8057812021906045
8301,0.34620851505985456
8302,0.8877568950715967
8303,0.7110962730072306
8304,0.99031830253313
8305,0.893593560922796
8306,0.23166275150006813
8307,0.8962685184411056
8308,0.6050344723264527
8309,0.3488003999773121
8310,0.609317168449877
8311,0.8808322695969734
8312,0.7708995451965067
8313,0.2160034318356531
8314,0.18092500663229213
8315,0.5491532894168539
8316,0.8039985820025146
8317,0.8615152260562988
8318,0.9983294867359586
8319,0.8683802234503105
8320,0.9734971391266409
8321,0.6244575160631526
8322,0.4520272368304716
8323,0.4015257808299164
8324,0.6716962816596026
8325,0.4473988839737834
8326,0.2953399044977731
8327,0.8153001996612121
8328,0.26857041418803584
8329,0.9302610436771288
8330,0.23971249022913554
8331,0.7279574044873578
8332,0.22036425931001524
8333,0.9031731893055303
8334,0.558966201618766
8335,0.2889207476788082
8336,0.4254039283470991
8337,0.9044706307744406
8338,0.7583592678922311
8339,0.8951553758623737
8340,0.975364745939095
8341,0.7366547496098411
8342,0.45491538444355184
8343,0.32576118018424866
8344,0.104502006584873
8345,0.9385143065259139
8346,0.14404188850512026
8347,0.9340644056577343
8348,0.4454313984482574
8349,0.9904923013062508
8350,0.25637149384164126
8351,0.7114179954200751
8352,0.7095645829262592
8353,0.7635796049419334
8354,0.7652033238110598
8355,0.31257725823405796
8356,0.6046188820199888
8357,0.6553548130025341
8358,0.46503188010894675
8359,0.9646024255007823
8360,0.5295769520458894
8361,0.9894218763471853
8362,0.9979715726215411
8363,0.9860888487255611
8364,0.48972660335524426
8365,0.714161717241406
8366,0.1900047966699414
8367,0.2982165506059223
8368,0.21371307428434583
8369,0.7934157017698827
8370,0.48561568175518893
8371,0.6505190775941844
8372,0.9759055560673627
8373,0.6728307768428333
8374,0.9788848233074523
8375,0.04424002269747513
8376,0.23737621734783598
8377,0.6952451505510261
8378,0.8039572727795848
8379,0.8933217004013493
8380,0.22456894947490955
8381,0.5581230170475676
8382,0.33910587946019993
8383,0.7913625018224858
8384,0.25183321616264004
8385,0.8903724173671902
8386,0.7293886981517702
8387,0.7806505336361758
8388,0.31857347775339256
8389,0.35185361681731636
8390,0.6966850895035855
8391,0.19922325046494163
8392,0.8811672577530582
8393,0.9505066398715564
8394,0.6489731801153339
8395,0.10434472903455837
8396,0.9180613792444975
8397,0.6973774461373763
8398,0.686132217064206
8399,0.9549827349141329
8400,0.6879403750279608
8401,0.28209755284178795
8402,0.08337385705437571
8403,0.7362422056159716
8404,0.2633571219008531
8405,0.9072381967169877
8406,0.974941112433983
8407,0.4787892617904586
8408,0.9148488674366128
8409,0.14345924949557995
8410,0.42184778903431086
8411,0.6376266386271824
8412,0.3549381647543166
8413,0.8419861216496077
8414,0.5213674567527699
8415,0.07823066191898127
8416,0.6381847608158524
8417,0.11744334296324506
8418,0.9576030964461419
8419,0.9398518851517864
8420,0.8338638844527866
8421,0.6753078999521559
8422,0.7517687466031718
8423,0.06111107889259617
8424,0.8059268188505841
8425,0.9683053466054811
8426,0.7327494185375705
8427,0.8415745982266339
8428,0.4835251986402806
8429,0.5174131876853264
8430,0.9816601499457281
8431,0.4784979461279157
8432,0.6271501259508957
8433,0.731810323418805
8434,0.4541629737523656
8435,0.9774808891569924
8436,0.47668584611666115
8437,0.7321005679991508
8438,0.1106046248494789
8439,0.9106226384537691
8440,0.9598122725518419
8441,0.9587949537898051
8442,0.2387054604365242
8443,0.6051942918905183
8444,0.41831595490209433
8445,0.13359740090665942
8446,0.06963048012597756
8447,0.986202647213902
8448,0.11352942179585253
8449,0.9657957307753303
8450,0.6375356843633608
8451,0.7652988343259383
8452,0.6070886682237214
8453,0.8817375737667206
8454,0.5677277674701273
8455,0.9624686480075381
8456,0.5022694171593705
8457,0.8248375832043654
8458,0.9259395589236249
8459,0.9594791473931226
8460,0.48464486384410327
8461,0.7486099570433694
8462,0.976751849291075
8463,0.8682923860533337
8464,0.3914164840775427
8465,0.812378039012557
8466,0.3224175667967736
8467,0.22096096755626315
8468,0.15588751393452246
8469,0.39230013184029583
8470,0.9475879035627992
8471,0.8407078317926432
8472,0.8172570439082492
8473,0.4974902214264311
8474,0.934289050805209
8475,0.9621214178088007
8476,0.7175783041653329
8477,0.8701919508124276
8478,0.19669794931943888
8479,0.5512220391602581
8480,0.28894292436109187
8481,0.08210190803481192
8482,0.7234561392132163
8483,0.6420231375015257
8484,0.4544885002477175
8485,0.5327688700685606
8486,0.3099482043664425
8487,0.9698038966019693
8488,0.5834618806259853
8489,0.9204634262525101
8490,0.731309233447026
8491,0.6929972103802982
8492,0.5631007906068463
8493,0.35821876917369516
8494,0.5529234521346303
8495,0.22985541923581676
8496,0.8335370199327912
8497,0.912949314334406
8498,0.024031348473946442
8499,0.19946568229950676
8500,0.7978917614886979
8501,0.6003980243424455
8502,0.04671504310940345
8503,0.2812576147463656
8504,0.971388513766279
8505,0.8413674183200938
8506,0.9701113058797372
8507,0.24013149727145303
8508,0.8611048699556653
8509,0.907109206190659
8510,0.9053135673246828
8511,0.8019618684713549
8512,0.703703029928343
8513,0.6102955754805454
8514,0.14754491962204044
8515,0.6416181893305416
8516,0.5620500485230354
8517,0.7681866568688873
8518,0.5421845168642045
8519,0.027896255668147366
8520,0.2424654223739989
8521,0.2703098081859761
8522,0.4230632295978403
8523,0.818835865874535
8524,0.8703916136245747
8525,0.8722066158169679
8526,0.7447252076718666
8527,0.4048777487924177
8528,0.8939117448611343
8529,0.6669369952217988
8530,0.7530470049997319
8531,0.6457411543372417
8532,0.7757952744749237
8533,0.3366754916187425
8534,0.7213216880748506
8535,0.709199758968138
8536,0.7855640193479463
8537,0.9863227781080329
8538,0.3025631875323028
8539,0.027116145764034576
8540,0.9718008380702416
8541,0.7988060875388578
8542,0.7828479814739381
8543,0.9731841321361507
8544,0.5841526380428254
8545,0.5733499494612722
8546,0.5279045162432546
8547,0.780103652308501
8548,0.6190215437870137
8549,0.9653393273002315
8550,0.9150011118752536
8551,0.9570650360317227
8552,0.8800099551097215
8553,0.5590236514185905
8554,0.8104931946133659
8555,0.5511765499710694
8556,0.5300726289291986
8557,0.5682194560139778
8558,0.8773413553710233
8559,0.9944208589610889
8560,0.5995427757484547
8561,0.20183789952071005
8562,0.5315595053126828
8563,0.8278215116254956
8564,0.1293804162232048
8565,0.20135640217769546
8566,0.6231393872206482
8567,0.3564409169884201
8568,0.9261600868329621
8569,0.10899224065104296
8570,0.9732584152929357
8571,0.7128871564105395
8572,0.6229367315771497
8573,0.7564945669396136
8574,0.8054193838841606
8575,0.8438204513411441
8576,0.9895500368789224
8577,0.98574337260066
8578,0.6746527432074726
8579,0.7485774394426296
8580,0.12768492145142205
8581,0.805159163436489
8582,0.13775295523470452
8583,0.7589857705721416
8584,0.9632696998886585
8585,0.8347751816588692
8586,0.6741914304863984
8587,0.29826777789360154
8588,0.5768416986848541
8589,0.7036246571351065
8590,0.2986552240368494
8591,0.7045369154092286
8592,0.8251862045375185
8593,0.8426325246929555
8594,0.8421474036798631
8595,0.8073543679800848
8596,0.17896755127970773
8597,0.7971872083418883
8598,0.10985759700003334
8599,0.4824146020464937
8600,0.9589708189818341
8601,0.9670190370612849
8602,0.42343147869909425
8603,0.9851340561887391
8604,0.5309221730642574
8605,0.42044223029511496
8606,0.6313774070165642
8607,0.7301096498117189
8608,0.10823454700938435
8609,0.9498951204136973
8610,0.29127097382789324
8611,0.7192415356821081
8612,0.07444665496124346
8613,0.4333402618889984
8614,0.5595580797426191
8615,0.5537747398768796
8616,0.16541266732659474
8617,0.9693471582061414
8618,0.8656527077832897
8619,0.32456414006668616
8620,0.08256525535828758
8621,0.9783733916000771
8622,0.3320805157560938
8623,0.27944711679616674
8624,0.4138274442934364
8625,0.17724474236792587
8626,0.6313632370281563
8627,0.22737402277818933
8628,0.6426335178161778
8629,0.08022333578858888
8630,0.7833520969227205
8631,0.8655676402348896
8632,0.5004247980313374
8633,0.9835392805455072
8634,0.9296349785684522
8635,0.22191325390179695
8636,0.7762116339905468
8637,0.6878903140549141
8638,0.15204715500172636
8639,0.9549016134357547
8640,0.39051868830123243
8641,0.7344029537153053
8642,0.11424430609957288
8643,0.9328982835721136
8644,0.8345627490645184
8645,0.9618794178615652
8646,0.25994758235702303
8647,0.5624209597902318
8648,0.8561459702960014
8649,0.8817538062656282
8650,0.37189587987666656
8651,0.26064397943826345
8652,0.9322729486184289
8653,0.39857947751551
8654,0.057862058813956
8655,0.21186813612271785
8656,0.09661544420530359
8657,0.4682136264467505
8658,0.9759469949316161
8659,0.6961452833404551
8660,0.49913073883798637
8661,0.8060445557204674
8662,0.7151593192598265
8663,0.9973597537396076
8664,0.35151630996486566
8665,0.07112544580816164
8666,0.6927384404648648
8667,0.7797604445787242
8668,0.8428335282071534
8669,0.6422910746247453
8670,0.7862564320975526
8671,0.32798129738602716
8672,0.36361180877807947
8673,0.6147546113558221
8674,0.2713103771096652
8675,0.10551663438442542
8676,0.6437111680710866
8677,0.04790959725912375
8678,0.35260810125502323
8679,0.48662108479569516
8680,0.8589128091219806
8681,0.682742722591729
8682,0.8784472329497018
8683,0.3399359887561271
8684,0.9433460907312603
8685,0.5687199445292141
8686,0.07602982575795876
8687,0.9002393101118816
8688,0.4910931023548399
8689,0.18898991260149278
8690,0.8976626450103556
8691,0.26533608560765826
8692,0.7512300560015036
8693,0.9321011165058164
8694,0.9023884019552492
8695,0.9978703456944613
8696,0.9484354420755848
8697,0.8860722030770743
8698,0.16531477153371188
8699,0.8311021885581432
8700,0.6557322671431954
8701,0.6821493535578336
8702,0.9522983813388831
8703,0.8235836712743492
8704,0.6292437895605962
8705,0.8236467449390469
8706,0.6125545543074474
8707,0.9723392165010138
8708,0.7317605221613738
8709,0.6573289839503192
8710,0.582857509087641
8711,0.19669812679471507
8712,0.8624027250127687
8713,0.9646014638719344
8714,0.3715326095099934
8715,0.8668182280245601
8716,0.9727345952989702
8717,0.11011642668887824
8718,0.24164741945164273
8719,0.9045877993915274
8720,0.7100102295066434
8721,0.6885291820953697
8722,0.0930287273093476
8723,0.7729377008086121
8724,0.7050603663343135
8725,0.7513351793754149
8726,0.7646384165441961
8727,0.8307953392642641
8728,0.4875963349180071
8729,0.3228567817335641
8730,0.16924677499620736
8731,0.34877747572275314
8732,0.3693622238087042
8733,0.8790115470835964
8734,0.741753680148638
8735,0.9375218846179846
8736,0.17346931830948584
8737,0.45764131839937283
8738,0.6274518915879158
8739,0.9777784587666513
8740,0.8947259379474654
8741,0.2565756632545731
8742,0.8000710238740308
8743,0.3813591454915326
8744,0.9008397018518092
8745,0.7956439423566092
8746,0.8790298508710853
8747,0.4409708592693263
8748,0.2635470156746665
8749,0.3783438197996844
8750,0.2193655178305788
8751,0.7286349732929609
8752,0.8788221963317907
8753,0.6704299165096703
8754,0.6398425210001107
8755,0.6055660580760364
8756,0.9729105605309919
8757,0.514609489101435
8758,0.4805047321094542
8759,0.5827431092189026
8760,0.7475032626825059
8761,0.6548826509736542
8762,0.5308690512559301
8763,0.37510709384614493
8764,0.6922487593518104
8765,0.4987503678842103
8766,0.9004467963448716
8767,0.39285451294159124
8768,0.7702403854764155
8769,0.7008466531481368
8770,0.7048419116927215
8771,0.5527417759816555
8772,0.8819678353725963
8773,0.7990590309965251
8774,0.6897675658872621
8775,0.4029176653006897
8776,0.8716843947342889
8777,0.7088479837628331
8778,0.07726398871569075
8779,0.8075482600889399
8780,0.644550253376434
8781,0.913243372149267
8782,0.8795518888778441
8783,0.5312604660358343
8784,0.36092710176997644
8785,0.8216662302620422
8786,0.9393117222305296
8787,0.3717786403874246
8788,0.9438890697111185
8789,0.971942638387809
8790,0.5295652611943077
8791,0.9678352856995801
8792,0.4129892876303048
8793,0.33899301508847807
8794,0.18681434973529965
8795,0.20543981924451163
8796,0.8864145641629926
8797,0.8017243808335864
8798,0.7971103869010822
8799,0.7801389183223758
8800,0.5039428091927126
8801,0.11162392648102515
8802,0.7278516858736689
8803,0.04037544668626813
8804,0.07116601970780889
8805,0.5131678470589116
8806,0.828958130454254
8807,0.8821666522188965
8808,0.9868329717482469
8809,0.5373558086604052
8810,0.12636984474049423
8811,0.886839203536612
8812,0.8303904208990863
8813,0.6573516102002185
8814,0.6158920544574124
8815,0.8141488248240728
8816,0.17913782297609013
8817,0.5783715379782458
8818,0.5459155545627815
8819,0.29134061854963994
8820,0.35842675367864735
8821,0.24749944777631697
8822,0.9126620207229913
8823,0.8490758370181521
8824,0.2720530731170276
8825,0.8182491781401238
8826,0.936997497476209
8827,0.7526217821586889
8828,0.4157710445831673
8829,0.6205140645486932
8830,0.9230637418625403
8831,0.3080398320190499
8832,0.7189461128665973
8833,0.7377544622761821
8834,0.30609090914762777
8835,0.21731590139303655
8836,0.9193822615563053
8837,0.6028764362687136
8838,0.22858123037553935
8839,0.5768571483805746
8840,0.5305468073836311
8841,0.024841538611178715
8842,0.8160262206180565
8843,0.6085881646268205
8844,0.237187118687218
8845,0.3058446268324943
8846,0.9560292242270391
8847,0.9791146231434321
8848,0.9143714935799374
8849,0.13198702257838357
8850,0.8813344173500736
8851,0.9600139382516001
8852,0.1875297414866474
8853,0.9464843117885516
8854,0.3241205724407962
8855,0.35947549108509236
8856,0.4961163869304501
8857,0.7289968419545755
8858,0.19567811722633202
8859,0.9717069935682049
8860,0.6401367425754209
8861,0.3106385259263245
8862,0.5756631658322533
8863,0.6746017888510778
8864,0.8122001722233702
8865,0.6800952848055344
8866,0.5855941279976169
8867,0.48699419048039716
8868,0.08718683252914144
8869,0.6728901274429174
8870,0.5534834386575047
8871,0.37460438084238534
8872,0.5180900915412704
8873,0.8719036483875016
8874,0.9803816355815966
8875,0.1452057209013381
8876,0.8850383233993719
8877,0.9070484539890705
8878,0.8931303041195431
8879,0.6305970219189038
8880,0.9605154561842469
8881,0.22382004780673612
8882,0.7725305701518536
8883,0.6677990472401617
8884,0.790185088579622
8885,0.13936399180582823
8886,0.5021004485741423
8887,0.44647805439448945
8888,0.8780945363217576
8889,0.8466577717780588
8890,0.9562233329424243
8891,0.44713859458814637
8892,0.931217148053538
8893,0.5007175980202833
8894,0.13985397970005586
8895,0.840480696086343
8896,0.6118253686980988
8897,0.7297682571286687
8898,0.43527557681790885
8899,0.25739612911878323
8900,0.6694097899145625
8901,0.5372537280336346
8902,0.7497101221594639
8903,0.23638179228502396
8904,0.25775391637977846
8905,0.9215668706008352
8906,0.928537052533397
8907,0.5643384922286305
8908,0.6277784057171133
8909,0.6596088857474437
8910,0.5904651597650751
8911,0.9607665132092252
8912,0.8044107908648842
8913,0.6134394939458129
8914,0.5001324232133393
8915,0.4774027253626058
8916,0.7796726708004088
8917,0.3259838132469252
8918,0.3414758294547342
8919,0.9379945356251237
8920,0.7927161861795659
8921,0.37215542166896315
8922,0.9061141137478929
8923,0.2515700642935344
8924,0.8466638841935659
8925,0.7144695709660205
8926,0.21442061717442804
8927,0.5385487380420712
8928,0.6199113459716014
8929,0.07255402544906035
8930,0.7484012595538673
8931,0.5708500895449661
8932,0.4954156057451418
8933,0.7850101324757844
8934,0.931826863689838
8935,0.28305631966836625
8936,0.6430648201420944
8937,0.9933106678712059
8938,0.9539155818013129
8939,0.906519237715898
8940,0.34811827467747514
8941,0.7448842331300881
8942,0.5608790905264301
8943,0.7523893049649156
8944,0.8606367900083377
8945,0.4891425563179821
8946,0.8803814759329999
8947,0.3424744405894453
8948,0.5629092790760789
8949,0.8236684643240153
8950,0.3854374290220041
8951,0.2749807149539328
8952,0.23839595431561242
8953,0.9133709406578604
8954,0.8359676310700919
8955,0.33708385734378027
8956,0.5543613792129009
8957,0.4675467603802203
8958,0.6062682003016299
8959,0.3107318183629051
8960,0.8803747169788879
8961,0.31510024606976605
8962,0.36319311773321133
8963,0.80683532099304
8964,0.6311748302732698
8965,0.9885108793798878
8966,0.3534912891625468
8967,0.5969824243303604
8968,0.8071186732267174
8969,0.4376837475797588
8970,0.7477440692847113
8971,0.16574547629960687
8972,0.959755886669723
8973,0.9086857007610943
8974,0.2738491636925268
8975,0.7269213079088326
8976,0.961807977780237
8977,0.6458357223830199
8978,0.21193677663544166
8979,0.6237310393254769
8980,0.5853627478949591
8981,0.5733221514217729
8982,0.9773871654424018
8983,0.13842303339010986
8984,0.5090074437768547
8985,0.25489270536022895
8986,0.2682962902184792
8987,0.7344887729435184
8988,0.8519375342780083
8989,0.7205053829859894
8990,0.06683874406720454
8991,0.8188509440462769
8992,0.8552496423884581
8993,0.5565692876029908
8994,0.8970524999994375
8995,0.22430103505154805
8996,0.9532496735194931
8997,0.6621584851105777
8998,0.7051305091933858
8999,0.09116597197885952
9000,0.5029411793708382
9001,0.9884806109870334
9002,0.9899678690916821
9003,0.7798308194141867
9004,0.4444525569060152
9005,0.8950971985197157
9006,0.8699776322839415
9007,0.2014587435765962
9008,0.7178569249330251
9009,0.6337120918093807
9010,0.7972583112777585
9011,0.47874838972823025
9012,0.990250202948212
9013,0.7520590596109088
9014,0.8045430307487166
9015,0.0702212870032828
9016,0.7066318416381795
9017,0.11708754893897046
9018,0.09782180006456359
9019,0.9621149099663394
9020,0.9759596269244426
9021,0.26964014050669494
9022,0.9713565775239982
9023,0.7681009477939648
9024,0.520068744215178
9025,0.7510247529352866
9026,0.33146851716147013
9027,0.5763206454363868
9028,0.7969817559476026
9029,0.6593469309316938
9030,0.0197882714637002
9031,0.4016893647081328
9032,0.9517177339678304
9033,0.2481446792723845
9034,0.39467190349572484
9035,0.16084152118769532
9036,0.9073823127270293
9037,0.4417849301330286
9038,0.40208773006358034
9039,0.13846251178471009
9040,0.10178378486486284
9041,0.8936309889903006
9042,0.6699598270736794
9043,0.2051293732986542
9044,0.9613383578545908
9045,0.9546699818240408
9046,0.05014944705652314
9047,0.15307871981580248
9048,0.40722454779312267
9049,0.2414796428738876
9050,0.8071518387380258
9051,0.6897985173385014
9052,0.7718681008974534
9053,0.978034688535342
9054,0.5001882738810859
9055,0.498213971738146
9056,0.8130348249167841
9057,0.9443309573339528
9058,0.871530185598747
9059,0.509648618387172
9060,0.33901298585921635
9061,0.1165757632986304
9062,0.6980209449316428
9063,0.8946156382857824
9064,0.46089244463820095
9065,0.2391861604685296
9066,0.8158288628067415
9067,0.6640027778667835
9068,0.7699353926699909
9069,0.8685032741558506
9070,0.7738356934434996
9071,0.9266186623768756
9072,0.4073900396944885
9073,0.8730136322808875
9074,0.41950971116935015
9075,0.5780551444572268
9076,0.8883519619173458
9077,0.219271855374057
9078,0.5956510270135338
9079,0.8946945007465262
9080,0.5473677385558365
9081,0.34147635085088
9082,0.610901010733207
9083,0.4417938409723716
9084,0.3662625856964468
9085,0.5208446495363986
9086,0.36404387123711573
9087,0.550653483674592
9088,0.49491038003031346
9089,0.7069429424950497
9090,0.6908793873708481
9091,0.22983033622877602
9092,0.5942582701142253
9093,0.34448478197592153
9094,0.5734402758269389
9095,0.5002561742494042
9096,0.9849182484434967
9097,0.2603074222252551
9098,0.03094637752710636
9099,0.6410108296744065
9100,0.9319127567370349
9101,0.5804588522597391
9102,0.3369454048887485
9103,0.7991187390631808
9104,0.07783429962539469
9105,0.7793090085868098
9106,0.5346867124086166
9107,0.7052757651409115
9108,0.7806266280283105
9109,0.18796591364579407
9110,0.14290059410909756
9111,0.9089161525628486
9112,0.35092075228416614
9113,0.896002934880233
9114,0.6231211909636399
9115,0.3621325091211836
9116,0.9272108836265623
9117,0.9753290931550959
9118,0.764523039069533
9119,0.009389978122036628
9120,0.8460891068705451
9121,0.765678498093478
9122,0.9387331720638695
9123,0.38272826072899785
9124,0.6522337251197324
9125,0.7999089965724512
9126,0.6175121991479828
9127,0.1123517387605399
9128,0.28935146068348067
9129,0.5369946201913831
9130,0.8259693012547297
9131,0.9957698691765628
9132,0.2956727899752549
9133,0.7857057914474194
9134,0.5689203580787928
9135,0.7921691442155346
9136,0.07272783991543601
9137,0.7922315466733388
9138,0.7855085512047624
9139,0.4490793991754957
9140,0.9433947913414813
9141,0.31955140082665495
9142,0.9086040118657173
9143,0.7921433629994069
9144,0.5221993666144056
9145,0.4600042695431134
9146,0.7794020827460238
9147,0.935717093197562
9148,0.8375909131649221
9149,0.3581780984579461
9150,0.6209520962578406
9151,0.748841563578761
9152,0.2909196712553977
9153,0.18940290168439522
9154,0.7872468693025368
9155,0.8739159984499049
9156,0.6276105403977407
9157,0.8617311446188918
9158,0.6478810604290898
9159,0.9506226741472261
9160,0.85466720418338
9161,0.9331778518483625
9162,0.5620644196704995
9163,0.09576632117408013
9164,0.9289866344337973
9165,0.799018893379702
9166,0.9449910788349375
9167,0.9662393448250626
9168,0.42462000555670837
9169,0.5143957147960457
9170,0.9690113478394641
9171,0.11772639970051546
9172,0.3240795648278105
9173,0.8992441161397174
9174,0.5967046463211856
9175,0.8348703379229164
9176,0.9324474978344743
9177,0.042163561796820924
9178,0.4541199764380119
9179,0.6861893131706566
9180,0.12381758753614423
9181,0.3312157589304643
9182,0.57034658731091
9183,0.9572463279365513
9184,0.4917421718531392
9185,0.9485785880671943
9186,0.11928433468623419
9187,0.8431729866766364
9188,0.8110947390305944
9189,0.8750006519995835
9190,0.4673198518168216
9191,0.9482435077389879
9192,0.6157360419659585
9193,0.47175651887784015
9194,0.971175947852042
9195,0.3048952526633814
9196,0.40451363903403853
9197,0.7449985222080603
9198,0.2189384007010997
9199,0.9534074748357071
9200,0.9890923557750565
9201,0.8924312669047626
9202,0.9526061555231332
9203,0.8477512876519584
9204,0.9386469752302755
9205,0.8255722499818899
9206,0.28985982009847594
9207,0.9670068922569409
9208,0.956860127962242
9209,0.5150952473455568
9210,0.8118543933877463
9211,0.5807704326556169
9212,0.05573916902493655
9213,0.8566404472879897
9214,0.18906900041234573
9215,0.4971771871435326
9216,0.7874743771001843
9217,0.3063589340918744
9218,0.7823124213218838
9219,0.926004924438677
9220,0.3294048216808633
9221,0.41669960508299325
9222,0.34701419171641773
9223,0.7127856697064732
9224,0.8236737525071792
9225,0.6921522373978121
9226,0.5359039818093269
9227,0.9656530785374408
9228,0.998026899170742
9229,0.5643312500455521
9230,0.9791160880974549
9231,0.49548805572338167
9232,0.24370160919716213
9233,0.4943418071979468
9234,0.6924110278583527
9235,0.5140414760388855
9236,0.4851566659726023
9237,0.27600901123612276
9238,0.9728846368437223
9239,0.7700869290127869
9240,0.5191870507275277
9241,0.44986181606202114
9242,0.5488761057671344
9243,0.12109946854960356
9244,0.2693400491104459
9245,0.5735456758721637
9246,0.19271494707418982
9247,0.23627930734389632
9248,0.774696231101824
9249,0.5991776807454313
9250,0.9498748404918095
9251,0.7308786509221395
9252,0.7404774306712557
9253,0.6432879647416736
9254,0.848103068880773
9255,0.9573307143123242
9256,0.5629545649239128
9257,0.7708762701931824
9258,0.8079950288496957
9259,0.04915683005864701
9260,0.7233615461421654
9261,0.31876300684548375
9262,0.5880915783971662
9263,0.93574645926314
9264,0.9480194672570202
9265,0.4601428871933119
9266,0.17615716767611886
9267,0.8425033349270329
9268,0.7756518232379968
9269,0.28427905291761657
9270,0.9852172372474484
9271,0.3701990249397225
9272,0.723897780001321
9273,0.7524508159002825
9274,0.9119604080992184
9275,0.842479775317862
9276,0.7969877245428675
9277,0.5779780095616084
9278,0.6578647011543933
9279,0.645420349898281
9280,0.1944473534065162
9281,0.13257872166909682
9282,0.8851706951543177
9283,0.1043257310903254
9284,0.7241227969755887
9285,0.33243028672853486
9286,0.850410267403043
9287,0.5753460910395357
9288,0.8736023820268524
9289,0.6752017954030157
9290,0.8892731621440255
9291,0.4005744559079134
9292,0.9262975304139216
9293,0.9798646029291745
9294,0.9280969312899164
9295,0.7960429582277052
9296,0.8969580947039217
9297,0.8564653551094846
9298,0.9108081302865926
9299,0.8221742044558605
9300,0.8656612475927975
9301,0.563045954034216
9302,0.39933650146269334
9303,0.9182351591474953
9304,0.12369421293573772
9305,0.600888615281596
9306,0.9126847613907424
9307,0.05096373872357596
9308,0.1885485386010004
9309,0.7220963832325514
9310,0.8578158196731579
9311,0.6919521741051465
9312,0.6014660586659301
9313,0.7741223464954543
9314,0.1737457747554525
9315,0.624195434295692
9316,0.7639172369922619
9317,0.8513590663899363
9318,0.7479346007858046
9319,0.6818737596784435
9320,0.11092797209054232
9321,0.05206105220604421
9322,0.9073389636402194
9323,0.7190444106529917
9324,0.972933908084606
9325,0.33046031229959577
9326,0.16651977244672458
9327,0.6613927343510988
9328,0.28292626533990484
9329,0.7715180371295883
9330,0.5998972198761328
9331,0.9536637202520639
9332,0.8718717424990783
9333,0.28400164167709985
9334,0.3974806273362063
9335,0.7763809002683626
9336,0.9652104068219894
9337,0.9394190491110345
9338,0.5932793668671463
9339,0.48986982889801123
9340,0.2809147516641431
9341,0.7470223130526227
9342,0.6059378333345906
9343,0.8769517242393049
9344,0.3837601639421144
9345,0.8662628636161195
9346,0.6743386715502745
9347,0.9979971748820861
9348,0.6654522208381093
9349,0.7232466501248571
9350,0.7088401317972454
9351,0.8829038307977787
9352,0.3032930094682063
9353,0.8788316311324414
9354,0.7601430493429161
9355,0.9518655019301883
9356,0.5932704376614363
9357,0.7919705646479914
9358,0.09701380685767287
9359,0.568285358674811
9360,0.8085973549523912
9361,0.944990449303951
9362,0.215332667748195
9363,0.6741874423782672
9364,0.6499887652257423
9365,0.3979481986076266
9366,0.759896678104044
9367,0.47204163702800744
9368,0.6289980481864789
9369,0.9265672989589347
9370,0.5189476048154031
9371,0.6164016518151022
9372,0.5363690384273084
9373,0.6491453254247109
9374,0.6487792694702246
9375,0.9343054250636001
9376,0.7382651370370917
9377,0.9194701974460426
9378,0.4256916962758484
9379,0.6683353306059528
9380,0.2370519832749464
9381,0.705780113150296
9382,0.8974291583363913
9383,0.13806635080295265
9384,0.9429608405112683
9385,0.07846581069124077
9386,0.3306416429174445
9387,0.36568913046783796
9388,0.781792066022471
9389,0.40586959218064894
9390,0.4001434046532701
9391,0.869644210382155
9392,0.13622859005433463
9393,0.9228119694051848
9394,0.14922259129093127
9395,0.3251660834268683
9396,0.46214322542097913
9397,0.6134026528726387
9398,0.2046992294016375
9399,0.7864936616570081
9400,0.9258907877777979
9401,0.5642921009378808
9402,0.6908025101822646
9403,0.6432780307151922
9404,0.5843657805874533
9405,0.5183922406566043
9406,0.04270233470385993
9407,0.9647875061009507
9408,0.6547835468226794
9409,0.14962668616531374
9410,0.5481869166572887
9411,0.4898393192283055
9412,0.11781008859378124
9413,0.9818197725413764
9414,0.7846853579478729
9415,0.6156997895209141
9416,0.854567174061741
9417,0.3183690426490086
9418,0.4228493456659694
9419,0.9646890107302882
9420,0.7899951508820054
9421,0.6201852222583343
9422,0.32121275069119043
9423,0.9029907304637735
9424,0.8866264129674998
9425,0.3383570177838007
9426,0.19453820155715937
9427,0.8825044233278753
9428,0.5334211047690017
9429,0.6010149077175438
9430,0.9601560957081183
9431,0.9230959040983545
9432,0.5784290186074728
9433,0.8074489461323489
9434,0.8299487400816382
9435,0.38173680429999873
9436,0.3715905630778051
9437,0.8918011373996393
9438,0.8584046487104312
9439,0.6205956339473916
9440,0.4398117552748551
9441,0.9627156838214305
9442,0.16301689217722662
9443,0.34132097799635436
9444,0.20235501050753876
9445,0.8049146513002584
9446,0.7086626243463275
9447,0.7072063714721325
9448,0.5866953767586435
9449,0.059621076618094106
9450,0.7600232331110988
9451,0.6340116535005088
9452,0.836458076475032
9453,0.5944667830598707
9454,0.2801669356950579
9455,0.8384888533670397
9456,0.733407587262815
9457,0.23979031436469014
9458,0.6819021168351224
9459,0.2988068070218586
9460,0.9522367133188476
9461,0.016047752079797226
9462,0.5384864512862979
9463,0.570358945416915
9464,0.27683782482401026
9465,0.9834090788961415
9466,0.5111420345413419
9467,0.9505965467294931
9468,0.47402860691896426
9469,0.5674390143105092
9470,0.2523033862781216
9471,0.9098290068617397
9472,0.7591063083653325
9473,0.7363765238723307
9474,0.8118912941245252
9475,0.6868520211402028
9476,0.18585910577415068
9477,0.9670043398335663
9478,0.719452693807951
9479,0.8784815008271917
9480,0.7004737924272382
9481,0.6745278202397093
9482,0.9490411753855681
9483,0.32926849681818793
9484,0.11501785070852875
9485,0.4241169182908912
9486,0.7587699200686155
9487,0.11080329630470165
9488,0.43215245671899655
9489,0.5550808052691318
9490,0.35794272581919273
9491,0.7978809718753039
9492,0.9172018916465315
9493,0.9173603264535223
9494,0.5569495492591731
9495,0.9366976146426621
9496,0.2037998141606913
9497,0.4613439062342646
9498,0.0333989522149416
9499,0.4472420777100537
9500,0.2565283124502935
9501,0.10359640141832903
9502,0.8093107963869249
9503,0.2408246486315635
9504,0.18893808642456053
9505,0.9474942348595744
9506,0.9625068413944181
9507,0.5375385422043887
9508,0.5057174760312193
9509,0.5190906834434221
9510,0.7362179379257406
9511,0.6038939932443489
9512,0.9828387932782908
9513,0.8900637687119994
9514,0.9586842941287582
9515,0.7837632466171337
9516,0.8074867426011144
9517,0.9503123457503019
9518,0.6796658078620932
9519,0.8547361292237471
9520,0.23639501268556248
9521,0.707510361032253
9522,0.8889522136046947
9523,0.4545621870508812
9524,0.9856342044899765
9525,0.7600286434198399
9526,0.6991156192877389
9527,0.6838175646644199
9528,0.7845474047996702
9529,0.13779710036186912
9530,0.9342979805440549
9531,0.7099540861925734
9532,0.9609174995070684
9533,0.12731983974924274
9534,0.379966197320111
9535,0.24866721110896295
9536,0.5888997556392956
9537,0.6665404464311568
9538,0.973121734293375
9539,0.2474207146503885
9540,0.9237910015188332
9541,0.9400695732600237
9542,0.1938190459534225
9543,0.7525675116669749
9544,0.8910966855655656
9545,0.381603761763349
9546,0.7094796530450983
9547,0.9674061341357358
9548,0.42175904793296626
9549,0.5037420713032275
9550,0.2766915756770629
9551,0.9807076240094116
9552,0.6357916540691507
9553,0.9674605436661547
9554,0.7541264759173814
9555,0.482543805033761
9556,0.8696748171015555
9557,0.6874916627183697
9558,0.7020364265702764
9559,0.18541911345373593
9560,0.6079921776714423
9561,0.7267604144036106
9562,0.38850085767578957
9563,0.447576970544685
9564,0.7767247908204653
9565,0.09470188534638829
9566,0.241632198277789
9567,0.06000170141560718
9568,0.5923789969174919
9569,0.7207437629204015
9570,0.7666760151354728
9571,0.5286979401283435
9572,0.44352355854245173
9573,0.5346762439809246
9574,0.06490058160101998
9575,0.3514098232090061
9576,0.9385845857203584
9577,0.21483626069403017
9578,0.6980005791174756
9579,0.8104221903128694
9580,0.850258546499059
9581,0.12394204250692493
9582,0.8478120669711554
9583,0.860780794737337
9584,0.6668040960835483
9585,0.9177666855623593
9586,0.6365736334904147
9587,0.1453128084892479
9588,0.7970640645380346
9589,0.7015910477458549
9590,0.7584091568793053
9591,0.1463515176614205
9592,0.33097503376177734
9593,0.5333403432701278
9594,0.8862654182953736
9595,0.4431931416707142
9596,0.7164886865353672
9597,0.7619635044833588
9598,0.5898701905484118
9599,0.274801282633975
9600,0.9280892541258267
9601,0.8469440635669887
9602,0.848198020489324
9603,0.46824355181166794
9604,0.5776077513923686
9605,0.8696775676524631
9606,0.8218519237198386
9607,0.8279769995639924
9608,0.9596041711708606
9609,0.6493417899057793
9610,0.24983950347796666
9611,0.9454550424602882
9612,0.47591823514451725
9613,0.9462439173888267
9614,0.6586137548609238
9615,0.28433566862595105
9616,0.4799149276547759
9617,0.9710794356632709
9618,0.9868274340071999
9619,0.8182123335562332
9620,0.1595566401107882
9621,0.7286235865921299
9622,0.5662846937352232
9623,0.5100503556731676
9624,0.8089447084616795
9625,0.9667510827590431
9626,0.8797218389646675
9627,0.5944750152874302
9628,0.20510640679449432
9629,0.12305387812115999
9630,0.18396413331403472
9631,0.5426430671015505
9632,0.7324476840679645
9633,0.975775131634927
9634,0.06687489985437332
9635,0.7799779986397967
9636,0.8824803168054439
9637,0.18593616074993422
9638,0.61888191243621
9639,0.41494300615084273
9640,0.655029982215673
9641,0.7617866969037546
9642,0.710696160256829
9643,0.3537290343007165
9644,0.6088446984351512
9645,0.12809084654940658
9646,0.8614845311471934
9647,0.9716111716252892
9648,0.5972108815551849
9649,0.024615008277381317
9650,0.6419263727698764
9651,0.6255461087109054
9652,0.6646125144521302
9653,0.6912636998630988
9654,0.5453756847468231
9655,0.33924577429818054
9656,0.6906303703960367
9657,0.5138843335330883
9658,0.9205499888958538
9659,0.8736958904560671
9660,0.614476253642819
9661,0.06984473790131836
9662,0.9072857299310533
9663,0.14903995187356603
9664,0.916007847800683
9665,0.8484305938443094
9666,0.4128214350950758
9667,0.7073851416157474
9668,0.8528096276767583
9669,0.6851179423743395
9670,0.8705712555860355
9671,0.5155901920879266
9672,0.15344121093596286
9673,0.871438938172575
9674,0.7099737366059348
9675,0.5850824828500377
9676,0.7181613396358851
9677,0.6813500920877837
9678,0.31152200295367183
9679,0.38421193986396807
9680,0.9188337211616817
9681,0.8150291289636487
9682,0.8772525854135546
9683,0.8454405061794831
9684,0.5049139840118597
9685,0.1318636931169723
9686,0.7656793535037649
9687,0.9346115711262838
9688,0.7234884174587961
9689,0.90427817235561
9690,0.938368437092857
9691,0.8437604277717735
9692,0.9113295971915752
9693,0.8701929933082563
9694,0.9200521620724563
9695,0.8918819799166239
9696,0.9966514693132149
9697,0.9442808884320679
9698,0.5270632383351981
9699,0.5293277560113582
9700,0.5612635302068222
9701,0.9083180438133378
9702,0.4651337778196609
9703,0.8081906600269885
9704,0.9279099567218115
9705,0.9037112814647331
9706,0.4153858661181093
9707,0.800468596654582
9708,0.028647136367856832
9709,0.4506379536503793
9710,0.568689330279359
9711,0.858917593153307
9712,0.27807641313249404
9713,0.8520793650072402
9714,0.22995180523390446
9715,0.8386009543067399
9716,0.7774452255614251
9717,0.8373944463951993
9718,0.9762464337190787
9719,0.3818658129352766
9720,0.7674851941611704
9721,0.2581038776190249
9722,0.7941405308160675
9723,0.9024873276788572
9724,0.2180219853899615
9725,0.8892436016053494
9726,0.5467549843278664
9727,0.6763937976511265
9728,0.23725304009077855
9729,0.05880818452456765
9730,0.6417762610351821
9731,0.5782864879468403
9732,0.14071964264924233
9733,0.7765602676780743
9734,0.08568316631890947
9735,0.919819704480482
9736,0.17629807259421956
9737,0.18272390670537128
9738,0.8575574627818486
9739,0.5735631348722982
9740,0.11179600116973061
9741,0.7314874442793388
9742,0.04628168519486912
9743,0.890471744200756
9744,0.7431055329867734
9745,0.7825334994219242
9746,0.9944324518422075
9747,0.9515369472348874
9748,0.8163921519769183
9749,0.9622694264456307
9750,0.3463689231799025
9751,0.8564077501681838
9752,0.8321922694096019
9753,0.2777908787915297
9754,0.07715519441578678
9755,0.9695778247235224
9756,0.15977258067464456
9757,0.4726034082340833
9758,0.06221910425848843
9759,0.9748642672984992
9760,0.8425894318353994
9761,0.9885752746148014
9762,0.8876803272950812
9763,0.986094048996387
9764,0.8398022426185067
9765,0.5366117550647692
9766,0.730449308257496
9767,0.09277545503292424
9768,0.800464918771793
9769,0.8863510524388105
9770,0.39073162508782994
9771,0.3846009710208831
9772,0.8935768953903599
9773,0.8234320762712245
9774,0.38527820003315033
9775,0.839503242890061
9776,0.7377617583198885
9777,0.18715718799825964
9778,0.3419225187616998
9779,0.19749123199806148
9780,0.9620306680647995
9781,0.8335919293900069
9782,0.8210038221836041
9783,0.5244609683968241
9784,0.8792328512531956
9785,0.6165372072913159
9786,0.1108918835246591
9787,0.2322169724375028
9788,0.5927809650673437
9789,0.3705435126726544
9790,0.6581058323335142
9791,0.6136584780145555
9792,0.4524697464934923
9793,0.5533550575122788
9794,0.3970703402614378
9795,0.7795700949730313
9796,0.6360185418175995
9797,0.8470237409051542
9798,0.6415405625320819
9799,0.9762349512785834
9800,0.7653827052704711
9801,0.5129262730565249
9802,0.6401411407048271
9803,0.5539170353197503
9804,0.8473858700535932
9805,0.6494071265646869
9806,0.212067189361127
9807,0.8607734442597844
9808,0.8406121362838532
9809,0.8004259358425694
9810,0.3646209757163323
9811,0.08233691562492208
9812,0.9455778187388729
9813,0.15749381007648133
9814,0.8376620172212457
9815,0.6705408687798119
9816,0.6450848749054202
9817,0.20665240072325153
9818,0.6243462712140091
9819,0.28420065797847077
9820,0.4522160282650347
9821,0.39128633119372963
9822,0.6512131586977529
9823,0.8402039026167524
9824,0.9940990314576618
9825,0.5682636216750501
9826,0.3728797030802153
9827,0.7211142688770186
9828,0.8860079572030163
9829,0.127569584114731
9830,0.9212983591440529
9831,0.6574333229739632
9832,0.9191693287903874
9833,0.7860841143178487
9834,0.7305541632348657
9835,0.9059242944470715
9836,0.5317773569501397
9837,0.14579840409600567
9838,0.2667337560608728
9839,0.7741425731677447
9840,0.8971826873830956
9841,0.42251582887468503
9842,0.953771924276006
9843,0.22667220018598888
9844,0.45077031866723977
9845,0.8085454040454735
9846,0.023640481630492594
9847,0.8353469807990331
9848,0.7814138684815995
9849,0.8821148679389275
9850,0.7976855110514082
9851,0.1968908811583777
9852,0.9543565823291077
9853,0.8268589927149215
9854,0.26481440136899304
9855,0.7793663491462626
9856,0.30682102715223497
9857,0.7184659504247036
9858,0.7812493105634881
9859,0.8238978805577721
9860,0.3902868708767146
9861,0.8668463879492502
9862,0.43863344531605947
9863,0.4712399582871923
9864,0.9012132221394288
9865,0.9603286925404676
9866,0.8817127390196889
9867,0.08285048661716898
9868,0.2681214867633887
9869,0.6548204358718362
9870,0.18735969111534634
9871,0.8402287056531373
9872,0.5312119248478208
9873,0.27585677265265
9874,0.7318284831124439
9875,0.12940447899557136
9876,0.9488008061577208
9877,0.7928937184668792
9878,0.6598296303855508
9879,0.7892747855397784
9880,0.9697514312194461
9881,0.5627473084886875
9882,0.8662342891844231
9883,0.11467505357914526
9884,0.7137601261401828
9885,0.7657949153912701
9886,0.7398707196224793
9887,0.3393333489330735
9888,0.9793477657729756
9889,0.056807523861771035
9890,0.41881394390357624
9891,0.7388285895145317
9892,0.9433104760085068
9893,0.48990890001140347
9894,0.6736746957181484
9895,0.39758556222499114
9896,0.5606661586151006
9897,0.7615568564649745
9898,0.7663754971163111
9899,0.9151477946592236
9900,0.21864411733680847
9901,0.9185198339325941
9902,0.8136439589016344
9903,0.47628019176545106
9904,0.5796228160625841
9905,0.985428675106447
9906,0.19858521169375346
9907,0.9472598882773889
9908,0.42479178988590105
9909,0.2670203657401408
9910,0.05643562666523855
9911,0.23561778505142286
9912,0.9127235766028199
9913,0.9696097181182978
9914,0.44691939992227575
9915,0.8464594548685683
9916,0.4672399765496819
9917,0.43290882337242803
9918,0.9476280410331072
9919,0.8985346496857115
9920,0.18014927900273128
9921,0.820171857080045
9922,0.035322244188854914
9923,0.19357750086428152
9924,0.7132560043573056
9925,0.05315432243940447
9926,0.790156991232021
9927,0.7461983566382852
9928,0.9847916496101495
9929,0.6614447010715349
9930,0.3792094898366765
9931,0.4979103413701724
9932,0.8447045266624968
9933,0.5308534057076394
9934,0.5977666361590167
9935,0.918457444697212
9936,0.6068211930173614
9937,0.8189975906368324
9938,0.6184645103307306
9939,0.963938170970024
9940,0.45964311389254925
9941,0.9813507782860702
9942,0.9210100181075488
9943,0.9373865584200037
9944,0.9142686083362728
9945,0.7913145286016751
9946,0.4686843523030231
9947,0.3857820079172391
9948,0.07360330987548565
9949,0.5067511816861484
9950,0.7546849643376098
9951,0.6147811016604311
9952,0.9172806205589031
9953,0.7010438059386694
9954,0.9449497823664851
9955,0.9144354401931599
9956,0.5429530444914715
9957,0.8090004589690909
9958,0.5227926453107811
9959,0.21126952678651004
9960,0.8854934750709916
9961,0.6662013138992443
9962,0.6276813131166729
9963,0.8888073377627643
9964,0.04342068543736444
9965,0.5943095481518413
9966,0.5069326401130131
9967,0.4516601476321917
9968,0.6809444845288838
9969,0.06961287035131662
9970,0.24056990649737978
9971,0.6656766665758874
9972,0.9198967884297456
9973,0.3031719751169883
9974,0.5680612274087034
9975,0.2973920690367379
9976,0.9148371374769645
9977,0.7130444299455713
9978,0.45921563000058785
9979,0.6919668838782863
9980,0.19263203020709904
9981,0.40119287261570996
9982,0.25984260711029156
9983,0.9711127619145609
9984,0.9599338344294067
9985,0.530374200205829
9986,0.527484515758948
9987,0.6982578532217066
9988,0.5180045508192969
9989,0.8214204974880118
9990,0.8866323472394848
9991,0.9794086920933175
9992,0.312398828186177
9993,0.7944660661616396
9994,0.6993849626704011
9995,0.907624621294434
9996,0.5428917045001933
9997,0.7873765958247513
9998,0.7525849477421184
9999,0.5415745097974867
10000,0.5561963236197139
10001,0.9486233201860301
10002,0.8145679701649411
10003,0.8615500706414364
10004,0.12736081457104578
10005,0.7079941262291373
10006,0.7434867122081202
10007,0.3648910704159379
10008,0.2121923040274208
10009,0.8830593437869774
10010,0.03532492162219095
10011,0.16025380945186954
10012,0.8612666137764143
10013,0.508162726532007
10014,0.8260697589967378
10015,0.3586403843795442
10016,0.49693067854590606
10017,0.5610355363172895
10018,0.8802398878811339
10019,0.46914435331149096
10020,0.21240291847627565
10021,0.3342571767615392
10022,0.6298908837264253
10023,0.43335831850784284
10024,0.706298261798524
10025,0.431341291984062
10026,0.13566973571472268
10027,0.8743629796465632
10028,0.5500217443239389
10029,0.6713866886292895
10030,0.7533317360744157
10031,0.3830086123901835
10032,0.4694485051455677
10033,0.4416793196785953
10034,0.8238718738890558
10035,0.6421870985916495
10036,0.517500431047221
10037,0.3631759198328042
10038,0.908932842539139
10039,0.17127332423788108
10040,0.8703760940058615
10041,0.6630118870450359
10042,0.37589504998159423
10043,0.20684848254872368
10044,0.8786968366204838
10045,0.36079604501320883
10046,0.60890209802897
10047,0.8213929879469628
10048,0.22084348878164664
10049,0.025183278082539808
10050,0.6664505069784797
10051,0.8238107843233141
10052,0.06575423902900822
10053,0.812752942110821
10054,0.47114824873711986
10055,0.6548731096923617
10056,0.1518114552133297
10057,0.47930680190483715
10058,0.8017064617842928
10059,0.20660185874538217
10060,0.8276384259985127
10061,0.0993519030523412
10062,0.8624684567300763
10063,0.8477017610614679
10064,0.8641352110340934
10065,0.17866446692534302
10066,0.9054249648143742
10067,0.12537020796694062
10068,0.1278717395130958
10069,0.33349087801140564
10070,0.13562820945194312
10071,0.9253061891646102
10072,0.7083217487267296
10073,0.829156325279509
10074,0.878303768989487
10075,0.734115284830653
10076,0.868716542783781
10077,0.22011323760898804
10078,0.5804346063456233
10079,0.4318768327727886
10080,0.20915797263903338
10081,0.6145008683358651
10082,0.04215645310464241
10083,0.9724441681851966
10084,0.7693629860566356
10085,0.8167500179203261
10086,0.36683875463131144
10087,0.23650318494710865
10088,0.9317400620720434
10089,0.14822857697061656
10090,0.13572369226445397
10091,0.22302913372795144
10092,0.7264613364387499
10093,0.40626605151642314
10094,0.057620708802114375
10095,0.9739606672152873
10096,0.6983881813738004
10097,0.8329591403386347
10098,0.4455467177558298
10099,0.7918514565979898
10100,0.8869540417488374
10101,0.9252302716294336
10102,0.9695562581768672
10103,0.6926304660177182
10104,0.2713931250256478
10105,0.39033604437574093
10106,0.9805506715277571
10107,0.14701929032367503
10108,0.45640079907071174
10109,0.4152531277137796
10110,0.9128035866715267
10111,0.72555884477687
10112,0.8359020253231656
10113,0.8132643844860389
10114,0.929041392090896
10115,0.8979957256858909
10116,0.861419461208425
10117,0.736969448207279
10118,0.9576886361376832
10119,0.9705870300594667
10120,0.8821378123075757
10121,0.9462128434971427
10122,0.9765175504700019
10123,0.18966299095856265
10124,0.9621415493630242
10125,0.870564128568797
10126,0.7517141669126454
10127,0.6900375108480065
10128,0.008620683181389588
10129,0.09358158193528265
10130,0.7925615787351142
10131,0.8516398183062179
10132,0.5239059514507101
10133,0.9561255647311268
10134,0.057726529313908
10135,0.944201564133334
10136,0.9224709913111045
10137,0.27180801639559693
10138,0.766320475123896
10139,0.5771751753212687
10140,0.9101364637094548
10141,0.8246127589534877
10142,0.30953725588339154
10143,0.6958500530452616
10144,0.4896982616995955
10145,0.763102445248432
10146,0.5491656866012792
10147,0.44979897125688595
10148,0.7160066255351726
10149,0.9795579312140777
10150,0.7554507100969357
10151,0.672337957527834
10152,0.7499480095678912
10153,0.8890936441188558
10154,0.147605832727973
10155,0.9188489344542757
10156,0.8604001630613508
10157,0.22666215642606466
10158,0.02837200204555564
10159,0.9827412561231338
10160,0.23360472745663255
10161,0.07232515767144343
10162,0.7018942411692723
10163,0.8432484435325271
10164,0.5823315900876308
10165,0.6989804748291449
10166,0.48567539285627087
10167,0.5397022570758646
10168,0.540043801436035
10169,0.2467036821623241
10170,0.9658477989608517
10171,0.6250053906062155
10172,0.2296580380245533
10173,0.4598949710021114
10174,0.8347066377566074
10175,0.2787025668610582
10176,0.4000661523315568
10177,0.44354871570127846
10178,0.9316695152423473
10179,0.8571638802909867
10180,0.5352670893673491
10181,0.5647568962099302
10182,0.8799874163210754
10183,0.9435153961003658
10184,0.7491692154982665
10185,0.4988737272393225
10186,0.5989464279064866
10187,0.10434185448861516
10188,0.38323349154431513
10189,0.21424012671299883
10190,0.8692107955155164
10191,0.517992917563506
10192,0.962778017905849
10193,0.748415663666576
10194,0.9504143838230256
10195,0.5390866726922923
10196,0.8856947482386657
10197,0.7464906693575722
10198,0.8633544904479641
10199,0.9606383616801617
10200,0.6152698173830614
10201,0.2005015183852816
10202,0.8659717038024874
10203,0.5635208880709438
10204,0.13021096651175842
10205,0.4346420439289842
10206,0.9686264031207071
10207,0.761873101589472
10208,0.7474544703667266
10209,0.3494259617415316
10210,0.9333088245909358
10211,0.21561404125221748
10212,0.35655122504609366
10213,0.9793925298483424
10214,0.4330779883526799
10215,0.5912786663987016
10216,0.6687589226264631
10217,0.2595338218158149
10218,0.9319955319779883
10219,0.1186741867774103
10220,0.18161689846758577
10221,0.21977457178654144
10222,0.6895814592555212
10223,0.9562133916815027
10224,0.8988371609436182
10225,0.7198414583213525
10226,0.10958641474809017
10227,0.25481316241392893
10228,0.8661576148367848
10229,0.7814142884998679
10230,0.6839467647170521
10231,0.6777076796785663
10232,0.13502291003395864
10233,0.4425850054087372
10234,0.870873691774
10235,0.8598638673353332
10236,0.14773740932888124
10237,0.46805072004199366
10238,0.9727223242379948
10239,0.10706193912331037
10240,0.8613123626788717
10241,0.8539763135718337
10242,0.9244006323306387
10243,0.16765494461503339
10244,0.3868789387271108
10245,0.6740470814367057
10246,0.14989206477033398
10247,0.8284561191786293
10248,0.7676466492178179
10249,0.21394923863096618
10250,0.9389181185484509
10251,0.8849379164814356
10252,0.9671469201130797
10253,0.7195835174554334
10254,0.8350265178744064
10255,0.16511431847917135
10256,0.6676906809759665
10257,0.9634384408988113
10258,0.7193841316963768
10259,0.20298952172164822
10260,0.9343411336919066
10261,0.9066656997401229
10262,0.38369971113758955
10263,0.5040552670810615
10264,0.664134666072175
10265,0.973040631519818
10266,0.6789799591851738
10267,0.955363214205709
10268,0.578257011839125
10269,0.7973070532817923
10270,0.4988062410452481
10271,0.9672282283340072
10272,0.48738205819310854
10273,0.8477935517673293
10274,0.3998628080086033
10275,0.0535646313341786
10276,0.29022905374581914
10277,0.5586050606631624
10278,0.6367268243525223
10279,0.9852073514148568
10280,0.5731751573391602
10281,0.020252377747462674
10282,0.9649349039354513
10283,0.9234986122141956
10284,0.7047772220234291
10285,0.535300373641282
10286,0.46495316673429404
10287,0.17263845926847554
10288,0.9568530146686051
10289,0.3645576889792796
10290,0.5508569443382335
10291,0.8787482660437042
10292,0.9773377071436048
10293,0.7780256195950427
10294,0.08853295291039405
10295,0.750232887864224
10296,0.9561891683065197
10297,0.19012163607369062
10298,0.983085869755806
10299,0.34883225029556847
10300,0.4296717180122533
10301,0.8191047497057667
10302,0.9688697250464736
10303,0.8224678671539903
10304,0.7478640841343797
10305,0.9441032681624093
10306,0.8346978386545644
10307,0.45506903965467976
10308,0.23411635974109393
10309,0.20461025125734303
10310,0.5967987655537589
10311,0.36180550415383567
10312,0.933029437919522
10313,0.705078752741474
10314,0.9894995681070066
10315,0.953135188822079
10316,0.6921041061234613
10317,0.6951016349719149
10318,0.5267754013693206
10319,0.6113997079471404
10320,0.8241515554331236
10321,0.729941007724026
10322,0.8960912199459097
10323,0.20919457986978798
10324,0.9019071901725879
10325,0.8349143997692002
10326,0.7553780820616746
10327,0.869734015114978
10328,0.306191174966536
10329,0.538144680778459
10330,0.4908632221377413
10331,0.6743739896185744
10332,0.6788825324484821
10333,0.8025335370468332
10334,0.8861639800693447
10335,0.533482739540745
10336,0.5843411971345517
10337,0.26714736646038933
10338,0.7807348327081399
10339,0.08783740850865944
10340,0.26690777063750176
10341,0.3871276085880708
10342,0.7810911008075149
10343,0.6628726692234571
10344,0.9900741044378011
10345,0.4028938644864038
10346,0.5610430916568023
10347,0.7311658212958879
10348,0.36360191404159065
10349,0.959097256270174
10350,0.7262844417172847
10351,0.6755117868754064
10352,0.9209824360998055
10353,0.9233148852526479
10354,0.6204087944342708
10355,0.7777103918458348
10356,0.7313316735558666
10357,0.8357019488437478
10358,0.5266011410916563
10359,0.3570297802025851
10360,0.530993042994727
10361,0.8233421685040048
10362,0.8470316559981357
10363,0.15018422948648683
10364,0.9204753082281177
10365,0.1263585257644568
10366,0.45714391374642505
10367,0.4703307668854244
10368,0.10797465441145225
10369,0.5589511405888988
10370,0.7405788837145697
10371,0.6601126506957242
10372,0.1581062498301876
10373,0.34652776334686153
10374,0.9042218595403636
10375,0.9157767205506485
10376,0.9899050200052185
10377,0.40583533639882874
10378,0.8416584731749817
10379,0.8632186864387067
10380,0.794968143437814
10381,0.7380032885812254
10382,0.7155886018192256
10383,0.5502987953426544
10384,0.9115333254755558
10385,0.6946402588651791
10386,0.8572609765037699
10387,0.9306720087221855
10388,0.865924101153
10389,0.4144655925160939
10390,0.9675547595689106
10391,0.8349102945801034
10392,0.9315611838379153
10393,0.5080083181449858
10394,0.1723682953612811
10395,0.07601911287036746
10396,0.37657599726689944
10397,0.7590113946984317
10398,0.12233713155733335
10399,0.20980709927389807
10400,0.9478867875112676
10401,0.5077945542983712
10402,0.8345279628369872
10403,0.7031097131208303
10404,0.9581469854033037
10405,0.40181792726092885
10406,0.723067434701667
10407,0.7264569612906766
10408,0.5753386619200519
10409,0.9625017349282667
10410,0.12804013665063377
10411,0.503438950793487
10412,0.28745804894473104
10413,0.900696483213458
10414,0.516921135154262
10415,0.6312717149927938
10416,0.26857926365813584
10417,0.8715123031581227
10418,0.5644590813447125
10419,0.13498793240704365
10420,0.6104089747373588
10421,0.11504374924785034
10422,0.8503498860913159
10423,0.34049956790055
10424,0.3820320621797521
10425,0.6327738431138471
10426,0.25688192730887377
10427,0.6675098447761325
10428,0.9480216425937634
10429,0.10146351579696093
10430,0.9399380880363131
10431,0.7122022919160772
10432,0.48823658505911144
10433,0.9415064893812288
10434,0.7395769374573774
10435,0.0987622099853183
10436,0.9308918035521295
10437,0.4118932015020747
10438,0.7543058036940457
10439,0.9289497784876461
10440,0.627762661349376
10441,0.987773345335743
10442,0.4028980341238841
10443,0.7367862829326258
10444,0.4103802852067247
10445,0.5455686117948283
10446,0.9142300225858871
10447,0.33155715797820123
10448,0.5299022974028645
10449,0.3419259630043437
10450,0.6235351140888904
10451,0.908930565331363
10452,0.2505080173006766
10453,0.32870964065784936
10454,0.5286772485947142
10455,0.8968129393365514
10456,0.8165020130992859
10457,0.6970449959602208
10458,0.9209381623828778
10459,0.3608568147995239
10460,0.7534528480114124
10461,0.8385611069034796
10462,0.03190932194873554
10463,0.5832797648882226
10464,0.6569823200809416
10465,0.8898947905306471
10466,0.6600776767459045
10467,0.5664565734310965
10468,0.988425399597389
10469,0.13495963178637368
10470,0.5825367365420296
10471,0.12652503206132734
10472,0.9163114792993948
10473,0.37507447881913625
10474,0.8919104831328641
10475,0.9689087561656029
10476,0.7294750282297713
10477,0.7122651365426198
10478,0.7409294833896848
10479,0.6677169918493249
10480,0.8971153204869565
10481,0.29528857943673487
10482,0.627526229185324
10483,0.845630068458252
10484,0.4248900260799226
10485,0.9045105097611893
10486,0.9726915133703784
10487,0.9298430945098506
10488,0.29700214948676024
10489,0.470331960727216
10490,0.7108487278248307
10491,0.8916990550567544
10492,0.1258126248067274
10493,0.8207175519011946
10494,0.3638816307241873
10495,0.03967398837175854
10496,0.3527922994385901
10497,0.46926863413548153
10498,0.7246666211844971
10499,0.5933770058797037
10500,0.19260003634008852
10501,0.7972598436748844
10502,0.8206499847686644
10503,0.8479137333617581
10504,0.4891673352362302
10505,0.11621633414023136
10506,0.8576884761829252
10507,0.7449649683782376
10508,0.870604818670027
10509,0.9374000700534667
10510,0.9924535899671229
10511,0.3200091996367451
10512,0.7206733549010377
10513,0.8245554494960282
10514,0.5631388946851822
10515,0.5296168387839213
10516,0.9410852021746461
10517,0.22241722939885622
10518,0.9351183136003379
10519,0.0148444732965382
10520,0.9568556130048559
10521,0.5578542326306749
10522,0.9722206182290654
10523,0.5685275482396285
10524,0.8779086916241546
10525,0.04866671636888026
10526,0.8527586735203423
10527,0.6039435358312334
10528,0.9306078081307477
10529,0.5372038041873801
10530,0.32904314155162123
10531,0.5550532321470634
10532,0.9502037578211932
10533,0.8992386181625324
10534,0.255393997334104
10535,0.6987218077200433
10536,0.6755620221282747
10537,0.39858705702311914
10538,0.8664032028257348
10539,0.18555657579129367
10540,0.7667625173431095
10541,0.34281929765227176
10542,0.3003319451093352
10543,0.17081434757842362
10544,0.7798546508299661
10545,0.10108407739925052
10546,0.48739311837832916
10547,0.22062551508490183
10548,0.5119221588767259
10549,0.49402380872334706
10550,0.15997288527216574
10551,0.29041260600267643
10552,0.4163923917001784
10553,0.39311587771182555
10554,0.41947412020664415
10555,0.26978132518563913
10556,0.256476933856211
10557,0.7209972301012466
10558,0.4311894747685059
10559,0.6064075529201571
10560,0.2581323794189095
10561,0.28702198305601956
10562,0.6609351266984411
10563,0.33596072895734247
10564,0.9250579950018585
10565,0.10453283087729022
10566,0.9434207669420779
10567,0.5968481249190752
10568,0.7298469294382858
10569,0.7087488210939502
10570,0.870564768762379
10571,0.8461236762647149
10572,0.7230492220828166
10573,0.6556346319160995
10574,0.5481121292702307
10575,0.3736862394480344
10576,0.9155000260746156
10577,0.8762533710407138
10578,0.9578614421983737
10579,0.8456842001557989
10580,0.40828617505902504
10581,0.8018964472879562
10582,0.43070476904301264
10583,0.8649099709799913
10584,0.8169987056162001
10585,0.6861229568524866
10586,0.08030043732686928
10587,0.5865840004458737
10588,0.9064451160553776
10589,0.15818951053789718
10590,0.9731090416746886
10591,0.863380264745512
10592,0.9564959481897927
10593,0.6294542890503335
10594,0.7551371608242907
10595,0.6900843716232523
10596,0.7106138265224183
10597,0.8879957903369785
10598,0.9205923935283602
10599,0.08717349326704299
10600,0.4577318351835773
10601,0.24817271020396914
10602,0.3227571760189778
10603,0.6550435254432603
10604,0.6567950104932063
10605,0.8381195076175239
10606,0.017825234550214526
10607,0.9168896609075295
10608,0.8302091516622814
10609,0.0989553916271686
10610,0.7970501473654327
10611,0.7184766374444295
10612,0.530004324941727
10613,0.6728351831730605
10614,0.8425353928474076
10615,0.7625649286612658
10616,0.651521049636155
10617,0.8481414894822531
10618,0.26684317280988656
10619,0.40458301292210636
10620,0.5157982885592364
10621,0.11984374156291529
10622,0.7530962971029757
10623,0.6188717429320069
10624,0.9951048251799746
10625,0.564732718853811
10626,0.7581255439214504
10627,0.8017496977947401
10628,0.03285282330989664
10629,0.961441685667575
10630,0.2627267096445082
10631,0.8905531171571032
10632,0.8613890014591815
10633,0.7235307418424156
10634,0.6162539898153647
10635,0.42639115977770614
10636,0.4502343662643596
10637,0.7976037721919869
10638,0.8180544667394226
10639,0.34076065223926405
10640,0.47706642229433877
10641,0.7937100496144495
10642,0.7349984311116639
10643,0.8302674625185448
10644,0.9673266844198984
10645,0.9016290884224345
10646,0.14253401041285116
10647,0.7926815244689879
10648,0.6724159381580183
10649,0.8314863765982454
10650,0.6159497311689842
10651,0.7517327913239665
10652,0.6886558555994955
10653,0.544175932150169
10654,0.05454449167307448
10655,0.3332802660660355
10656,0.7931673124248552
10657,0.10196186858096225
10658,0.5356553944768594
10659,0.7872087154291855
10660,0.09025902555251984
10661,0.39578953367679687
10662,0.8691385299424631
10663,0.6990044415650242
10664,0.6223722523213212
10665,0.3113816366157387
10666,0.7615917685249091
10667,0.30577700582981354
10668,0.9850652946821349
10669,0.8676301684504525
10670,0.052308066328134895
10671,0.4264446199959356
10672,0.7951682488397728
10673,0.2844354215712113
10674,0.9036432389058423
10675,0.6464044550021589
10676,0.16757416256037808
10677,0.9693501989885508
10678,0.8032570544941957
10679,0.2077215573629079
10680,0.8726734823976864
10681,0.7534095982413417
10682,0.4869454885926376
10683,0.30740904240877304
10684,0.34807353215172654
10685,0.30954602119626345
10686,0.4198295246386623
10687,0.7990162765689574
10688,0.18486434750428002
10689,0.9239658230157035
10690,0.7459627113618253
10691,0.7882116509299598
10692,0.09373611993598074
10693,0.7427118159061911
10694,0.9688972369774356
10695,0.9295770375701111
10696,0.9861173458399911
10697,0.5768046408517657
10698,0.30222690403988156
10699,0.09960006407728715
10700,0.7818653683151581
10701,0.4394894577742418
10702,0.5470029965266298
10703,0.964098922662214
10704,0.3553487846801366
10705,0.8177173398317601
10706,0.9454602596495824
10707,0.045876551530815705
10708,0.47168155612766877
10709,0.8942525416748769
10710,0.8875265337224704
10711,0.6988120204614917
10712,0.255594150521594
10713,0.6459920161873335
10714,0.12505786294240928
10715,0.8734844062102466
10716,0.8108815226257171
10717,0.7397166642311895
10718,0.3518194468386968
10719,0.6282478145620899
10720,0.8993064721260889
10721,0.45868523400005845
10722,0.990409010853578
10723,0.9046006196983184
10724,0.3094486522643772
10725,0.6234983440900379
10726,0.7820238575474837
10727,0.313233066357857
10728,0.49018870994488734
10729,0.8773207354661512
10730,0.8665302388736462
10731,0.9616443732563299
10732,0.35984604569895967
10733,0.5336176069591333
10734,0.8774658554887319
10735,0.7972986896728319
10736,0.3084461409810236
10737,0.5251936308324299
10738,0.9261477462308033
10739,0.5686302005634715
10740,0.6755546435162479
10741,0.6901003810236276
10742,0.8442225379138324
10743,0.9339702802904372
10744,0.6809968520465604
10745,0.976815944740145
10746,0.8093028056062884
10747,0.38204267252794
10748,0.10783539516111679
10749,0.48122306621705024
10750,0.5984202989510795
10751,0.9559651636567413
10752,0.9566405224161558
10753,0.9194667616028392
10754,0.8265042875011464
10755,0.3329754696273793
10756,0.8258680839419282
10757,0.9478820027138566
10758,0.6725987562071722
10759,0.3658134804132638
10760,0.342120376733964
10761,0.09522700466673673
10762,0.7956112138848921
10763,0.3264470035952475
10764,0.8777403761073687
10765,0.514996562163236
10766,0.44470059204075
10767,0.6169456080398149
10768,0.24552616812884817
10769,0.7065791031187283
10770,0.7187965255754859
10771,0.9682507433591331
10772,0.14995897657780494
10773,0.11847239874159836
10774,0.78841243805318
10775,0.8222920159618115
10776,0.9482836296746968
10777,0.778411317478322
10778,0.2093401661999169
10779,0.756670774374811
10780,0.5770026857244063
10781,0.674961827274276
10782,0.19746658565804753
10783,0.9880335969898496
10784,0.671074718942935
10785,0.4079969019908572
10786,0.6471322519183161
10787,0.5675511169894139
10788,0.9839810423836536
10789,0.3416191725347106
10790,0.3364462679324462
10791,0.13838192486048367
10792,0.5632228425472822
10793,0.9182935650344447
10794,0.2458620755193799
10795,0.904164362290318
10796,0.8806955135164533
10797,0.01914501923328751
10798,0.7826010661999123
10799,0.817609484422
10800,0.8750124162916002
10801,0.292335103291906
10802,0.5248614031425812
10803,0.42176988222389616
10804,0.6520021667762933
10805,0.5501621941104682
10806,0.4937018585611705
10807,0.9539373550519142
10808,0.9712307471349731
10809,0.8073284655437609
10810,0.8762190954099175
10811,0.8513747959019478
10812,0.4390591086547548
10813,0.5222621667914022
10814,0.836808853850564
10815,0.6603598419773853
10816,0.9529029242986903
10817,0.3772298589066598
10818,0.3321493757766984
10819,0.6886306074027887
10820,0.9666776637860578
10821,0.5470978050817876
10822,0.36791361528646566
10823,0.762149073591492
10824,0.5036461391463487
10825,0.4545568657471551
10826,0.9517912090197213
10827,0.7701543394154852
10828,0.5727780264960671
10829,0.8207728527466004
10830,0.6439949890674707
10831,0.9065881490405906
10832,0.16114749981797008
10833,0.9228878395938298
10834,0.7966694814690843
10835,0.4399639291257588
10836,0.7834555172008288
10837,0.29361693322834265
10838,0.38590141801650996
10839,0.9153196750908914
10840,0.16277675734570435
10841,0.8782243094516086
10842,0.26512053193764906
10843,0.4191572897583153
10844,0.9198174389585584
10845,0.1540280279521123
10846,0.3169312015763891
10847,0.5364541913744668
10848,0.9299826996295968
10849,0.8825175994775543
10850,0.4897688598079813
10851,0.9747159247620644
10852,0.7734114637366885
10853,0.9784620391556055
10854,0.6803004847611253
10855,0.01311307872778552
10856,0.1486544630390513
10857,0.8876439357647036
10858,0.5259246581712617
10859,0.9024584321545818
10860,0.8590342553027724
10861,0.5189621758185744
10862,0.11525873465547481
10863,0.9913370737801763
10864,0.8362257544230324
10865,0.7391562257976512
10866,0.974448864250121
10867,0.21503295098846734
10868,0.12119028969527906
10869,0.7263695188313574
10870,0.9086592889768362
10871,0.3062865676289282
10872,0.6334613906740921
10873,0.1428693825207449
10874,0.614655595976281
10875,0.9032515392514696
10876,0.06852839187502308
10877,0.15073057914050075
10878,0.963521766543073
10879,0.8654249793846351
10880,0.2530416793240636
10881,0.08127470649615827
10882,0.9900179571452586
10883,0.8591584548773543
10884,0.936407434470821
10885,0.9843118728136102
10886,0.8728812628373532
10887,0.2672906628001648
10888,0.8793885614530662
10889,0.4066094822053141
10890,0.8246978138971044
10891,0.9002277819933205
10892,0.3526946412370635
10893,0.8312219483563106
10894,0.3198313496174065
10895,0.4812565845138981
10896,0.15901888873171058
10897,0.9873088487943433
10898,0.9283970224760115
10899,0.5481498094595839
10900,0.3330311554818133
10901,0.30717553641828316
10902,0.8494892657910311
10903,0.3128769948980647
10904,0.994325776089766
10905,0.9850229550256255
10906,0.9229239064657005
10907,0.9678735339541563
10908,0.36106917720422405
10909,0.04602218575212885
10910,0.8450607439828227
10911,0.9579294334681648
10912,0.31562411336250323
10913,0.8233491510915067
10914,0.5530394702419658
10915,0.6832565276054208
10916,0.17018880776998876
10917,0.5512676474507052
10918,0.992426583207914
10919,0.028978377058483176
10920,0.26014321111942684
10921,0.6736170675180769
10922,0.3775758548846177
10923,0.9517900691978136
10924,0.05522206718305497
10925,0.7140523096200969
10926,0.974554349217091
10927,0.833940650663569
10928,0.457377382659553
10929,0.7435874366578686
10930,0.3372805662885872
10931,0.6492714748619387
10932,0.6307015654125446
10933,0.733389365403054
10934,0.8980114807951608
10935,0.042778903456769914
10936,0.7095659827389206
10937,0.7571624276939843
10938,0.9005837666306235
10939,0.15398870559788466
10940,0.6266571611268725
10941,0.9870333782985297
10942,0.16831007945497756
10943,0.08003943322723761
10944,0.7935600839686292
10945,0.6356075144054015
10946,0.6848126418003172
10947,0.7583649680162715
10948,0.09333224794588685
10949,0.9525807527285592
10950,0.537490900173617
10951,0.6353268880001348
10952,0.4181901546381212
10953,0.9387432757232439
10954,0.5630144862820293
10955,0.3335301080972817
10956,0.8605592793310874
10957,0.822838506505645
10958,0.49569726297247024
10959,0.4638415207916163
10960,0.8754258943491598
10961,0.7488227261158178
10962,0.022387343737697647
10963,0.20149931563815737
10964,0.9723514534299368
10965,0.9951661237333694
10966,0.33530092432741804
10967,0.8129103818591413
10968,0.5319103871591891
10969,0.6392562687178094
10970,0.6601418968671159
10971,0.4348592908531268
10972,0.4835753169025683
10973,0.563675034596952
10974,0.07753413727624978
10975,0.4697297426856641
10976,0.23927605423169251
10977,0.1723179883748712
10978,0.8300163810604867
10979,0.5315151844264238
10980,0.7780086061301358
10981,0.5478551656251436
10982,0.7589720055423032
10983,0.7583720401567478
10984,0.7143441074237002
10985,0.9768124902693339
10986,0.5776422833387033
10987,0.41409029427558325
10988,0.17376655478255065
10989,0.9459482419807226
10990,0.7256081501301256
10991,0.9768460651731862
10992,0.41031816397122284
10993,0.6934563486896859
10994,0.8151309591989823
10995,0.9350803431571855
10996,0.9193614978474421
10997,0.05968337106141632
10998,0.33492079829573723
10999,0.9380148322155847
11000,0.6270839981918649
11001,0.6798272254203864
11002,0.9357268880436728
11003,0.47313309868888914
11004,0.2565630373647843
11005,0.3033509444552351
11006,0.7905961995260228
11007,0.5857763724160084
11008,0.8801132154908187
11009,0.7225079883903316
11010,0.9863520459527341
11011,0.5216371810213778
11012,0.12279136662740797
11013,0.565479902181451
11014,0.6218160278227266
11015,0.9327481515907957
11016,0.6909167420327117
11017,0.884652694616003
11018,0.9771164529944686
11019,0.7348853173696118
11020,0.0585530916621807
11021,0.1318869201199985
11022,0.8093180385526054
11023,0.9151977806591928
11024,0.016653146910423588
11025,0.7337758667925701
11026,0.8560387712060784
11027,0.9323349253812806
11028,0.7427857528977414
11029,0.9352535718325901
11030,0.6429737610712795
11031,0.18183201035162347
11032,0.7963280431876786
11033,0.972642226969218
11034,0.8940388520090091
11035,0.7112661536950613
11036,0.7932374926904839
11037,0.9345649455638925
11038,0.3759123428991918
11039,0.9829447644834172
11040,0.8405917635017888
11041,0.7898035156335509
11042,0.9027512753857209
11043,0.47661658993992195
11044,0.9264412269433282
11045,0.6554583937365432
11046,0.7992467050187139
11047,0.6871192822023304
11048,0.8643490904542218
11049,0.9347868217480922
11050,0.45138178972455406
11051,0.8689021925512641
11052,0.6411320054562468
11053,0.6591682861381511
11054,0.7790330667464921
11055,0.8177239430578099
11056,0.9209904540075923
11057,0.16894237414686783
11058,0.993401345145095
11059,0.25193697291016104
11060,0.2069426427386325
11061,0.816518254401087
11062,0.7813494292140382
11063,0.21068625323938886
11064,0.6991844509340917
11065,0.6654456132585365
11066,0.9570028702501188
11067,0.9767835677647486
11068,0.9269184249143287
11069,0.6424998574818327
11070,0.5573945592068104
11071,0.40577863739647607
11072,0.16716833394675298
11073,0.9345162914489421
11074,0.9519914093530221
11075,0.6628607476632432
11076,0.6078232534066109
11077,0.9288316455643173
11078,0.5720828892619282
11079,0.3614357454669954
11080,0.9916940540918269
11081,0.6300659605511011
11082,0.3243875415583973
11083,0.7818117930003384
11084,0.05218131145952354
11085,0.8354239800032063
11086,0.547109037725716
11087,0.17396051557227862
11088,0.7181708236535163
11089,0.9849128379983441
11090,0.7972182709524435
11091,0.5571493287069714
11092,0.8502965716390091
11093,0.30393704349595513
11094,0.670123065508546
11095,0.9179464941226225
11096,0.9240403187380566
11097,0.9756238579626627
11098,0.7615016621307382
11099,0.8962111178971587
11100,0.9035177838000646
11101,0.9003322673658126
11102,0.2299575852376253
11103,0.861483653448525
11104,0.2677768724263861
11105,0.8430013882738496
11106,0.5834567997918545
11107,0.7978786947757776
11108,0.1806336312724985
11109,0.9387366514675435
11110,0.7918494489645648
11111,0.8804419615380287
11112,0.30426237492388775
11113,0.6400690660543926
11114,0.5525575637400874
11115,0.511720439799265
11116,0.6307977241505275
11117,0.9781803222242785
11118,0.799861903108904
11119,0.05396295558957146
11120,0.48215605041448534
11121,0.5736832061914536
11122,0.40091432224402923
11123,0.4427044050963939
11124,0.7888921172932354
11125,0.8571969223121608
11126,0.48627333525031485
11127,0.91573329241732
11128,0.9589157900872992
11129,0.38624488615542263
11130,0.6588995132626435
11131,0.7775730830166725
11132,0.056513447928393884
11133,0.2818793187842235
11134,0.7848217922420528
11135,0.8758751450691341
11136,0.8731253313544531
11137,0.42239747499975455
11138,0.13655151261599294
11139,0.3773814275055604
11140,0.8146400915525641
11141,0.05975812185227065
11142,0.7941439119004797
11143,0.9639115915736962
11144,0.38447468897075776
11145,0.8945251454851789
11146,0.49352446662639343
11147,0.8105848356511238
11148,0.2800264197961324
11149,0.47286314972184584
11150,0.477480839675239
11151,0.6820774425588428
11152,0.7202012383503881
11153,0.3240556400402926
11154,0.4437548500129962
11155,0.35329361317881136
11156,0.8775971051162431
11157,0.9142453616338768
11158,0.5357027219270182
11159,0.9520236930152826
11160,0.8492246772638676
11161,0.32594540013608514
11162,0.993303741750132
11163,0.9596523725955471
11164,0.5695583626275043
11165,0.9097409896024408
11166,0.5856469302102478
11167,0.7232720469821082
11168,0.28405754910999464
11169,0.7149898354304298
11170,0.9641374877740962
11171,0.8840930289047519
11172,0.6684866563617501
11173,0.7793039964313033
11174,0.7938950734745335
11175,0.10210019165789401
11176,0.845028025276247
11177,0.21577787699958662
11178,0.3598828918119888
11179,0.7082209997525807
11180,0.7292248880037432
11181,0.7215930521809591
11182,0.4952286437505185
11183,0.7070104719526378
11184,0.6763846707097212
11185,0.5442933226193084
11186,0.8734896407789763
11187,0.27264114966641034
11188,0.13400351874465674
11189,0.6375078431923971
11190,0.8072419083698944
11191,0.9096957025675488
11192,0.25981694246464504
11193,0.7191250609963395
11194,0.4569818585104066
11195,0.8637583026305657
11196,0.570652149203116
11197,0.4529436314140742
11198,0.6956202790955208
11199,0.9566447997193407
11200,0.8723607535456566
11201,0.8261117445976374
11202,0.6520551761333947
11203,0.48215744466808336
11204,0.8542288131181183
11205,0.9243552176409121
11206,0.37097615607044204
11207,0.9869731610490251
11208,0.9513626466106931
11209,0.9131926291955313
11210,0.06760049323027169
11211,0.7742590580668754
11212,0.7047071190230484
11213,0.2775489956090405
11214,0.14172095402952875
11215,0.3720438739611414
11216,0.4643104287288469
11217,0.8276368652101361
11218,0.07956797303299425
11219,0.8179294127610405
11220,0.6878945520127635
11221,0.7143050828799536
11222,0.8708711571653515
11223,0.14234618061501655
11224,0.12797937728290873
11225,0.5815336353951984
11226,0.9687133478958505
11227,0.837150916456754
11228,0.3162826800314913
11229,0.8064951910992978
11230,0.8077584037548456
11231,0.6467045511837565
11232,0.13657203626969125
11233,0.7302735983059409
11234,0.8984787603188158
11235,0.9716919124997107
11236,0.2907414782920008
11237,0.9683032355455942
11238,0.12910635169379195
11239,0.20100885896293674
11240,0.8764902807906726
11241,0.44063613370874705
11242,0.6451380282990868
11243,0.4464533312896692
11244,0.9952228869870358
11245,0.4522611441308256
11246,0.8381894293348265
11247,0.6777525160697193
11248,0.5416099482644045
11249,0.7320033669905253
11250,0.9608506617364544
11251,0.9644574977168391
11252,0.2983995321778475
11253,0.6747720942001306
11254,0.20647427283448225
11255,0.9939058829536762
11256,0.1021843148223885
11257,0.4838427270964196
11258,0.28824263181643084
11259,0.9171310606561186
11260,0.6455992415559497
11261,0.6955504098529355
11262,0.8305634767195943
11263,0.10898279601948856
11264,0.5099562893259245
11265,0.4489003098959788
11266,0.3459279209270035
11267,0.8120288917806576
11268,0.5871023215100514
11269,0.2941424278815173
11270,0.14272824579859414
11271,0.428526991943297
11272,0.837391634441777
11273,0.43466544065108986
11274,0.157278619883969
11275,0.3315688135482891
11276,0.8975845894621831
11277,0.9785659661991066
11278,0.03976050456321554
11279,0.11491314635968121
11280,0.28222634158896626
11281,0.10284936540910615
11282,0.27489091079163785
11283,0.2501564053761098
11284,0.7785995164467815
11285,0.882626333490828
11286,0.7468591929120296
11287,0.9305159610291326
11288,0.943462028342903
11289,0.2650313425021084
11290,0.29967932455631896
11291,0.5615659501540041
11292,0.8248949810684155
11293,0.4335029498203631
11294,0.06688887345447808
11295,0.9428483841107863
11296,0.27550265834348303
11297,0.4471416835639411
11298,0.27900986642092473
11299,0.9284415020686714
11300,0.5918711279463406
11301,0.8171654238223741
11302,0.33219775776021493
11303,0.6650400675173088
11304,0.9730292290978119
11305,0.8552559273001482
11306,0.24997435984969316
11307,0.8599774303454898
11308,0.8539737782739976
11309,0.49450907801357896
11310,0.974736211431861
11311,0.9510339807453478
11312,0.7257047446276821
11313,0.7767353798084574
11314,0.8364009966227332
11315,0.38384792035413257
11316,0.6251962397892531
11317,0.9647946598099143
11318,0.8996018460666196
11319,0.979892843182696
11320,0.8223434166389151
11321,0.5417999966323269
11322,0.8378394677253832
11323,0.5407699927969052
11324,0.531141655219071
11325,0.9009371841521768
11326,0.9439308310791836
11327,0.7697644070701543
11328,0.6348471174679206
11329,0.6443095385895085
11330,0.9113753132934854
11331,0.5451133254115765
11332,0.38277543891691973
11333,0.8508171594559418
11334,0.9689078184680676
11335,0.48380119269308325
11336,0.4665813155485661
11337,0.4597005094121089
11338,0.44567764811816263
11339,0.9334626565493814
11340,0.8480322298640951
11341,0.2138067482307219
11342,0.31213322281807127
11343,0.9289487273625755
11344,0.3267508570979205
11345,0.9450563598237492
11346,0.09674843476497354
11347,0.4635999393627466
11348,0.30422397160292475
11349,0.13102150067414992
11350,0.7859592219866002
11351,0.7650605688341097
11352,0.6431020244225696
11353,0.6478841816114097
11354,0.8438475379960275
11355,0.6327704451465986
11356,0.5206781080188073
11357,0.9816066872273533
11358,0.8841594365716432
11359,0.41279562662047137
11360,0.8860280588772845
11361,0.9915728113869428
11362,0.9676997119302557
11363,0.25612129627020597
11364,0.3980009673386866
11365,0.7125945142119537
11366,0.31247727246334756
11367,0.6972620595451174
11368,0.710905276915366
11369,0.9150701994043273
11370,0.9908900712157722
11371,0.9210535355849901
11372,0.5951666327208097
11373,0.6535509281766224
11374,0.7653501056569157
11375,0.15483260498362045
11376,0.5049752777705965
11377,0.25796848973175596
11378,0.7045981089426151
11379,0.718481040223026
11380,0.038674469072093244
11381,0.7189336206824444
11382,0.8117827003882656
11383,0.026951775424264423
11384,0.8014832042785395
11385,0.05345435719448727
11386,0.9741273183485166
11387,0.6881304287460713
11388,0.891136158292908
11389,0.9850815877289439
11390,0.19937897535952706
11391,0.680518132204652
11392,0.8285679503342727
11393,0.7604060535503594
11394,0.18022155425571088
11395,0.3719848903296829
11396,0.5453868952759572
11397,0.2629762863273287
11398,0.2755851974003459
11399,0.28879329161320255
11400,0.9483010117835299
11401,0.9972491388237582
11402,0.09361300806901808
11403,0.7664174716226458
11404,0.6501847280527475
11405,0.5903291559275735
11406,0.8904712043876019
11407,0.9618313502375585
11408,0.8678973877332009
11409,0.9461117966191696
11410,0.39295991639738226
11411,0.8651179589632481
11412,0.6815193643984644
11413,0.5757484659593838
11414,0.39330202706264905
11415,0.1688757840417757
11416,0.5424338531170164
11417,0.07064734502804264
11418,0.06659495716762708
11419,0.37544726464908446
11420,0.9489646695559429
11421,0.5745799867509537
11422,0.985920062132018
11423,0.3879220214306404
11424,0.8237072461068969
11425,0.6416174769980738
11426,0.5631673148308619
11427,0.9294623995993359
11428,0.49828487683394246
11429,0.20590407758101495
11430,0.7984876927575789
11431,0.6392724852123839
11432,0.8772135046783328
11433,0.679802130361908
11434,0.7888532395693363
11435,0.9243216134047295
11436,0.8663542596781325
11437,0.6982562046513768
11438,0.8582033412707492
11439,0.8974378652630741
11440,0.16969777207068307
11441,0.7907558964468894
11442,0.3680902928372491
11443,0.6606713114356043
11444,0.5713726248944072
11445,0.77898339122437
11446,0.9913540571601214
11447,0.4767137426051136
11448,0.3497462386581636
11449,0.30731792561290755
11450,0.20156186060078066
11451,0.5111667876819458
11452,0.753212136543392
11453,0.803455876113769
11454,0.8178490830491377
11455,0.6115159648204561
11456,0.9329570572310221
11457,0.8100932940011657
11458,0.180931099460788
11459,0.879978705564333
11460,0.9105504027095087
11461,0.9115213193105598
11462,0.7600858445703208
11463,0.375253551841922
11464,0.5198351971600054
11465,0.7855751967932593
11466,0.46779637206180347
11467,0.4245417795301045
11468,0.8887256398194058
11469,0.025884608578051107
11470,0.7829622278576767
11471,0.3729142460685861
11472,0.7740065389800233
11473,0.13085684652277182
11474,0.5225488190812152
11475,0.06202197552499831
11476,0.9779682429291485
11477,0.4950204794974664
11478,0.9210364686285265
11479,0.31282054258427366
11480,0.37574893076320337
11481,0.702383413682894
11482,0.9263852519186161
11483,0.26987568697773134
11484,0.9168253412074258
11485,0.9291935361012298
11486,0.09015890846984133
11487,0.7607892726594755
11488,0.7578899389587054
11489,0.7012449562813338
11490,0.1699075538944883
11491,0.2616500241750341
11492,0.8900789651504327
11493,0.7894431276192964
11494,0.36606839120832885
11495,0.256910524132042
11496,0.5012734818170907
11497,0.5435089929193945
11498,0.9710719941399265
11499,0.33505509424840274
11500,0.5561647856457125
11501,0.9000082280568814
11502,0.7910434615324661
11503,0.8424961969260155
11504,0.2751747805545877
11505,0.3591139380494755
11506,0.2029570989040215
11507,0.047194027597178057
11508,0.7761923455654003
11509,0.7413097086985836
11510,0.10432523095616959
11511,0.22218388657749902
11512,0.7594204451606398
11513,0.44825316074405075
11514,0.9236377022935329
11515,0.9018140050873019
11516,0.7699362801558576
11517,0.565080497480713
11518,0.8364902639423791
11519,0.9330626291475914
11520,0.8809439591267362
11521,0.8105585390511095
11522,0.7846092351798482
11523,0.9414774082640028
11524,0.8106021152262732
11525,0.13212529923954355
11526,0.20828271677724283
11527,0.5628285413715919
11528,0.8328418349880922
11529,0.9724189022805495
11530,0.9287834139130151
11531,0.5767043246286633
11532,0.4750290134332684
11533,0.8960022823240132
11534,0.9770485982143401
11535,0.48357817822953914
11536,0.7645030847526731
11537,0.8963787033149715
11538,0.4183254940554622
11539,0.7326209138850904
11540,0.7900688348240495
11541,0.7115407094888618
11542,0.635893133315497
11543,0.5551574666378832
11544,0.39061317683611935
11545,0.7759850715268636
11546,0.15925901740322082
11547,0.8381977982224537
11548,0.9078723338060198
11549,0.9432208813836397
11550,0.4546161573740121
11551,0.674008029572422
11552,0.7236597817953455
11553,0.9741212871712035
11554,0.15755031526143118
11555,0.46126939474350487
11556,0.3770577660471812
11557,0.2670258257090774
11558,0.41446191836206325
11559,0.9012372252872681
11560,0.8312645327827823
11561,0.7045731093876917
11562,0.9331519413174313
11563,0.1751114231976217
11564,0.6448693107287985
11565,0.8975681073786649
11566,0.8990137902673787
11567,0.2769453784504458
11568,0.3283294167822151
11569,0.6476520195470287
11570,0.9669766205755429
11571,0.6715952437326891
11572,0.9354619647291935
11573,0.9589117890690936
11574,0.2805368526516041
11575,0.9899469714917308
11576,0.34458844664447
11577,0.8762826448576179
11578,0.9456302022560207
11579,0.3784981007583372
11580,0.8097878807715974
11581,0.41260453160093724
11582,0.5940554408667058
11583,0.036777124636090466
11584,0.495111667986021
11585,0.6128652567351288
11586,0.9906452051478407
11587,0.04273936512298906
11588,0.9324451123927032
11589,0.8391494049496825
11590,0.3151835138532781
11591,0.7529030186934614
11592,0.8612416508555601
11593,0.9849556481326945
11594,0.5192583121529765
11595,0.022399994831240177
11596,0.8658787511056065
11597,0.3290549522569903
11598,0.7369181036010412
11599,0.06478561396067493
11600,0.8318838245433954
11601,0.9734412422202375
11602,0.5441741565491206
11603,0.9949642392827954
11604,0.6435585486208236
11605,0.8676160512976386
11606,0.32338796302999195
11607,0.3168037247952556
11608,0.5097557965292668
11609,0.1463167735556016
11610,0.5425798551169666
11611,0.7041323572078051
11612,0.8991234974974301
11613,0.8573057114773407
11614,0.07877444545101651
11615,0.8908534224232847
11616,0.9548218886169858
11617,0.422154247471865
11618,0.5464229829557734
11619,0.4366741500857103
11620,0.41796755804882907
11621,0.4799177143055755
11622,0.7422050190706667
11623,0.8543930986384881
11624,0.7328823211705217
11625,0.9742122368665523
11626,0.3627419301201767
11627,0.6574622611746772
11628,0.627664348341585
11629,0.3343971810514486
11630,0.6025302520219634
11631,0.132448549657143
11632,0.12338205179057966
11633,0.4780840836405161
11634,0.3950871293826393
11635,0.4201865794225894
11636,0.5195357439948153
11637,0.957625179369713
11638,0.13823605723197738
11639,0.9612283305977076
11640,0.99068598071506
11641,0.8735836942973578
11642,0.6912138280955443
11643,0.19908909859226243
11644,0.06129335356720796
11645,0.6774345347690053
11646,0.31774146883075666
11647,0.8645602945920302
11648,0.7583046021499319
11649,0.9495157857377795
11650,0.47625581720679633
11651,0.8377298405348331
11652,0.6997087909390309
11653,0.9449600356423539
11654,0.08656945301351059
11655,0.21792303093244933
11656,0.9509257524199436
11657,0.652932716862289
11658,0.015492564145492308
11659,0.8103196763801144
11660,0.7477750622194046
11661,0.41219175938891084
11662,0.8956660650346003
11663,0.9395234093688547
11664,0.912531706367604
11665,0.08233046138911634
11666,0.6799211595949792
11667,0.25690814112484434
11668,0.5595632138398853
11669,0.030206398789981857
11670,0.3008787679046693
11671,0.8024822347508213
11672,0.6367469180850233
11673,0.4822372727194449
11674,0.7617482864394697
11675,0.6210175793425887
11676,0.5865051809438356
11677,0.6792570606231068
11678,0.8619639550588364
11679,0.8196189878091832
11680,0.6416592156781662
11681,0.2606455392521397
11682,0.9651421855614765
11683,0.919790614905351
11684,0.07820498546395674
11685,0.20940397277288528
11686,0.33839877937808854
11687,0.8543161732861875
11688,0.9939984755031602
11689,0.9351342563213144
11690,0.488726454876028
11691,0.8971357354422334
11692,0.9044425808901897
11693,0.13186272211873465
11694,0.80197412881388
11695,0.8518973842000489
11696,0.8048982807786705
11697,0.2582134234825547
11698,0.6569501610241423
11699,0.8584237602364677
11700,0.611745236383296
11701,0.13175525660635545
11702,0.1987018560466761
11703,0.7453265016409635
11704,0.22424694172372803
11705,0.05442617378636886
11706,0.8207539965629159
11707,0.3586727619691698
11708,0.7388201933063093
11709,0.17608931556357907
11710,0.3822103742460718
11711,0.9360840160881576
11712,0.3700024669379498
11713,0.1554526286049446
11714,0.64327023129735
11715,0.09542117876300511
11716,0.8197328344127447
11717,0.5761865474464387
11718,0.9041194313838209
11719,0.4139910263143538
11720,0.5836698817184248
11721,0.9211640137650215
11722,0.9825889948940606
11723,0.8632211800730643
11724,0.9694948943941039
11725,0.8123000601301692
11726,0.45788068121071346
11727,0.8664623013013689
11728,0.35304676742743357
11729,0.5929527330084108
11730,0.0630074844161715
11731,0.5933664353727871
11732,0.6881508012854786
11733,0.7670708884023499
11734,0.10547955115958785
11735,0.8317561116882489
11736,0.3133193676095498
11737,0.9550540273737435
11738,0.8969980515782282
11739,0.09412498655170114
11740,0.437414257103881
11741,0.9717758571539828
11742,0.7272951604506321
11743,0.9222772548643939
11744,0.8738026444971
11745,0.4955577773684056
11746,0.25680081514327463
11747,0.5062684633271443
11748,0.899646102556404
11749,0.9396962630142971
11750,0.8432670317391375
11751,0.09500424932101176
11752,0.3303253288886248
11753,0.8755661872501048
11754,0.7034635086120229
11755,0.7371239878871426
11756,0.20413761205812622
11757,0.4659843276689684
11758,0.08685890019640989
11759,0.3423326514765994
11760,0.36497481536956605
11761,0.9231348632333743
11762,0.9296090740414577
11763,0.8345248258114569
11764,0.2386918366493985
11765,0.9191558238083641
11766,0.15533211012130896
11767,0.43546431709167027
11768,0.7641725082207328
11769,0.325670986116785
11770,0.9810451195860318
11771,0.5075885277044768
11772,0.9055053526813945
11773,0.925457243386905
11774,0.25636562181746264
11775,0.7111634273874871
11776,0.910943897627429
11777,0.7733611744377491
11778,0.9465521649305854
11779,0.1676379582444082
11780,0.3893839113539013
11781,0.14737635463261736
11782,0.7613532690003323
11783,0.02809885535484082
11784,0.47782704866335113
11785,0.7518033036396248
11786,0.1785183844227518
11787,0.4559234599976514
11788,0.23640250303968824
11789,0.38514389258870346
11790,0.30920915417121847
11791,0.13942346353433868
11792,0.9569899028962093
11793,0.2104185852420403
11794,0.5488192718884304
11795,0.8330004110273631
11796,0.8611915893302725
11797,0.13999031201619563
11798,0.7035258040742586
11799,0.9346436567606747
11800,0.8861714861736628
11801,0.011373547543813258
11802,0.8436264831423648
11803,0.16227334204490404
11804,0.9808937019121036
11805,0.47110441087026517
11806,0.9302306861845221
11807,0.8996698922976211
11808,0.8279800274407494
11809,0.8272978547030202
11810,0.900210032922196
11811,0.8175655307365974
11812,0.3026793386033131
11813,0.2598157293131193
11814,0.24147929315138114
11815,0.9582304079812376
11816,0.7260778176746866
11817,0.27762896725882374
11818,0.31550946168047506
11819,0.1713227523625568
11820,0.4337620797217053
11821,0.8518617976534824
11822,0.6265900301971875
11823,0.9015080796866922
11824,0.21030780171798583
11825,0.5503266142525297
11826,0.9888763312276754
11827,0.9801047456972655
11828,0.5259931860694098
11829,0.9486648691574134
11830,0.7735032115152586
11831,0.8669522685264933
11832,0.07264148145830418
11833,0.05322911594646245
11834,0.4962501520398504
11835,0.6447799405156588
11836,0.9061151973107169
11837,0.3810307749834996
11838,0.836631665859584
11839,0.43633047569629335
11840,0.75338635521395
11841,0.9618840018385626
11842,0.8145109571955972
11843,0.8386358611109963
11844,0.9344816124868566
11845,0.45129014276488605
11846,0.6969096041062711
11847,0.9932857389376794
11848,0.09968027460960438
11849,0.4172917402167968
11850,0.47844453791355424
11851,0.7478763977767532
11852,0.8965201521016529
11853,0.9775544847123837
11854,0.6250077637332697
11855,0.9171045271698941
11856,0.5498933259289286
11857,0.9990335720214331
11858,0.9286307533424284
11859,0.42966061556774165
11860,0.8298285144162669
11861,0.16250751423188994
11862,0.9716473856500382
11863,0.38350983393167226
11864,0.976241559178879
11865,0.8598933077578761
11866,0.4425274711361753
11867,0.4585352331741359
11868,0.23027883451800282
11869,0.9186107573563861
11870,0.3961855712019003
11871,0.3161855301912426
11872,0.21240412814138318
11873,0.9674733375628538
11874,0.938370577555141
11875,0.9750034991947684
11876,0.774003646082431
11877,0.82441356349451
11878,0.1824313187027596
11879,0.2543678766491093
11880,0.9257432885062564
11881,0.9193228900561804
11882,0.10167170183844447
11883,0.7525161934723953
11884,0.8169781553981804
11885,0.6836329357837695
11886,0.6984025880787458
11887,0.2477683151026894
11888,0.485554695894038
11889,0.2950775121219879
11890,0.21493100139552035
11891,0.7589561181488561
11892,0.9902274452834295
11893,0.7364729487845674
11894,0.06216561846077314
11895,0.8687332245810196
11896,0.35254528577065525
11897,0.4890501905213167
11898,0.5457706907021768
11899,0.7416885020122043
11900,0.6491699573063623
11901,0.8019779797005118
11902,0.924695053466604
11903,0.28070490599447573
11904,0.5083534304257521
11905,0.7221745191850681
11906,0.904184841116476
11907,0.1603042143888618
11908,0.978224259646614
11909,0.9025968416599719
11910,0.7273655286354543
11911,0.8219324837533963
11912,0.5962833003747985
11913,0.41842505871475516
11914,0.9247846159178578
11915,0.5063901685733384
11916,0.9426603693522316
11917,0.9120078906152962
11918,0.4738633804724309
11919,0.7477331074402161
11920,0.8694328709498388
11921,0.5491066715309155
11922,0.2838810835412681
11923,0.3175173742018343
11924,0.2704595137704425
11925,0.692949003390293
11926,0.7263332633869574
11927,0.5520796687149354
11928,0.806792445674155
11929,0.9906508467613908
11930,0.9757457248944629
11931,0.7668931345334143
11932,0.3210195610607586
11933,0.8969354360103793
11934,0.7371160513875529
11935,0.342503509864094
11936,0.5458507140104775
11937,0.862269000236609
11938,0.9984359262029162
11939,0.8651836513243505
11940,0.9401819745859438
11941,0.8810949608861561
11942,0.5042956950049523
11943,0.1389638104037682
11944,0.4215444687413574
11945,0.7951498958368131
11946,0.8839143201424523
11947,0.19742374349093159
11948,0.7929249032442721
11949,0.7778125374776322
11950,0.5782490454319551
11951,0.3155189409288422
11952,0.5518512756210514
11953,0.4124317265530481
11954,0.3532545639675093
11955,0.6716313563536902
11956,0.41432000954951215
11957,0.68607420866257
11958,0.16971459770343897
11959,0.8623551026914552
11960,0.8124291333827228
11961,0.9616043094050912
11962,0.6547703972446438
11963,0.8932981151368048
11964,0.8421675870977051
11965,0.7742898745956582
11966,0.6778224239897144
11967,0.540797252937174
11968,0.4989659742257011
11969,0.4322554955735136
11970,0.6189450626361521
11971,0.712100646541229
11972,0.22505455016773812
11973,0.4645493508366086
11974,0.29777573697215787
11975,0.9816021705303939
11976,0.853150185217627
11977,0.261414714407837
11978,0.9183929421409868
11979,0.5420796712446695
11980,0.9151283209530106
11981,0.8635749311979244
11982,0.3301087774960972
11983,0.2206240474501043
11984,0.2527378117420278
11985,0.5687288016767141
11986,0.8220026447658338
11987,0.9219464410832797
11988,0.3215982071209981
11989,0.23940187037068536
11990,0.8583357283742288
11991,0.7354185012713321
11992,0.9807887179265343
11993,0.9357398746743156
11994,0.640651980135814
11995,0.8077194530414689
11996,0.48156968398249006
11997,0.9032302980044512
11998,0.6828062354925045
11999,0.9677572385320529
12000,0.6707773339140837
12001,0.7525626226716712
12002,0.9338903097537142
12003,0.6427963610418419
12004,0.9427189504266557
12005,0.20381768175214068
12006,0.24035917108377233
12007,0.8771209064612799
12008,0.9804130207245124
12009,0.4420255320781466
12010,0.9160204344770718
12011,0.12544527252328308
12012,0.5300995560768388
12013,0.41804925843463997
12014,0.09958473917091483
12015,0.019857201497668522
12016,0.8074192653190023
12017,0.6227959130783864
12018,0.8351068987314335
12019,0.8646182329362676
12020,0.4728645832931617
12021,0.6163126732768753
12022,0.7948316088110164
12023,0.14537621039119017
12024,0.8858189379046283
12025,0.9178508096379846
12026,0.7724343073499038
12027,0.8568854785322776
12028,0.38978167285287313
12029,0.8654048195424289
12030,0.7808755552714545
12031,0.9199994866932375
12032,0.4050676725065445
12033,0.682128379434729
12034,0.34010611068327723
12035,0.27377758856088935
12036,0.8982884260736137
12037,0.9585395640497141
12038,0.10219880039489149
12039,0.47926875992580814
12040,0.28424391597140514
12041,0.5738610789582157
12042,0.9160091533067729
12043,0.7942702846343588
12044,0.09982321159985129
12045,0.4234621590469693
12046,0.3382462753061968
12047,0.5189000269042754
12048,0.6018018911472458
12049,0.21179299772615914
12050,0.8760660981313658
12051,0.4207485661869655
12052,0.6593270115793463
12053,0.7302112540811131
12054,0.13096447969358105
12055,0.3201877473451692
12056,0.5165542926598459
12057,0.428232687330025
12058,0.7651749471441006
12059,0.8938503226672383
12060,0.993094751499615
12061,0.6476637400125452
12062,0.43169639382565883
12063,0.4050814110890449
12064,0.7404286273039543
12065,0.49357509917601067
12066,0.29576789424726746
12067,0.4314083821867463
12068,0.9155613831165127
12069,0.6093581051795929
12070,0.6742125155887645
12071,0.8288111948789219
12072,0.5501328626689074
12073,0.6504724884899787
12074,0.16155173553778687
12075,0.6601935093105666
12076,0.4360761281480327
12077,0.49215217483767054
12078,0.6830364059168604
12079,0.8701236866189568
12080,0.22649421756109067
12081,0.9761290261411045
12082,0.4343709477980284
12083,0.090574181950079
12084,0.9545430714007637
12085,0.5408329309526327
12086,0.42440099650826585
12087,0.1533317991169051
12088,0.2212326460928318
12089,0.6448183127587699
12090,0.17934455099084304
12091,0.4086794031793179
12092,0.9350039888891578
12093,0.8824618395015812
12094,0.9711461080605734
12095,0.9401105237083197
12096,0.7555952784237631
12097,0.02376147430105928
12098,0.8420915084720542
12099,0.5940217638598082
12100,0.8764127356270571
12101,0.5117384059246928
12102,0.7794226236602554
12103,0.10751171411810612
12104,0.24580976462863183
12105,0.5426169917430792
12106,0.9401549494942714
12107,0.24873489438481355
12108,0.6114409546444679
12109,0.9704099160426605
12110,0.7215651752884941
12111,0.5305210867267467
12112,0.5227529603149698
12113,0.871124161414745
12114,0.9634773099952918
12115,0.7212999984933918
12116,0.8176132808785854
12117,0.9771128050520393
12118,0.9468774582702136
12119,0.5463910416304819
12120,0.5372126545262276
12121,0.42785794275594524
12122,0.5737749528572796
12123,0.33833712254396436
12124,0.9071241420033358
12125,0.6516776222180997
12126,0.7858891465406206
12127,0.847913048105095
12128,0.7112340299762209
12129,0.3473211167995543
12130,0.8245631600147366
12131,0.23470308264227938
12132,0.11288903465674548
12133,0.2799560913344137
12134,0.5694451417509149
12135,0.9200903737929313
12136,0.9284444944800798
12137,0.36805060240993487
12138,0.814502709285908
12139,0.21822009747458462
12140,0.9451357941530051
12141,0.29024962223357903
12142,0.559549755301103
12143,0.6777994350543451
12144,0.9482494803662608
12145,0.4182106885303951
12146,0.8722244904446738
12147,0.882112915936052
12148,0.5525239535042354
12149,0.9939876755516126
12150,0.8299630477067564
12151,0.7002187339068141
12152,0.9572358372282602
12153,0.8555071018689703
12154,0.5367513418936803
12155,0.9956274135621896
12156,0.9237894502415274
12157,0.8961068890607717
12158,0.9629688024153228
12159,0.9434354187072103
12160,0.6341279726020295
12161,0.43413260273470716
12162,0.4189065799145475
12163,0.4403429703616975
12164,0.5128289659975536
12165,0.03504390293005264
12166,0.14585417143520654
12167,0.9533577084657022
12168,0.7847775182961412
12169,0.3800388926177682
12170,0.6247209214546867
12171,0.7193143686534987
12172,0.38715559898925256
12173,0.5759502806903394
12174,0.6706251341868582
12175,0.5979832497645016
12176,0.11533417158085339
12177,0.8708505810104397
12178,0.9737600098529797
12179,0.7576629367969603
12180,0.7915416035119232
12181,0.7578191934353615
12182,0.14414484807678857
12183,0.9989326488734717
12184,0.8020100937417555
12185,0.9351578503690184
12186,0.626954783080799
12187,0.31859486513750485
12188,0.8624324619982007
12189,0.2415204036667424
12190,0.46283361766177245
12191,0.6431897029808334
12192,0.30139484101107694
12193,0.5361721597547524
12194,0.2613296466766402
12195,0.9623633087804833
12196,0.2470573072421234
12197,0.2411813138150519
12198,0.9739868317265242
12199,0.3152415036095811
12200,0.11462105639647381
12201,0.20866968581762876
12202,0.9408308976067353
12203,0.6815828398689074
12204,0.33547035581946977
12205,0.5845097179185311
12206,0.5609472791788441
12207,0.8492041862263799
12208,0.031192678553094166
12209,0.4984316372271978
12210,0.3297256288978257
12211,0.28511965842735415
12212,0.617494169357825
12213,0.9793957648371251
12214,0.6151371764232604
12215,0.4172564240518882
12216,0.8264435056791131
12217,0.540233471341795
12218,0.8090793826266164
12219,0.8062478214818153
12220,0.19257596849666184
12221,0.16565568021511576
12222,0.30357594941837024
12223,0.5858172052367202
12224,0.5093698664792079
12225,0.7408888604509464
12226,0.6083872026086145
12227,0.5112776845927344
12228,0.4862100939043514
12229,0.9151223403589862
12230,0.9720948603464654
12231,0.5954053654837735
12232,0.8444668378428385
12233,0.4352861175813001
12234,0.776121636013482
12235,0.05417814004764873
12236,0.1788597410917506
12237,0.7201398267734328
12238,0.8057592173507513
12239,0.24987296148313023
12240,0.7866594927919986
12241,0.5745982520547127
12242,0.662865347258016
12243,0.7911457851106531
12244,0.5803705604903455
12245,0.9570907641186618
12246,0.44347860811090717
12247,0.19625625623696252
12248,0.6115428342238908
12249,0.9687038777382376
12250,0.19029823600783616
12251,0.27830487237295254
12252,0.7523089916537321
12253,0.6466699696279813
12254,0.7033908134191429
12255,0.10691970735894378
12256,0.20095935684604535
12257,0.9301267637930799
12258,0.1746142410085192
12259,0.6469750052483033
12260,0.4374696411719869
12261,0.6858161926757914
12262,0.9123164958013988
12263,0.5387268699511124
12264,0.845663749551485
12265,0.14339192833563055
12266,0.43866740274280497
12267,0.4875508403535563
12268,0.48034512687575015
12269,0.7344923018230567
12270,0.39148383080929366
12271,0.2348079702847191
12272,0.792874678692122
12273,0.20443806315705615
12274,0.9437730147369612
12275,0.7851120408238169
12276,0.630320920222071
12277,0.9864027544776534
12278,0.9959357055056263
12279,0.3233782429128621
12280,0.5498999597398728
12281,0.6494385230842744
12282,0.2394498106587045
12283,0.9844147154897147
12284,0.7069545959686723
12285,0.973996346025785
12286,0.3067323620952614
12287,0.6154398013265268
12288,0.14416303333924954
12289,0.9928412661600007
12290,0.8060695707754281
12291,0.8981516845246548
12292,0.9634145972233066
12293,0.38005040234936277
12294,0.3868857730619659
12295,0.14648921965276046
12296,0.9868758280480652
12297,0.09586528460618088
12298,0.6799417238163885
12299,0.6091758255843988
12300,0.45531455977032725
12301,0.8797944513776047
12302,0.5009403265016696
12303,0.787448015078127
12304,0.840497212572829
12305,0.7931210863464043
12306,0.964063746614528
12307,0.49088412759696337
12308,0.9087706179691053
12309,0.422384667279087
12310,0.2182872962021268
12311,0.8905944177922104
12312,0.2639638560974744
12313,0.9737915192477646
12314,0.40908918105121367
12315,0.8993355796532922
12316,0.7540375081231595
12317,0.6327331120860306
12318,0.7922968911621693
12319,0.7512309574334095
12320,0.7903056069397351
12321,0.8979641171783209
12322,0.1901835891226
12323,0.7865480878581237
12324,0.9723973617836695
12325,0.3454106628253675
12326,0.9841377563652336
12327,0.8693567644998872
12328,0.950193253810597
12329,0.6990617423355682
12330,0.9817933634361525
12331,0.8161862999001818
12332,0.7081465617377566
12333,0.25603306338184795
12334,0.5634072755734122
12335,0.601494123417697
12336,0.647535275015402
12337,0.46781648951786853
12338,0.4714489123620118
12339,0.5260084558886995
12340,0.5983279188747307
12341,0.7038908810999204
12342,0.37547798956708195
12343,0.11151791106189642
12344,0.03435424795015179
12345,0.8201920129656465
12346,0.3367291016884774
12347,0.5905499170191555
12348,0.9955688676214077
12349,0.9105833851065649
12350,0.9475076247267014
12351,0.32188123300253213
12352,0.8432908502553412
12353,0.41009308462696364
12354,0.5251939714987562
12355,0.04525400516250203
12356,0.5970377129977319
12357,0.891598794311271
12358,0.5654306873386666
12359,0.46270724300058413
12360,0.5314125730636916
12361,0.04420077246487001
12362,0.8369510973908976
12363,0.32388125710643473
12364,0.5886137779195928
12365,0.8512356453284208
12366,0.9579909335056499
12367,0.6664518295261074
12368,0.5853391143430039
12369,0.9541340872033603
12370,0.1903970420724949
12371,0.4923391103898682
12372,0.22310801616160894
12373,0.4728820007708379
12374,0.8501770377503425
12375,0.8497136835490285
12376,0.43997963176681765
12377,0.7811685779348666
12378,0.7597156656698636
12379,0.7099867040103452
12380,0.7697088615297702
12381,0.24617791633550948
12382,0.5407104332497332
12383,0.4962437155198882
12384,0.8468113727397482
12385,0.9250657739154451
12386,0.3353834299594665
12387,0.6575425097544909
12388,0.6215581004570567
12389,0.9366252152505207
12390,0.9991779981969152
12391,0.29955416676044305
12392,0.8044928757747628
12393,0.8550517386928106
12394,0.7333823803214691
12395,0.7796315800075511
12396,0.6627804315087319
12397,0.848056122439162
12398,0.6980617986872345
12399,0.554736820613522
12400,0.9975430503889792
12401,0.26362668608701884
12402,0.25495094629067155
12403,0.928571984019754
12404,0.7440319244956549
12405,0.34829645869681686
12406,0.8740492619359029
12407,0.7335725014989971
12408,0.9667263215808712
12409,0.5158488150127837
12410,0.9114415736718602
12411,0.3323485976687137
12412,0.3279459305476528
12413,0.8487297281270129
12414,0.19557554044508754
12415,0.8288456807662578
12416,0.7723628629810239
12417,0.641129590997402
12418,0.807836982439781
12419,0.8475734917412056
12420,0.8467092112810594
12421,0.9919682396897685
12422,0.30647309957632335
12423,0.44659639787596744
12424,0.4186281075944614
12425,0.2904790556636239
12426,0.9724708736308197
12427,0.9862614378962556
12428,0.8901424596378051
12429,0.6304951072793328
12430,0.5474782315137819
12431,0.793514147486644
12432,0.13510121444748954
12433,0.26082263508881015
12434,0.5077610596535537
12435,0.40024473387403
12436,0.9634459017297488
12437,0.38452975445652404
12438,0.5389639326226158
12439,0.9501440490890501
12440,0.9087465323806537
12441,0.7605053698384898
12442,0.6971144088274532
12443,0.9551909730151102
12444,0.9246721159460424
12445,0.951020115610559
12446,0.32443524817445096
12447,0.6788091726506714
12448,0.9736457672254688
12449,0.9464425145583298
12450,0.6053900356508423
12451,0.9700292528735349
12452,0.9718385439610535
12453,0.9372323176168814
12454,0.27448293781688765
12455,0.9483549535214948
12456,0.8900576759822699
12457,0.30290852528913575
12458,0.17888302460827088
12459,0.9669251222707588
12460,0.7479661572831148
12461,0.5599412085447012
12462,0.31822313860816154
12463,0.4580266359345171
12464,0.5731715561131298
12465,0.9596272423629936
12466,0.25333529264496363
12467,0.2524539904846117
12468,0.6122113855193579
12469,0.5763090284642399
12470,0.7166893468859267
12471,0.9101796255005731
12472,0.6383525946471446
12473,0.5171880039660721
12474,0.2575217172223079
12475,0.9105797361623046
12476,0.879527673332364
12477,0.7826733125577295
12478,0.2752272503831247
12479,0.385034484613931
12480,0.7779548285410952
12481,0.6837020798118791
12482,0.833105782941857
12483,0.9253978744079236
12484,0.783760221224164
12485,0.0074607376920116
12486,0.17270426124632823
12487,0.5675844014040904
12488,0.9861203397149317
12489,0.8889962219475404
12490,0.9957288956863052
12491,0.9193929586323106
12492,0.9113762247034399
12493,0.2655790327855758
12494,0.9068598247986205
12495,0.25103191333406194
12496,0.8725314360550601
12497,0.9592587961084784
12498,0.4094459887342323
12499,0.047900657259549194
12500,0.5287795228876596
12501,0.7675187193483581
12502,0.313840030062367
12503,0.5867733524422568
12504,0.22292595495222334
12505,0.19772415167428128
12506,0.8583818020934512
12507,0.35107219973753817
12508,0.9542265310758951
12509,0.6624541228808817
12510,0.8797457564775343
12511,0.055767691659954745
12512,0.931110663798178
12513,0.6486157178230613
12514,0.8322314887306191
12515,0.897202442828966
12516,0.6072338648760313
12517,0.9993548011918576
12518,0.9804011854358862
12519,0.6554020666419017
12520,0.38897803567348493
12521,0.4192392623511973
12522,0.8318184742184354
12523,0.13555283785115793
12524,0.14985672181697077
12525,0.9340528957739446
12526,0.193429904930199
12527,0.8781715353717113
12528,0.8940639446485591
12529,0.40802058152250403
12530,0.6267107637998245
12531,0.9855133914007498
12532,0.17728540596178433
12533,0.8848615132699895
12534,0.9615362768434204
12535,0.9476048431808576
12536,0.7813980206558108
12537,0.9384093399833205
12538,0.046784377896489766
12539,0.28634695947688127
12540,0.8342972995939563
12541,0.3247305638124382
12542,0.6662159230708538
12543,0.708828064300247
12544,0.9155751519890387
12545,0.8494758587485842
12546,0.9448152195480534
12547,0.6642438554968834
12548,0.30443798563435664
12549,0.46074291972388304
12550,0.5784018776710921
12551,0.9821753192382238
12552,0.5940493560917881
12553,0.4628301506984538
12554,0.8510947654950641
12555,0.976344012587243
12556,0.9759733886799751
12557,0.41601328776391816
12558,0.7678077845865054
12559,0.3634420870547397
12560,0.3956058089653564
12561,0.1379433166820561
12562,0.46436445210940397
12563,0.8566987032232866
12564,0.33823197434413954
12565,0.57621271179999
12566,0.2251896724784539
12567,0.24066222905800105
12568,0.9744242675280255
12569,0.6023449389289482
12570,0.16668650002052834
12571,0.8254024450097862
12572,0.6489772772436141
12573,0.7166023300587926
12574,0.48600727398431115
12575,0.3655867349892345
12576,0.6390000600418964
12577,0.9614041180429096
12578,0.4642946340358128
12579,0.8257791545648536
12580,0.8243857172185779
12581,0.8217123819334167
12582,0.8275963418968635
12583,0.634217238043937
12584,0.8509596724794957
12585,0.9665609112485668
12586,0.42776649190194277
12587,0.9292077943692987
12588,0.3412188929386583
12589,0.7431831534542847
12590,0.7085398696148495
12591,0.9098645668960388
12592,0.8303379287665179
12593,0.29572885886999417
12594,0.9918817671264922
12595,0.6735916074230376
12596,0.7972226989792129
12597,0.7754309768935
12598,0.5015729841640413
12599,0.9812986252596612
12600,0.9394376506845742
12601,0.5916903271787096
12602,0.8740656673737445
12603,0.9953661004537739
12604,0.931533300193725
12605,0.4327368076523273
12606,0.8574935358982189
12607,0.7546429972176396
12608,0.7517563279757988
12609,0.6823181512746416
12610,0.8666784498188312
12611,0.5226871751719843
12612,0.6884111112115011
12613,0.4388716134999435
12614,0.24171972767974395
12615,0.8221223152352991
12616,0.37780256225359987
12617,0.7633055121411031
12618,0.5681365936581364
12619,0.7880380597396709
12620,0.19244732557539626
12621,0.5089180171566247
12622,0.7257386908162068
12623,0.9123444034444067
12624,0.9522970723080587
12625,0.15294912919185424
12626,0.6974657640054
12627,0.07106431735846039
12628,0.3359355902650862
12629,0.5887433997115156
12630,0.9824643589159364
12631,0.5291570072507228
12632,0.5952585023671778
12633,0.6481187598038873
12634,0.8963075006969667
12635,0.927725907605582
12636,0.7500428265699103
12637,0.7682042968959303
12638,0.23273836286715047
12639,0.9727440738657364
12640,0.4974781182444299
12641,0.6204512507937812
12642,0.9943992645933881
12643,0.6224587717356481
12644,0.17655584491315415
12645,0.8024780316059811
12646,0.8198493335104011
12647,0.29887524674966764
12648,0.890628521555585
12649,0.7323171318738293
12650,0.6328350533712797
12651,0.04271591967537434
12652,0.1575883623190886
12653,0.6602831722854396
12654,0.7087519041518012
12655,0.869783846440633
12656,0.3468757503878193
12657,0.976595042503653
12658,0.6251634875263434
12659,0.7615450408108778
12660,0.15145519997125403
12661,0.9161154237081409
12662,0.795792035832981
12663,0.19322845364723307
12664,0.9075533854358628
12665,0.9478535904882288
12666,0.19472355541650713
12667,0.5511226608060078
12668,0.9871323236183808
12669,0.748508881550929
12670,0.38351082204523107
12671,0.751524677666875
12672,0.5237459599223634
12673,0.8344711969715765
12674,0.7599545568815017
12675,0.9244761289775288
12676,0.9862269477483068
12677,0.46207629396578337
12678,0.7594601273924452
12679,0.6804993886654677
12680,0.6981964676264084
12681,0.7777431413926816
12682,0.1893513897490886
12683,0.8206380990365721
12684,0.6533618465960892
12685,0.7161533742011809
12686,0.6159156172989738
12687,0.5393667815035658
12688,0.11654175830104502
12689,0.887941454090992
12690,0.8100075834817589
12691,0.4448715775669701
12692,0.09690067390911937
12693,0.9704591180501034
12694,0.9932460543196472
12695,0.9939625728434072
12696,0.6749095667692577
12697,0.6230871218115359
12698,0.5921966587121389
12699,0.8330129298637802
12700,0.7676354389512167
12701,0.7788907711234204
12702,0.4731418794931665
12703,0.29484473500460257
12704,0.750781027705813
12705,0.9392136759260626
12706,0.33741768226768576
12707,0.7394912649705566
12708,0.5586311614733033
12709,0.9389112995073091
12710,0.749611151332442
12711,0.33604967537092967
12712,0.5747721291157796
12713,0.8586789800293463
12714,0.8853914169037465
12715,0.5591888306581488
12716,0.0866839090851647
12717,0.23441259527499417
12718,0.6465291129332789
12719,0.3952427946225397
12720,0.29319367331928736
12721,0.7303269765137451
12722,0.9434325759301666
12723,0.5744857279376209
12724,0.7426091094811179
12725,0.6117749228498869
12726,0.732572279497291
12727,0.8928627508494652
12728,0.9945306054247096
12729,0.7474106388105342
12730,0.991321377865348
12731,0.4729176863927034
12732,0.7579766204834287
12733,0.7255352651148543
12734,0.6809664909124096
12735,0.955873876571678
12736,0.35027990858825814
12737,0.8547748565171345
12738,0.6152421128439404
12739,0.08760467583468234
12740,0.8608529687034429
12741,0.10290938462493544
12742,0.2849780142426834
12743,0.3856012815949244
12744,0.4580724886044987
12745,0.35772668896442544
12746,0.7504852386243103
12747,0.4898737233335904
12748,0.06977792173957699
12749,0.1404021206583852
12750,0.6344412410300748
12751,0.07660082137987943
12752,0.5721181877427722
12753,0.7144874335452646
12754,0.9599465263138948
12755,0.1219699228889316
12756,0.6935985422919223
12757,0.8525058601759437
12758,0.7574641157347122
12759,0.8006899013524643
12760,0.4619211408867007
12761,0.860953914532517
12762,0.7277252110294934
12763,0.9904417366533975
12764,0.9637614611071048
12765,0.6368439160702686
12766,0.6994776591551571
12767,0.15403369784494528
12768,0.9910260376353787
12769,0.4737308330196428
12770,0.23818246180802694
12771,0.9397939054810829
12772,0.10014207215349337
12773,0.9398211690462431
12774,0.6088011992243908
12775,0.7465816316126398
12776,0.9581118086124354
12777,0.3713936210681714
12778,0.35165505649832896
12779,0.9826088739598529
12780,0.8787201139519265
12781,0.9888160664740054
12782,0.9636147313322144
12783,0.7879449839993065
12784,0.9460411398921783
12785,0.1936637993897654
12786,0.2761052488997921
12787,0.2416740489804503
12788,0.8947250331673726
12789,0.8720081886321615
12790,0.8892528905598454
12791,0.42783931508331635
12792,0.800010067349771
12793,0.9139480038965152
12794,0.9105105165745851
12795,0.9174427097218234
12796,0.7888498179172103
12797,0.8313273903573356
12798,0.8234086854559992
12799,0.6832437128725691
12800,0.16664672298176586
12801,0.991178621332244
12802,0.726762872159196
12803,0.9472302195872894
12804,0.3603581985030369
12805,0.5667018093408017
12806,0.8881555840164618
12807,0.7167464015575983
12808,0.27051967612546546
12809,0.8311474502781818
12810,0.7648920751799514
12811,0.04187976958017158
12812,0.06609591459511692
12813,0.5565090752689785
12814,0.11458598184693941
12815,0.5500006693684671
12816,0.016337412509138605
12817,0.26611945976466594
12818,0.6740174684822522
12819,0.79504694811184
12820,0.9711833040887589
12821,0.8430881416542969
12822,0.3272299595381628
12823,0.7786860758586637
12824,0.685685020729874
12825,0.6365737282118129
12826,0.8901002625296505
12827,0.7459501377944435
12828,0.7675021895515205
12829,0.9864432654712508
12830,0.15604621870458193
12831,0.3490544314388426
12832,0.8982118264314963
12833,0.3848415277991079
12834,0.48069816065685506
12835,0.8245503782796456
12836,0.8183186074443993
12837,0.3544149876279307
12838,0.05368879898293421
12839,0.9601107962260204
12840,0.7905282460835837
12841,0.6657140113514317
12842,0.8918319481223645
12843,0.3762127857977054
12844,0.9650149390306444
12845,0.19796273540285
12846,0.8388799374139827
12847,0.018921452063665703
12848,0.700129415148996
12849,0.13054001435975535
12850,0.6303737176303347
12851,0.7194656062595172
12852,0.9851801520914719
12853,0.6076136275778975
12854,0.4099302131555567
12855,0.4191855165433451
12856,0.9006746334041812
12857,0.6699551989801747
12858,0.9399905390051674
12859,0.9454899146189221
12860,0.4295675786208568
12861,0.9132654060138637
12862,0.3380764164641629
12863,0.7973836140771763
12864,0.252527225463213
12865,0.9059744228020138
12866,0.5340516146414303
12867,0.8573233346004843
12868,0.5394555101304523
12869,0.9378325011273372
12870,0.845663300857083
12871,0.7628703612405623
12872,0.7518159988113728
12873,0.9535961212480347
12874,0.9798135908750146
12875,0.08560659705667094
12876,0.05602530171742314
12877,0.08521647524912017
12878,0.3485796629004645
12879,0.9030578021368413
12880,0.7081663895995468
12881,0.9038905062792337
12882,0.6154416067728724
12883,0.7579807799195152
12884,0.4310927022384346
12885,0.9255994102778438
12886,0.12562622840112728
12887,0.390664348137894
12888,0.49034115026287406
12889,0.579055532503775
12890,0.6202203764288085
12891,0.4950132826464415
12892,0.730180892953512
12893,0.17173583277891738
12894,0.6234569734045537
12895,0.757875044447244
12896,0.4261280323237173
12897,0.19710138730866514
12898,0.3409209914518221
12899,0.11185715826601927
12900,0.304676943745007
12901,0.20049504255372422
12902,0.6879948622175996
12903,0.45881401658608834
12904,0.16364695468944782
12905,0.574349640439774
12906,0.7261709968002147
12907,0.9761465312231922
12908,0.8770940350971216
12909,0.3786121023963429
12910,0.3080219988392428
12911,0.17213131953917774
12912,0.9642149828539063
12913,0.507338689348916
12914,0.5913422793759232
12915,0.8985896236978105
12916,0.2976649509747651
12917,0.9718611900390203
12918,0.32538989977101485
12919,0.5070224881168447
12920,0.9797681463951903
12921,0.966309106688397
12922,0.4940626497631206
12923,0.8495655161998469
12924,0.6893573401171373
12925,0.2509337411713748
12926,0.7808314381466511
12927,0.6566149153880873
12928,0.6292397258524335
12929,0.7565216434505472
12930,0.48331912274127914
12931,0.742509596802523
12932,0.5559617265144153
12933,0.8132161554813736
12934,0.21974397558532402
12935,0.905562764005975
12936,0.04789004524786055
12937,0.8993826335638072
12938,0.7426332202857661
12939,0.45225957485249696
12940,0.8125319349436527
12941,0.492151514785559
12942,0.8742984765325391
12943,0.8856860066115747
12944,0.682250160344339
12945,0.8715880072093235
12946,0.9777951667842283
12947,0.9294661014201563
12948,0.8761827966535988
12949,0.4701955267162725
12950,0.6946316718748498
12951,0.4136005145100379
12952,0.4153430199760197
12953,0.7708132671637214
12954,0.9204694339234751
12955,0.45377112524278346
12956,0.5726386408580469
12957,0.5296834230042352
12958,0.41730260143738973
12959,0.5314461118018552
12960,0.9306860456126548
12961,0.9235623742468899
12962,0.980053716043824
12963,0.29285004355292354
12964,0.7907557305841793
12965,0.5365569808153619
12966,0.6682597378077566
12967,0.9425219905036452
12968,0.8019634446534328
12969,0.7043456825074083
12970,0.04376477607137175
12971,0.9403534306145854
12972,0.7080998807182152
12973,0.8822305363587981
12974,0.7766009697567234
12975,0.33184727672192277
12976,0.5298912936014827
12977,0.558332367275062
12978,0.9556439398123256
12979,0.32345346169552636
12980,0.9789094264064616
12981,0.5522496751162982
12982,0.8092516041299916
12983,0.6301272141336091
12984,0.5527532437141499
12985,0.7652021064329918
12986,0.7899515771502118
12987,0.1589430985007184
12988,0.9084232324164857
12989,0.008229102391731054
12990,0.48736026116925585
12991,0.7731944505255984
12992,0.8214119204125611
12993,0.33831318060470167
12994,0.9440703307242647
12995,0.5184223501249717
12996,0.17852886877302954
12997,0.12770699513185751
12998,0.7990831268122994
12999,0.9834347342134294
13000,0.5873646774580368
13001,0.10994104567045526
13002,0.08581402914800246
13003,0.7639952848702105
13004,0.9579138474879904
13005,0.817747606254824
13006,0.7508844317023771
13007,0.8442855950015433
13008,0.7915190286163191
13009,0.745475088366011
13010,0.6349530428642771
13011,0.8253542212921735
13012,0.7635735723410398
13013,0.27242065045236613
13014,0.4948179382745093
13015,0.5215204672449135
13016,0.012950885233089933
13017,0.05647581182126812
13018,0.8123451746328118
13019,0.6260931915656002
13020,0.8235520937549384
13021,0.6689866597155496
13022,0.5128528041814323
13023,0.49412798938955754
13024,0.5291501249059404
13025,0.6241730923825498
13026,0.7227202428906394
13027,0.42529762393161574
13028,0.5893663370831217
13029,0.6867863084501699
13030,0.8664009661539794
13031,0.4921409844552344
13032,0.3758438427454731
13033,0.6525053718483336
13034,0.9657452953384899
13035,0.32605949485827507
13036,0.792544808730105
13037,0.4727017377322483
13038,0.45105993019589885
13039,0.24584282813987937
13040,0.16194605177365862
13041,0.6682073369399214
13042,0.8005798269897011
13043,0.08935378201039294
13044,0.6533163836713175
13045,0.9745335029992245
13046,0.5726363541593585
13047,0.47284530150679555
13048,0.026435469405575302
13049,0.626620159629688
13050,0.5378781829408796
13051,0.7282212175255373
13052,0.1330169116738643
13053,0.48917417190667595
13054,0.8811487657500328
13055,0.9446923084503126
13056,0.5490763384602334
13057,0.939629233543207
13058,0.09564247355062262
13059,0.9907523518494953
13060,0.004807051184310361
13061,0.31763973355532354
13062,0.8863967721822821
13063,0.3837676059006241
13064,0.8983217287882613
13065,0.2406757352182445
13066,0.8872446284415462
13067,0.9763103426852539
13068,0.354299032784442
13069,0.8777685464545885
13070,0.18024490304359633
13071,0.6181622798532115
13072,0.588235854963859
13073,0.3323819935129207
13074,0.5147190263683373
13075,0.9074561713236852
13076,0.9112632881462482
13077,0.5019932921030917
13078,0.9061366507291643
13079,0.9108411487995914
13080,0.5435710533332652
13081,0.6245940026396705
13082,0.42702812993230577
13083,0.835418253883211
13084,0.6280181504113483
13085,0.8193554870782878
13086,0.5365361136517869
13087,0.08530753732423114
13088,0.049401500850447
13089,0.3153601072366923
13090,0.5390588453286541
13091,0.8440539903681322
13092,0.8371941782264679
13093,0.6617227643556535
13094,0.3813535576007088
13095,0.9265414378528923
13096,0.9842951424412777
13097,0.48992553642774217
13098,0.24839603926281675
13099,0.5158227301062497
13100,0.8490647301772557
13101,0.7421053698800298
13102,0.2222866598216072
13103,0.8581730534843862
13104,0.3311873756888196
13105,0.9798995260132105
13106,0.4112524888482451
13107,0.3076882040712996
13108,0.8077556777693958
13109,0.8926195098651516
13110,0.954223153043576
13111,0.7262899349139528
13112,0.48412388636769793
13113,0.6763581369384225
13114,0.8809182076703405
13115,0.06482487582614048
13116,0.9358223775903441
13117,0.21315426525846579
13118,0.2470396589884086
13119,0.26834911913194937
13120,0.6621512944414603
13121,0.7754762007122632
13122,0.7085945100608302
13123,0.6463464663818218
13124,0.4999308953250086
13125,0.9143796758661891
13126,0.4404524721416306
13127,0.7434040324203909
13128,0.9365836143276186
13129,0.953879181782635
13130,0.8580583324987542
13131,0.6728947798745099
13132,0.9099856514018546
13133,0.9863471656685782
13134,0.41183370400216807
13135,0.5459812044692985
13136,0.9731736502474257
13137,0.9663574034039527
13138,0.6993575983149007
13139,0.600105143611409
13140,0.578611001183781
13141,0.8118861365169122
13142,0.9519969356238788
13143,0.9151485478990611
13144,0.9854277683065608
13145,0.19968951050736702
13146,0.22797316367637732
13147,0.3661539033471147
13148,0.6149278591265804
13149,0.3523700302038826
13150,0.20035634378947453
13151,0.10837777136491727
13152,0.9683273314283937
13153,0.9252382313589268
13154,0.27416723986541985
13155,0.8844458740137972
13156,0.7164008799994331
13157,0.9255856459597328
13158,0.9073404826622915
13159,0.7790396118885186
13160,0.5245946758206838
13161,0.2285980918499825
13162,0.453724583518951
13163,0.6310776243120187
13164,0.9556931357484895
13165,0.7174393678295994
13166,0.8909878729723343
13167,0.8300764320715631
13168,0.664729753790401
13169,0.5481154089580179
13170,0.4300973318564929
13171,0.6612050190269547
13172,0.20694451409789646
13173,0.8719452694481201
13174,0.0962159420369783
13175,0.057922389804025746
13176,0.809480274731308
13177,0.9571414121901687
13178,0.5466467383842519
13179,0.41112611179199904
13180,0.7400498606509673
13181,0.7112708629352739
13182,0.3449496807014459
13183,0.2654803419904188
13184,0.7982040413497803
13185,0.2727310417882381
13186,0.22152503966930714
13187,0.9318736074977014
13188,0.25699304551698204
13189,0.4809616828130339
13190,0.8295513864301333
13191,0.9816920848607665
13192,0.30662676924195825
13193,0.7115481379360685
13194,0.8646252039281123
13195,0.8271022199463666
13196,0.9629142157926694
13197,0.1694911772032115
13198,0.44861354120664226
13199,0.38889937180193207
13200,0.8975616386406573
13201,0.19991659395533545
13202,0.44501543848124836
13203,0.36106503687141583
13204,0.4183245736173631
13205,0.9736882228404337
13206,0.7563077584632255
13207,0.8182557698241975
13208,0.16601107163271772
13209,0.7461705781294449
13210,0.25080300167746516
13211,0.9655272882244276
13212,0.6269614890735921
13213,0.5484143298538514
13214,0.7841894770425742
13215,0.3807088233105864
13216,0.5686922898806928
13217,0.31441992099795496
13218,0.9124834401070232
13219,0.8239643318270504
13220,0.3425058140651047
13221,0.1922653817624952
13222,0.6515445364668074
13223,0.5061426402974623
13224,0.5444657700415235
13225,0.6075395909387079
13226,0.8707947862419525
13227,0.6723558572853964
13228,0.9459212721445663
13229,0.42741089001005267
13230,0.3661032940593541
13231,0.10461178657044706
13232,0.14047437314029274
13233,0.31766608050946304
13234,0.8711159145367849
13235,0.5615651687943758
13236,0.7422664287795223
13237,0.2997493022711854
13238,0.9730148752638036
13239,0.5315348217291135
13240,0.6431962487527704
13241,0.8012521133329183
13242,0.7503035631391876
13243,0.24260660765104106
13244,0.2981545655757089
13245,0.7501214265596331
13246,0.4471654503424269
13247,0.48842668299996195
13248,0.3288578280890506
13249,0.818381783786557
13250,0.5245881222708398
13251,0.2618598147276309
13252,0.4154163253936049
13253,0.1519001955781447
13254,0.8278479735145692
13255,0.9182288742451962
13256,0.29777143153315916
13257,0.3298555206487324
13258,0.8771491968595652
13259,0.9910311095961738
13260,0.9754237110262393
13261,0.857880278305155
13262,0.13084770790625364
13263,0.6440221578135684
13264,0.9193206250052697
13265,0.7873748424268205
13266,0.6916947446843977
13267,0.9263034780195012
13268,0.7464909962281178
13269,0.9366012464799055
13270,0.9526962335866093
13271,0.47099102670035936
13272,0.4161581084418475
13273,0.9596093355069458
13274,0.49623986422832683
13275,0.19618712266356933
13276,0.7444429461130785
13277,0.500701681733103
13278,0.44737413542226706
13279,0.5594317392409591
13280,0.8931772190024705
13281,0.7820818114943116
13282,0.8449501787525314
13283,0.5658709645368759
13284,0.9260929365374534
13285,0.6512599278228667
13286,0.40843099333209043
13287,0.09170253031564578
13288,0.9740362293297992
13289,0.2907321413160581
13290,0.9197532382240169
13291,0.9587478218010338
13292,0.9428833740808097
13293,0.23196879048040123
13294,0.5794108868281986
13295,0.7575956026083489
13296,0.2591591146509686
13297,0.36899568543862604
13298,0.7708774668814447
13299,0.8802133915695248
13300,0.28434916218485107
13301,0.9701481679671996
13302,0.8467290910067439
13303,0.15971652247723392
13304,0.6449470969182206
13305,0.152975424277264
13306,0.776022789820921
13307,0.7379105886876874
13308,0.8880916919797985
13309,0.12473878934260878
13310,0.2305450001579793
13311,0.6115133621552128
13312,0.5723141609239256
13313,0.2825700641698771
13314,0.6510292468107438
13315,0.9265354559854075
13316,0.3518227016224104
13317,0.23677913521270563
13318,0.13488236750457652
13319,0.6946697065204713
13320,0.9083612052236648
13321,0.7520740815050114
13322,0.420044767656588
13323,0.33889261488406425
13324,0.0962010972730527
13325,0.47076052840341637
13326,0.8875658774399552
13327,0.587422703864271
13328,0.8957235997258959
13329,0.2826088657859171
13330,0.6665027505409994
13331,0.30786306841186034
13332,0.922528586683423
13333,0.8542396446472442
13334,0.4201813263979262
13335,0.97012823115
13336,0.1884136268050138
13337,0.860383846148301
13338,0.5775031209137275
13339,0.07822290052964442
13340,0.8650835381640483
13341,0.44118037350545003
13342,0.6765262594962481
13343,0.962663960642626
13344,0.28972760182593493
13345,0.8390156380672429
13346,0.6037864134621271
13347,0.4668722714499592
13348,0.8053456717845231
13349,0.5759807264343964
13350,0.5699538252162236
13351,0.7217594149360976
13352,0.9065643766225238
13353,0.2534914102618015
13354,0.8910424404036323
13355,0.6880430682882946
13356,0.5203203018887405
13357,0.9798915695128869
13358,0.8309937457993826
13359,0.4732080126693594
13360,0.7510014976674383
13361,0.9217780118661771
13362,0.40432545403747894
13363,0.7519799516076362
13364,0.9494230036876298
13365,0.8787844469098246
13366,0.9210089766444406
13367,0.5403686538046474
13368,0.9736577910413283
13369,0.31592286053284996
13370,0.4704144471879222
13371,0.7710078202165896
13372,0.7806097885428199
13373,0.2872262851719964
13374,0.9940821011336604
13375,0.08289514964551106
13376,0.7516925746259479
13377,0.0906469379551339
13378,0.9017894929686179
13379,0.3434991194050305
13380,0.08686086062562308
13381,0.6057119969101267
13382,0.5951418929748908
13383,0.5621060075522318
13384,0.8438755986878282
13385,0.6551309176209505
13386,0.7224941591187534
13387,0.8739249878435918
13388,0.5261027078775192
13389,0.29570619294491635
13390,0.6020125595910296
13391,0.6454850765976444
13392,0.025537247917647343
13393,0.7160977572832282
13394,0.541660622094128
13395,0.6656115835623374
13396,0.8897388347528529
13397,0.35191794208685107
13398,0.5008640388519506
13399,0.4387126376580755
13400,0.741936133902592
13401,0.7184791831265249
13402,0.8924192457034392
13403,0.8483468781549545
13404,0.6755889275870478
13405,0.09407962157529132
13406,0.7753381654300172
13407,0.7655450082177803
13408,0.9836587722874498
13409,0.07501807462856493
13410,0.20634134719685848
13411,0.9925438784211537
13412,0.9284811889731911
13413,0.253443687008508
13414,0.984728501267483
13415,0.7786165759753718
13416,0.3930061254163801
13417,0.9793236872043277
13418,0.7795515820124687
13419,0.9261393664392771
13420,0.9773393562551385
13421,0.5720256345587708
13422,0.08141802666930636
13423,0.3939861659119989
13424,0.6585649551207661
13425,0.585260798866029
13426,0.9919090555285003
13427,0.732204403276552
13428,0.4366343940560071
13429,0.570339804232797
13430,0.18816955405515792
13431,0.8061392030465405
13432,0.5710854748024388
13433,0.9667627200429642
13434,0.09387723223711204
13435,0.9883347020207424
13436,0.8246714229062732
13437,0.7459344328477142
13438,0.30549634431509665
13439,0.6329430466087315
13440,0.2746017515493017
13441,0.8051280603887644
13442,0.8158419683607788
13443,0.9363215802731001
13444,0.624465007856197
13445,0.8933657258378771
13446,0.661353954798638
13447,0.7161781053082196
13448,0.8477067450730095
13449,0.9226622781678326
13450,0.6845345338923279
13451,0.29710426560957237
13452,0.887807699464196
13453,0.5987639457777041
13454,0.6989575938414384
13455,0.8056492891078908
13456,0.1444451416370952
13457,0.7893806544701764
13458,0.6364805827127924
13459,0.6259278717355854
13460,0.37062278350758776
13461,0.32970283146689866
13462,0.6049427295126778
13463,0.3596326471292235
13464,0.9903815160787022
13465,0.7148466426410781
13466,0.9026304304312047
13467,0.8474604547088269
13468,0.863876972534348
13469,0.5197104523665041
13470,0.07515576925983555
13471,0.8058765689381429
13472,0.9258486558539563
13473,0.6884990645382766
13474,0.8913313532357817
13475,0.6098987465391424
13476,0.32560678878673804
13477,0.9754019320392455
13478,0.03560380818780238
13479,0.18482620977039732
13480,0.947424127888349
13481,0.14727821640282068
13482,0.9386758891397159
13483,0.7378976646572787
13484,0.16042341550064954
13485,0.36066241457274123
13486,0.7172322110641262
13487,0.4130365771607663
13488,0.782537571491412
13489,0.12884024523911944
13490,0.9565594816792157
13491,0.5338946608399203
13492,0.9693842282145538
13493,0.9255658084101684
13494,0.11216984077763335
13495,0.7933375932938121
13496,0.4027528743217439
13497,0.8658421000649511
13498,0.9522619415898541
13499,0.8160288854669644
13500,0.4195532821168118
13501,0.995042903044515
13502,0.8484253160771624
13503,0.8940290793071611
13504,0.1643633014020862
13505,0.8068399342145818
13506,0.8307061888112298
13507,0.40573150254310075
13508,0.14542579058909455
13509,0.986460673633677
13510,0.6649767499210005
13511,0.5605462317227864
13512,0.6325344435361011
13513,0.8987471074224468
13514,0.1979461128784101
13515,0.38543997875441693
13516,0.9345441025073971
13517,0.8174506172973768
13518,0.12007676642590347
13519,0.9350223390657925
13520,0.17428999534824363
13521,0.8802448497899885
13522,0.4978425881754456
13523,0.08173509565825378
13524,0.7202677252719845
13525,0.4082970531648758
13526,0.7464215157588402
13527,0.4086091967164364
13528,0.6904322523205136
13529,0.8562441636517489
13530,0.9861211550519234
13531,0.9479550058531764
13532,0.6316713590950904
13533,0.5095332001501148
13534,0.41082121610094996
13535,0.3870135814902596
13536,0.8432555223429009
13537,0.6615993814746683
13538,0.9336430065853484
13539,0.7859579062552157
13540,0.6689377380961132
13541,0.7681727363730487
13542,0.9440051090475792
13543,0.782290933674345
13544,0.15969641841970247
13545,0.1517325766481906
13546,0.9224658050523633
13547,0.10028398411132722
13548,0.883420396937292
13549,0.8685574103943731
13550,0.9211389683599581
13551,0.741325565519611
13552,0.8002024607409931
13553,0.9714528090387017
13554,0.31703764302702836
13555,0.9670938900469902
13556,0.17479980250055036
13557,0.6988227102209558
13558,0.8146766127601953
13559,0.943986261860554
13560,0.5958723384673791
13561,0.8679352579518724
13562,0.29057808069216073
13563,0.9836912837531342
13564,0.36743636402309665
13565,0.7087835441231896
13566,0.5061154813269372
13567,0.6065700379207626
13568,0.8839288435250824
13569,0.7114287892763901
13570,0.05791586686305786
13571,0.883960119117289
13572,0.4581860614310815
13573,0.9651748305896511
13574,0.4701007484400804
13575,0.8017511228226167
13576,0.46248405391658465
13577,0.7410890304041278
13578,0.7980845289039155
13579,0.18320506879992385
13580,0.28223305886811806
13581,0.5256216271317898
13582,0.25273350505136843
13583,0.7057126935706769
13584,0.9413396454396783
13585,0.4520031612280455
13586,0.07542659520140517
13587,0.5647923747450931
13588,0.09103958743571111
13589,0.9123279959588517
13590,0.5681475465006857
13591,0.7450559533574612
13592,0.1913931987827828
13593,0.6922540238928073
13594,0.828504405793702
13595,0.94003456318408
13596,0.24794983721856886
13597,0.6190715083423529
13598,0.9902368915077807
13599,0.0660106394414971
13600,0.8840078661474666
13601,0.4988420174707205
13602,0.733163268792966
13603,0.5854215634992701
13604,0.7953949434821507
13605,0.54861351545443
13606,0.5582755833508632
13607,0.34400106434486344
13608,0.9449484703604233
13609,0.7275685296781278
13610,0.9986711906393523
13611,0.7659562554303538
13612,0.868391359021787
13613,0.284515088824451
13614,0.32816591472111345
13615,0.9990470837214015
13616,0.19627521567267478
13617,0.12531182729011833
13618,0.5365801383972101
13619,0.9655412873763557
13620,0.8349230895925833
13621,0.9888463975104284
13622,0.3119886461943744
13623,0.5059816155331054
13624,0.03898523043685101
13625,0.42458515008343417
13626,0.01722836407986819
13627,0.36385970716349586
13628,0.5083022865077002
13629,0.7003875767853742
13630,0.8944763853797132
13631,0.9056011084310419
13632,0.7537387368627432
13633,0.8021638769689607
13634,0.938710448823311
13635,0.6459018031506935
13636,0.08510350415256053
13637,0.6018081780848379
13638,0.37647156684300803
13639,0.10459181820747238
13640,0.1594882327694848
13641,0.5135051092754372
13642,0.5274063549037754
13643,0.738331928025262
13644,0.0660497749166047
13645,0.41011416805042206
13646,0.8403993962175526
13647,0.36734343390818697
13648,0.8398705364824631
13649,0.8714414033887624
13650,0.48597372213035855
13651,0.27764587934840373
13652,0.8223976218094444
13653,0.2712493721602636
13654,0.9040877662436214
13655,0.31986469699357806
13656,0.4275231508076193
13657,0.7576257366208937
13658,0.723405830730718
13659,0.10917814030315072
13660,0.381008141948574
13661,0.7105819460178143
13662,0.5474072091289696
13663,0.5058820226729993
13664,0.8878294236171206
13665,0.9197436118128955
13666,0.4956171903218925
13667,0.8926863913319041
13668,0.440425602084598
13669,0.9146215517170075
13670,0.5805209995369399
13671,0.29503319989209054
13672,0.9319041544776899
13673,0.12598965624357777
13674,0.5305544174110396
13675,0.972824717857847
13676,0.9953610568598039
13677,0.9841962372966747
13678,0.4666091703907518
13679,0.28902064631408414
13680,0.9927857093384661
13681,0.9849085045103391
13682,0.7849067111435147
13683,0.3244492699578868
13684,0.6286707155290071
13685,0.24974995056927185
13686,0.4231397030462105
13687,0.6670970006023852
13688,0.2801536199263556
13689,0.26622625771314945
13690,0.6323889385721624
13691,0.5626747076587325
13692,0.18505083237608447
13693,0.5379470372308148
13694,0.5443020715975914
13695,0.6363164302748986
13696,0.9321419746859968
13697,0.28925872433722866
13698,0.7411956764230262
13699,0.9590780151962143
13700,0.6416788956790724
13701,0.006168352236160475
13702,0.8144232212448453
13703,0.9410276259430613
13704,0.4591284491817646
13705,0.9619316986921248
13706,0.8162282436150269
13707,0.6975605020601848
13708,0.838510298265577
13709,0.049811125540042744
13710,0.7228601965364555
13711,0.9177460384099675
13712,0.807686781295101
13713,0.840615369527408
13714,0.885470978985769
13715,0.6956197367875211
13716,0.50572671377725
13717,0.2300350466079628
13718,0.3369359972429777
13719,0.5446324548783191
13720,0.9759630012668682
13721,0.32626671030906723
13722,0.09945304063404498
13723,0.2427454960620152
13724,0.5506637211032975
13725,0.20601995462936054
13726,0.7608708057158685
13727,0.8899506809589282
13728,0.9599356814601573
13729,0.9618041459153929
13730,0.9549556866574567
13731,0.5205302146877495
13732,0.9061912800688557
13733,0.8715095212636057
13734,0.7534424023465659
13735,0.03363320656132015
13736,0.4954050595262047
13737,0.8799231037239741
13738,0.9312312599298457
13739,0.9434104903659627
13740,0.8304017100933749
13741,0.8003384138402323
13742,0.22435384639698333
13743,0.713962377343733
13744,0.9863717001250035
13745,0.06531110786043474
13746,0.95569290686032
13747,0.8561319616841582
13748,0.05492734829023412
13749,0.8876680557896431
13750,0.5644605539802853
13751,0.7884266313450632
13752,0.6503753658662428
13753,0.7436291907691439
13754,0.9845523381694639
13755,0.9055653246443799
13756,0.9588486962697743
13757,0.30911262882976603
13758,0.9442578005584087
13759,0.13339892390515545
13760,0.9859056164689973
13761,0.6529571413046535
13762,0.8961106800282012
13763,0.53027829622522
13764,0.22379840047030108
13765,0.404625576027892
13766,0.14987703760317056
13767,0.42530131171119095
13768,0.9426288517894408
13769,0.36536990336474556
13770,0.07633789909399373
13771,0.5077031083812018
13772,0.9400224701108174
13773,0.9853797240682733
13774,0.9212791137265309
13775,0.8565144155187531
13776,0.5394936650508603
13777,0.8266416055156555
13778,0.02533447674848183
13779,0.407614048029562
13780,0.5901367301236099
13781,0.2482830390649212
13782,0.267954678693281
13783,0.8725829304313258
13784,0.49311141979487944
13785,0.8067724676401117
13786,0.297754022077831
13787,0.494698383745406
13788,0.9097567103241652
13789,0.5570626207661701
13790,0.5099813969413676
13791,0.5333974251744521
13792,0.8270861314969608
13793,0.9718712079348122
13794,0.5505892794434609
13795,0.5544391252520607
13796,0.5459550016503975
13797,0.2934240016541691
13798,0.4268518309160319
13799,0.43065590208281623
13800,0.7147228245095416
13801,0.4889518722658501
13802,0.24956490533983558
13803,0.8918150791089197
13804,0.8482501041543916
13805,0.1141674218545835
13806,0.7008880362668473
13807,0.2148430490386598
13808,0.6025954041501963
13809,0.43955398560982983
13810,0.38166124035659577
13811,0.27283467913942283
13812,0.8727097649565208
13813,0.643303659698064
13814,0.5727532292186512
13815,0.8266164290751205
13816,0.9218463743266335
13817,0.8903051939387998
13818,0.9551906179657785
13819,0.7497132023109018
13820,0.9708247289439854
13821,0.5316632575914905
13822,0.8180297349417466
13823,0.9376145514653477
13824,0.9137312182322699
13825,0.9275512701192602
13826,0.839741990408649
13827,0.8842518228566942
13828,0.2873317413530115
13829,0.35294954794055644
13830,0.25676727285307677
13831,0.6460739823040056
13832,0.4111571567908747
13833,0.0412960052443419
13834,0.5511662053064944
13835,0.9524651347035356
13836,0.47418489671300296
13837,0.6321656606059857
13838,0.2534504884243201
13839,0.9710168951891401
13840,0.05370783627546357
13841,0.8769574196133408
13842,0.38445417873477217
13843,0.40980896126575783
13844,0.7431327065271467
13845,0.8603248250664399
13846,0.8895237371887971
13847,0.7190367504200754
13848,0.9005607330843642
13849,0.13582331747552973
13850,0.17433782628809835
13851,0.8145114127298951
13852,0.8771236963156429
13853,0.9945077420140688
13854,0.8371956663217809
13855,0.9799352307294469
13856,0.9048431335501843
13857,0.7787498585483136
13858,0.5028954683917245
13859,0.9572477158797188
13860,0.8834903809768478
13861,0.30018898442137815
13862,0.2591690082135884
13863,0.08817349101366345
13864,0.4963458082398498
13865,0.9304162865250882
13866,0.6942278215295369
13867,0.6439780347824532
13868,0.411292752906188
13869,0.578912258928419
13870,0.746435649736039
13871,0.8426892659823553
13872,0.5544636816148242
13873,0.29228341869795665
13874,0.6107014705390731
13875,0.4174958462739246
13876,0.24393042559855382
13877,0.3708065604271645
13878,0.3609852067580352
13879,0.07542022606614845
13880,0.9750399989404251
13881,0.6281627556242912
13882,0.7622931581176955
13883,0.582317262839108
13884,0.46999344915608493
13885,0.6603427989545109
13886,0.9087799813657368
13887,0.6733593129733033
13888,0.8863855251824487
13889,0.32020513736805695
13890,0.8567425758318968
13891,0.2957956389392775
13892,0.624964818262984
13893,0.7688571533812376
13894,0.4295642159729472
13895,0.5782862801923071
13896,0.8289670502478265
13897,0.47845010896967355
13898,0.6886867110607503
13899,0.9743631427044335
13900,0.30912465079122625
13901,0.7564695461586158
13902,0.2457317040373587
13903,0.8806194681326293
13904,0.6148139285132677
13905,0.2900833229331978
13906,0.5406933653506262
13907,0.24509405492286654
13908,0.7646584732026095
13909,0.46771028645394314
13910,0.5986327538883419
13911,0.6650388470001235
13912,0.6148108250824902
13913,0.3928295634673849
13914,0.8509769261897048
13915,0.2057444141353919
13916,0.02874667478482154
13917,0.4389393659650644
13918,0.09249668419930308
13919,0.9399049947452048
13920,0.11118450510694385
13921,0.11549941084872713
13922,0.8758194197602668
13923,0.12948826881028666
13924,0.12235545970733912
13925,0.5471688977861169
13926,0.980969607829353
13927,0.36927544699853265
13928,0.4922927761128735
13929,0.5382309893905962
13930,0.8236207054136454
13931,0.4825661995515089
13932,0.9238150838269427
13933,0.7076204405326468
13934,0.6242649218875983
13935,0.42131373084398865
13936,0.6054067754644491
13937,0.7961700365203835
13938,0.9524505955041994
13939,0.7702298373493853
13940,0.6479086744145394
13941,0.9292029069134603
13942,0.9332911506253967
13943,0.28922178838229184
13944,0.494246469461691
13945,0.7442575047677145
13946,0.8062517957071359
13947,0.9947698609366148
13948,0.5470670364121001
13949,0.7977360225465263
13950,0.7246410631221241
13951,0.4883809630700762
13952,0.4759283380125958
13953,0.7737249178944413
13954,0.8207965566727533
13955,0.05162359326403773
13956,0.9115469875129619
13957,0.2142828942180642
13958,0.22964989148103757
13959,0.8998959177048754
13960,0.8512163866236367
13961,0.9305393281679682
13962,0.9352526904633408
13963,0.8195428396849506
13964,0.8677430938142012
13965,0.9916490413715633
13966,0.349476571077695
13967,0.921477132071422
13968,0.6136641542837437
13969,0.9739604321639664
13970,0.3769027744938322
13971,0.9829265975447349
13972,0.9574921715376221
13973,0.10921851236390386
13974,0.903041723442444
13975,0.5894871144303655
13976,0.10869390927533347
13977,0.2456741838959149
13978,0.9908233301503349
13979,0.49605909400576736
13980,0.8731649090622599
13981,0.8680838393399023
13982,0.845439631438686
13983,0.9311624713868542
13984,0.35986263999175966
13985,0.5698281348261066
13986,0.5614842144725203
13987,0.8148397686300943
13988,0.045971901296607824
13989,0.9637633586145041
13990,0.74051873051138
13991,0.07643186854313248
13992,0.5343238444604098
13993,0.7916967392716446
13994,0.8290811853313071
13995,0.9672557585255429
13996,0.45227542901822826
13997,0.827194578190908
13998,0.9228028330483672
13999,0.33200438345624717
14000,0.7974754419389164
14001,0.621003694152721
14002,0.9859450330302906
14003,0.8932936962149142
14004,0.12447230337879239
14005,0.9502407285636577
14006,0.7667557804926171
14007,0.24800606635826186
14008,0.8291962607643576
14009,0.5494709902536975
14010,0.9325324530230166
14011,0.7586501161417317
14012,0.5287072478973022
14013,0.030604797512652358
14014,0.8223616533455087
14015,0.9267902407955546
14016,0.8511864692428884
14017,0.3136652952998078
14018,0.2503420307314563
14019,0.22331064284217192
14020,0.1740166360661126
14021,0.39514000431818347
14022,0.28498619823501764
14023,0.8833552959010594
14024,0.8090238888122573
14025,0.7883134066272612
14026,0.9431417449139013
14027,0.6864503842408394
14028,0.3197923280658354
14029,0.9422526146985106
14030,0.9007165408660317
14031,0.8800020741799934
14032,0.10785907200233229
14033,0.9263501376641362
14034,0.7203772050931798
14035,0.742451697788816
14036,0.14097945114885152
14037,0.7066782445787124
14038,0.8023054717607607
14039,0.9548722780330782
14040,0.8754223171936412
14041,0.8273531080887633
14042,0.9689039513314959
14043,0.9929094727632855
14044,0.9799132246445055
14045,0.8553703920311001
14046,0.41912195454689405
14047,0.6367633551167419
14048,0.5266626596615235
14049,0.9665111802871507
14050,0.16755962490257156
14051,0.6693217962259522
14052,0.9432292357115094
14053,0.568504830932003
14054,0.7241970484203347
14055,0.9491914452242303
14056,0.6815964061026546
14057,0.9966686211756728
14058,0.8959973013689996
14059,0.20497075836015566
14060,0.5524601158293764
14061,0.18362254295008848
14062,0.7237043787751372
14063,0.9886382553387821
14064,0.75856859007997
14065,0.3575219057441285
14066,0.35179882325158435
14067,0.6570038263417749
14068,0.5548323615847642
14069,0.9150671349340985
14070,0.5679552615021738
14071,0.38722067674030103
14072,0.4558177252631765
14073,0.7821704254682972
14074,0.5776245055406698
14075,0.35477536419486055
14076,0.5914655167808781
14077,0.19081114571903193
14078,0.7824895111766533
14079,0.5647814866479338
14080,0.6157732119639162
14081,0.37348041268339843
14082,0.913887536058075
14083,0.3560111898591794
14084,0.789915394395123
14085,0.9348080885840949
14086,0.5991716041494989
14087,0.6064627095883861
14088,0.7065199296618694
14089,0.6206237711966455
14090,0.5603021765609003
14091,0.5735548191319008
14092,0.25116463488505203
14093,0.658090551171988
14094,0.7435474168454159
14095,0.23207649494581353
14096,0.4157135778926886
14097,0.6584713921109818
14098,0.9029181696871235
14099,0.908497797436166
14100,0.9580062912284789
14101,0.03628500933113938
14102,0.2749815540697878
14103,0.21819521768464037
14104,0.7409711678945047
14105,0.8091663269662596
14106,0.9637966375228393
14107,0.9741329864593707
14108,0.7325340872615489
14109,0.7726595501846377
14110,0.6384657119532795
14111,0.3255984996305141
14112,0.3207869490649442
14113,0.7328091174370033
14114,0.07495788299919752
14115,0.530176570999553
14116,0.9534484463370302
14117,0.1697275950474321
14118,0.1379092347536699
14119,0.961022299708652
14120,0.3886123707137747
14121,0.8990348251882638
14122,0.9805888700694033
14123,0.49148650727810295
14124,0.15600512964027966
14125,0.9040103533256394
14126,0.6840445489916654
14127,0.5756185647672458
14128,0.8745623468703089
14129,0.8619913360013189
14130,0.730183302541313
14131,0.18681817974278994
14132,0.8827903570294464
14133,0.13523793327598524
14134,0.9448055081154344
14135,0.8913136803498397
14136,0.6079430657416832
14137,0.9934623591009607
14138,0.33521970944741253
14139,0.9044007084910398
14140,0.3609870846831877
14141,0.7326341442514032
14142,0.4332608148417861
14143,0.9272914044335021
14144,0.7950074672926094
14145,0.47966622461818664
14146,0.13063823726805324
14147,0.7669041067226913
14148,0.4077088245794897
14149,0.6200417535216688
14150,0.586900349377849
14151,0.501438145975531
14152,0.6946962637301598
14153,0.6565627618825883
14154,0.3555205839000654
14155,0.9123057057499896
14156,0.6634879745933372
14157,0.9813388701130353
14158,0.38774634626693283
14159,0.8121645337529948
14160,0.8520261381236005
14161,0.858252669250199
14162,0.7234031601431393
14163,0.05633393443701979
14164,0.7800946446600229
14165,0.0965153566354044
14166,0.9387016053190115
14167,0.30355891958878584
14168,0.31410205932315866
14169,0.9863088209971481
14170,0.7864233995694264
14171,0.5578055155411439
14172,0.3724340480856884
14173,0.9467966181106472
14174,0.5749615266363124
14175,0.9744634183162478
14176,0.9493315051168946
14177,0.6612163441691279
14178,0.5709100044554569
14179,0.9140792218284077
14180,0.8335419810982733
14181,0.795792068311037
14182,0.37464569913985946
14183,0.9826739514705093
14184,0.24785856637017536
14185,0.39444234735829653
14186,0.9268741883298593
14187,0.45515965127395014
14188,0.3310740807430721
14189,0.39947894387315425
14190,0.5559370398091505
14191,0.7918671849074843
14192,0.847321805846143
14193,0.62525063147647
14194,0.663232560357971
14195,0.30219885184801204
14196,0.8075207452201639
14197,0.6273890491978283
14198,0.7161684599278587
14199,0.9244890195382661
14200,0.6277500515240275
14201,0.920523209766294
14202,0.9737181728529553
14203,0.9254842216734978
14204,0.9443113170940963
14205,0.9202520652700173
14206,0.9055971579656338
14207,0.40091317238731045
14208,0.6044275379294695
14209,0.14938799639872538
14210,0.7665004818739222
14211,0.06224851109365909
14212,0.8816916451688049
14213,0.21744908810138774
14214,0.5712268715316845
14215,0.8911997313613259
14216,0.4921980183414611
14217,0.09067273230864599
14218,0.611696193339268
14219,0.4746184462769303
14220,0.5939725989679466
14221,0.905000531907608
14222,0.8401174245055917
14223,0.30424008063946123
14224,0.8894477778849986
14225,0.4544365928298502
14226,0.9369366709332225
14227,0.9425061323515748
14228,0.5883743150532449
14229,0.8253907631124896
14230,0.37774584522713167
14231,0.4683593597233084
14232,0.9741149056721966
14233,0.9208050153955415
14234,0.6817031710639151
14235,0.8900517704305894
14236,0.33744581710734356
14237,0.8199008676487894
14238,0.3846327291535978
14239,0.5552906087209314
14240,0.40331715113172467
14241,0.6432383534859492
14242,0.32152321833798364
14243,0.763282498492314
14244,0.46194077849700266
14245,0.6897870261136294
14246,0.1898383857453345
14247,0.1918403168860019
14248,0.8873605200286468
14249,0.745330182351942
14250,0.4927967854974378
14251,0.9798407212760777
14252,0.9802459634590951
14253,0.3906777942494432
14254,0.09493345358770684
14255,0.411960226071084
14256,0.7419807606967203
14257,0.33676645920944276
14258,0.5385226544589721
14259,0.8572350186015877
14260,0.8445826707032934
14261,0.9815258643478645
14262,0.24666575449441766
14263,0.5718012425412428
14264,0.8691458189224411
14265,0.18191407664871492
14266,0.21727125832206937
14267,0.7754373405546809
14268,0.8101584782190474
14269,0.17288461896539217
14270,0.9085693963879814
14271,0.3007893621616939
14272,0.8633273304292906
14273,0.9016384301911634
14274,0.3849721380087218
14275,0.8384991617791178
14276,0.10036730699569026
14277,0.33304086911077657
14278,0.32902027225137487
14279,0.014435319831229117
14280,0.2879151591413324
14281,0.4396408778328773
14282,0.5118293261835366
14283,0.6380801782889876
14284,0.8227143770009276
14285,0.7165723619945362
14286,0.29283659831019476
14287,0.41167645585029494
14288,0.8837482729084765
14289,0.54567104882247
14290,0.057644902225214796
14291,0.9150423361981384
14292,0.2445809432415036
14293,0.5226002194032632
14294,0.9123696249767739
14295,0.33097973255798513
14296,0.7772205718760304
14297,0.7083884043928572
14298,0.39382977012782217
14299,0.8916288088761627
14300,0.6205815618049763
14301,0.32120018152784624
14302,0.3673897714136776
14303,0.44384777213137716
14304,0.91939965779618
14305,0.21961810447825833
14306,0.9543444694245359
14307,0.8524200442175015
14308,0.6431510872329375
14309,0.889303231256051
14310,0.28702286606898625
14311,0.9119471191227815
14312,0.6260884703751146
14313,0.9053438016661617
14314,0.8258013125295719
14315,0.9515073813436773
14316,0.7643130488274176
14317,0.8683116743124492
14318,0.46434339092185556
14319,0.9407781397163388
14320,0.7742944276448595
14321,0.04161056862561429
14322,0.8221005162361982
14323,0.08191554675810504
14324,0.9670754316097009
14325,0.7263729094168975
14326,0.15080142056904566
14327,0.8117251653867189
14328,0.9154614814042831
14329,0.06353795128758581
14330,0.8955816350699588
14331,0.048399549779690236
14332,0.8222070564242635
14333,0.16822258009890567
14334,0.8580042218096905
14335,0.9664933461424984
14336,0.45102702140466305
14337,0.45489271525004754
14338,0.9285380421875701
14339,0.8267061387026825
14340,0.40601749388083447
14341,0.09996001862822997
14342,0.8331565133101088
14343,0.706600741400445
14344,0.962454010825944
14345,0.3369964726154184
14346,0.9181188903640706
14347,0.16972086290179086
14348,0.3359511716757652
14349,0.9412772746600365
14350,0.4687308726764489
14351,0.44369441957242534
14352,0.4611196291968976
14353,0.6664995892009028
14354,0.5589123191431038
14355,0.7938908222879201
14356,0.43136821575984335
14357,0.26842643197237676
14358,0.8676614099813816
14359,0.6587923897095319
14360,0.5970495435166595
14361,0.14381527536874814
14362,0.5673088033311695
14363,0.7556774136127146
14364,0.850646500854601
14365,0.6427158671698378
14366,0.37562761109635173
14367,0.6801995647192959
14368,0.6466509183423116
14369,0.7326808960670973
14370,0.8562318692281926
14371,0.8257511097358986
14372,0.8678657319191982
14373,0.7106435342828642
14374,0.6476571598274444
14375,0.5363110233012133
14376,0.7422247774852941
14377,0.6817936356809224
14378,0.7711564883031318
14379,0.9195338274278818
14380,0.29510196367368136
14381,0.6970523737570528
14382,0.9391903666304807
14383,0.5886826347895515
14384,0.7975005406181478
14385,0.4087408694083392
14386,0.947365898208609
14387,0.5855724974444545
14388,0.9141096574082831
14389,0.7131368569450837
14390,0.4320980594394798
14391,0.18535942001930902
14392,0.9463428425691506
14393,0.39388492083641163
14394,0.9592754540672724
14395,0.9948095455763492
14396,0.504151485468931
14397,0.5157424237205358
14398,0.40311843297053535
14399,0.7634776250681637
14400,0.08997928094580526
14401,0.7044007318817708
14402,0.466099577103081
14403,0.7169330102794639
14404,0.8099070794959492
14405,0.897712918187849
14406,0.7605994760299883
14407,0.787079842468548
14408,0.3287231246133106
14409,0.20210912324386524
14410,0.708089033034991
14411,0.40082942923817066
14412,0.7151457151345766
14413,0.5934879001731063
14414,0.6906916460452512
14415,0.9944752071782004
14416,0.5625461309102108
14417,0.20409326008156695
14418,0.21775622227336447
14419,0.9113042916521904
14420,0.2464206006504138
14421,0.8351149288850414
14422,0.8476385423073988
14423,0.633998171940466
14424,0.4880286202685132
14425,0.6014016667407757
14426,0.7186757245667793
14427,0.4363985596700484
14428,0.9347376021207885
14429,0.9239105771574975
14430,0.1659605655139704
14431,0.5579407207723339
14432,0.207274203550308
14433,0.1465556338307525
14434,0.8852725032040821
14435,0.7884162535159409
14436,0.2894428197582463
14437,0.049555290652885005
14438,0.8834678756984723
14439,0.38975455481218374
14440,0.36356972707055074
14441,0.6052940539161558
14442,0.201047812602431
14443,0.6531286551815542
14444,0.9395252899307347
14445,0.9440729336628895
14446,0.1819293053392237
14447,0.8499778868749225
14448,0.669580106191991
14449,0.6399113590414592
14450,0.5370053921464604
14451,0.8018295529647701
14452,0.7023222979084017
14453,0.60303058926026
14454,0.8949143012132188
14455,0.7770471095552648
14456,0.5697333635008069
14457,0.20106586893014747
14458,0.9712264118997364
14459,0.12018878480134294
14460,0.45032751512521685
14461,0.836738585529916
14462,0.4557572330764646
14463,0.954627950297669
14464,0.8929247925665811
14465,0.6979244567999263
14466,0.5572094393010253
14467,0.24315140980383662
14468,0.5116237657306494
14469,0.44457634337034707
14470,0.719339182728756
14471,0.6690165467451262
14472,0.8935788859337924
14473,0.38910462113898864
14474,0.9718712750275783
14475,0.7241478889861362
14476,0.7894142244484733
14477,0.2407163380355685
14478,0.4798681980841996
14479,0.844750455386797
14480,0.9591468008895513
14481,0.7300953099793458
14482,0.3049121624589276
14483,0.09801671004084189
14484,0.167613820131554
14485,0.9897935238570973
14486,0.6344652996343622
14487,0.9912783449481614
14488,0.7263172494059131
14489,0.3582072981388911
14490,0.14068182832343792
14491,0.9342070104489572
14492,0.3403994179528911
14493,0.2779521276434613
14494,0.49069988701048667
14495,0.5507081692658132
14496,0.48853866472552915
14497,0.8514338651393585
14498,0.42998945081982703
14499,0.8421346302817104
14500,0.8269877837286185
14501,0.9039769704296177
14502,0.7103782059576057
14503,0.9800275510631709
14504,0.34894132918851545
14505,0.17635621143530766
14506,0.4655837260942442
14507,0.430632806371315
14508,0.664636542289711
14509,0.9754533563858665
14510,0.8670010082033758
14511,0.242232050120176
14512,0.5420417580292036
14513,0.5532005891779397
14514,0.4191974235268412
14515,0.4791804802089459
14516,0.33685370614346183
14517,0.8435520877314406
14518,0.9380438170671574
14519,0.5198183735972807
14520,0.832805483562268
14521,0.07558214438765022
14522,0.26641350042293627
14523,0.8914785657386773
14524,0.9978257894036423
14525,0.7846814189621117
14526,0.7320351655761529
14527,0.9757315634877161
14528,0.1711259212622326
14529,0.8356426312648134
14530,0.03583819652411149
14531,0.8554890484039976
14532,0.6252785514394953
14533,0.10384173859876755
14534,0.5240236362183898
14535,0.7241336622859217
14536,0.9538473729600753
14537,0.6739505737011053
14538,0.8322965814298099
14539,0.11497235779823362
14540,0.25021414135093545
14541,0.6858087157160435
14542,0.9308547680072473
14543,0.4101288104836449
14544,0.762709537390104
14545,0.3348279583292841
14546,0.8230953940998526
14547,0.8975615223019666
14548,0.023167166303543842
14549,0.9861353421932383
14550,0.37402016129424204
14551,0.9093743289992505
14552,0.2973192156685603
14553,0.08663689027007475
14554,0.5017101436605267
14555,0.16824101391076263
14556,0.8809420616828616
14557,0.3449542853032752
14558,0.982241002421274
14559,0.8405656230912032
14560,0.9300248995548145
14561,0.44075651984677955
14562,0.9903628367189746
14563,0.5963587481853442
14564,0.7237794960264284
14565,0.5998513234792057
14566,0.9476323770739127
14567,0.9515830796399686
14568,0.33219973113255136
14569,0.23236296842683068
14570,0.1764093812759091
14571,0.9292939678966726
14572,0.6332640599425013
14573,0.5526989823804563
14574,0.2936351536168962
14575,0.6605202315456741
14576,0.817810331596576
14577,0.9327476385954502
14578,0.4715240787615313
14579,0.10453375157295845
14580,0.8984054585010838
14581,0.3615765079534568
14582,0.8914249587286055
14583,0.32804849258096574
14584,0.39623581901853305
14585,0.8068283384137201
14586,0.6686050997398918
14587,0.29363344212577913
14588,0.34752487813585836
14589,0.08095199113065217
14590,0.18168602253566932
14591,0.43735007188175046
14592,0.9950223318213252
14593,0.8452796209822918
14594,0.8869830783954612
14595,0.5128997907423801
14596,0.4888601688427885
14597,0.2819177094136662
14598,0.11803656936367567
14599,0.03206828461966099
14600,0.6022843226422975
14601,0.2124672521415891
14602,0.31756999729813457
14603,0.9052047915546719
14604,0.6142166058958386
14605,0.527778177667975
14606,0.4656790515315738
14607,0.5116609505691438
14608,0.688151089065154
14609,0.8949881091182795
14610,0.7942321906025945
14611,0.3006005482454426
14612,0.9287226417485425
14613,0.9859166122338947
14614,0.4321937709510438
14615,0.814700445794228
14616,0.7134989269951525
14617,0.292058126515144
14618,0.9081744177788558
14619,0.9248973617777533
14620,0.2347481083016
14621,0.9006066672889578
14622,0.9510792393869969
14623,0.679528468022367
14624,0.9879976012900884
14625,0.9637290392336583
14626,0.2894144053864907
14627,0.5156498811391872
14628,0.3547088293332703
14629,0.30543730509290246
14630,0.7135832058734469
14631,0.8395855726848023
14632,0.6326648857416265
14633,0.7611448608405085
14634,0.6877209848444276
14635,0.3105321551082459
14636,0.12431895143267335
14637,0.11933623847530213
14638,0.980344943938613
14639,0.9111856486772245
14640,0.5174675224851463
14641,0.8223370012103951
14642,0.2763133698232327
14643,0.8500485325520523
14644,0.4385117329437928
14645,0.9508978974700474
14646,0.4304155008081309
14647,0.7926069383303641
14648,0.7924249981144765
14649,0.8971863943953204
14650,0.4142455395492126
14651,0.6114769322453385
14652,0.9672030960768266
14653,0.09041403735253845
14654,0.8329636639625636
14655,0.2923171164046112
14656,0.5849332056723158
14657,0.7407975555459213
14658,0.7166236327904073
14659,0.4294436667099892
14660,0.7165665253072965
14661,0.6178349962002546
14662,0.18785622388333223
14663,0.9181813234663649
14664,0.8725360280521297
14665,0.39861965033741864
14666,0.4988704092020648
14667,0.25596581818430797
14668,0.9025530298210165
14669,0.9185597058308494
14670,0.04623799550704682
14671,0.8547228586652853
14672,0.11973133298027942
14673,0.6117047230724502
14674,0.9825991226605492
14675,0.9567876658406606
14676,0.9407519959755839
14677,0.1899217451696944
14678,0.8489700459618593
14679,0.7086849698647928
14680,0.7183421318706324
14681,0.24998710136344904
14682,0.8181959060687474
14683,0.23741814617583534
14684,0.2870427864214075
14685,0.5970758225861098
14686,0.8255278713911324
14687,0.8765580618436921
14688,0.7239879596886514
14689,0.7493961305089071
14690,0.6109275961339117
14691,0.710366211478831
14692,0.9747446478275216
14693,0.24013339727138625
14694,0.9630533421780347
14695,0.4985257129820437
14696,0.6570137704717626
14697,0.6887394362118853
14698,0.12717436671841126
14699,0.7308463770235143
14700,0.09234382368853918
14701,0.9665159844271338
14702,0.1287650751274738
14703,0.20821407420551474
14704,0.9468950639869288
14705,0.6348578467630234
14706,0.9285430160709266
14707,0.14265212645544714
14708,0.9845413506905887
14709,0.945133009918667
14710,0.7022814071233118
14711,0.504417766398762
14712,0.8000507767367941
14713,0.47229997119811884
14714,0.6283609446133317
14715,0.5125594158555294
14716,0.5308899781745938
14717,0.1870143387637532
14718,0.8821544689516658
14719,0.9872769622821546
14720,0.51673664994501
14721,0.8499887806290181
14722,0.9820752637749125
14723,0.41333870019004143
14724,0.7875694327853769
14725,0.6684463514662969
14726,0.09168205055839435
14727,0.9351365684255125
14728,0.15602204314853127
14729,0.06225917360654673
14730,0.6421069229756928
14731,0.8630077543217897
14732,0.4271933458676586
14733,0.0816336936429596
14734,0.13147391870317673
14735,0.9968487618935636
14736,0.5115833714952371
14737,0.061655023219991084
14738,0.8123545128368276
14739,0.7287141524681626
14740,0.916116597717159
14741,0.17463880561314304
14742,0.701769643442983
14743,0.44144181899161544
14744,0.9196545291180875
14745,0.9059830344307637
14746,0.9733656841220345
14747,0.6562099031166855
14748,0.08877187463995313
14749,0.7991096190355936
14750,0.4359727101033332
14751,0.2910536973305587
14752,0.46651332797025297
14753,0.9562210031231982
14754,0.8843773117326771
14755,0.842166111455349
14756,0.7500305844694498
14757,0.4990223385496691
14758,0.4556232554095309
14759,0.8067771819728998
14760,0.31785551533205875
14761,0.25414896138222415
14762,0.9250179799136055
14763,0.9941564685207264
14764,0.9049771714164777
14765,0.9270099407708945
14766,0.6561098405255587
14767,0.7389530777917354
14768,0.13504376921571934
14769,0.992439312545074
14770,0.9980109238955225
14771,0.1671884684927627
14772,0.703405201493887
14773,0.7921743986297933
14774,0.5863831662541379
14775,0.8778837876949996
14776,0.9084443263497187
14777,0.8497836068641244
14778,0.9648348272939474
14779,0.8182327490536562
14780,0.8505954324772862
14781,0.2922166740080362
14782,0.3465312477474089
14783,0.4553444866388812
14784,0.8810070221992814
14785,0.6495785129186123
14786,0.44116184179394935
14787,0.8017998962165747
14788,0.29431811695414845
14789,0.859426563039997
14790,0.19683380631506953
14791,0.488389399975514
14792,0.5123952296909501
14793,0.6805329087767765
14794,0.9820614060842328
14795,0.9030219005775838
14796,0.8658440460292853
14797,0.9058690618752281
14798,0.927675290549205
14799,0.9789476403272864
14800,0.01005257530530486
14801,0.43167785178569806
14802,0.8563725450748382
14803,0.37014822197346026
14804,0.4049399035201806
14805,0.21987721973742422
14806,0.9184335009332997
14807,0.8298699977411642
14808,0.44561733628083516
14809,0.8428714865202979
14810,0.9911200783850475
14811,0.9008510955601441
14812,0.26397798437408654
14813,0.683369405737443
14814,0.5621884611610727
14815,0.85625651767607
14816,0.32057790647379486
14817,0.24782797318167726
14818,0.2405569843381914
14819,0.920994755112965
14820,0.848054896094793
14821,0.5912325401043259
14822,0.7882591088874182
14823,0.5389334043706462
14824,0.7948332003887192
14825,0.5046367080685178
14826,0.3934206731660688
14827,0.12324706590001573
14828,0.8135807702812455
14829,0.8183171669512862
14830,0.8828485540544642
14831,0.6287315743578729
14832,0.48501278340208337
14833,0.2033903217668064
14834,0.9639572091558056
14835,0.05814543863076321
14836,0.9769215475925065
14837,0.5234741742131426
14838,0.7755026403348667
14839,0.7972409607208456
14840,0.419162950908664
14841,0.7731834429351334
14842,0.17315795689643254
14843,0.9238464252451957
14844,0.9652198908048274
14845,0.7078641146247656
14846,0.4496964974816122
14847,0.7716390852259211
14848,0.8732892639331106
14849,0.6847988190390438
14850,0.38969173062189927
14851,0.3870364431601058
14852,0.2190726393989003
14853,0.4930426386898557
14854,0.7694660641707345
14855,0.05103518587034465
14856,0.5992750717301825
14857,0.7020833374356011
14858,0.5356565091988102
14859,0.9199103214512268
14860,0.8595011443325813
14861,0.9399147710181165
14862,0.6344747474216419
14863,0.6212987430271626
14864,0.5635161129817686
14865,0.23859876024466062
14866,0.49127744696061554
14867,0.5963072820764717
14868,0.8538434507623966
14869,0.2877870251353886
14870,0.03710009907148163
14871,0.44128301236008777
14872,0.11202747928991463
14873,0.7781949092018774
14874,0.6602182276386576
14875,0.89910618818821
14876,0.052857133481844266
14877,0.5953097244214248
14878,0.6703464866625177
14879,0.8298662263787339
14880,0.8446385462066291
14881,0.3315779785594743
14882,0.48175348314744465
14883,0.5629790863078185
14884,0.7327422784628642
14885,0.7357888166598984
14886,0.8218241355375748
14887,0.7750715368468614
14888,0.7147014208466834
14889,0.5939800971053657
14890,0.567767616989749
14891,0.9938637375134629
14892,0.7753354070209318
14893,0.5824650985426866
14894,0.5399483976742837
14895,0.7676715084643124
14896,0.6564219099156015
14897,0.7551151263630409
14898,0.9000042401609839
14899,0.22059724873155098
14900,0.8619751984655998
14901,0.8789393647659729
14902,0.937750045679801
14903,0.5237612501296215
14904,0.8289422808622654
14905,0.918121461927278
14906,0.9425576538860659
14907,0.3559849311196031
14908,0.5488200275066125
14909,0.9378336373618487
14910,0.3150280916009061
14911,0.9217736320400793
14912,0.707310219377375
14913,0.8015356168633655
14914,0.9372974189048687
14915,0.14079320589114544
14916,0.7484373361656944
14917,0.915280881050719
14918,0.7265152089844961
14919,0.2974548552999419
14920,0.7349790412478808
14921,0.9288406020468946
14922,0.8773198924077458
14923,0.9437854176311866
14924,0.8870906905027138
14925,0.9611322095595044
14926,0.9508308539054422
14927,0.7197357476021734
14928,0.351315822391946
14929,0.36323390175757747
14930,0.6926442798812329
14931,0.6139478804964222
14932,0.5744692589550804
14933,0.49713788122104186
14934,0.26543662294994264
14935,0.4232481429146593
14936,0.7954635918754004
14937,0.961483825238299
14938,0.883196794474627
14939,0.4049072311423614
14940,0.620762417040106
14941,0.9203298419149162
14942,0.7233371708780828
14943,0.5333421738420242
14944,0.7631673865565413
14945,0.6438715829315503
14946,0.10283481662847743
14947,0.5643611819494582
14948,0.43263587018809185
14949,0.8773336767436696
14950,0.9047726047677767
14951,0.6268088583379221
14952,0.3289513840745429
14953,0.0770100411246047
14954,0.8665708267015416
14955,0.8387709506363071
14956,0.5213898516492149
14957,0.7191415151591364
14958,0.2944012650218267
14959,0.7100178620261075
14960,0.42305749580276614
14961,0.9628552700729548
14962,0.34992331372093805
14963,0.8083143669564766
14964,0.9819477894073393
14965,0.3433132404465597
14966,0.10947585802744952
14967,0.756758576669459
14968,0.8740993725589855
14969,0.26088747100850346
14970,0.9605828234073591
14971,0.8891928373307613
14972,0.9721468481481094
14973,0.019153551234754592
14974,0.5964131960703775
14975,0.9388029341072718
14976,0.9714426181805381
14977,0.3677234979376321
14978,0.46885936648458415
14979,0.7680418167989965
14980,0.1957534606235218
14981,0.05341628701038493
14982,0.47463637539297765
14983,0.8128467808819644
14984,0.856138092446021
14985,0.33190852093169165
14986,0.7691712983223292
14987,0.797931864084607
14988,0.5125641710925097
14989,0.590009350572903
14990,0.038573910153231895
14991,0.8950677458192354
14992,0.5096072522671746
14993,0.7643840070282595
14994,0.3183952326200476
14995,0.9314588227513291
14996,0.9568031898942854
14997,0.6238061937236257
14998,0.11628778607152336
14999,0.5338779042223203
15000,0.2619449533794868
15001,0.057185130730206445
15002,0.22996680416266244
15003,0.82558933713501
15004,0.5566372387271121
15005,0.9771520026475424
15006,0.789158273177624
15007,0.4118415900019101
15008,0.633718935682997
15009,0.4675917542039721
15010,0.34499062777374273
15011,0.5119722349440828
15012,0.8786320401141605
15013,0.97026092515681
15014,0.8454173082087717
15015,0.8769501323222887
15016,0.7075295515757792
15017,0.452574600946649
15018,0.8194856286512451
15019,0.91459460403766
15020,0.5710667813581738
15021,0.4258779824526151
15022,0.8253761435948658
15023,0.9552842374608059
15024,0.0237948402991975
15025,0.5731107849270893
15026,0.30137245375388305
15027,0.9249994197620094
15028,0.1153849826793281
15029,0.6236044651168006
15030,0.36239308592795155
15031,0.867143606514602
15032,0.7443239260395487
15033,0.2105776610606199
15034,0.5029334940116233
15035,0.1903241305695136
15036,0.6283015113017335
15037,0.8605620322722028
15038,0.1683972775830247
15039,0.6279551259051639
15040,0.33431338239426145
15041,0.27165194417286026
15042,0.3309873190791262
15043,0.7988640139629486
15044,0.9630030897043
15045,0.9561744529964469
15046,0.870169633231222
15047,0.7490298726992259
15048,0.9833696542242808
15049,0.9212196055537746
15050,0.11339075280236803
15051,0.04090177862778508
15052,0.5340002092688468
15053,0.9171491236865023
15054,0.8522018122099754
15055,0.9611068651737252
15056,0.5746913918549033
15057,0.689059806559236
15058,0.5080102101272104
15059,0.8331945672013923
15060,0.7951262337017004
15061,0.4590846269386331
15062,0.9860246209435027
15063,0.026990374013396646
15064,0.8040430117296912
15065,0.7080572360147793
15066,0.7608706867693596
15067,0.8888687208226074
15068,0.834590180618779
15069,0.654552702535641
15070,0.885721833930448
15071,0.889758324357345
15072,0.24907301476142826
15073,0.8268408100783932
15074,0.77024488670687
15075,0.9496177030780414
15076,0.4364984130481992
15077,0.9413308549428455
15078,0.4524668298919419
15079,0.11387990179505902
15080,0.757966205239322
15081,0.4569381729898625
15082,0.3518845818711891
15083,0.0943398344573866
15084,0.7536328357421415
15085,0.6355324784429465
15086,0.8772410436989899
15087,0.8157801385627934
15088,0.9185570015623522
15089,0.8582123915696246
15090,0.996267565578932
15091,0.7547209086325081
15092,0.21457236198393148
15093,0.8566750426119111
15094,0.9080054474541538
15095,0.2776068324888394
15096,0.9087336627473016
15097,0.9773944311682964
15098,0.9882871630387159
15099,0.12229475032333781
15100,0.10006234275953081
15101,0.8617800146149671
15102,0.5685656013036943
15103,0.8916707330461242
15104,0.8625759644443644
15105,0.370165077849467
15106,0.8530079908652458
15107,0.7470736991145603
15108,0.023388434980970818
15109,0.04746248283862022
15110,0.7828056881459289
15111,0.47467710386134315
15112,0.713616670974455
15113,0.6894486994766562
15114,0.9341646249377978
15115,0.8463880425838178
15116,0.6673656130932076
15117,0.6060185403336206
15118,0.9516151237603919
15119,0.9543870914254207
15120,0.4920368000553446
15121,0.0337368246896829
15122,0.2539714190153331
15123,0.13613521625892797
15124,0.390522096105628
15125,0.9734676369016119
15126,0.3471551095420051
15127,0.7245196012284919
15128,0.5105163631100669
15129,0.37276981902189216
15130,0.23969687121668007
15131,0.7471641394582612
15132,0.42877414221581556
15133,0.7231097400304209
15134,0.6139647664795732
15135,0.750443626328592
15136,0.0947850353999583
15137,0.5104465977414802
15138,0.8448721647936649
15139,0.9002645125433676
15140,0.38004173165174326
15141,0.8296718677690139
15142,0.17772415924964213
15143,0.19816842616364005
15144,0.9089428176968685
15145,0.7272560460151132
15146,0.9907296043800226
15147,0.3601136141735919
15148,0.5146902997224462
15149,0.8424928605038527
15150,0.9963907746673405
15151,0.766937608104375
15152,0.12363460170580494
15153,0.9261656622050234
15154,0.5748409840675764
15155,0.11302834502866795
15156,0.5436394058582811
15157,0.6996787943206537
15158,0.5928006790118787
15159,0.39046828794340493
15160,0.6048021492253622
15161,0.8218072437077254
15162,0.9771677795912909
15163,0.8784466753048609
15164,0.28673743650427497
15165,0.49399948892550594
15166,0.7840734194042048
15167,0.6287409811900088
15168,0.3158953283686914
15169,0.33971199160625193
15170,0.49073692815551606
15171,0.8655443519591725
15172,0.21455359471234572
15173,0.9912024641486457
15174,0.00984051361525773
15175,0.643412913455409
15176,0.3999477209736894
15177,0.9709810572081764
15178,0.49297369767033433
15179,0.5088631005148126
15180,0.8446205417216822
15181,0.9599346529859173
15182,0.600920343099912
15183,0.7495676922556275
15184,0.41948684934389613
15185,0.9044543477178045
15186,0.47536982740351114
15187,0.6280681242159983
15188,0.6430250345999907
15189,0.9480105327824376
15190,0.7556089350637208
15191,0.931789496554999
15192,0.9532567397414645
15193,0.265431419766675
15194,0.131878517098253
15195,0.6649841931507466
15196,0.7688306193750712
15197,0.8786032728348925
15198,0.8648667115175742
15199,0.5274606002538498
15200,0.7117982974686873
15201,0.6554519380875984
15202,0.8497630953121881
15203,0.9315566460199177
15204,0.09849051782947106
15205,0.27356525431675116
15206,0.6916703394738498
15207,0.9216796996692488
15208,0.8244965053168126
15209,0.8616966111001529
15210,0.7648549822709136
15211,0.48364021090057513
15212,0.3481305045811444
15213,0.04661974161407323
15214,0.5007637064246772
15215,0.9576158572077776
15216,0.5638299607547554
15217,0.5198947331634204
15218,0.3750720007312028
15219,0.8262151774140104
15220,0.9247866488736008
15221,0.5953375469402391
15222,0.9523043378698969
15223,0.8318050887609836
15224,0.8402497543945694
15225,0.9761209170317473
15226,0.3810316830370652
15227,0.6088196093369547
15228,0.49403123417054134
15229,0.9141354001027892
15230,0.6012014230030592
15231,0.6825261498932393
15232,0.30488236268543156
15233,0.286925654176818
15234,0.8319874064873725
15235,0.7693727757548912
15236,0.6425412253510999
15237,0.09127662882995713
15238,0.5943990466386786
15239,0.14010261231597643
15240,0.6190931237750851
15241,0.1459385132287108
15242,0.8503396078189822
15243,0.9542435756721557
15244,0.8923126839819341
15245,0.12705636940612874
15246,0.43643415117235773
15247,0.7972644233357226
15248,0.8817578616884303
15249,0.5584565478340838
15250,0.9294416722893469
15251,0.14303026187172788
15252,0.590693730638827
15253,0.9103092012095816
15254,0.25343328425449374
15255,0.30413558248899597
15256,0.44242368159441475
15257,0.8770853534858372
15258,0.9452051936169825
15259,0.8720160041637564
15260,0.8078622835384422
15261,0.6186653184318301
15262,0.6479376975230527
15263,0.3068377210035536
15264,0.2029659415835564
15265,0.99790657195304
15266,0.9614572190479281
15267,0.10313853334648437
15268,0.8416477931809391
15269,0.9944008644680288
15270,0.11200313943155797
15271,0.3730118563603095
15272,0.9806618835409578
15273,0.6331441553990539
15274,0.8650375692536415
15275,0.33811731201669865
15276,0.844960896771255
15277,0.6070408850545349
15278,0.1160648497740336
15279,0.14327048185518637
15280,0.7921844559867713
15281,0.7012105195903606
15282,0.46939531640020565
15283,0.42957739942462797
15284,0.4822682932134021
15285,0.9642312323473871
15286,0.7085830385287729
15287,0.8100332890717815
15288,0.8807802020697602
15289,0.6154262567224916
15290,0.5359409680745651
15291,0.004492726283724516
15292,0.2022333987837157
15293,0.498682427545706
15294,0.08186951383470363
15295,0.135367251062508
15296,0.8312295750316855
15297,0.6611232711856583
15298,0.5727417762646203
15299,0.2025401057379814
15300,0.7735312100532364
15301,0.5429283749986321
15302,0.9471393510763466
15303,0.3342679370156974
15304,0.7150334411392736
15305,0.5091171736611608
15306,0.794381983919496
15307,0.24311588518601837
15308,0.8219522333623311
15309,0.05671541401879606
15310,0.8576463034602885
15311,0.9223163398946395
15312,0.7667829734909137
15313,0.7411609507767706
15314,0.854426752033171
15315,0.8898914304997089
15316,0.7440861981871677
15317,0.9057840806258087
15318,0.8287181774205982
15319,0.18299104280096423
15320,0.3579412707654351
15321,0.6748791653116863
15322,0.4970327802589829
15323,0.9069340437031661
15324,0.9081474722001236
15325,0.48834261646273863
15326,0.9371984646820849
15327,0.5406506884576978
15328,0.9842711141703306
15329,0.7639476560720393
15330,0.22194139161373727
15331,0.09887305371286292
15332,0.9265394052027925
15333,0.5780911014096964
15334,0.2528375894469556
15335,0.5573451888510531
15336,0.7520604634203458
15337,0.7709530455069009
15338,0.1444813913077128
15339,0.5498065945897697
15340,0.5054415587051103
15341,0.14498902364153515
15342,0.7530563781443869
15343,0.784904551306212
15344,0.8161347618692103
15345,0.28816777790474907
15346,0.8207107668588104
15347,0.9628660974971849
15348,0.1359642936961831
15349,0.6924945538140935
15350,0.9103487798947022
15351,0.9177922032539265
15352,0.6225990816404262
15353,0.19550942944706173
15354,0.8898983445856766
15355,0.43193563038683774
15356,0.6263027159372966
15357,0.3804087995695604
15358,0.23271895212711372
15359,0.9122331039708474
15360,0.6170084564174285
15361,0.055888417257716906
15362,0.841348559403397
15363,0.6875390124973898
15364,0.19319287102627028
15365,0.19208690877669862
15366,0.8833647119463078
15367,0.8001525670742189
15368,0.01575622864499716
15369,0.30351531034228246
15370,0.04880732485153877
15371,0.8706598227990497
15372,0.9054453037684992
15373,0.7663981895002957
15374,0.956859804573997
15375,0.3045869790172466
15376,0.5395594049171403
15377,0.785482048053538
15378,0.1542198584221001
15379,0.9437730698624375
15380,0.263200307095501
15381,0.47340445181710367
15382,0.7530658617099704
15383,0.9506116924290922
15384,0.5435323269856459
15385,0.5529504728508132
15386,0.9688618099014022
15387,0.5228440141617295
15388,0.6377974841321935
15389,0.6500526894921858
15390,0.19382324076363464
15391,0.9489537847478724
15392,0.9281640825133438
15393,0.920820457554547
15394,0.9277384759186093
15395,0.5813283217402926
15396,0.7476441380350334
15397,0.14326182782319472
15398,0.9296594003195612
15399,0.9815201719121381
15400,0.28116720691770025
15401,0.9494758455340485
15402,0.32162306337643437
15403,0.5867409672829987
15404,0.39713893750085477
15405,0.6707298544410243
15406,0.10927579891037185
15407,0.9779115395421134
15408,0.7573483927725628
15409,0.8617882934177312
15410,0.17410012606329514
15411,0.8285984702050935
15412,0.5098024426640145
15413,0.3605002792550433
15414,0.2115281551838354
15415,0.7789889039777446
15416,0.4906523694844987
15417,0.714231624520615
15418,0.9089670109153171
15419,0.4590495182752042
15420,0.7198201103246721
15421,0.6555048102080022
15422,0.02408299406666319
15423,0.29171160412142544
15424,0.3116649289776752
15425,0.4092757151265441
15426,0.4471296596514101
15427,0.960624725233899
15428,0.26195204208752226
15429,0.8735384979763564
15430,0.04255111114835364
15431,0.3084084371937658
15432,0.9816596324757955
15433,0.2802298437186756
15434,0.8685345066566984
15435,0.9405373013031237
15436,0.3453267482450086
15437,0.9216932454551766
15438,0.839271379796196
15439,0.6164050624066219
15440,0.58104942923564
15441,0.3315978721118173
15442,0.9100224782237559
15443,0.4379190191878039
15444,0.5896523183846075
15445,0.1335326881867511
15446,0.40486618212951364
15447,0.6407897808654267
15448,0.6975249758513895
15449,0.6898527343240276
15450,0.06573590653910429
15451,0.1840180339359839
15452,0.5695733624650628
15453,0.27561653196686536
15454,0.5663714435506252
15455,0.5175170464866088
15456,0.8473121433712151
15457,0.4835767753446607
15458,0.3468916854829429
15459,0.42682465593508906
15460,0.16116666119056525
15461,0.7700146084052889
15462,0.8612485150201931
15463,0.10930492491119505
15464,0.9054139430194486
15465,0.7062078927048524
15466,0.07118725924658476
15467,0.018046549283920747
15468,0.23643595307551998
15469,0.841511764151483
15470,0.03649219920995723
15471,0.25992764899100296
15472,0.6529928274454567
15473,0.4550793535241535
15474,0.9541254509586112
15475,0.47657671980654515
15476,0.6794676987986422
15477,0.6226488493689416
15478,0.7864383779205815
15479,0.5483894099422556
15480,0.9741576091947226
15481,0.9134850736546779
15482,0.7372922544068682
15483,0.6008995228830027
15484,0.8491083740606532
15485,0.31129282120379653
15486,0.9189894994951332
15487,0.6123373234862869
15488,0.2809048188608436
15489,0.21453261877324362
15490,0.934413736919658
15491,0.7178512191320273
15492,0.6990709005730192
15493,0.5950057982250097
15494,0.011430984144531494
15495,0.9754940320643378
15496,0.3339147232474009
15497,0.8931626587172018
15498,0.6326815902872595
15499,0.4190686104066315
15500,0.7235690924441659
15501,0.4688374029196245
15502,0.2219934318233506
15503,0.3712718650823752
15504,0.783137567145692
15505,0.4230402479958464
15506,0.05223065471697549
15507,0.21144870678978323
15508,0.4484170578320918
15509,0.9747662213495483
15510,0.7747009728873264
15511,0.8122634027403163
15512,0.8848262862216941
15513,0.9813836694090557
15514,0.9021270107762159
15515,0.9219109292318238
15516,0.8585099346192869
15517,0.780778090214997
15518,0.41505879194086015
15519,0.9276859237080552
15520,0.6753893639720547
15521,0.3924074772768587
15522,0.8808789201693941
15523,0.8319415213316628
15524,0.1518047903616104
15525,0.9765379975117022
15526,0.9759635861225195
15527,0.903986380183235
15528,0.39390714739105265
15529,0.7623126184429573
15530,0.6284382644278587
15531,0.35960863237698876
15532,0.2864784092271637
15533,0.6885448955177903
15534,0.8007922352701166
15535,0.8641303851902246
15536,0.5550743689077842
15537,0.2104868044938989
15538,0.553455097150545
15539,0.31041267600642874
15540,0.07558885774493507
15541,0.8792980249130838
15542,0.9654736917980173
15543,0.1773228102015282
15544,0.7867590172468572
15545,0.918472304643439
15546,0.6751789745239135
15547,0.8792071050332986
15548,0.9934319458766088
15549,0.5838471391511043
15550,0.7210246579679036
15551,0.17294067325376208
15552,0.77158132143175
15553,0.661587819803779
15554,0.8538146105300214
15555,0.6668495574166057
15556,0.7234521606377141
15557,0.9301909046411204
15558,0.4922508796579656
15559,0.40632975041865366
15560,0.6440056314205186
15561,0.8435574228292128
15562,0.8644398862831647
15563,0.2346967693213228
15564,0.6519954039401982
15565,0.9637484680404298
15566,0.42898423845513717
15567,0.933789586322419
15568,0.7877635886982967
15569,0.9390125433195989
15570,0.3800900475553073
15571,0.6040628330895668
15572,0.8834043870804756
15573,0.6012523456532461
15574,0.7783062221471638
15575,0.7526459267799336
15576,0.6061274263141023
15577,0.49204111907280756
15578,0.7497529980846905
15579,0.7094407916537984
15580,0.19260534870567367
15581,0.8866078768268407
15582,0.2230113637938584
15583,0.7516108406018785
15584,0.6058793828501816
15585,0.7402625867361072
15586,0.9447621444833532
15587,0.7038468878632828
15588,0.42303612359089876
15589,0.8711706046816681
15590,0.8654498206461613
15591,0.4527656136649796
15592,0.750354094573225
15593,0.4672594939102486
15594,0.65780136659262
15595,0.1485460503612978
15596,0.9733877419012439
15597,0.7062867139727103
15598,0.8404383008496789
15599,0.12184806337324887
15600,0.6719558457375622
15601,0.2211255140828805
15602,0.5122307460911459
15603,0.4980593769714143
15604,0.24990539248090915
15605,0.046159717253213106
15606,0.5452441228578881
15607,0.05715219396512772
15608,0.43219288292420993
15609,0.8224410703162919
15610,0.44084275778099924
15611,0.4597912981062556
15612,0.6055484691971676
15613,0.21444624840817736
15614,0.13147044011559603
15615,0.6347693549389134
15616,0.9551655465440807
15617,0.9023192088895048
15618,0.7534866729579273
15619,0.6538970778464511
15620,0.1495241323300743
15621,0.15345162552207184
15622,0.7408518231931375
15623,0.2930799736106964
15624,0.6642941682920874
15625,0.3481419721125871
15626,0.7944559152521422
15627,0.33321203025537055
15628,0.8485534793651833
15629,0.12003756323834602
15630,0.07977383335155665
15631,0.17971449897686173
15632,0.2662439595625908
15633,0.2912510752888717
15634,0.294105285246059
15635,0.3921714947804331
15636,0.9599858041597366
15637,0.3893840459207449
15638,0.7934967483941513
15639,0.9828890188170468
15640,0.5294150428414769
15641,0.4725924591049355
15642,0.9856923312311537
15643,0.25592621976326624
15644,0.997933263667199
15645,0.06299135230342566
15646,0.5597324063097948
15647,0.5608156958797289
15648,0.5140700082311244
15649,0.8693686575405214
15650,0.5970362853493959
15651,0.87017699383094
15652,0.9695441983681343
15653,0.3160312727187304
15654,0.5824258231476328
15655,0.9608425499949033
15656,0.882354741049245
15657,0.6711427571976034
15658,0.7336349922662905
15659,0.8180179276016455
15660,0.2767390131582275
15661,0.9325956634578979
15662,0.033387718400397705
15663,0.970209435167226
15664,0.46111654824965975
15665,0.2692554731664055
15666,0.6561631524069336
15667,0.4790777183881503
15668,0.9887345717625834
15669,0.9458943279002
15670,0.6115778431493739
15671,0.8881540313359279
15672,0.9382235885166458
15673,0.8231590142931435
15674,0.7655155383902846
15675,0.050884076751418233
15676,0.9780730384876072
15677,0.8326730052259826
15678,0.8595524527521112
15679,0.620240511732478
15680,0.4217930585736069
15681,0.29581281721001
15682,0.9104599157871308
15683,0.7999455907555815
15684,0.2079271237964813
15685,0.9355125389527729
15686,0.9547298844139153
15687,0.46783447927154187
15688,0.9005501057204554
15689,0.7270965231299463
15690,0.46686406138128733
15691,0.3508767995705602
15692,0.1326403282294137
15693,0.1562900749190025
15694,0.9849775129509544
15695,0.4348401985454367
15696,0.7945772625314668
15697,0.30632711424294057
15698,0.24096008242743172
15699,0.46817497706311384
15700,0.3515995380829111
15701,0.7805091046223597
15702,0.7596440922183879
15703,0.25045583092309726
15704,0.89302114709714
15705,0.9117724787665499
15706,0.5110624816845296
15707,0.11131495489979987
15708,0.7669271500690189
15709,0.7759117791012019
15710,0.8061102137227162
15711,0.6311541339979415
15712,0.8295202305886592
15713,0.12751596410534005
15714,0.657486723153312
15715,0.7723331200827935
15716,0.7387058073058913
15717,0.42180718370228987
15718,0.047821247287920775
15719,0.8875128375398967
15720,0.761023943594808
15721,0.3465686106074363
15722,0.9079304684222459
15723,0.9863970773560388
15724,0.2845113966932737
15725,0.37313921140737394
15726,0.6658354751333371
15727,0.8726909292071198
15728,0.5689818734800401
15729,0.19905305673850907
15730,0.9277740160483642
15731,0.12286224750705703
15732,0.8753239438659284
15733,0.4836678943057469
15734,0.5798259074388539
15735,0.12810476054465367
15736,0.7936908939786136
15737,0.7874712107387875
15738,0.4565008807849704
15739,0.22248735547906837
15740,0.43370669010727464
15741,0.3218717797863638
15742,0.6511868081092969
15743,0.4321421292117704
15744,0.8386842790314173
15745,0.7224404834515669
15746,0.3690068308806169
15747,0.8756612603336081
15748,0.591188115264008
15749,0.944467229442744
15750,0.6683240425503295
15751,0.5095696024919684
15752,0.9752042540615496
15753,0.9604324578575972
15754,0.928347423388496
15755,0.9390029494955288
15756,0.8771603395308799
15757,0.9058245484758954
15758,0.5766027790655208
15759,0.2748639067716989
15760,0.817113301217003
15761,0.29995734765583215
15762,0.8793250518636734
15763,0.22415981636661098
15764,0.9558044915964995
15765,0.29205657305615895
15766,0.551885802106828
15767,0.8994895487447763
15768,0.9121330011165827
15769,0.9980443653078966
15770,0.9805810489101064
15771,0.24989943769706016
15772,0.14077803075506753
15773,0.9902333099055426
15774,0.9511064726832039
15775,0.34580333938376767
15776,0.9033771584274403
15777,0.11313925689627287
15778,0.5533008691645548
15779,0.18823333774885578
15780,0.3359664320964098
15781,0.6255756861204698
15782,0.9588532012728027
15783,0.5058917478369459
15784,0.7734589569293373
15785,0.8430451116892584
15786,0.0435949921486079
15787,0.7231927410682246
15788,0.6762206357242165
15789,0.925220617679245
15790,0.456382944439046
15791,0.2631172252276242
15792,0.4700322062466756
15793,0.9840890229375899
15794,0.9826143022911512
15795,0.09003081396276182
15796,0.8284899656421091
15797,0.62348156159427
15798,0.9752496894509793
15799,0.7676189040758342
15800,0.3159143723247773
15801,0.9644068572171408
15802,0.9503969797139281
15803,0.7663532364840693
15804,0.703020578194472
15805,0.23314831495096
15806,0.37861587399349617
15807,0.5430617374858441
15808,0.16823168937447508
15809,0.2730545175881814
15810,0.3286699260061407
15811,0.9037888881623223
15812,0.9967402180030898
15813,0.7029894974313637
15814,0.9800879586365627
15815,0.8468815162826271
15816,0.10249296140758708
15817,0.9537662030877913
15818,0.8420745580774006
15819,0.45090567673431203
15820,0.2763635326112479
15821,0.15301090070984344
15822,0.5623407815082148
15823,0.4506496910362238
15824,0.5744784738280103
15825,0.20462289650939713
15826,0.23215861867705379
15827,0.3667530082664117
15828,0.18445187153215714
15829,0.9053668444926556
15830,0.06261253515200114
15831,0.2817201959410254
15832,0.8926152377636468
15833,0.6702320957979647
15834,0.16403402545886583
15835,0.7030055973375271
15836,0.7706184552279144
15837,0.3271885092631341
15838,0.701736151824509
15839,0.9914511345708039
15840,0.22646455586113798
15841,0.4399987045842108
15842,0.8426393937496429
15843,0.7161890276916818
15844,0.15088007176122156
15845,0.2124790593098178
15846,0.7309101943126878
15847,0.7837746986658484
15848,0.9703926658258051
15849,0.695490763050825
15850,0.9523292937162692
15851,0.9967489773399252
15852,0.7338159481303953
15853,0.5730226959685526
15854,0.9810689810294053
15855,0.7574479100601881
15856,0.6330337990513495
15857,0.9149997840539049
15858,0.9088364516172791
15859,0.8736305793093786
15860,0.249475583031017
15861,0.9725917118316306
15862,0.518793429615188
15863,0.48261132037965915
15864,0.7595255982897097
15865,0.5022391592447655
15866,0.10032964011640556
15867,0.06206240956369263
15868,0.654707707439682
15869,0.46661106429847954
15870,0.992816099323684
15871,0.7320151275048913
15872,0.4577516616971032
15873,0.9676131858288787
15874,0.5047812786522319
15875,0.9210864555175334
15876,0.31890758787718987
15877,0.68556558094064
15878,0.6025278230194732
15879,0.5372071378500096
15880,0.5800581790609699
15881,0.7005341048369664
15882,0.9475906640449686
15883,0.29286964280101746
15884,0.9720446526490282
15885,0.6877658093395683
15886,0.6298014921969418
15887,0.7070594713598809
15888,0.7490609980962971
15889,0.8641379248657871
15890,0.4944980099424039
15891,0.8236426919448899
15892,0.506145862434385
15893,0.6548402687127652
15894,0.7853925769724223
15895,0.8342256717424604
15896,0.38016086159444634
15897,0.6038408614518708
15898,0.3059599958425113
15899,0.8982682225378059
15900,0.6885640151063065
15901,0.1365384600141919
15902,0.8231292946947004
15903,0.8512774204399358
15904,0.4331549078205809
15905,0.9186988513382452
15906,0.7669993985912584
15907,0.4234792087098696
15908,0.7456925196132663
15909,0.538700972617144
15910,0.8820884087217064
15911,0.9611860430317493
15912,0.025452603170946317
15913,0.8218705086552909
15914,0.86010425063209
15915,0.1259634291735957
15916,0.20939888345152022
15917,0.7201909370781822
15918,0.9565492379537534
15919,0.45086205222907544
15920,0.6345798862051012
15921,0.984218963502197
15922,0.2322120669420847
15923,0.40610498048964655
15924,0.36556922766160077
15925,0.40033919618581765
15926,0.46115745692778914
15927,0.21150075667574872
15928,0.11176723438794177
15929,0.15879622130463258
15930,0.953830700477415
15931,0.48114013289954194
15932,0.7373013873059513
15933,0.6883474603684449
15934,0.881786278951553
15935,0.8520188828364402
15936,0.6248885124560156
15937,0.19464655070673165
15938,0.5431742376285048
15939,0.8480678572848012
15940,0.35039667997189355
15941,0.7486574052226169
15942,0.10480474085521684
15943,0.9774439462146113
15944,0.9182720006009041
15945,0.4218921424789026
15946,0.16028785358771644
15947,0.015310984015673684
15948,0.8410524013495557
15949,0.6465300109264867
15950,0.15352259817581257
15951,0.7333242655955088
15952,0.5759122416208755
15953,0.7082304270008944
15954,0.8347673730452371
15955,0.6358665955890115
15956,0.7409837746767417
15957,0.5962760193726129
15958,0.7937895715948017
15959,0.15217252434791684
15960,0.2439394623693357
15961,0.48804911679110247
15962,0.2765805063793237
15963,0.9772875737038157
15964,0.25846461207649324
15965,0.9956137181640127
15966,0.41279959142459804
15967,0.49144406052496237
15968,0.3544056282524657
15969,0.2105660254452707
15970,0.17525322993221168
15971,0.20666232436391052
15972,0.19441678873712065
15973,0.8462792515184615
15974,0.9541233469829523
15975,0.9311744383614241
15976,0.6917628379863622
15977,0.8160247111416078
15978,0.6724411145095419
15979,0.7546851739844826
15980,0.9400545170301319
15981,0.9833611010957252
15982,0.7980048284558338
15983,0.5987255484192703
15984,0.37939749757418667
15985,0.9723927104736344
15986,0.7945189538383722
15987,0.560948977230247
15988,0.7746758005684636
15989,0.22323828100752385
15990,0.505626260029454
15991,0.16235681109212993
15992,0.7377998565679474
15993,0.8855523866334605
15994,0.7959787996011358
15995,0.8260035880003072
15996,0.11420822793183044
15997,0.860101917633604
15998,0.9287656206420339
15999,0.9778134958061718
16000,0.18042297087458317
16001,0.09203739531619026
16002,0.546725065602638
16003,0.3613652058227084
16004,0.6423187431961486
16005,0.7790898789784428
16006,0.8107667614345488
16007,0.8110470513428791
16008,0.5834488043083176
16009,0.1012780286107628
16010,0.25703426756942066
16011,0.8365274780804777
16012,0.39188092599183727
16013,0.6492227650163275
16014,0.6383439128625521
16015,0.8816239605079526
16016,0.8082734546994671
16017,0.6711531501377852
16018,0.8709909234662673
16019,0.9571063694469156
16020,0.8926102480792578
16021,0.9812215551043698
16022,0.5298888948916113
16023,0.419908096784585
16024,0.9859243520221236
16025,0.4259183827747693
16026,0.8699903273015276
16027,0.5640387488228246
16028,0.24922341094809486
16029,0.2589798763152435
16030,0.9800189583786638
16031,0.1826103835197638
16032,0.9290941526315942
16033,0.40440701838180876
16034,0.4922338825983848
16035,0.8879553854704628
16036,0.8498303117715337
16037,0.4410216417611769
16038,0.6356547221702175
16039,0.03788448009956439
16040,0.11650463488265965
16041,0.134425876263476
16042,0.9898448526208689
16043,0.25975865935314774
16044,0.5739299539010034
16045,0.661144333774114
16046,0.6173650045925868
16047,0.22688051991228297
16048,0.33606173116557786
16049,0.9787859044104342
16050,0.648896148003321
16051,0.2122297467589024
16052,0.6116025384179428
16053,0.5669852154934759
16054,0.9591952823359096
16055,0.9348475783880502
16056,0.6141057472311768
16057,0.023645611118780673
16058,0.9261020588577993
16059,0.7744203188589287
16060,0.09371186727329761
16061,0.10802701471636278
16062,0.42992321527690885
16063,0.7035012133035453
16064,0.5756521213213093
16065,0.5021218231824792
16066,0.06629702605368083
16067,0.4367201844541855
16068,0.6245067111582426
16069,0.9069004996996726
16070,0.9175486197382047
16071,0.9610558085724202
16072,0.3327022762477494
16073,0.7661090371761142
16074,0.7844859508224058
16075,0.7531017215910465
16076,0.8664911751615519
16077,0.1292027645588781
16078,0.10347225327923502
16079,0.6386384461685942
16080,0.861566936971082
16081,0.3832495543445699
16082,0.5920927748549766
16083,0.49364230352144345
16084,0.8848885826386882
16085,0.530052583935818
16086,0.9373166296364785
16087,0.6944312279901994
16088,0.6538993188779967
16089,0.8693503885898909
16090,0.6285012493419079
16091,0.27277782450794963
16092,0.4046644376277733
16093,0.9614868864468552
16094,0.649351244367092
16095,0.7284800508583134
16096,0.9016269698445827
16097,0.8525094658177764
16098,0.2490650673361282
16099,0.3342418325977125
16100,0.6660381938898664
16101,0.4083730002088244
16102,0.13631430504608402
16103,0.7224328390780471
16104,0.32182344226610127
16105,0.28363338560111295
16106,0.7358277529286195
16107,0.1788124714756938
16108,0.5684853369644566
16109,0.8349626722242937
16110,0.1682670368875986
16111,0.6882584845739931
16112,0.19471814427966258
16113,0.8528155446273432
16114,0.3340908738017989
16115,0.9732800523704799
16116,0.8288027648568222
16117,0.5789761061255597
16118,0.9677951760734186
16119,0.32981065109095736
16120,0.7557485249338868
16121,0.5369679310466758
16122,0.4322976948005892
16123,0.04759122298546369
16124,0.056155644139689466
16125,0.08207578514422194
16126,0.9924233332832934
16127,0.39773122465444644
16128,0.13736175287488364
16129,0.8568669580172338
16130,0.8778573345640482
16131,0.7819302791812394
16132,0.7313145353299095
16133,0.6997585936790794
16134,0.13394560623303667
16135,0.08475740201486776
16136,0.6286691092140799
16137,0.26572621984876127
16138,0.17598338489506937
16139,0.06124725822359942
16140,0.5493307002387895
16141,0.8400454197020437
16142,0.9598120207602117
16143,0.8015206495021062
16144,0.6511777675842728
16145,0.5891609469747141
16146,0.7898079905111784
16147,0.43804249131848905
16148,0.40590889909364397
16149,0.17477489669641474
16150,0.9494639284023935
16151,0.9630411755836717
16152,0.31008822982166123
16153,0.9370462974872286
16154,0.7236671490833667
16155,0.3069931519382596
16156,0.6463507997113694
16157,0.8206535559875155
16158,0.30676939198648223
16159,0.6763862117451392
16160,0.5640877821279727
16161,0.9269761808709333
16162,0.8269036701592841
16163,0.33763861291416486
16164,0.6118250528943854
16165,0.764526516485054
16166,0.7752009703993816
16167,0.036733645732096754
16168,0.9656890598741747
16169,0.10604545413788248
16170,0.868904401155246
16171,0.20190838927680377
16172,0.44211756099525573
16173,0.5055810531345312
16174,0.5513453321551548
16175,0.9729623450080913
16176,0.6958109775311158
16177,0.8522813674226288
16178,0.9876062312752719
16179,0.8354499447755259
16180,0.9846762037044225
16181,0.8037052650402697
16182,0.8586225893569738
16183,0.8374608142653085
16184,0.4187473306546258
16185,0.6553038439435754
16186,0.9066060151598828
16187,0.8998672026413587
16188,0.6569790602139468
16189,0.9761769702364628
16190,0.29191733750981
16191,0.9828871244969019
16192,0.8826306381144251
16193,0.9362319420106483
16194,0.05767774345942361
16195,0.08098632403452147
16196,0.19606642174142364
16197,0.6496365264400005
16198,0.3978473297388845
16199,0.8762184886735254
16200,0.6678908475460426
16201,0.5810320622811128
16202,0.4100434848067649
16203,0.7740307653159083
16204,0.5064385061463074
16205,0.1590515163349023
16206,0.6903996312304254
16207,0.7717950764752727
16208,0.9714892534307874
16209,0.48562327882436235
16210,0.8554090016573545
16211,0.5886439429806148
16212,0.3079842094234151
16213,0.39203949880105343
16214,0.8437947933438168
16215,0.43111452402509093
16216,0.5186105656447548
16217,0.5689137778310084
16218,0.4850994837762331
16219,0.9707229189801985
16220,0.4442452721408072
16221,0.8728434828901346
16222,0.8967364006574448
16223,0.746393963017484
16224,0.6621191936096289
16225,0.1909058492111135
16226,0.3615703653509245
16227,0.7820022444265766
16228,0.4814721593582823
16229,0.7690686542654656
16230,0.19912804566280104
16231,0.5160505683932944
16232,0.9650838898871684
16233,0.7778245542515521
16234,0.543546884682974
16235,0.9833592307425926
16236,0.7440299615845873
16237,0.42854818605893125
16238,0.9864642937926954
16239,0.7524609538537339
16240,0.5400202703132922
16241,0.021464666791356005
16242,0.45077530304771135
16243,0.12341219747169425
16244,0.7395504169386636
16245,0.25760017049649875
16246,0.8647767299831414
16247,0.7886469877828247
16248,0.6321061812315117
16249,0.30205233193097497
16250,0.8926400628629474
16251,0.8839485641029364
16252,0.6289321447644584
16253,0.8423433803204649
16254,0.5536177970972052
16255,0.7878977801290992
16256,0.7590769706462174
16257,0.9509364960629383
16258,0.8078907938185154
16259,0.9883878015904134
16260,0.5028799030981236
16261,0.5427037969180157
16262,0.1886241442233575
16263,0.5390820546047606
16264,0.39877775330527615
16265,0.9225806552918471
16266,0.22819491747295376
16267,0.146476283577168
16268,0.23722314269366432
16269,0.8561458741531437
16270,0.07939356970134466
16271,0.92881274482394
16272,0.5531736542842186
16273,0.7272413348504135
16274,0.40296665141402693
16275,0.9230894650633367
16276,0.6736926925493939
16277,0.36767405307510054
16278,0.8785993946329619
16279,0.40702289625605736
16280,0.8234373382049401
16281,0.7009409209524686
16282,0.6844133886557908
16283,0.7410076616342613
16284,0.029128936875155925
16285,0.45281497323168135
16286,0.9045219841058477
16287,0.5491817232468421
16288,0.6206516173688819
16289,0.23381993256455555
16290,0.18193874679526453
16291,0.5665754819506058
16292,0.6923273403176083
16293,0.8305084947869701
16294,0.8477621420116329
16295,0.04073957021499108
16296,0.7051156205218155
16297,0.9806229686822613
16298,0.8705258822737583
16299,0.8209394804244324
16300,0.8751569705779753
16301,0.8997381651113411
16302,0.13484853904573907
16303,0.9351553352612741
16304,0.49899405420455295
16305,0.9106501217548334
16306,0.487881422331049
16307,0.8180292094441347
16308,0.11110030949476817
16309,0.4758619833265012
16310,0.300475282280399
16311,0.8359423428589338
16312,0.8680030674458417
16313,0.9267123427964087
16314,0.797227365399909
16315,0.5096936211233162
16316,0.8275439179390521
16317,0.9675597614766075
16318,0.9498355246336753
16319,0.6776330047489427
16320,0.9697463573052936
16321,0.671857460690639
16322,0.7917853805979123
16323,0.057085415241920116
16324,0.15719489865381756
16325,0.8145858057443048
16326,0.9508505603080671
16327,0.5920948408044208
16328,0.935360084315715
16329,0.9399929747088643
16330,0.37907426890806567
16331,0.6020434811052265
16332,0.5352308017693177
16333,0.9894931731685421
16334,0.13213735819978084
16335,0.9822800459188579
16336,0.6627294278226642
16337,0.6459579798168188
16338,0.05039688246624651
16339,0.8154375996772959
16340,0.7856281680399904
16341,0.6380898600933541
16342,0.6236822728404631
16343,0.3379587178739225
16344,0.7592164620676766
16345,0.29575965867719
16346,0.5414657936325916
16347,0.8995837065975154
16348,0.7762548795157184
16349,0.6462200133434343
16350,0.7639187701798669
16351,0.3039180043587547
16352,0.7907152442026253
16353,0.7127197281030003
16354,0.9824974018715663
16355,0.7608843293806284
16356,0.8853424026732156
16357,0.9872756420836595
16358,0.839701672377222
16359,0.8978870280640843
16360,0.7569109119927115
16361,0.9499939648078156
16362,0.29497914401907105
16363,0.9719692540125568
16364,0.5077595868575698
16365,0.958266081482599
16366,0.8204714241342224
16367,0.945841333643829
16368,0.9661207657706171
16369,0.7632154495297861
16370,0.9599621755438505
16371,0.9283587602652146
16372,0.5500971481647511
16373,0.37791851747157
16374,0.06415327843087278
16375,0.22608603026914573
16376,0.18282565642832319
16377,0.46029431631504353
16378,0.6532954979103142
16379,0.6921699811200175
16380,0.2600201436313882
16381,0.6589142461395797
16382,0.1172132301100724
16383,0.5507948693441095
16384,0.45483092709689793
16385,0.6694420532858861
16386,0.32999402917277115
16387,0.7831434936595549
16388,0.7815578054184208
16389,0.5151173066122164
16390,0.666497014291143
16391,0.9296756124887584
16392,0.9702268289773673
16393,0.2464515688639194
16394,0.922252810719605
16395,0.9133016854404996
16396,0.6345907838527075
16397,0.7007059431251959
16398,0.2583255043812403
16399,0.8472235588327938
16400,0.45007343145689127
16401,0.24790893425482743
16402,0.38510430767001713
16403,0.18153562738328985
16404,0.8596295373171277
16405,0.5118112928981086
16406,0.938772093483804
16407,0.9363885946663858
16408,0.649012590414132
16409,0.7590388541825424
16410,0.9127255006759531
16411,0.7348611473196955
16412,0.8555431270108226
16413,0.23017454996488393
16414,0.8557147853706409
16415,0.9833548554980954
16416,0.9342097247837899
16417,0.8286328323829605
16418,0.9361950794817199
16419,0.6859720680075997
16420,0.8576168642766331
16421,0.35634506704505525
16422,0.8477453766727311
16423,0.1750685198041281
16424,0.8077829112182786
16425,0.707980614210645
16426,0.725595691379724
16427,0.751757596910733
16428,0.9590352667276805
16429,0.5914813418643684
16430,0.11365736874751631
16431,0.1853916278518942
16432,0.8987291290852895
16433,0.7556264894044329
16434,0.958103118762574
16435,0.9887646844224856
16436,0.48798147275617526
16437,0.5230391855711768
16438,0.8212768659378704
16439,0.1690465212673673
16440,0.4144881524961173
16441,0.5342496618005103
16442,0.2166913905982265
16443,0.8135311666261208
16444,0.3135065898259986
16445,0.5704993751005879
16446,0.2863794706726709
16447,0.09391981968515316
16448,0.9407774514684409
16449,0.618850741272969
16450,0.3731807207774281
16451,0.13914009603896446
16452,0.5594251664716143
16453,0.48085944211511866
16454,0.9600714795129538
16455,0.1531526135847481
16456,0.5867911389342075
16457,0.7508858017532267
16458,0.9357066418147658
16459,0.5800542876469511
16460,0.8229999742997487
16461,0.809111842408436
16462,0.6243342108772197
16463,0.9099336366456457
16464,0.9038361438465978
16465,0.48229771358524803
16466,0.42745903151658365
16467,0.9651861346132522
16468,0.6400902873604725
16469,0.4274566526272463
16470,0.6877370209280017
16471,0.8761689845436599
16472,0.32234606219277
16473,0.4744522395447623
16474,0.4946350538942574
16475,0.1643093850008468
16476,0.23437322103106037
16477,0.9310179186238798
16478,0.5244220346756857
16479,0.05575324432737966
16480,0.9540826262565028
16481,0.6945748947397384
16482,0.03966030823897692
16483,0.723815018816052
16484,0.5315194307528351
16485,0.37332036962304405
16486,0.586709343286893
16487,0.17459231021748858
16488,0.44562129916680143
16489,0.488778763460932
16490,0.952818855554609
16491,0.7886460995720578
16492,0.5091782088527984
16493,0.9739208476734559
16494,0.6837623592429508
16495,0.948430805026006
16496,0.9990923930749189
16497,0.04741806992074755
16498,0.875556064048055
16499,0.9966682236737912
16500,0.7717167911188323
16501,0.7128325066086957
16502,0.8225644152893717
16503,0.5260459997955479
16504,0.30274289984951874
16505,0.6594956149947705
16506,0.9143516558021721
16507,0.9294665359559072
16508,0.15278089954463173
16509,0.9544158459381706
16510,0.5639095586133175
16511,0.847570932591197
16512,0.8991070833143033
16513,0.9697783248816206
16514,0.3857345352478386
16515,0.9695698192990251
16516,0.733939410697658
16517,0.7854670692258777
16518,0.1600823321178568
16519,0.22943282840126752
16520,0.0816173556542934
16521,0.8040698405904291
16522,0.33421253135271645
16523,0.929075595275981
16524,0.1674085617966462
16525,0.21454350187074422
16526,0.8261341082080231
16527,0.8463814070736904
16528,0.5512802342102394
16529,0.4812046517225319
16530,0.9120377248506849
16531,0.8108344777086348
16532,0.6793658801924796
16533,0.16631372239698183
16534,0.4711877614757843
16535,0.9805378767796292
16536,0.9041273982209171
16537,0.9676619517451129
16538,0.8136106721174992
16539,0.570683334897791
16540,0.9099751392346999
16541,0.43655464969098917
16542,0.9131196079864008
16543,0.2874251232491312
16544,0.9668425065141566
16545,0.715768642742645
16546,0.8280724675971829
16547,0.9053373367456347
16548,0.7826453133724746
16549,0.7830990274232131
16550,0.5729218673849942
16551,0.9713102170188121
16552,0.9142553822042835
16553,0.7855783891280477
16554,0.15862968833658167
16555,0.5021474079312941
16556,0.5891121650395937
16557,0.9786915587445891
16558,0.7514230176849747
16559,0.4851594153746495
16560,0.958232126041564
16561,0.6656236136674998
16562,0.14157032490709132
16563,0.9565632544562948
16564,0.5592478860026037
16565,0.4257451348655567
16566,0.6433692300864849
16567,0.9379867232575885
16568,0.5094226906462455
16569,0.481966787360354
16570,0.24484222348394694
16571,0.9638987240463441
16572,0.8656931752697647
16573,0.2639475081072813
16574,0.4637364838666296
16575,0.7863413111975849
16576,0.4181777994112064
16577,0.8986569173901605
16578,0.6583678911435301
16579,0.86012788940755
16580,0.632856966423602
16581,0.29426202605269214
16582,0.49711601143333733
16583,0.9301641430627049
16584,0.47607495389733884
16585,0.9818475570150978
16586,0.9352628462962205
16587,0.9725115268339719
16588,0.455109631504442
16589,0.8403835529643517
16590,0.6349265665516594
16591,0.5366927804352656
16592,0.1573321619581355
16593,0.8369719290278194
16594,0.7709854398815427
16595,0.9389175449371132
16596,0.954663522578405
16597,0.38614687984477797
16598,0.5962872151081168
16599,0.9894957638065192
16600,0.5846819701703713
16601,0.18194329538835272
16602,0.8671324147161279
16603,0.20441306086602049
16604,0.8617740177903479
16605,0.8027635008575853
16606,0.7799683775998697
16607,0.776910205251343
16608,0.8064895394049029
16609,0.3262964547533622
16610,0.7482302529079572
16611,0.06123777190946963
16612,0.8605982726573647
16613,0.25765598857897204
16614,0.7554501574423823
16615,0.7926682831920644
16616,0.1555494013974447
16617,0.4769573774148627
16618,0.21910850396708573
16619,0.8768253580940607
16620,0.06953301093743076
16621,0.3828368932142152
16622,0.2332003752410796
16623,0.8201500920728321
16624,0.9935480301037148
16625,0.9232370161000119
16626,0.6318838320802943
16627,0.8487345246763968
16628,0.5505519322124915
16629,0.977415903267752
16630,0.807156301737287
16631,0.9594117981386202
16632,0.8869014384842382
16633,0.31849146934655215
16634,0.985455299080118
16635,0.9553676008963933
16636,0.9106440611276511
16637,0.6573868759856781
16638,0.5667673675813604
16639,0.23697440457880115
16640,0.39424725397461896
16641,0.987649535153313
16642,0.6247127407968008
16643,0.3025029468287451
16644,0.4926991282146235
16645,0.831092915495336
16646,0.8355296882843102
16647,0.5798219042312914
16648,0.9434525974792055
16649,0.8412275124377233
16650,0.9338895184388426
16651,0.8815411847918577
16652,0.7289091260336916
16653,0.19604211446976008
16654,0.7057727580459904
16655,0.4829265082696339
16656,0.1902889601058149
16657,0.2334362293460088
16658,0.48042290138780813
16659,0.5704056279817947
16660,0.2206047714629974
16661,0.8182277280036185
16662,0.7417706097663691
16663,0.2494472798582408
16664,0.7487388439925855
16665,0.1074966533203589
16666,0.44945794012847834
16667,0.41435573258271213
16668,0.34409230289666676
16669,0.8314915000524805
16670,0.06742566252601524
16671,0.21078427218024545
16672,0.6018421260142208
16673,0.15554170875777557
16674,0.8418782093920533
16675,0.9494884977432819
16676,0.5557389221600475
16677,0.9775052736072251
16678,0.03688119036895328
16679,0.40469308965036194
16680,0.19379930950308707
16681,0.8727645020563958
16682,0.03915958751755211
16683,0.995370011765452
16684,0.11763456817031558
16685,0.6589376034633063
16686,0.9913816196364383
16687,0.1440380793952918
16688,0.886911811970573
16689,0.8569036036613138
16690,0.14843398492901524
16691,0.39599403585958015
16692,0.94029818613528
16693,0.9134763032365982
16694,0.319532173357613
16695,0.9856574966793269
16696,0.14475553666203791
16697,0.1424474231253688
16698,0.5074353542600786
16699,0.47898854603370555
16700,0.9800558156491236
16701,0.1467081918193963
16702,0.3549934585280792
16703,0.9653900976769063
16704,0.9065778722222607
16705,0.016764950302429204
16706,0.9134573325214381
16707,0.5491501852353479
16708,0.6419053409168699
16709,0.7676192278099453
16710,0.9379078574095198
16711,0.8277399969364855
16712,0.510902914772534
16713,0.5146537092873323
16714,0.6170763730861243
16715,0.38085662166985945
16716,0.30072424510412965
16717,0.9231125236032911
16718,0.8702645568800534
16719,0.7394706043735787
16720,0.2150673330531601
16721,0.8189246744331075
16722,0.7142770662218992
16723,0.8866301622337773
16724,0.989592171836119
16725,0.6810802274245079
16726,0.22242735116359177
16727,0.5275515109880539
16728,0.051598936041887665
16729,0.9352430395106919
16730,0.6485732077377477
16731,0.7735864243987384
16732,0.6543513493074361
16733,0.4420331418891778
16734,0.9633329235205821
16735,0.23492643263473148
16736,0.9824269017969919
16737,0.475439778484046
16738,0.5434748084144496
16739,0.9563334385876151
16740,0.8667119647767979
16741,0.955292766370507
16742,0.9830007794022465
16743,0.7706081446805867
16744,0.33846767087283164
16745,0.4310915366892563
16746,0.9672840135404956
16747,0.9426844314598544
16748,0.5031639903679644
16749,0.6509166000851354
16750,0.039931951281117865
16751,0.15210153723615474
16752,0.7292513312531718
16753,0.257874479553787
16754,0.5610535548801615
16755,0.5064466234350572
16756,0.6315113939880268
16757,0.5683171276828362
16758,0.5795477676916715
16759,0.8305488698784127
16760,0.48131390518288714
16761,0.83280451779417
16762,0.8092187037551928
16763,0.02227003947738194
16764,0.889225537807106
16765,0.2360352370392402
16766,0.7496517447607354
16767,0.5430151193609873
16768,0.6386931188777821
16769,0.05426172888413645
16770,0.927555175091742
16771,0.1814298485205826
16772,0.9594652492606005
16773,0.7880868137078618
16774,0.9247156214186174
16775,0.9329747294648826
16776,0.7256358563927524
16777,0.7095027374796458
16778,0.9056360326454428
16779,0.5451623414831523
16780,0.7207555623901968
16781,0.9935302751029337
16782,0.7539753266607031
16783,0.7376129739961713
16784,0.9428647834259952
16785,0.4602985522103992
16786,0.8151570092441575
16787,0.2029814324529878
16788,0.6163808401944513
16789,0.7292370204081559
16790,0.7187527208753061
16791,0.5621601165193663
16792,0.5892426312842939
16793,0.4219754968654301
16794,0.6760515028503252
16795,0.5494125781440803
16796,0.5471303218772646
16797,0.6048388422843999
16798,0.9492056030665362
16799,0.9652194451255607
16800,0.9958160388578411
16801,0.9212153997887692
16802,0.32927572860121496
16803,0.9124132753471624
16804,0.3193290314745842
16805,0.6462459622441935
16806,0.45032753128581765
16807,0.7889039276883171
16808,0.8959245077968969
16809,0.9489962341247006
16810,0.2450250027965222
16811,0.7167396676244892
16812,0.6802943448913052
16813,0.7014613717512058
16814,0.09252179337614241
16815,0.6530991425512714
16816,0.20084076117651617
16817,0.13076096856868683
16818,0.5502801981685417
16819,0.4015409499786246
16820,0.4930193206917826
16821,0.39337299799677333
16822,0.8095847853718076
16823,0.4883523579121023
16824,0.6391619609739639
16825,0.2661505459002751
16826,0.24235831648118292
16827,0.40027992364795034
16828,0.13355895665095818
16829,0.7505629288191825
16830,0.6279134219508251
16831,0.8620209282344331
16832,0.9408783561650331
16833,0.790077678930781
16834,0.3038820472548824
16835,0.5629586159883035
16836,0.8905177233220197
16837,0.5676681390729263
16838,0.905356663095413
16839,0.9904105681607063
16840,0.9602522730298806
16841,0.8218123463461966
16842,0.9577988187648302
16843,0.6953263329720335
16844,0.9788440577061938
16845,0.792263825496104
16846,0.9566869894692033
16847,0.7758941700232341
16848,0.864837344228222
16849,0.14357196496871236
16850,0.5088732340853005
16851,0.8886504822936105
16852,0.5404991802331914
16853,0.9442971405822487
16854,0.9094886210193337
16855,0.8315727899693531
16856,0.5272867727330133
16857,0.6741649685214485
16858,0.8902810441490919
16859,0.5852053936422565
16860,0.47331554520677743
16861,0.9708904428436657
16862,0.7086849129571365
16863,0.8961930442665148
16864,0.6744633648453657
16865,0.608526511418051
16866,0.9135132905049225
16867,0.9717700554305596
16868,0.9582690026484421
16869,0.8257506724540109
16870,0.22314395779027288
16871,0.395679949966814
16872,0.5362425198893935
16873,0.6295907937718634
16874,0.7967962925982633
16875,0.49179575787915636
16876,0.4003768148280707
16877,0.10617648561139341
16878,0.17539229675469506
16879,0.24343081100811667
16880,0.09712234487963474
16881,0.8004640443349088
16882,0.6769304802484868
16883,0.37858683428589934
16884,0.031211418899267335
16885,0.7234885177075597
16886,0.687491136686309
16887,0.8085399956910105
16888,0.7358191361603144
16889,0.9253909379114575
16890,0.6113026895756627
16891,0.4249457359384305
16892,0.12502059880813032
16893,0.7709762020310938
16894,0.9375030814300196
16895,0.7733654738892367
16896,0.7784254065948755
16897,0.9885637352370971
16898,0.5687327650629104
16899,0.7094920652438196
16900,0.7677507819866349
16901,0.4158089510034249
16902,0.8003316047315804
16903,0.4351183096851882
16904,0.7995139769931571
16905,0.5652334750208946
16906,0.962491302868182
16907,0.3087726516929353
16908,0.8615153521446003
16909,0.9684018497629187
16910,0.793482331224839
16911,0.7102127722730303
16912,0.6976992195776371
16913,0.6530391625191704
16914,0.9802005395678836
16915,0.6497207751551993
16916,0.5802066031500869
16917,0.12301048476455272
16918,0.2102952770899824
16919,0.7288585663620416
16920,0.9670577689518116
16921,0.624041225469261
16922,0.9600673619936284
16923,0.9441682888738354
16924,0.3824326189272669
16925,0.5671307768333119
16926,0.9361383352876037
16927,0.6663344382847192
16928,0.36690453954353175
16929,0.12126426141197227
16930,0.7800354327549733
16931,0.6481686399807667
16932,0.4826004426715092
16933,0.45789384194948785
16934,0.22217323292833957
16935,0.9216602426101379
16936,0.9508814162394433
16937,0.08222201040673742
16938,0.8399822542040073
16939,0.8580238579571553
16940,0.544364343328325
16941,0.651835888363525
16942,0.07506226219230906
16943,0.6949707410941137
16944,0.1418418140934403
16945,0.020785705597554226
16946,0.938000722972301
16947,0.06447892428701167
16948,0.3041527616362241
16949,0.7766161445511778
16950,0.22242695135421076
16951,0.5395494259799637
16952,0.30692191349628056
16953,0.835765801137507
16954,0.9354386086254306
16955,0.9777562819053992
16956,0.6578955320234737
16957,0.9417429817920335
16958,0.8613058997458521
16959,0.1443496753458979
16960,0.7719017029002154
16961,0.27337314248819017
16962,0.27585576743838575
16963,0.6221182484272637
16964,0.8507952281923656
16965,0.2964490748598686
16966,0.7264979827466277
16967,0.8457329397856516
16968,0.7146701802683545
16969,0.1289511334345638
16970,0.39263781036189654
16971,0.2699096883701802
16972,0.6563051779973886
16973,0.6031344386484657
16974,0.7099657802347118
16975,0.144181151216538
16976,0.9660837630571629
16977,0.9217973447168069
16978,0.3241532662590972
16979,0.33692289975455214
16980,0.6253422439359403
16981,0.9783453329662205
16982,0.8788847862295445
16983,0.5137981585854002
16984,0.8417052596965192
16985,0.5220415427027089
16986,0.719013869938169
16987,0.2551250839057237
16988,0.6857881177746474
16989,0.18862687567530187
16990,0.8013154163274777
16991,0.9464959376567025
16992,0.6176070894194648
16993,0.42507216960890926
16994,0.8480703280813016
16995,0.7091831277980097
16996,0.33100366609186377
16997,0.9602048322288357
16998,0.2593082612737258
16999,0.6257162942899517
17000,0.9555827908208677
17001,0.45699354450056395
17002,0.763052387888398
17003,0.09217720645008727
17004,0.5256176711748006
17005,0.3906635547916902
17006,0.9443972670411606
17007,0.9644751182426313
17008,0.6711061836051576
17009,0.9798878146456916
17010,0.6260052923317334
17011,0.5272167983634303
17012,0.45772725220278715
17013,0.861651748409303
17014,0.36645635483681427
17015,0.924671348680742
17016,0.49325854783330475
17017,0.6577880219958164
17018,0.8096542186400452
17019,0.7390049901460554
17020,0.270129635516581
17021,0.673193248639213
17022,0.1906040749731567
17023,0.619555638699951
17024,0.7231010512441555
17025,0.4316989529451855
17026,0.8884976434453682
17027,0.5491677176387516
17028,0.9237281731981545
17029,0.5897396885400137
17030,0.5088831093699322
17031,0.8844041261123134
17032,0.12611207396568205
17033,0.9036496743241398
17034,0.405347537089944
17035,0.7890979691566185
17036,0.321627294485665
17037,0.8222425745496825
17038,0.1902794901089895
17039,0.9469261222254484
17040,0.8122038997039095
17041,0.1556074381031197
17042,0.8673348942950887
17043,0.9095963716287377
17044,0.4039601531689745
17045,0.8491816957450565
17046,0.031103101310885447
17047,0.5508143220225129
17048,0.8729440832671091
17049,0.8944348012653055
17050,0.6549968856998438
17051,0.7167345410463183
17052,0.07497528368359817
17053,0.2213269727598699
17054,0.7312363002664256
17055,0.8198002406843803
17056,0.6885106508394195
17057,0.7553508845271147
17058,0.9064219429497244
17059,0.9837275023802761
17060,0.6881912088997622
17061,0.35795022164762186
17062,0.9320643670379809
17063,0.9186769034704598
17064,0.35108296654861865
17065,0.181852019673411
17066,0.536450026871078
17067,0.5275656700782958
17068,0.8849008389883992
17069,0.08573910734470502
17070,0.40496225103568245
17071,0.8683699087747554
17072,0.34070025167752993
17073,0.8545033248613584
17074,0.43030297419483515
17075,0.9932613196147931
17076,0.6739168463637552
17077,0.7186297466858663
17078,0.9084295940236249
17079,0.5719131507528448
17080,0.40453248309831324
17081,0.6985846077289594
17082,0.4289544217293189
17083,0.9224587879007234
17084,0.3771361350969198
17085,0.6746700243101361
17086,0.8015421787207684
17087,0.4261865421165167
17088,0.9770188903622127
17089,0.3199483136132307
17090,0.5982080333404726
17091,0.8464360300656133
17092,0.5910628553293595
17093,0.9896354952616092
17094,0.45397690423471837
17095,0.7001935146901079
17096,0.15288280540850988
17097,0.9757786840278991
17098,0.832442198068574
17099,0.996170025116899
17100,0.9328050096064429
17101,0.9414141752895819
17102,0.9504409396385528
17103,0.03851201166891247
17104,0.9941519857223856
17105,0.8462755202844865
17106,0.21604635051108778
17107,0.6064108606851112
17108,0.45241318154962223
17109,0.8884018536863799
17110,0.48145181229173484
17111,0.4032911304175253
17112,0.9531002667963787
17113,0.9235465705152169
17114,0.2955724559652957
17115,0.8491756553364471
17116,0.7567381063173625
17117,0.733934364628246
17118,0.7229939465035763
17119,0.5302887651683611
17120,0.753751783263754
17121,0.675246285563496
17122,0.2951487489446513
17123,0.9021308767910395
17124,0.6424277827301214
17125,0.24009405411099102
17126,0.9056660725634827
17127,0.8762051476125592
17128,0.575854346560119
17129,0.23770678175848078
17130,0.5874354316503176
17131,0.6588658465850514
17132,0.3363292510424362
17133,0.5979265079296149
17134,0.5578902923969534
17135,0.7692176936045539
17136,0.8158778318927317
17137,0.5176410402564651
17138,0.9863016295639214
17139,0.6681618211135895
17140,0.8087445610850313
17141,0.4915736777747855
17142,0.9404031641940652
17143,0.7219521265674107
17144,0.873003622386543
17145,0.811132535108329
17146,0.4759580270945351
17147,0.8668985797876765
17148,0.2984449811542195
17149,0.179272298270171
17150,0.6436354818677533
17151,0.9586916916654108
17152,0.9603075426069986
17153,0.9222720689142899
17154,0.4227220729587679
17155,0.05273377284151429
17156,0.38131217287780445
17157,0.4159897715657941
17158,0.4108029738206071
17159,0.34788640647155394
17160,0.7360715888914138
17161,0.9251436881942402
17162,0.450784521168801
17163,0.3922091576158633
17164,0.3359714981746835
17165,0.4152502986799491
17166,0.5312698629694411
17167,0.8495221939363354
17168,0.620447294431082
17169,0.6001595093389825
17170,0.20333893488074162
17171,0.4031694204856408
17172,0.8283070492104138
17173,0.8520651713966488
17174,0.4600142118827879
17175,0.5633001974237187
17176,0.3630189634473422
17177,0.7746710081951859
17178,0.7555531781475732
17179,0.9574743768348558
17180,0.11770781252743355
17181,0.9162574625860588
17182,0.7867403911326357
17183,0.8000673075343413
17184,0.9747700483489264
17185,0.8693043145775775
17186,0.9281601893771416
17187,0.8791372230390335
17188,0.5857459447883396
17189,0.3581179320712684
17190,0.039152127543744114
17191,0.5998260099305599
17192,0.5013978395877157
17193,0.7386991737012661
17194,0.7852023735976207
17195,0.8836335200531282
17196,0.6934114577260321
17197,0.06788450458971697
17198,0.79047731272678
17199,0.9885998545623838
17200,0.8775726592054526
17201,0.22834387284156324
17202,0.7561338123418716
17203,0.8975515949670586
17204,0.8531100697801056
17205,0.5556618646468326
17206,0.27788096253971606
17207,0.9154462468454821
17208,0.3443833936526959
17209,0.9245466687860789
17210,0.8272416597850331
17211,0.8074408325379983
17212,0.7657390387519007
17213,0.9952754452565724
17214,0.8568434612089764
17215,0.5081588508895583
17216,0.20564191882304952
17217,0.7334891464425844
17218,0.4078491435862465
17219,0.37096299457605286
17220,0.6705436482845871
17221,0.952492783796373
17222,0.38881015612332087
17223,0.27250867656546124
17224,0.4311385925700952
17225,0.75697834262413
17226,0.38422175478958653
17227,0.7538651113604976
17228,0.8166000282013245
17229,0.4973834146970466
17230,0.5191722689428063
17231,0.5102799374907426
17232,0.8185875469051457
17233,0.3410269573297815
17234,0.4401272184173661
17235,0.9128754031106201
17236,0.688840183260854
17237,0.9144821877590091
17238,0.9435014721055923
17239,0.35342062510564665
17240,0.5302822755054665
17241,0.7540178828725814
17242,0.8314064135992313
17243,0.09535501782644205
17244,0.3218283248832167
17245,0.4258969955430496
17246,0.5999060891600023
17247,0.7183173237435349
17248,0.9441432513501576
17249,0.3188453510162768
17250,0.9762227430406636
17251,0.12721348274458405
17252,0.817557614646816
17253,0.878627707614037
17254,0.2171649944918277
17255,0.5668408027232644
17256,0.12278621846770277
17257,0.9963973804678584
17258,0.691078761457069
17259,0.8181052943389503
17260,0.09814894823983282
17261,0.9585458469298089
17262,0.8349157137997341
17263,0.9223248149878535
17264,0.5786176253088268
17265,0.6714706921307528
17266,0.3893919940071198
17267,0.9331957362648741
17268,0.879747811778323
17269,0.31189445841083163
17270,0.8899881598323248
17271,0.13074292715706112
17272,0.601554404184018
17273,0.7475763270153069
17274,0.580971253949271
17275,0.9827484518847226
17276,0.7308969995160997
17277,0.4952428078532405
17278,0.1801148391675229
17279,0.4977259561835689
17280,0.9368252652175708
17281,0.8648667934995456
17282,0.9430303230916047
17283,0.4192540030764195
17284,0.4997775148680182
17285,0.8053651529782133
17286,0.44525347766304996
17287,0.8823955458009065
17288,0.7942669982502167
17289,0.0217066457975347
17290,0.8849967289532533
17291,0.7314854498891913
17292,0.1863241090202723
17293,0.823992949004443
17294,0.8807952885983679
17295,0.16693114741859424
17296,0.6089750894339636
17297,0.3169208179846931
17298,0.48213758629314035
17299,0.03986332857255497
17300,0.9343985099566519
17301,0.8497220415922371
17302,0.9360417588471893
17303,0.9706985816424712
17304,0.9826981377543902
17305,0.06285978973104228
17306,0.24687904122533824
17307,0.30316106717878516
17308,0.9476255231516331
17309,0.03227604902765736
17310,0.8132928474840394
17311,0.8762359673725526
17312,0.6906694065611546
17313,0.6868542795293239
17314,0.9305730513141732
17315,0.49850180386747667
17316,0.9236955278458946
17317,0.7697939592485818
17318,0.028112574152580855
17319,0.6126401686632527
17320,0.8634185121376025
17321,0.6473916330851285
17322,0.8699325805858638
17323,0.8608784131916106
17324,0.317295192239025
17325,0.8157241196832721
17326,0.4738322113570869
17327,0.4657021316050482
17328,0.06235356502011539
17329,0.25819724437705305
17330,0.5013020120533945
17331,0.8537936762349384
17332,0.06940346973929264
17333,0.7943209154430425
17334,0.6135005709204912
17335,0.314865273767898
17336,0.24674366066490264
17337,0.9352710499969312
17338,0.7926165446556457
17339,0.35749392529182905
17340,0.7547387145065154
17341,0.41212368373760394
17342,0.48638278557574144
17343,0.19036200436395975
17344,0.5591946883152286
17345,0.6453416170445543
17346,0.43028308479196736
17347,0.09753663766836161
17348,0.643561150852001
17349,0.20342037105736357
17350,0.899733325094393
17351,0.36606659581396284
17352,0.5310424061821573
17353,0.06124117874652943
17354,0.38754035961564703
17355,0.47384496135427673
17356,0.9894945899552159
17357,0.8658527973593033
17358,0.6990146734072998
17359,0.09061959931234392
17360,0.32874036788152045
17361,0.8338200726989021
17362,0.4766375548056345
17363,0.6667404399447866
17364,0.8996929883809243
17365,0.965347494342273
17366,0.4153827101280725
17367,0.1116922040190506
17368,0.5077492226852222
17369,0.6736707853798735
17370,0.46288124191169716
17371,0.8861038724853652
17372,0.9642103557862612
17373,0.29964604641332554
17374,0.6325070267697063
17375,0.22783818385072943
17376,0.8931511960971781
17377,0.4316027432348161
17378,0.208902949319145
17379,0.9524209036874237
17380,0.4955230623602045
17381,0.8542938916507534
17382,0.8447046698299827
17383,0.6395749847518287
17384,0.810415201795781
17385,0.13945224170718698
17386,0.606146411644387
17387,0.5911411752923038
17388,0.8333134544316602
17389,0.8683153324725645
17390,0.7393065316393833
17391,0.9671641190373141
17392,0.815739656538179
17393,0.6066062073746156
17394,0.13393209947252285
17395,0.9236833921723301
17396,0.8982287689094397
17397,0.9956952674421543
17398,0.9751408689170802
17399,0.9309584143084392
17400,0.2175493557617936
17401,0.8646582120576968
17402,0.19734325564987207
17403,0.7588711063358331
17404,0.09094270089414892
17405,0.687786251173255
17406,0.8404991366553768
17407,0.8786088902338968
17408,0.8571371594812388
17409,0.5886658239699163
17410,0.9675067133287442
17411,0.24877335078312748
17412,0.17095348771637475
17413,0.9756567947320832
17414,0.7530949511718301
17415,0.4326778648174649
17416,0.6324126964492424
17417,0.9816415666415308
17418,0.9099586939724155
17419,0.4041875536216872
17420,0.199786336952304
17421,0.9584010459046676
17422,0.6253158580047141
17423,0.1560663448227306
17424,0.6930214625152177
17425,0.6939452299502692
17426,0.4642327434218972
17427,0.7262300452033309
17428,0.6192278416502357
17429,0.4194889826424933
17430,0.2577713403519766
17431,0.8854075594813163
17432,0.9947576016680051
17433,0.3132865620040664
17434,0.99126064761326
17435,0.48498442935016267
17436,0.0634639813285348
17437,0.7061145403524726
17438,0.9221862999538749
17439,0.09724963010824898
17440,0.20240295611741513
17441,0.9623766097644816
17442,0.2936572944710922
17443,0.7201194752064172
17444,0.7143507568074101
17445,0.35549878802028606
17446,0.643643851521788
17447,0.39124588496524715
17448,0.9142886413969139
17449,0.6929236202242821
17450,0.9866128832504654
17451,0.8351460830663738
17452,0.160746354109782
17453,0.9787811992372074
17454,0.1943192240856311
17455,0.8656534255753532
17456,0.4474566040512313
17457,0.1554097871432224
17458,0.9672968576472609
17459,0.966104215790646
17460,0.6866503179940119
17461,0.2873331135734572
17462,0.7324300726140797
17463,0.26542141649724554
17464,0.9435474599395738
17465,0.3754650302293703
17466,0.9766331849274922
17467,0.8551947890603739
17468,0.9649561368589796
17469,0.9038299813648379
17470,0.9844630690479125
17471,0.2351349954724452
17472,0.9052170485163421
17473,0.7999016880209692
17474,0.9343275880838869
17475,0.6555402796332722
17476,0.5280021747109748
17477,0.6897440766311785
17478,0.8611187677232253
17479,0.2948557852582752
17480,0.7068538750524381
17481,0.4687691193034021
17482,0.8236920833947957
17483,0.1865293949029504
17484,0.672564790840235
17485,0.7835506330384056
17486,0.992276043088074
17487,0.9617488078730038
17488,0.2685809596077413
17489,0.8857412626194034
17490,0.6392042987831051
17491,0.6141267333919073
17492,0.45766289590936765
17493,0.5990131991353754
17494,0.1228163196638886
17495,0.5725999269388319
17496,0.629705311992322
17497,0.7944056451248009
17498,0.9452653645926317
17499,0.5876954776900939
17500,0.4499220442670189
17501,0.8749869880911921
17502,0.5504069815370846
17503,0.6070940126249885
17504,0.3011099564591071
17505,0.32241122796114996
17506,0.25467577128745983
17507,0.8453741749815326
17508,0.45584695909605566
17509,0.11668560427884696
17510,0.8644196212963546
17511,0.8162529299497591
17512,0.8780699954353185
17513,0.38075250991614507
17514,0.8651096909533439
17515,0.9000880675067827
17516,0.6688752890139572
17517,0.14671040181112752
17518,0.911182090276515
17519,0.9488516054713255
17520,0.11635049863404617
17521,0.9869228151262787
17522,0.5704605434401631
17523,0.9520948461308939
17524,0.43681550542188474
17525,0.4704414967656237
17526,0.9625801322166154
17527,0.8540692407864885
17528,0.5697764707233165
17529,0.9504929629273903
17530,0.9472287045885698
17531,0.9967734191616975
17532,0.4510267700041848
17533,0.812640636646909
17534,0.16455993271935318
17535,0.6674894383926279
17536,0.5854282030432688
17537,0.12526391650083626
17538,0.9528916574085754
17539,0.09591492163617288
17540,0.35040124196600936
17541,0.701622637876138
17542,0.3794534485245196
17543,0.954407239022751
17544,0.9549087291405094
17545,0.9684004043707878
17546,0.92036828461529
17547,0.5472446856376646
17548,0.9329016155991737
17549,0.5856626554810828
17550,0.7374575942066941
17551,0.3910264676703616
17552,0.9363299472462794
17553,0.983201916043441
17554,0.0187656118396896
17555,0.05227941246573853
17556,0.8713171138592304
17557,0.6800133669771279
17558,0.8459370690824249
17559,0.5886465035993428
17560,0.8168574188341015
17561,0.8207237228892414
17562,0.4131087328954585
17563,0.909477166278344
17564,0.10209265629774948
17565,0.09255619572238553
17566,0.6899369502397367
17567,0.6407857479979243
17568,0.38471287712420565
17569,0.23870100589872914
17570,0.8884650902108423
17571,0.8786465610121065
17572,0.371897937715117
17573,0.6789385288822724
17574,0.9052668416685509
17575,0.7527677955730511
17576,0.6711863379400181
17577,0.15620377770881658
17578,0.6280413856578563
17579,0.8641992198123827
17580,0.7779234040251136
17581,0.3573112238365628
17582,0.4271708242522874
17583,0.7011823433293949
17584,0.48794917447689007
17585,0.9910209229463046
17586,0.367953548676016
17587,0.4077356409662866
17588,0.78035672251817
17589,0.4988600369416016
17590,0.9185339658258105
17591,0.8007622743909119
17592,0.29770788551371785
17593,0.22986508039789078
17594,0.22445481714606483
17595,0.07926921470471227
17596,0.4956988088152565
17597,0.10369888729124922
17598,0.8734269437422215
17599,0.8918469947645367
17600,0.7040235463254807
17601,0.313017507853271
17602,0.9974021471032434
17603,0.9321180314225624
17604,0.6510654490539868
17605,0.9223372301800369
17606,0.6398690347078795
17607,0.989585721373459
17608,0.8636903262869393
17609,0.8549134393471967
17610,0.7587485964665275
17611,0.6188253537196443
17612,0.9931870279011036
17613,0.45866098151854
17614,0.8141440681862555
17615,0.7247921371769442
17616,0.3088422280893562
17617,0.9296632407418804
17618,0.9361408318151799
17619,0.9603415832661618
17620,0.32439381973436776
17621,0.8431386230592103
17622,0.47649418181160624
17623,0.40237197132933966
17624,0.6568452978065996
17625,0.2351311875642105
17626,0.8003727723753387
17627,0.566029768338555
17628,0.2947866816315383
17629,0.6344051942212915
17630,0.950849088479751
17631,0.7634528495910519
17632,0.7984448191532126
17633,0.7673000307570478
17634,0.659517282898055
17635,0.9234760081458339
17636,0.6286162301664188
17637,0.7297994856410703
17638,0.6200429463928158
17639,0.7652037524965128
17640,0.8330341705016321
17641,0.6414896106647823
17642,0.9918277454034973
17643,0.8660349704155909
17644,0.9893439991784369
17645,0.7784258949634775
17646,0.9458730503840181
17647,0.9049527202074357
17648,0.9336389618233972
17649,0.4345908429104362
17650,0.28687984671694117
17651,0.976131542659807
17652,0.16688797292657973
17653,0.5735334641355609
17654,0.9583808458656176
17655,0.18594863505528178
17656,0.3320341727827585
17657,0.6502182270570964
17658,0.045840929394661036
17659,0.2845630405730553
17660,0.3169970132404126
17661,0.14501186020587686
17662,0.7701675859178868
17663,0.3288180505265361
17664,0.24935273566024604
17665,0.9421812462941674
17666,0.6333730972677273
17667,0.5481161482811593
17668,0.906073804304099
17669,0.972129325706601
17670,0.9792138227732073
17671,0.48867143296432486
17672,0.7307027852392789
17673,0.354998157530648
17674,0.7019081216911854
17675,0.022544168106248735
17676,0.3993692904236023
17677,0.6002264155489183
17678,0.28620963375070957
17679,0.5839317598199761
17680,0.6507545808547069
17681,0.7489774351309048
17682,0.5539711675069765
17683,0.40897440265634755
17684,0.11816913615415074
17685,0.6021156438496572
17686,0.8299129791447424
17687,0.7236177140689408
17688,0.32365407235240756
17689,0.18116439231416712
17690,0.6701593530470761
17691,0.5407449933263546
17692,0.9234354052293418
17693,0.6712017847870263
17694,0.4974660189048728
17695,0.4796428834557382
17696,0.9551553899563482
17697,0.5724264652315977
17698,0.8295086951586108
17699,0.9923310302695293
17700,0.2988473261444216
17701,0.8874790334323004
17702,0.8838886243586889
17703,0.7021053559380475
17704,0.5575017769983712
17705,0.6972777614698927
17706,0.486340617764698
17707,0.5596896471613321
17708,0.8636847003783933
17709,0.9702223587609843
17710,0.5537506217188302
17711,0.6182589473251336
17712,0.7375051240790292
17713,0.6968010718190913
17714,0.35037313529360753
17715,0.8481162650826611
17716,0.6445728541531723
17717,0.7559842075139628
17718,0.7385000936681175
17719,0.19654675345880082
17720,0.4325689167913662
17721,0.6390567844945984
17722,0.8509101448246775
17723,0.9519293031418709
17724,0.4218847421902984
17725,0.7133753509387116
17726,0.32896923490719493
17727,0.9082714822440243
17728,0.678628473892923
17729,0.8503686898653209
17730,0.7926525189292982
17731,0.3450304683132865
17732,0.7672518445793616
17733,0.3544606407059248
17734,0.8528118132961643
17735,0.3889015040002232
17736,0.8216684095711796
17737,0.905475045936556
17738,0.46104126647430044
17739,0.14972713558239972
17740,0.6781950906537934
17741,0.1076540144473888
17742,0.9432315556244971
17743,0.7362968601615206
17744,0.886866251944214
17745,0.03987095473523127
17746,0.8171928498098863
17747,0.8419542483432082
17748,0.059026604872499465
17749,0.2474526349227212
17750,0.8805263105620104
17751,0.22363556922474404
17752,0.8912954589013243
17753,0.9102997115171337
17754,0.528790314292731
17755,0.5438834101887463
17756,0.09721202193320082
17757,0.8190909148804778
17758,0.9790731012348447
17759,0.37486827702353903
17760,0.21460215082001266
17761,0.7242471118503806
17762,0.5864505406064217
17763,0.9636000791459439
17764,0.9607896019883239
17765,0.29509386197530146
17766,0.18335823559177022
17767,0.9898611120627071
17768,0.6844532471803998
17769,0.6494237884432419
17770,0.4054068236894183
17771,0.3629355711396453
17772,0.8025262627277644
17773,0.7992122556569811
17774,0.6493195495929854
17775,0.8339157213430809
17776,0.8499094094847273
17777,0.9955061923167144
17778,0.6453276097024231
17779,0.9904780093740785
17780,0.4789171104245665
17781,0.3702220499770037
17782,0.6911270435298902
17783,0.3342231770247846
17784,0.637213747472237
17785,0.8379189795614925
17786,0.3480984029750469
17787,0.26617596104273894
17788,0.5839058453744282
17789,0.8533546655089398
17790,0.957091983121249
17791,0.8512499827109711
17792,0.6537150645631882
17793,0.5081536905098504
17794,0.2640490317047693
17795,0.885409593849965
17796,0.9204579714252006
17797,0.14573981207189426
17798,0.3330397270539043
17799,0.566192797721111
17800,0.661120097336492
17801,0.44765385892594334
17802,0.5060830024837372
17803,0.4159768317797854
17804,0.3589179805021325
17805,0.9230274427314629
17806,0.6394919234923636
17807,0.5079744644827473
17808,0.9808204248724475
17809,0.5700705981258335
17810,0.5443397545270184
17811,0.8228758753837141
17812,0.26631600728368005
17813,0.9191227059137322
17814,0.2665318257008972
17815,0.22359241491291917
17816,0.5786828994784802
17817,0.9450602681622747
17818,0.07323736231272306
17819,0.781469790472002
17820,0.8839427871891123
17821,0.4688845978629053
17822,0.7521526081057576
17823,0.4841128776585418
17824,0.028901499838120185
17825,0.5575649252645466
17826,0.8479210139957232
17827,0.6201385956839282
17828,0.46259065863019294
17829,0.9633921031152121
17830,0.9262763113441044
17831,0.755704105750671
17832,0.7490067336228957
17833,0.6528024787402255
17834,0.08331350830893834
17835,0.13309039980621143
17836,0.11932811643547307
17837,0.73063075776316
17838,0.9070834107384984
17839,0.8683331577665019
17840,0.6187424754526236
17841,0.6731253456749643
17842,0.19982589245989024
17843,0.8374586912732251
17844,0.9152531203068794
17845,0.5398274137465057
17846,0.9612119556812188
17847,0.5375183674857572
17848,0.7370934557408414
17849,0.44669784984433797
17850,0.4234140950177552
17851,0.6120709049721996
17852,0.6674246413288181
17853,0.63792925510758
17854,0.3138612697094459
17855,0.839934887997338
17856,0.31225223179503064
17857,0.8484292738337738
17858,0.8897637974273032
17859,0.42126293805510273
17860,0.5514468081204154
17861,0.30414415937114164
17862,0.9103737327869698
17863,0.3640019537158643
17864,0.5615871636230546
17865,0.903345376641516
17866,0.864237020056151
17867,0.9130375427323151
17868,0.2480253093654491
17869,0.5484117984551654
17870,0.8210956688931405
17871,0.6366887193773882
17872,0.8521589089165413
17873,0.6384234373087836
17874,0.7131127427069036
17875,0.833775991900378
17876,0.35082493007856774
17877,0.6964044913186153
17878,0.9466166636105021
17879,0.2112731008032075
17880,0.8350833957966839
17881,0.17484529530506723
17882,0.6292591011662099
17883,0.986091751184031
17884,0.2286140029345113
17885,0.662893778648251
17886,0.44429757239973267
17887,0.15951680732867488
17888,0.9428651146745982
17889,0.17249637900456039
17890,0.14574451902441274
17891,0.23164079889957748
17892,0.6760471251752493
17893,0.1068174285154031
17894,0.8296538672031698
17895,0.35210454249463013
17896,0.106721909268724
17897,0.2947495874337978
17898,0.7355688363996729
17899,0.950930062824276
17900,0.9240021509720361
17901,0.4288979805115613
17902,0.29581326692371834
17903,0.663347183363233
17904,0.7681884373709051
17905,0.6819082465583444
17906,0.9968439208169516
17907,0.42044140688673437
17908,0.552376124033055
17909,0.36366535377662274
17910,0.7305423546015852
17911,0.4408252827810797
17912,0.61526904783222
17913,0.36883799144760826
17914,0.4387892224950094
17915,0.6004221698724752
17916,0.9746936558863544
17917,0.26792196765855764
17918,0.5544601346494126
17919,0.9112489968143415
17920,0.9159808430334158
17921,0.950623026155995
17922,0.7123932635080269
17923,0.9837036958939311
17924,0.6146476384512894
17925,0.244763948287028
17926,0.4578568900823035
17927,0.551134906299387
17928,0.5619621933586427
17929,0.17692597107214056
17930,0.11795533154152245
17931,0.40102130779108197
17932,0.5482199913204749
17933,0.8094481644083861
17934,0.009098425526997743
17935,0.18460066832371527
17936,0.1455160661445738
17937,0.2637611628800712
17938,0.7545902359707307
17939,0.37376219992967474
17940,0.9544750513122572
17941,0.2305413674056006
17942,0.15108868411639179
17943,0.7936676864162052
17944,0.8541253074272729
17945,0.6687803294218008
17946,0.7348935967684135
17947,0.7015092837303755
17948,0.9957288771613207
17949,0.9853004673027654
17950,0.9463863517188287
17951,0.5944001583300115
17952,0.8040053670370089
17953,0.8917336653396107
17954,0.8314745708183037
17955,0.4185361438747012
17956,0.7617371943574911
17957,0.7823558781188585
17958,0.7486860235583622
17959,0.838213956349834
17960,0.5876456322135235
17961,0.9921130954036933
17962,0.11685288086998191
17963,0.1365614936694504
17964,0.48959299856034755
17965,0.9287763691569547
17966,0.4899741236355107
17967,0.08849275695181669
17968,0.6726599266864556
17969,0.869551774053113
17970,0.3831022649555047
17971,0.9112998931568029
17972,0.12456974783160508
17973,0.7431808972075767
17974,0.9116104042003425
17975,0.2779296792985901
17976,0.4068439525008998
17977,0.8369988487112705
17978,0.6956345405724674
17979,0.12179276377863313
17980,0.7525113549998359
17981,0.1387590223108647
17982,0.5676110660551764
17983,0.9749286788995185
17984,0.8646557217817344
17985,0.06231692163405935
17986,0.6727544115163441
17987,0.6519839236587901
17988,0.2306463866435504
17989,0.42547733260442056
17990,0.36157832767743175
17991,0.6594479634556875
17992,0.9536181929100461
17993,0.9025628038345243
17994,0.9110814752057196
17995,0.29382032847734424
17996,0.7089126541444034
17997,0.3205545035632494
17998,0.9297726044359483
17999,0.7560361261562144
18000,0.2960539299923579
18001,0.16795859550379166
18002,0.9378164285921771
18003,0.3126775570709524
18004,0.9044864327771721
18005,0.641441824607865
18006,0.1723840161529385
18007,0.8460621268442946
18008,0.6366424461269468
18009,0.18718080253158964
18010,0.05506293744769244
18011,0.6302909016936241
18012,0.47920869333658117
18013,0.2624491898425776
18014,0.9491357926888085
18015,0.3982104712980817
18016,0.4290080942143486
18017,0.7054929039672722
18018,0.8431107222253044
18019,0.28516171119188954
18020,0.9411266317552568
18021,0.336816417161282
18022,0.9269952539572333
18023,0.5683840763713356
18024,0.9914473137129264
18025,0.5027076402063281
18026,0.6687794493268086
18027,0.8302498982495036
18028,0.7217833877117869
18029,0.5322471531553391
18030,0.06375846100510442
18031,0.8195613959656335
18032,0.9408246736177928
18033,0.6816393243431517
18034,0.9703175597341979
18035,0.12257009563821729
18036,0.9889190542325853
18037,0.7896225854049476
18038,0.7159094237596838
18039,0.7581034122231483
18040,0.42730909008662676
18041,0.3092746417406684
18042,0.9327453615661526
18043,0.4046802433844268
18044,0.915604498615445
18045,0.13442478744652206
18046,0.9037714499375032
18047,0.43673216100858436
18048,0.6796065563708189
18049,0.3569015056516425
18050,0.7417061132687851
18051,0.8079338928459929
18052,0.996824467612602
18053,0.054741475035939624
18054,0.3481037449759616
18055,0.1800144627977711
18056,0.2982688693304952
18057,0.6096020531584653
18058,0.4678602404778724
18059,0.8871089105888291
18060,0.13953858771878866
18061,0.527339425189172
18062,0.9780750546777744
18063,0.3974376344874924
18064,0.30772066492020583
18065,0.5147951372629543
18066,0.39819445036057055
18067,0.4445195593731246
18068,0.5956415734534298
18069,0.29240147235064723
18070,0.9289119595300449
18071,0.8361022403895605
18072,0.23156493453940774
18073,0.049228396911372076
18074,0.8564200290991386
18075,0.07907083160381477
18076,0.7799252365897713
18077,0.9632812369252083
18078,0.9843386070469857
18079,0.2502122448373538
18080,0.4759436564072774
18081,0.9020527739931122
18082,0.25468854985251743
18083,0.366512444613881
18084,0.4497326090161818
18085,0.9268123942330417
18086,0.06424526975617498
18087,0.8537941983631793
18088,0.8696015026318573
18089,0.7486251941407587
18090,0.3382343232696275
18091,0.25074414836434095
18092,0.9252714571276922
18093,0.871446590698793
18094,0.8522645312223425
18095,0.9621761262291305
18096,0.5711670699483774
18097,0.6291570962389952
18098,0.33469273191492904
18099,0.5868996334343864
18100,0.9719074306221405
18101,0.5559043261115038
18102,0.2657281171722596
18103,0.15364620334958193
18104,0.6252587780296902
18105,0.7219800380664197
18106,0.1980072018301259
18107,0.49139193408416526
18108,0.5167156374673113
18109,0.8314364467633467
18110,0.5762210103579122
18111,0.5729010849353651
18112,0.3938918582198951
18113,0.38682123439552835
18114,0.937621512175005
18115,0.01613926180459841
18116,0.5253177779913428
18117,0.9144622022033002
18118,0.33076385063219543
18119,0.7284645875762283
18120,0.014806731859057759
18121,0.6011227779731374
18122,0.5058461485118239
18123,0.8364711723869181
18124,0.6235372187000486
18125,0.22947716948536886
18126,0.8470937330807248
18127,0.9860079272048083
18128,0.37808021656398405
18129,0.9625877204734682
18130,0.6382787987166835
18131,0.4384924696512748
18132,0.4319474297457268
18133,0.9581491210895048
18134,0.9638172336719442
18135,0.7136077637994737
18136,0.4848279193979894
18137,0.983059115129417
18138,0.5883441604556395
18139,0.777394579104223
18140,0.9056152673531321
18141,0.8811697493008822
18142,0.28660079511929343
18143,0.5886553641911254
18144,0.9475394373746351
18145,0.9793111952905442
18146,0.4903037066635345
18147,0.615554075244574
18148,0.456755045169577
18149,0.7860976100418909
18150,0.1963536056747043
18151,0.9016105286058226
18152,0.5590347100306216
18153,0.11701259997358278
18154,0.7777251749012013
18155,0.5198176969278233
18156,0.14287280459171264
18157,0.7254591680968211
18158,0.7345081124654954
18159,0.16835237755109822
18160,0.7961998806555202
18161,0.9772776229947353
18162,0.19312957559112368
18163,0.7166954705616305
18164,0.3639306149046007
18165,0.692822505934383
18166,0.9641725500740592
18167,0.9205615343461401
18168,0.1047479025160727
18169,0.8707241598164829
18170,0.16604061619057067
18171,0.9839424159335851
18172,0.17714831915738893
18173,0.3981847430857388
18174,0.9371009667488113
18175,0.11836503724259667
18176,0.9793701979615985
18177,0.44423533949886423
18178,0.30574718873945744
18179,0.6784316853063382
18180,0.7716263269901068
18181,0.1392037280484675
18182,0.8490766552071475
18183,0.7511759139017032
18184,0.9921018344250125
18185,0.976571092859842
18186,0.8233250041878012
18187,0.7511837969260119
18188,0.3006633120689904
18189,0.613110272837611
18190,0.5477806672491862
18191,0.007059631408319355
18192,0.36869965048396497
18193,0.020113992053022747
18194,0.7539794220908126
18195,0.6890728713038952
18196,0.8633623645905574
18197,0.5410842062386316
18198,0.009911408317423752
18199,0.8657895860256309
18200,0.8514452800396745
18201,0.880805160582743
18202,0.6528174468031622
18203,0.10946149425557557
18204,0.4920795102159046
18205,0.43760259082621245
18206,0.863210556383874
18207,0.8720205634041931
18208,0.7816413334581046
18209,0.0599435999416425
18210,0.8359796779706786
18211,0.9685265210920221
18212,0.9446010154156164
18213,0.49668183921228987
18214,0.7029064384232381
18215,0.2649317662840878
18216,0.543188154541899
18217,0.8265282710805577
18218,0.35705032314314256
18219,0.8036222731332187
18220,0.2693584159254229
18221,0.8214860897324222
18222,0.4398003495719848
18223,0.7164852401336262
18224,0.7640366899120995
18225,0.6065435991821913
18226,0.6588994256540336
18227,0.6880708089458714
18228,0.9100029522772052
18229,0.4702690762350044
18230,0.9845768945329385
18231,0.8967987796392048
18232,0.1607878551848134
18233,0.7817667229181877
18234,0.9804750040806566
18235,0.877948917649828
18236,0.8558394760255404
18237,0.4306957319457816
18238,0.8732863211668714
18239,0.9613262664023731
18240,0.3953648551171862
18241,0.29452008207232433
18242,0.20503175094539694
18243,0.21698806232479148
18244,0.9664523554667953
18245,0.17297203089057733
18246,0.6382875712078874
18247,0.8832599878851483
18248,0.8189787997198029
18249,0.48123955307467847
18250,0.48356099012808373
18251,0.8142022558072858
18252,0.8107680246104018
18253,0.30005533199879736
18254,0.6881799907253349
18255,0.5802752000608945
18256,0.9181363488054674
18257,0.856305228466668
18258,0.5012968367521762
18259,0.8938157251846457
18260,0.6474716937120553
18261,0.5998372629200589
18262,0.43429126683517233
18263,0.8759591332069702
18264,0.2674301537418315
18265,0.021738165790150588
18266,0.527998769202997
18267,0.6776581979062634
18268,0.0785170048060471
18269,0.9720315507737599
18270,0.2781122486194405
18271,0.06475254587355439
18272,0.6957676262979199
18273,0.26499488927033715
18274,0.5902135754223248
18275,0.5215189998816855
18276,0.8341337890317612
18277,0.5156376172163544
18278,0.6109248745489216
18279,0.6653288000366948
18280,0.10847117997555906
18281,0.7669227213776967
18282,0.15662716921168138
18283,0.4040366013543159
18284,0.3151886853077497
18285,0.8718854276583595
18286,0.9385299449163162
18287,0.27500322088460755
18288,0.7676012241473124
18289,0.8890675534408045
18290,0.19587796429388424
18291,0.8524348314372275
18292,0.22706181757295663
18293,0.8717519601307891
18294,0.20603727152154994
18295,0.8292922381720188
18296,0.8695743458492299
18297,0.8782571406174325
18298,0.5117340752166921
18299,0.32735072056084685
18300,0.5844576387218353
18301,0.6846579099189493
18302,0.5296934406609153
18303,0.5545241830956941
18304,0.585389134551789
18305,0.42422930941946396
18306,0.5123811757042825
18307,0.6262137555163149
18308,0.8809013407794479
18309,0.13427187428936355
18310,0.9658195077529479
18311,0.35828015056384155
18312,0.43188927365048563
18313,0.7107960231626201
18314,0.334605690886331
18315,0.8288141236205417
18316,0.12573963616461592
18317,0.7478120160316086
18318,0.9623356284820913
18319,0.493757027014239
18320,0.947538352507609
18321,0.4683964908415379
18322,0.5784985475832264
18323,0.7914064895547693
18324,0.8526274605168815
18325,0.7225130018428289
18326,0.9506956205850123
18327,0.8174465434931603
18328,0.7725384450088867
18329,0.09681399238984041
18330,0.9859969181352563
18331,0.9021728403079768
18332,0.6281107999982797
18333,0.8932632420413577
18334,0.39533943583028536
18335,0.7858849530969468
18336,0.3211875303341509
18337,0.3678176500024368
18338,0.3953861609569295
18339,0.8501237730782089
18340,0.15408456058911232
18341,0.7342677261774667
18342,0.4503872669304618
18343,0.9333350215747874
18344,0.3891398056153517
18345,0.5298019886120429
18346,0.7029003913889467
18347,0.9885432428400973
18348,0.9379559859582414
18349,0.8969395131922898
18350,0.5370195270707422
18351,0.2808773321884459
18352,0.7038735123481651
18353,0.6353533477581595
18354,0.6503047405211877
18355,0.9185206671449374
18356,0.3363294983704972
18357,0.07767732294167705
18358,0.7889645954468159
18359,0.2154667927702458
18360,0.9380392066107351
18361,0.9146977882902333
18362,0.9819193862194749
18363,0.5138721534426854
18364,0.936253217016482
18365,0.9853555438060798
18366,0.7784720405407959
18367,0.15618149200904627
18368,0.93202248685817
18369,0.788323691176553
18370,0.28776099066193345
18371,0.4604644061695689
18372,0.37955241328456046
18373,0.2819568084961672
18374,0.45425512625722736
18375,0.35582807750668355
18376,0.5453905798349017
18377,0.8639580689598677
18378,0.3148525426929807
18379,0.7837342166576654
18380,0.8846834961075172
18381,0.63121139052914
18382,0.7083980274902739
18383,0.14224619168554756
18384,0.8762524979440393
18385,0.7732997176227044
18386,0.7291497193374328
18387,0.9469393064205591
18388,0.7925368582853466
18389,0.5744499858980652
18390,0.7941835825544308
18391,0.9494467755108777
18392,0.784978495604573
18393,0.731803130476408
18394,0.385447197611588
18395,0.09305522649446567
18396,0.585070141513549
18397,0.08430775609892954
18398,0.9238194279523579
18399,0.7143085384361586
18400,0.12137023443633398
18401,0.4841380105427035
18402,0.3399751472212243
18403,0.16554380733068988
18404,0.3291949477875013
18405,0.08496355864290768
18406,0.9729186436682947
18407,0.9236906729502876
18408,0.27706875905510286
18409,0.9063640243142846
18410,0.09375024774227646
18411,0.42626569993355695
18412,0.9890364721474092
18413,0.15542908438030487
18414,0.31076247143389546
18415,0.9696020839470966
18416,0.07209385845546433
18417,0.9730792778037457
18418,0.044879044360383
18419,0.3522867247315055
18420,0.6479981275168907
18421,0.07391798519151256
18422,0.7193216398353827
18423,0.7241501625326315
18424,0.9071752799479204
18425,0.8863143461719494
18426,0.6201323887218306
18427,0.90382139142528
18428,0.15859345886070655
18429,0.5505469646670575
18430,0.4973586850894161
18431,0.5328370772553582
18432,0.4922543779601943
18433,0.9352400916743432
18434,0.577751748758724
18435,0.6331703939181336
18436,0.7467903671802424
18437,0.6795632146050551
18438,0.04251493506289498
18439,0.12391140875329325
18440,0.8317910637949302
18441,0.7094196313144893
18442,0.2708773503474357
18443,0.6501993687586386
18444,0.4595188535267942
18445,0.9770896952653639
18446,0.4201891769999659
18447,0.4381319274662074
18448,0.8668043644021276
18449,0.500490515531072
18450,0.9575094094896629
18451,0.9291816753451062
18452,0.3342736699793957
18453,0.8138822346119398
18454,0.9255508543624887
18455,0.5366204478373396
18456,0.36919147573815825
18457,0.8355663407654377
18458,0.8358640789619399
18459,0.6148408610690936
18460,0.14130127741507456
18461,0.9845320965453093
18462,0.9179404171151627
18463,0.49107914121891705
18464,0.6043150818029802
18465,0.635977755158399
18466,0.4240512704032173
18467,0.9343575174215172
18468,0.20723383433324336
18469,0.9085575135476268
18470,0.35064873783610756
18471,0.6072603337403489
18472,0.9517292171509212
18473,0.9679984838784575
18474,0.07197811246108897
18475,0.967286993486407
18476,0.850030348381356
18477,0.4402075788083401
18478,0.11437511819599126
18479,0.6303399067535628
18480,0.2379035521883278
18481,0.7952632720946943
18482,0.8589733693681422
18483,0.9666787332448626
18484,0.5039269349780454
18485,0.5649255223544939
18486,0.1811050048737609
18487,0.6908753869738679
18488,0.8244875704001208
18489,0.7198888552488271
18490,0.5730133039715799
18491,0.9458266952031343
18492,0.9402718233753378
18493,0.6197297026915339
18494,0.9019282935852709
18495,0.4492933595601936
18496,0.007220779380012137
18497,0.7302339952489554
18498,0.8728891456871418
18499,0.707249523237378
18500,0.39606531251526
18501,0.46023547396682235
18502,0.45004426751457993
18503,0.9554673980244187
18504,0.2874454137135084
18505,0.664896653657327
18506,0.4624807327999941
18507,0.2789236286755858
18508,0.9116093226682617
18509,0.605537361535768
18510,0.9860833932322479
18511,0.8545409642461763
18512,0.5676496995737365
18513,0.8739483719979821
18514,0.6604997492083291
18515,0.9152037496792825
18516,0.831914269635856
18517,0.9289809152799839
18518,0.2199379617260493
18519,0.8477312512868386
18520,0.7755610530853145
18521,0.879038972112058
18522,0.46900772176205147
18523,0.2621052985579914
18524,0.79631322003465
18525,0.3456497474655662
18526,0.569898259838714
18527,0.6852129738476235
18528,0.6581668767094392
18529,0.8566654137847086
18530,0.3764644419517765
18531,0.049788635570474915
18532,0.13443371094968612
18533,0.7532890927738457
18534,0.9685881940180545
18535,0.6143231944812059
18536,0.8624783690447662
18537,0.2465603554633494
18538,0.1484874701302191
18539,0.8640721141538815
18540,0.6774871288167393
18541,0.8084160771343155
18542,0.018573145716971568
18543,0.7557273165658328
18544,0.7816419624146244
18545,0.9799162476680601
18546,0.5566009315239565
18547,0.9460260411120883
18548,0.9448829136468248
18549,0.9857755291478746
18550,0.7216543387628293
18551,0.7200838746354719
18552,0.8690614343719035
18553,0.573542839580013
18554,0.5372721351561541
18555,0.4304030980456748
18556,0.05799210989838025
18557,0.8528894683322887
18558,0.5815722561444759
18559,0.7079716663997967
18560,0.7591686913003413
18561,0.4171784760083092
18562,0.9536526193678609
18563,0.5101696102320658
18564,0.03159959826207967
18565,0.8727083246025548
18566,0.2416544227119837
18567,0.8006422526451908
18568,0.9396853851926018
18569,0.7044509146103454
18570,0.6992502394608987
18571,0.1414534773288616
18572,0.6336121248041696
18573,0.3066259294759237
18574,0.9255378146083341
18575,0.8595479301266652
18576,0.6704098786510652
18577,0.9931360103142479
18578,0.7127073645000159
18579,0.9074059111789033
18580,0.7967281666873188
18581,0.8066697992146822
18582,0.7275629290298523
18583,0.9065470570425541
18584,0.36737294324458364
18585,0.784027637876163
18586,0.5624034502456517
18587,0.8121248082695353
18588,0.4565217918967211
18589,0.0771953623386601
18590,0.5777970499269435
18591,0.3074178669652971
18592,0.9282595277867328
18593,0.4757948293494418
18594,0.08956009344172881
18595,0.49616962423715005
18596,0.628677838549265
18597,0.9276335726616375
18598,0.6630453503380663
18599,0.9529577185616206
18600,0.31009493732114685
18601,0.9623508001721235
18602,0.41390853600397537
18603,0.6156324156362788
18604,0.9328258438074961
18605,0.9247271978918881
18606,0.855376255613605
18607,0.2594264881914619
18608,0.49097073555761384
18609,0.7657562690147036
18610,0.9018139230713476
18611,0.6054422831971197
18612,0.09482243307175793
18613,0.3030505632637491
18614,0.9642662271296215
18615,0.48166645117936424
18616,0.9157241601674783
18617,0.39098657148463506
18618,0.6945972085032278
18619,0.9144456798873021
18620,0.5522145452483649
18621,0.6965647672062861
18622,0.875785759495542
18623,0.8321015862529784
18624,0.963261316359587
18625,0.5970005732746353
18626,0.970133620560226
18627,0.22903851376397774
18628,0.4657663070509712
18629,0.673908555795307
18630,0.7922054915287142
18631,0.5913482483632585
18632,0.15427243251707487
18633,0.7029492642794822
18634,0.5210753098427205
18635,0.1387423460150138
18636,0.15650441301034815
18637,0.9763775703686125
18638,0.6033308868495006
18639,0.6953800133109286
18640,0.09922668386876686
18641,0.13792468941935196
18642,0.13470873190894306
18643,0.3124572073993857
18644,0.9575252313752894
18645,0.9398313803838357
18646,0.9566779725624287
18647,0.9263745184922967
18648,0.9106743989523158
18649,0.645221994768317
18650,0.938241948514181
18651,0.26914293703939735
18652,0.8548975626590932
18653,0.39163762263420776
18654,0.8283847820765927
18655,0.8653436680660205
18656,0.06613841630719425
18657,0.768525935882018
18658,0.9643160033198329
18659,0.8809684647038466
18660,0.1574148468713699
18661,0.6664757959822318
18662,0.4022640916040417
18663,0.7310469056592425
18664,0.9018394963138286
18665,0.3896583904586521
18666,0.06432402983588824
18667,0.8210465577380429
18668,0.7741136748090972
18669,0.6317102743106703
18670,0.8975348318186397
18671,0.5141520320397577
18672,0.9214877462255139
18673,0.8907463832461806
18674,0.8567161703635086
18675,0.4426853143638263
18676,0.3477112512997464
18677,0.427188773640197
18678,0.4323838917784735
18679,0.6585241850767894
18680,0.957682314477545
18681,0.7426310953363341
18682,0.6323662220585226
18683,0.5500829962843506
18684,0.15221685477543145
18685,0.6769368353423726
18686,0.8432069721021787
18687,0.52915480381954
18688,0.855992402926742
18689,0.513478134520128
18690,0.8333374760400085
18691,0.5780052969367082
18692,0.580643938420116
18693,0.8849893843370652
18694,0.9882504186885539
18695,0.8616368120377084
18696,0.48290106485333845
18697,0.97588702350356
18698,0.8868765518905768
18699,0.7374115328681663
18700,0.600739565671161
18701,0.6291732045393076
18702,0.9418528000636576
18703,0.9825290142221844
18704,0.18929853287259435
18705,0.7153400042765362
18706,0.661997601992996
18707,0.398338719794922
18708,0.55758902355666
18709,0.9884579545515693
18710,0.7548002779852164
18711,0.7008015809561767
18712,0.743852885497013
18713,0.9832189556902975
18714,0.8124057230891575
18715,0.5268011536762391
18716,0.5934930443764048
18717,0.42321667752801256
18718,0.16271293717704233
18719,0.7650528287809429
18720,0.13006085261285227
18721,0.8067636857628492
18722,0.4337371599235768
18723,0.10635233327121203
18724,0.6033042758779535
18725,0.899817271527178
18726,0.7754339833538038
18727,0.29115540658254685
18728,0.7866454553920911
18729,0.6098951348228216
18730,0.96424241808245
18731,0.6967015271640609
18732,0.5943809776651089
18733,0.9014433512034091
18734,0.14168421193254857
18735,0.23700485615006014
18736,0.524669771984033
18737,0.7148168159280154
18738,0.3884281118426595
18739,0.7548542277183854
18740,0.9838641093691928
18741,0.914344273381619
18742,0.7394287549033454
18743,0.7711857582161058
18744,0.9745665482702383
18745,0.8664123717172169
18746,0.4744141760163052
18747,0.7823648683434522
18748,0.14942788639960325
18749,0.5646652022390799
18750,0.9346066044061229
18751,0.5121621380715328
18752,0.9352407436120757
18753,0.8812245683237228
18754,0.7771711627227414
18755,0.7459892926132922
18756,0.24676145673647612
18757,0.7245905754684907
18758,0.6474144948563151
18759,0.1256533150906351
18760,0.7155193049583266
18761,0.8785526347329552
18762,0.6432714191087187
18763,0.9723091372591787
18764,0.19254166522697772
18765,0.4690935971125632
18766,0.16427624542773112
18767,0.5176611936006856
18768,0.5979002851233955
18769,0.860562688416032
18770,0.7964777414468313
18771,0.3535693795951011
18772,0.6721909802603135
18773,0.7443295600695125
18774,0.7411837108386087
18775,0.30700838873145025
18776,0.3110745655999109
18777,0.49201789752963604
18778,0.09454988898647887
18779,0.25944380541567574
18780,0.49418977660813296
18781,0.35187825384529225
18782,0.9486410731358514
18783,0.9800912647169189
18784,0.22758352696998604
18785,0.999002039685668
18786,0.5731376363115702
18787,0.4819268350432638
18788,0.8408278789268101
18789,0.8171758214729158
18790,0.47321274976823835
18791,0.6343744486046871
18792,0.9774441760447795
18793,0.6936956518725421
18794,0.6826490867358966
18795,0.6351828755062817
18796,0.6922417584721557
18797,0.9846754015812055
18798,0.4789927012657323
18799,0.9380466592445508
18800,0.7377882590606125
18801,0.1291939170464118
18802,0.4433416160809387
18803,0.1806251648882753
18804,0.41498055117137245
18805,0.6842427823652608
18806,0.4789871761926016
18807,0.8148081638537984
18808,0.8552965585199312
18809,0.9600185522372907
18810,0.6739431538771007
18811,0.6431761233454335
18812,0.6006553845310173
18813,0.7438379161134003
18814,0.5951018058625567
18815,0.2939594689209752
18816,0.27770065050473147
18817,0.8060300871637877
18818,0.6135217578845488
18819,0.09144863379633282
18820,0.25241117297174076
18821,0.8283057572880539
18822,0.25233897758532764
18823,0.6460190427947808
18824,0.8354647359266081
18825,0.3248723456066647
18826,0.9161158534366701
18827,0.901115052995015
18828,0.36585938483938624
18829,0.48420263515257167
18830,0.0512231432821099
18831,0.7841030759556838
18832,0.1654135209724291
18833,0.4104108578363716
18834,0.8303693473202233
18835,0.6181496997390821
18836,0.5609436609335005
18837,0.22029064374322901
18838,0.7517161206255923
18839,0.25274119769454145
18840,0.1246427481880396
18841,0.4379857371885376
18842,0.3105931753188637
18843,0.4495121314252324
18844,0.9617994612986944
18845,0.2549288428728958
18846,0.5006301465341644
18847,0.92347213456071
18848,0.2963052742385792
18849,0.7449986300537991
18850,0.9235759506102815
18851,0.8298893550729622
18852,0.8792520646144903
18853,0.6659584627760672
18854,0.517135179306275
18855,0.8842812911326118
18856,0.32550661234967776
18857,0.09990213738037872
18858,0.9099068437415866
18859,0.3302742336494923
18860,0.9121062702425969
18861,0.6818351021451714
18862,0.2567733294408729
18863,0.7586527043815282
18864,0.8256282819883206
18865,0.03321861289574673
18866,0.7696057597567477
18867,0.6694092772415425
18868,0.5785001891018683
18869,0.5824536358012006
18870,0.012818535888676381
18871,0.29549847421501046
18872,0.9446881750569763
18873,0.3463139748093533
18874,0.7444348261480908
18875,0.5474468956680786
18876,0.11029170857669128
18877,0.41133874536348203
18878,0.9536659646415403
18879,0.6599039834617351
18880,0.3539579879495549
18881,0.4333774215186545
18882,0.8244750208600352
18883,0.12692396527991487
18884,0.9425730469784647
18885,0.6464602912843899
18886,0.6080400120794865
18887,0.8948373037836581
18888,0.36986617041049913
18889,0.7537754082412932
18890,0.14703189811167683
18891,0.9309331794871513
18892,0.9201463352623209
18893,0.7315149367129762
18894,0.9788434030227822
18895,0.7986175692907782
18896,0.8838422776442204
18897,0.03594242905505638
18898,0.3158782540619626
18899,0.9079038325057877
18900,0.8384142386034955
18901,0.43885811351517595
18902,0.5333392675198737
18903,0.8862944418159011
18904,0.015018904475543092
18905,0.7168525443265441
18906,0.9948141564582816
18907,0.9259322199842005
18908,0.5587116379936704
18909,0.2607683088776158
18910,0.9183349907765662
18911,0.6426106230526227
18912,0.8521043532347482
18913,0.3116673520467696
18914,0.6443547629187324
18915,0.6512602339575503
18916,0.7478184312886892
18917,0.6734059692803399
18918,0.6967343947716808
18919,0.3511621952546116
18920,0.6608373966240176
18921,0.5830622829815638
18922,0.35622560956456956
18923,0.4326909007152258
18924,0.8240881217839605
18925,0.7816591092813615
18926,0.2929354794695671
18927,0.5427507504349635
18928,0.9709989958767489
18929,0.5773628764702967
18930,0.9569059277736401
18931,0.9416569534073043
18932,0.361446235744159
18933,0.2672030213713317
18934,0.3884260656705804
18935,0.48231615123329313
18936,0.42356418880326546
18937,0.8221866792449574
18938,0.7395890555597227
18939,0.6049109330993473
18940,0.8418551173997798
18941,0.3316133613446805
18942,0.12245504752421986
18943,0.28066570151382014
18944,0.06684413336988655
18945,0.49029105425863123
18946,0.9611917545329763
18947,0.6855761291676815
18948,0.9754793132566965
18949,0.8531142480904186
18950,0.8937458627063739
18951,0.4766327241158906
18952,0.8050483855575098
18953,0.7358970662226539
18954,0.3859961856313445
18955,0.8301628737529579
18956,0.2722945161377857
18957,0.8099900862535491
18958,0.8028493944055767
18959,0.9913493137845588
18960,0.8597225665309733
18961,0.5179455267224301
18962,0.7752024685006106
18963,0.9763881362164835
18964,0.7766703710791196
18965,0.5950313069138036
18966,0.9122402109006704
18967,0.0445520490640868
18968,0.5568835260052168
18969,0.9220515565770322
18970,0.6254566740457063
18971,0.9535544351637933
18972,0.547039917097844
18973,0.5287189816648729
18974,0.522384908450005
18975,0.6285431920592928
18976,0.6583911541395197
18977,0.9161846638716254
18978,0.8331597066931646
18979,0.38010583128387965
18980,0.9711087469460726
18981,0.26784593989782096
18982,0.8202004377624917
18983,0.6081725176134053
18984,0.5062574898211757
18985,0.6582015856053105
18986,0.3947940996602968
18987,0.9451940046828504
18988,0.7040419820359647
18989,0.6333036882028242
18990,0.6332982435040581
18991,0.46837119104305086
18992,0.8599954446999908
18993,0.6739961473453553
18994,0.910280512265238
18995,0.2231455696048031
18996,0.08181730844335224
18997,0.23690555954108553
18998,0.9591014115656232
18999,0.9505517570676926
19000,0.5828956282409536
19001,0.39020697823209377
19002,0.7168607286162838
19003,0.7061649951245491
19004,0.8323115498524621
19005,0.9496247457709434
19006,0.9773112421908495
19007,0.1950418044791349
19008,0.8773192963700779
19009,0.2950052554473877
19010,0.29198177617679993
19011,0.5013118345825004
19012,0.15663899158439235
19013,0.11262733466261245
19014,0.6473391515674677
19015,0.9267684640204111
19016,0.7241789847839363
19017,0.7138229962173309
19018,0.7447573841055778
19019,0.9434264101524282
19020,0.6595948560119466
19021,0.41067190718872676
19022,0.6922002555077461
19023,0.20347919518150007
19024,0.9290960066229784
19025,0.46637242287961717
19026,0.8015054222290873
19027,0.46817716163675754
19028,0.7864771999704142
19029,0.6910196255660027
19030,0.9518747600879894
19031,0.12257306335210737
19032,0.5617318955727352
19033,0.19193829694157774
19034,0.06335310052913311
19035,0.6624356820730238
19036,0.4156252434936485
19037,0.35053693826293236
19038,0.5938985134788433
19039,0.9756092254418515
19040,0.7102264746210443
19041,0.5611304297795452
19042,0.49099833483537747
19043,0.3862569704690811
19044,0.38226594152273813
19045,0.8136586198833786
19046,0.7591863347788624
19047,0.6909348380155098
19048,0.8888894749438885
19049,0.8205380968090656
19050,0.7751375885781492
19051,0.5780126598978902
19052,0.9775128161381819
19053,0.4038733996710353
19054,0.8973461004382957
19055,0.37998313506616
19056,0.823780237594034
19057,0.8386188563611218
19058,0.15432583036259628
19059,0.6957071174749522
19060,0.3079329030085381
19061,0.5195037337739332
19062,0.8353130330399073
19063,0.975381395149252
19064,0.39445415193889
19065,0.40801816722468587
19066,0.8511259982627751
19067,0.8581072414997175
19068,0.7352587571722475
19069,0.6339862062739253
19070,0.5636018792328508
19071,0.9940035519842795
19072,0.4996125505267033
19073,0.9106540687259327
19074,0.9320816394034646
19075,0.44925609655231447
19076,0.7446152398506358
19077,0.09515954689980782
19078,0.7486861626691864
19079,0.4518117531887255
19080,0.11842693437651708
19081,0.14711359680017155
19082,0.9856669397870078
19083,0.041582336251311
19084,0.7243112633200258
19085,0.5470750089268023
19086,0.6381543147518979
19087,0.7048305836766771
19088,0.7856025867299373
19089,0.8656250339903111
19090,0.5170118568370866
19091,0.13505032990936708
19092,0.19326557970581357
19093,0.948454960678335
19094,0.39269698818066673
19095,0.7032808186357654
19096,0.24826373827001802
19097,0.54814230399213
19098,0.8457693319277676
19099,0.3187956191616839
19100,0.44923057409852296
19101,0.6280041792058407
19102,0.2598951171179568
19103,0.2329933665364999
19104,0.7473433720160999
19105,0.9736374389485455
19106,0.4619301762328658
19107,0.45924844260177466
19108,0.34802678189917896
19109,0.5972903282996681
19110,0.3404132403375241
19111,0.9848230370805222
19112,0.06625030765961297
19113,0.522727496065646
19114,0.7728160527429493
19115,0.9309433799105187
19116,0.5462318994590981
19117,0.5628742711017173
19118,0.13046148584250267
19119,0.20727683785270248
19120,0.6399421608556555
19121,0.625661569251904
19122,0.9461627254303441
19123,0.1223404417507677
19124,0.9710154017349134
19125,0.5788179869126646
19126,0.18397843227586022
19127,0.3130395581348404
19128,0.8324198393741779
19129,0.027464605848474658
19130,0.7147073548945836
19131,0.7660213531842875
19132,0.8919516945383833
19133,0.3419303960960613
19134,0.431358923927821
19135,0.3812105834275437
19136,0.8130909253893126
19137,0.13805544142954718
19138,0.8641376098555772
19139,0.5917478549978243
19140,0.5392015355600481
19141,0.9448918141940773
19142,0.8695678825746217
19143,0.9510695412304161
19144,0.6847819143258992
19145,0.8697576387014765
19146,0.3935789196204788
19147,0.7790652600582688
19148,0.9875522089398391
19149,0.1440582590198606
19150,0.7204132791814861
19151,0.15547107587962886
19152,0.5167916824637786
19153,0.9122626551527349
19154,0.787670363277821
19155,0.40344934611108624
19156,0.4106894564011941
19157,0.939285491565747
19158,0.2106424203898868
19159,0.9217114027612872
19160,0.7045165055970456
19161,0.2771752029019508
19162,0.7189793425420153
19163,0.845537584130426
19164,0.9649233016589635
19165,0.9654050181294025
19166,0.5218118107966373
19167,0.4416402334748299
19168,0.37480372015278957
19169,0.6667819734615946
19170,0.7603445419384512
19171,0.7939994943166276
19172,0.8253412980729822
19173,0.7171345508736612
19174,0.11952275421659857
19175,0.6238835061129776
19176,0.8404066977807646
19177,0.9575875077514864
19178,0.8571828659009287
19179,0.7063074696151627
19180,0.4815217560593969
19181,0.5240370865353668
19182,0.7880007165481095
19183,0.553624611338855
19184,0.4845711505580968
19185,0.7687010874711411
19186,0.6817770428480191
19187,0.6184757457554065
19188,0.895416403294886
19189,0.9668097964580205
19190,0.6044414071049746
19191,0.8435335770451186
19192,0.8938356226184495
19193,0.870950441842517
19194,0.5033762241596966
19195,0.45677176071929076
19196,0.6213433275444453
19197,0.24220451976902643
19198,0.20889388390139474
19199,0.8919337809393566
19200,0.1947812467540193
19201,0.44755526682928837
19202,0.6458533046580621
19203,0.8143171532072891
19204,0.24943662575990944
19205,0.7575425562568593
19206,0.7852578931917403
19207,0.14140608739990504
19208,0.49906020735821355
19209,0.918931840034131
19210,0.7038757474388185
19211,0.9627484793981919
19212,0.40898714967528255
19213,0.7262675946499847
19214,0.5459273985906347
19215,0.856700581705927
19216,0.957136093366935
19217,0.6456290120051827
19218,0.9407141909838187
19219,0.10387091703310336
19220,0.9067805136828713
19221,0.44129882392090325
19222,0.12436245274844422
19223,0.8520083247967594
19224,0.6200946397173097
19225,0.7209287612438082
19226,0.7578960126500128
19227,0.582341251043034
19228,0.1870112868685645
19229,0.4676843995087491
19230,0.9247717293314089
19231,0.5688260413241398
19232,0.5748330478473096
19233,0.9868274145893657
19234,0.5275799715501218
19235,0.9733998866449297
19236,0.9046738421073691
19237,0.22777577674922855
19238,0.509646937384364
19239,0.6884730825833479
19240,0.8903889511730142
19241,0.26533428875532605
19242,0.2686605989249835
19243,0.8384291548318957
19244,0.5288258056500278
19245,0.5146728100585559
19246,0.2687227439180311
19247,0.15544617257128382
19248,0.7624562188344308
19249,0.1689240272726229
19250,0.4992694510549444
19251,0.8685713942671978
19252,0.5623023228852612
19253,0.06717919660067978
19254,0.24857547729587315
19255,0.9432382174481088
19256,0.3929089964846482
19257,0.5972884667145911
19258,0.9335098282404971
19259,0.028403046948826425
19260,0.8546373499982067
19261,0.03196820731283146
19262,0.6217472374482127
19263,0.8889380951715085
19264,0.8531155151306775
19265,0.27617049104858565
19266,0.8737348586071079
19267,0.877180711616516
19268,0.7342909823470469
19269,0.7933517804571943
19270,0.40247229004376733
19271,0.6278435173901454
19272,0.8771980942761801
19273,0.5263407259352494
19274,0.6654155976716318
19275,0.309742282065463
19276,0.5445637603472558
19277,0.18424102744097692
19278,0.856013259018293
19279,0.7460222434377074
19280,0.9544303365354715
19281,0.755849110323012
19282,0.5628398474258859
19283,0.44926596863067925
19284,0.6579845788439903
19285,0.04724269559579084
19286,0.10631056433727541
19287,0.9749367992183631
19288,0.56179305682327
19289,0.047900416976550036
19290,0.10628181692262995
19291,0.45000574049918735
19292,0.05662124277439548
19293,0.24477893331241699
19294,0.6880029661147677
19295,0.64086021368145
19296,0.629597800285293
19297,0.5860812139919765
19298,0.6521278512596279
19299,0.9623353051407815
19300,0.6968719360954977
19301,0.43394624766373263
19302,0.8812662961648687
19303,0.7466487101844345
19304,0.35187091507142093
19305,0.10217084084782412
19306,0.733045344433315
19307,0.42858133173330054
19308,0.2697692200299936
19309,0.8831298700840612
19310,0.8600760145065746
19311,0.9394217554383362
19312,0.42284801157355734
19313,0.6701601226572783
19314,0.13114437286566527
19315,0.19635780552504786
19316,0.902249099677693
19317,0.9542278374441736
19318,0.9311732476300897
19319,0.4485560448422688
19320,0.8963236139837402
19321,0.9883318905215647
19322,0.5874191161521146
19323,0.3299404725419053
19324,0.7241967946979395
19325,0.1150684762244214
19326,0.8798403951303381
19327,0.7909661991519003
19328,0.23260805183689026
19329,0.9020449058254091
19330,0.9882332459329954
19331,0.6707137351320722
19332,0.5146219742854311
19333,0.8199592016337959
19334,0.5381393593118745
19335,0.9827645513647881
19336,0.8791067263501243
19337,0.5638199834673806
19338,0.5686556465389511
19339,0.9120856977637878
19340,0.4222011341067164
19341,0.7037417858284635
19342,0.5930291020608119
19343,0.19146032032762392
19344,0.29921816823388364
19345,0.48556261701567394
19346,0.8363034635170227
19347,0.3850221202540738
19348,0.33259603310789515
19349,0.10431011623807007
19350,0.5830829798761407
19351,0.9256092220579891
19352,0.9796740226522616
19353,0.4641939228541587
19354,0.8362427698444675
19355,0.800452596444782
19356,0.018052668908183866
19357,0.9293846975871684
19358,0.03766448146910262
19359,0.7206674130013573
19360,0.6949892192774797
19361,0.0607950999169356
19362,0.9758841155305223
19363,0.599332053963758
19364,0.9419426194176319
19365,0.33077391158792846
19366,0.15495351738710503
19367,0.9143550856807332
19368,0.2542366026850747
19369,0.9878732856969807
19370,0.09029516124556021
19371,0.9562746509232363
19372,0.08780660738993983
19373,0.9531267517783437
19374,0.20141776271160797
19375,0.9730843766178913
19376,0.654861641090982
19377,0.9634073875294159
19378,0.6454817666487974
19379,0.3349493507293864
19380,0.9426471726783686
19381,0.8679468137796499
19382,0.4393621490145339
19383,0.556092854277362
19384,0.8896919814668484
19385,0.17533069259469578
19386,0.5236453206865069
19387,0.4306680106038551
19388,0.6070980520626734
19389,0.8072180469610921
19390,0.5326704990440613
19391,0.9124189337487949
19392,0.8290465191413222
19393,0.46299624139438755
19394,0.1866792774697168
19395,0.7057700115657232
19396,0.43367430852872807
19397,0.24424931269069147
19398,0.49542673808979165
19399,0.4909413961456335
19400,0.04992261195731579
19401,0.9492918019359862
19402,0.9774832025407987
19403,0.8649322249190746
19404,0.799092649770964
19405,0.9920814166380633
19406,0.9793442794421588
19407,0.8542054173494247
19408,0.8006781753376598
19409,0.4715092379066048
19410,0.2560419405710255
19411,0.9989817150636218
19412,0.06673636485863056
19413,0.8823757563380297
19414,0.9488270723106821
19415,0.5831893874871364
19416,0.9724603293540911
19417,0.6938976277156348
19418,0.854626044654848
19419,0.47148559422428443
19420,0.9790691709963153
19421,0.1387848676660004
19422,0.8882988960315789
19423,0.35272734811302103
19424,0.5093843748891188
19425,0.7327039918115598
19426,0.9849390946413417
19427,0.4752877693217285
19428,0.12905963261773656
19429,0.5759813928672632
19430,0.8733601878839151
19431,0.27629764823752745
19432,0.5910792904669755
19433,0.6777140462582464
19434,0.1771164514511873
19435,0.9678258478262157
19436,0.6796592586113667
19437,0.8134479336385741
19438,0.11820563867298182
19439,0.5713682699896675
19440,0.9613262369272045
19441,0.6925170549536821
19442,0.724531580224073
19443,0.44194531915230817
19444,0.8647345687703604
19445,0.20782817110302113
19446,0.6044443547611308
19447,0.23287252459650742
19448,0.9568677286640311
19449,0.955668539821993
19450,0.9526952422523177
19451,0.0212784190261321
19452,0.5735137375436742
19453,0.27826476788541815
19454,0.048555607194040264
19455,0.5670704743045051
19456,0.9223797293262382
19457,0.7214665722978375
19458,0.08751935898440055
19459,0.9008188408228306
19460,0.0453692576199323
19461,0.9667705219742158
19462,0.7715017368357269
19463,0.7528832849768515
19464,0.7952788843249284
19465,0.7807827463225693
19466,0.7909634868221195
19467,0.08815628763555838
19468,0.87648597783308
19469,0.7196578563755024
19470,0.9489405759877668
19471,0.20858311369630314
19472,0.34975065803919486
19473,0.34856046305360383
19474,0.22951035420928956
19475,0.4479376347011727
19476,0.6331495587103301
19477,0.8253343377921555
19478,0.5599187936242692
19479,0.9162953123042393
19480,0.6092239174283811
19481,0.7701525820005409
19482,0.8923974443715657
19483,0.45391440911918796
19484,0.9177205461150804
19485,0.7848739100075024
19486,0.2846419186254355
19487,0.6007702196378956
19488,0.9728701168051356
19489,0.9594201740798322
19490,0.7963582034600049
19491,0.7684515611679171
19492,0.298211660330658
19493,0.6382557135259385
19494,0.8099630796814071
19495,0.8391642520339166
19496,0.8948515514831327
19497,0.571758801663042
19498,0.3112139322555049
19499,0.6469403559455496
19500,0.7817515211245479
19501,0.2822502276006232
19502,0.7340957033098
19503,0.7747174191790007
19504,0.05917073004988108
19505,0.3807255698517176
19506,0.8156381190975394
19507,0.9109511013216474
19508,0.8542063140564031
19509,0.539740242280669
19510,0.7601971156012791
19511,0.7489246455268789
19512,0.18286792353786793
19513,0.40475643833371616
19514,0.7840774815077344
19515,0.7791571546895971
19516,0.06088367196189962
19517,0.7140380649735145
19518,0.9966909254317028
19519,0.33310946306827066
19520,0.8087448642984726
19521,0.4287406087397431
19522,0.8868248208761802
19523,0.4280903280166262
19524,0.858203502230932
19525,0.12287004850992583
19526,0.8730056017205787
19527,0.14937584132005743
19528,0.9499955896132627
19529,0.8380846092500246
19530,0.5256268128471656
19531,0.2637026393052639
19532,0.7955568390491473
19533,0.7662663445374909
19534,0.8611738021372298
19535,0.9613075373703767
19536,0.5673718708566912
19537,0.9577672485788433
19538,0.41450274131770537
19539,0.433505735905064
19540,0.5641048543777244
19541,0.18219017524241798
19542,0.2750954512357377
19543,0.3180675548627898
19544,0.5721672013895739
19545,0.6129364183422236
19546,0.4936734629145289
19547,0.5996615629759738
19548,0.6650611210316747
19549,0.6343579729489058
19550,0.9966506072238716
19551,0.8181582885671261
19552,0.026963606690685135
19553,0.9713722927180454
19554,0.7626003829578373
19555,0.32767975375555886
19556,0.607192402405993
19557,0.9139801871500182
19558,0.8809798765713178
19559,0.9175466310966857
19560,0.9621597162430825
19561,0.11793820738573872
19562,0.9724140887281313
19563,0.8684106894731127
19564,0.7294598711751544
19565,0.3643560389472557
19566,0.5045989083357489
19567,0.5451276522252563
19568,0.6386345952408333
19569,0.9069342169004818
19570,0.8118151039817604
19571,0.5600180527377664
19572,0.5058614077139835
19573,0.9687075473873832
19574,0.930796145578462
19575,0.9285791262253492
19576,0.28396171039112783
19577,0.7318886616285635
19578,0.48463933224239125
19579,0.9006216891506457
19580,0.0941244465199514
19581,0.8155266112810317
19582,0.2297265195007263
19583,0.19539729282782434
19584,0.38339549472339307
19585,0.7902689574812709
19586,0.3895786652037818
19587,0.31632389763856866
19588,0.15705208353448755
19589,0.7671634523686386
19590,0.628770280969812
19591,0.3365619696057987
19592,0.6185684622326114
19593,0.695988264921624
19594,0.224483596067768
19595,0.6606626973584241
19596,0.6477083381196963
19597,0.8450393609831327
19598,0.7907892337428706
19599,0.5113320057193785
19600,0.9541862139357545
19601,0.29523950469866317
19602,0.05128110244461604
19603,0.2815201585913672
19604,0.9735805288545238
19605,0.6322586849192527
19606,0.24743321753777936
19607,0.5661823271024218
19608,0.04520124590701733
19609,0.6834631834448531
19610,0.8786723877026111
19611,0.9186429275719602
19612,0.2947911190023947
19613,0.8703453900588469
19614,0.9668309444116047
19615,0.6389630014144242
19616,0.05491036926519358
19617,0.4140220496214104
19618,0.7322748805592326
19619,0.4612993396213249
19620,0.8719827462676836
19621,0.33558281119540495
19622,0.3978411001541821
19623,0.12173313810635493
19624,0.17453778653942056
19625,0.5153885135224997
19626,0.9720601595655255
19627,0.6692262623831242
19628,0.7692804320098675
19629,0.8878929548230602
19630,0.7056702746183756
19631,0.42605882912819054
19632,0.8918006325269178
19633,0.6098530416702183
19634,0.7094475811853632
19635,0.14357934882967358
19636,0.976693061354648
19637,0.954337001419471
19638,0.9861023368170786
19639,0.713804250404746
19640,0.23610508765643848
19641,0.9076442498560818
19642,0.7028353474341671
19643,0.6637990963879755
19644,0.8134204664656653
19645,0.5227441014584057
19646,0.493953179157639
19647,0.021429941959471597
19648,0.10452359032231616
19649,0.32694155407667774
19650,0.8897432440759907
19651,0.29195684383893755
19652,0.8467013634313941
19653,0.46113056802955255
19654,0.8319410397529076
19655,0.25320382653924883
19656,0.9357257298678681
19657,0.5208698626116441
19658,0.9933326002039866
19659,0.708291561336868
19660,0.6162309245666853
19661,0.9387823925280964
19662,0.720049728908447
19663,0.7015841145569262
19664,0.039704783656154354
19665,0.6706675154906986
19666,0.8999599342593418
19667,0.15174059793068553
19668,0.8469250130811612
19669,0.08540511556215301
19670,0.31546550103974574
19671,0.007517719580267587
19672,0.6364706454717681
19673,0.7852304241839564
19674,0.6532353724843422
19675,0.457178651950314
19676,0.7592984513347952
19677,0.9714983538396584
19678,0.6043756736060042
19679,0.7526930451458785
19680,0.7006509053260045
19681,0.6334375720549104
19682,0.5397595669057282
19683,0.7559692005530015
19684,0.8510105477346176
19685,0.23398856724984674
19686,0.7521028479462163
19687,0.28587518822465446
19688,0.969717848136224
19689,0.6420963699796675
19690,0.6920040191896231
19691,0.23906811469487113
19692,0.5771182738381976
19693,0.511427955780373
19694,0.9601049687532163
19695,0.4044913508744514
19696,0.422527934396065
19697,0.07555110347308625
19698,0.30673270539331
19699,0.8768974616658948
19700,0.4088761536983257
19701,0.7980767820252419
19702,0.7660218992243027
19703,0.41501491403016066
19704,0.1953871416374655
19705,0.4095490111513925
19706,0.3892963593455369
19707,0.9130108591707818
19708,0.7116564779634448
19709,0.7311381130332221
19710,0.5441327897523635
19711,0.1393086444613387
19712,0.8763519487080264
19713,0.9341849708210114
19714,0.9474891097756807
19715,0.801140144456833
19716,0.8607604056241308
19717,0.9526649940849802
19718,0.370074099366201
19719,0.5138651137045663
19720,0.5674986787758736
19721,0.810567293724703
19722,0.38344247473870346
19723,0.15632718078607905
19724,0.5340779818108452
19725,0.944863947256756
19726,0.06466728413910663
19727,0.22399194692151134
19728,0.9379112621101117
19729,0.49956183620653616
19730,0.8140449284834655
19731,0.9240490371836594
19732,0.6964405926003764
19733,0.1407842283999143
19734,0.8143380610228688
19735,0.7126066080753137
19736,0.4474064290893145
19737,0.3666590139296709
19738,0.45320326598019633
19739,0.3405538455072463
19740,0.5185483943494188
19741,0.8064134761118216
19742,0.2510948833025875
19743,0.5373249737514448
19744,0.5550208102154061
19745,0.9740139461884736
19746,0.2817145349234544
19747,0.7853535299907439
19748,0.18833879768467743
19749,0.1309552829021804
19750,0.212367066562081
19751,0.048990944720084216
19752,0.43260416970960147
19753,0.5914482472161193
19754,0.8167077609024825
19755,0.3682591255150676
19756,0.9702719668511036
19757,0.07731184057737772
19758,0.7786153666366052
19759,0.77996471366062
19760,0.9264084965251712
19761,0.12149273139375534
19762,0.5635012828034006
19763,0.6095105749812691
19764,0.44649001311161157
19765,0.6355612701477616
19766,0.7832911902548633
19767,0.929311763744724
19768,0.46942646644204994
19769,0.840803160228552
19770,0.8594321039174734
19771,0.3988255434638262
19772,0.08386025396992551
19773,0.9941291460205454
19774,0.9930289112365153
19775,0.06350197158481533
19776,0.7575508375973253
19777,0.219945030191775
19778,0.9972010041814868
19779,0.8273503742134656
19780,0.9759887243620028
19781,0.10105957960141299
19782,0.7347391548758866
19783,0.79916051037016
19784,0.4783378862982534
19785,0.8168016570264527
19786,0.6614872501443407
19787,0.2957820826110617
19788,0.9018254799502666
19789,0.6220654725424506
19790,0.9628897629720514
19791,0.8965336553057375
19792,0.8412656027953466
19793,0.34313559009159045
19794,0.5742462774503428
19795,0.4723203972875127
19796,0.04220845909731333
19797,0.7990418943759683
19798,0.6393752816226216
19799,0.785335063530189
19800,0.8202729060182227
19801,0.8295242030794703
19802,0.429527852514499
19803,0.5821201490690767
19804,0.9588879418520891
19805,0.12089972510699726
19806,0.23801803260261165
19807,0.799378256173284
19808,0.8917368881207715
19809,0.23231390524603346
19810,0.8317881291208121
19811,0.6552929663180466
19812,0.3569360883000252
19813,0.020579911232855675
19814,0.8168134486241416
19815,0.8022311728579008
19816,0.24330308635655826
19817,0.7529042867297348
19818,0.6312819353517892
19819,0.12771698879865065
19820,0.44868274123412116
19821,0.16697085556866667
19822,0.857599648895754
19823,0.6518464309491337
19824,0.3814887808464255
19825,0.9226475302485241
19826,0.5831024744740827
19827,0.8947073333723848
19828,0.8470165663404406
19829,0.9719975454837743
19830,0.3460490503470097
19831,0.4290290071182929
19832,0.612549745461582
19833,0.23766502852005136
19834,0.14470178243281137
19835,0.984486054513971
19836,0.5557429722792138
19837,0.4531980207694369
19838,0.8681490104448203
19839,0.8369973738327174
19840,0.8026466756430107
19841,0.10532898367974826
19842,0.3800311488386812
19843,0.8810448467960582
19844,0.8906692709913598
19845,0.828227451819969
19846,0.8684525799581753
19847,0.842797206872142
19848,0.6412492786516792
19849,0.6605892821857517
19850,0.6701023415739327
19851,0.1427920541041913
19852,0.3027874755145609
19853,0.6095321308890549
19854,0.9375871430762183
19855,0.20462615623805266
19856,0.4717858760807733
19857,0.7350130534922261
19858,0.037898213895883326
19859,0.4472916209537248
19860,0.9876223040150478
19861,0.5001043698053252
19862,0.9003812093896276
19863,0.15868845980548693
19864,0.9559007914157771
19865,0.5046053347229553
19866,0.7163378082300325
19867,0.7588403414148416
19868,0.7065082318837139
19869,0.34703077261653276
19870,0.7919838048165492
19871,0.8828036120575192
19872,0.3215343412616549
19873,0.12489471052131612
19874,0.9290905192850998
19875,0.9843565822534578
19876,0.6370286227308527
19877,0.7462174613983233
19878,0.2221117268327263
19879,0.439549921535197
19880,0.5883383304533404
19881,0.9781843712952828
19882,0.44281082377719344
19883,0.677608918693454
19884,0.8259589327382838
19885,0.5292247933487263
19886,0.9090802865855109
19887,0.502480354100788
19888,0.5592393424895494
19889,0.7318463052752242
19890,0.171301351719415
19891,0.5226074008243393
19892,0.9947813585919626
19893,0.8617713323990749
19894,0.27007919856577445
19895,0.735609382675715
19896,0.07153011712090063
19897,0.993037598693824
19898,0.82975016354253
19899,0.07685752588248919
19900,0.7689562623224558
19901,0.34102210497123636
19902,0.4994436160807001
19903,0.5326409942006487
19904,0.5944888870238277
19905,0.7623129505105147
19906,0.9202484383520865
19907,0.882274370709979
19908,0.8330132004751157
19909,0.8564255277805471
19910,0.7715732081964511
19911,0.9737549326964229
19912,0.9957881583053273
19913,0.6450194223137553
19914,0.8559849608668492
19915,0.9570877487438892
19916,0.13731500483273767
19917,0.5610818602651928
19918,0.3080806860975815
19919,0.7448135213785503
19920,0.4672720691868746
19921,0.98554449421409
19922,0.42066164432396885
19923,0.6958096290971346
19924,0.7672089050210071
19925,0.6744319065122623
19926,0.20748708615383002
19927,0.7872373424470526
19928,0.892745959506685
19929,0.7585780894671545
19930,0.6272482199417063
19931,0.9238024453354728
19932,0.8686243308817301
19933,0.5206132890185909
19934,0.9809142524458571
19935,0.7235797324473189
19936,0.6367575865132027
19937,0.9583347665102036
19938,0.08118304810393097
19939,0.8466147549493157
19940,0.2001464652113878
19941,0.2453315578431152
19942,0.9841096767185696
19943,0.9903404744368925
19944,0.9462057722451656
19945,0.4848768083101078
19946,0.9337107812970492
19947,0.7984270914888958
19948,0.8363595134181279
19949,0.449741543548637
19950,0.3844331752409271
19951,0.9599681303490938
19952,0.9175309994631492
19953,0.884420091048458
19954,0.7475984622624315
19955,0.8475270634509132
19956,0.42411274014987993
19957,0.3203329076060095
19958,0.26986279423648796
19959,0.8209151168908364
19960,0.6982936718349012
19961,0.43424997280516225
19962,0.08281422265669139
19963,0.5579818346054198
19964,0.7950131138556942
19965,0.89042699906681
19966,0.4273123213183135
19967,0.0458118554921767
19968,0.440884213296666
19969,0.8397084632344846
19970,0.29852147030561016
19971,0.799037125480392
19972,0.6290209285537652
19973,0.04753657557461707
19974,0.7036490240070917
19975,0.5292495881826567
19976,0.925429496115326
19977,0.6028775039759472
19978,0.7483456798793032
19979,0.9576294315719985
19980,0.33231359631387186
19981,0.12654156412145534
19982,0.8754050957967879
19983,0.5684828216895635
19984,0.9445166379313698
19985,0.5398842868053765
19986,0.8618190764937887
19987,0.9362400344523941
19988,0.8294875760745558
19989,0.4237998912188363
19990,0.7561063902859391
19991,0.7085544933001874
19992,0.682856132541617
19993,0.10614498456102561
19994,0.899023793819904
19995,0.2809983635893489
19996,0.9899963895776605
19997,0.42239835245190854
19998,0.9119227261464847
19999,0.29732118431830185
