id,target
250,0.796307948693659
251,0.6057096075191245
252,0.7620727479054925
253,0.8250058236327786
254,0.7399768945865618
255,0.21364025943408851
256,0.39775797387955975
257,0.2132857452031536
258,0.8268961348130486
259,0.3724600913124028
260,0.604238873463182
261,0.20953437948584525
262,0.3731349412116252
263,0.8228912546795931
264,0.14588979217088108
265,0.7802104141685667
266,0.4134906127796431
267,0.8465620384544525
268,0.4020301400684133
269,0.2258688042843813
270,0.3406954461329737
271,0.806370807201618
272,0.43417888104958713
273,0.5197357872169174
274,0.3837695918416807
275,0.7561646030109253
276,0.11797794961203234
277,0.8306096707633739
278,0.7733131477207612
279,0.8068568423622977
280,0.310072874072059
281,0.48354265169920774
282,0.29474386325193924
283,0.13654201777239097
284,0.631060238886252
285,0.240014446399698
286,0.6552594964842362
287,0.6826905346382889
288,0.7839326421578047
289,0.8777530378143552
290,0.6024913935057333
291,0.2295742900696205
292,0.5876815985732196
293,0.6359115203303202
294,0.2838157132389451
295,0.8125173245958914
296,0.3312503327223623
297,0.3657116576335407
298,0.7840127592275032
299,0.3203215471902008
300,0.6883864620374399
301,0.7207474637807992
302,0.824770468211768
303,0.8237686107152187
304,0.5390704580735705
305,0.4675805114026006
306,0.8862906047140586
307,0.37529490212197786
308,0.8648240843474673
309,0.18637399094004917
310,0.838687339006731
311,0.7785823132617188
312,0.7434615260727216
313,0.8006188713182165
314,0.1363150833727927
315,0.3079863732844908
316,0.7747120836677017
317,0.831766153467986
318,0.14505996180718725
319,0.8261721537519835
320,0.7385275701811344
321,0.64939741687472
322,0.24666559824133227
323,0.839174127599841
324,0.7506353064585558
325,0.7795840495841024
326,0.16525987210179993
327,0.5146270864606595
328,0.383039106664182
329,0.46007783636834376
330,0.13163348230022487
331,0.27051773419186503
332,0.29662619887049196
333,0.13982271757475145
334,0.8325727247917758
335,0.5388477239551496
336,0.35497846370033254
337,0.6068574473064333
338,0.7469431430408279
339,0.18903576307502074
340,0.7823927947715341
341,0.3251254671796393
342,0.6627577313091492
343,0.8411279749174196
344,0.7815367205730469
345,0.6911199870570504
346,0.5828928918660268
347,0.6586361602030822
348,0.6944678541107482
349,0.7107644037798905
350,0.6493610716917598
351,0.542811669268049
352,0.5566998128331588
353,0.2829812001079634
354,0.5283073642161246
355,0.7004144099055345
356,0.15387623522620614
357,0.19912261613950766
358,0.36308164399494197
359,0.49903013282664505
360,0.8513935428629638
361,0.6897749213634414
362,0.3167909688818982
363,0.765607581193572
364,0.37266422543635863
365,0.1047394451209068
366,0.750084821547667
367,0.5922004279716995
368,0.2126651685875336
369,0.8480395847463144
370,0.4240826880224122
371,0.7716095306756123
372,0.16256192728956637
373,0.6285035350163479
374,0.7432877268236316
375,0.8453267737526134
376,0.17018822691788102
377,0.49651813591319227
378,0.76130952854388
379,0.17416621851085187
380,0.7273241090572725
381,0.8467110199798145
382,0.7492210176175922
383,0.8443655426948138
384,0.38161462793988793
385,0.527506631182429
386,0.8595720015727726
387,0.6634041274239694
388,0.10569427410208336
389,0.17978628260516977
390,0.7955254316425504
391,0.3230721485898739
392,0.4373323140293567
393,0.25357425878553397
394,0.7771861378392415
395,0.7492382676345514
396,0.18249865800077414
397,0.5267028659827468
398,0.4990090577971671
399,0.7018671912438702
400,0.5293507568239965
401,0.6751057099013379
402,0.1358988849320985
403,0.2385436537326455
404,0.2538283900036404
405,0.7767287003266569
406,0.6983973665738249
407,0.13408092562832283
408,0.4608361892451362
409,0.6090606182268233
410,0.8349471200753666
411,0.5872310116386786
412,0.6650919475262481
413,0.8160534219398169
414,0.8487810331404338
415,0.7957605215877162
416,0.5159635445994583
417,0.6987782714598098
418,0.35165477952538865
419,0.7058578887032075
420,0.4897386305758661
421,0.2741444493181543
422,0.3927877212337372
423,0.8760470780437943
424,0.29968030771579224
425,0.22687218390881136
426,0.28410586319955927
427,0.5690139357442826
428,0.8299536392618885
429,0.1722515769558759
430,0.456026867150269
431,0.4877802545520499
432,0.3729433887150118
433,0.7623707178956491
434,0.8544750821870455
435,0.12602753584195084
436,0.3108135829395719
437,0.3445927614607518
438,0.8349991834899473
439,0.587043271755659
440,0.25366460152933357
441,0.16036926004145555
442,0.35086962080957984
443,0.18094020961578397
444,0.38016326798836236
445,0.25072620069896934
446,0.7567833176893994
447,0.1839880097024664
448,0.4717706632636666
449,0.512500504725513
450,0.09042249815315118
451,0.4609368419423091
452,0.3790290309800949
453,0.1904784135044433
454,0.33682407943027726
455,0.747785663746439
456,0.3932699104643278
457,0.5348001788137998
458,0.41977642581335495
459,0.5274563849524295
460,0.7381322118872012
461,0.8382464184316774
462,0.44088716801210637
463,0.1243614716510144
464,0.6909141103405344
465,0.8054773152918902
466,0.7866065695594084
467,0.7835006435614056
468,0.8607860368621905
469,0.3517612780507511
470,0.24446086116935656
471,0.2564447325424713
472,0.6906775232514779
473,0.5498725917519541
474,0.8390533425147735
475,0.31924957042352387
476,0.8213522063784189
477,0.8489672998250506
478,0.8820005642268929
479,0.8207029650169084
480,0.3159001348892679
481,0.5389992179457537
482,0.8519353202902062
483,0.22142502707343897
484,0.654427625532598
485,0.4071492696618618
486,0.6110560398629394
487,0.6280579506962627
488,0.6559603053223502
489,0.8181240339453251
490,0.4024001360237551
491,0.21426845450434273
492,0.1800315780264624
493,0.8323537257791914
494,0.7300925279400404
495,0.31867500730572496
496,0.7498031827030623
497,0.267265788724003
498,0.1712005000677626
499,0.4358268926643736
500,0.881037008149202
501,0.7822358557496547
502,0.5954394615256968
503,0.8306501878716652
504,0.7140106672285694
505,0.8404073341914451
506,0.35746733642905076
507,0.2314466364958723
508,0.7113648035993791
509,0.7417848733933569
510,0.7457146917179481
511,0.6326439098080778
512,0.6925847506211893
513,0.5228859261076515
514,0.35111929201987024
515,0.42181446759847185
516,0.6633353606285156
517,0.1651084424651839
518,0.7609894925887831
519,0.5517336460218065
520,0.15678294654053168
521,0.7415975025126589
522,0.6869719619865067
523,0.43094601710534286
524,0.6297917557000694
525,0.5292917396115068
526,0.4501606848124097
527,0.7088160042644028
528,0.41582542472092654
529,0.5473147739559139
530,0.252527275896143
531,0.8867393132430581
532,0.44540701560339796
533,0.6877978647674018
534,0.48952036199609467
535,0.7793145850898398
536,0.7369114923096641
537,0.6583231612583856
538,0.12556881228160388
539,0.872088572310139
540,0.6756016527488704
541,0.4366773217702732
542,0.7151126989743716
543,0.8514332114968808
544,0.38679255670016705
545,0.7973635785937503
546,0.4401613586074627
547,0.40834160186902135
548,0.778111308116822
549,0.7468824229225501
550,0.8635533818199564
551,0.7406076449203177
552,0.3280890143661858
553,0.7440601454133801
554,0.19264043267478734
555,0.27321916033535104
556,0.8832654648580258
557,0.6552072522490012
558,0.19887199382578052
559,0.7457570237580377
560,0.31288537427083263
561,0.1970435726201929
562,0.21193091146416548
563,0.7462576193246062
564,0.3297599855489369
565,0.8411573438428843
566,0.24323791238009654
567,0.5604856870998278
568,0.6157278124744479
569,0.31470342855271904
570,0.8061063784991672
571,0.6339392371816507
572,0.22281158789053715
573,0.8637596441992286
574,0.20315377250342448
575,0.7900816544022025
576,0.19748150365325612
577,0.732061505281227
578,0.2513313455874994
579,0.8449479697690142
580,0.3613924960076296
581,0.7339704991559434
582,0.8119690929718844
583,0.3211196054042377
584,0.8435229268505681
585,0.18251220328360923
586,0.6504604713270677
587,0.40675487129664123
588,0.7115276329294056
589,0.7009203127241553
590,0.8680034954903474
591,0.5621179757903422
592,0.8597257887684356
593,0.7907258577738585
594,0.19365649735358062
595,0.18489451212569477
596,0.23047436626254755
597,0.8318628642943781
598,0.6682622504399043
599,0.3244597951105071
600,0.3826102375220407
601,0.7528611654231934
602,0.8003251535499022
603,0.7912435583475734
604,0.7596301066358311
605,0.8016460503998352
606,0.536691717853887
607,0.2792647213877142
608,0.780629394039473
609,0.7389431236429292
610,0.850448652623581
611,0.4360873966471146
612,0.3839327220382155
613,0.1781808511062808
614,0.3608296651671359
615,0.25455724397611584
616,0.7191863292353505
617,0.636148046281104
618,0.3264061565147577
619,0.808895503452679
620,0.13171645484462177
621,0.1732955327638015
622,0.7803349271706719
623,0.7261265052792337
624,0.1737509144891866
625,0.7925438163675333
626,0.17172813594725003
627,0.7711720107242523
628,0.6732235457373831
629,0.5705942476165812
630,0.25918101191592563
631,0.7508241015161077
632,0.7807874734406968
633,0.38077918732793614
634,0.22313457522333524
635,0.8462947151281175
636,0.7124392239161417
637,0.7776642359787829
638,0.41697058592156266
639,0.7156609362649216
640,0.24676633332825745
641,0.4681020771048855
642,0.6737590256434739
643,0.7180635783364516
644,0.7783221505031928
645,0.21063520748692002
646,0.23976767186196069
647,0.6684681250746157
648,0.2988543300543431
649,0.11967004926845586
650,0.2601928238779427
651,0.6615815191805207
652,0.1290786067195638
653,0.8022395813226242
654,0.25201778512762024
655,0.30998961518762974
656,0.6352321919966182
657,0.6272512923724064
658,0.6342703655456966
659,0.1366306428240081
660,0.38206332395117476
661,0.7439868455871047
662,0.64585329604035
663,0.10199238785582855
664,0.8472465813607387
665,0.2474605571610028
666,0.7377107843811761
667,0.5880329641718893
668,0.4615720190193648
669,0.7565786594371018
670,0.24157636467087934
671,0.20747201447913524
672,0.5890133167460666
673,0.8459965957639587
674,0.31821104484271173
675,0.7971162209740843
676,0.42628132640976046
677,0.74498464208898
678,0.8614565077653754
679,0.3573264691980037
680,0.5291006636886127
681,0.20408392690946311
682,0.3544022191249719
683,0.48584710910274875
684,0.23204818348137193
685,0.48152263073100643
686,0.736080883247565
687,0.7133498826546922
688,0.15266753262497346
689,0.3985356791196458
690,0.27224532993103473
691,0.8491460345121945
692,0.8232636684883915
693,0.794683489045577
694,0.3550579115099148
695,0.655903563806567
696,0.26122911693284284
697,0.10746060554855238
698,0.42612565094294524
699,0.4537957721243877
700,0.15646720368172465
701,0.7363447291657073
702,0.8381717826725408
703,0.35636588749893383
704,0.8636507755715827
705,0.2159266180993333
706,0.2152982229550898
707,0.2208230732668444
708,0.641530158848788
709,0.833500424446437
710,0.6746102482949039
711,0.42141478262757504
712,0.8629077163160267
713,0.4553894151681072
714,0.5087226398212656
715,0.856300043211744
716,0.1664460706345117
717,0.10963900200347058
718,0.6159128049602416
719,0.3208861350210685
720,0.6784256165711494
721,0.5124273266944043
722,0.6676050251137481
723,0.3845518186452578
724,0.5787886924344149
725,0.7725918881206993
726,0.40623089742915336
727,0.528981627508127
728,0.4114990760729212
729,0.6222481101001718
730,0.7031003016344282
731,0.8548134080851917
732,0.3228955648524687
733,0.773014319959102
734,0.5456381547464735
735,0.47010689217675516
736,0.4140779231051799
737,0.7784388464003409
738,0.34305681510744884
739,0.41608022692674773
740,0.8294660597622091
741,0.21287810743814176
742,0.7316466374896263
743,0.8242884754469693
744,0.3974359724113703
745,0.8102144930159487
746,0.7787233549887544
747,0.8778104243157633
748,0.3877146780827677
749,0.758743206359165
750,0.7587592665772145
751,0.8689959737749415
752,0.7992402491301028
753,0.3165223245017942
754,0.13361459347923216
755,0.4438994762535858
756,0.5676121748154505
757,0.7087581507145908
758,0.13529076457211045
759,0.6524949212751433
760,0.2193445098986488
761,0.5906288106437818
762,0.18573272281596295
763,0.796480509714796
764,0.6691037325520456
765,0.7379735580863912
766,0.21446774467542712
767,0.2107505888214039
768,0.4055901267106263
769,0.4797212960010375
770,0.3214579006905299
771,0.4767006904702802
772,0.6616181193188868
773,0.3028315098005938
774,0.13737623694044643
775,0.7304570140872232
776,0.30861337890223156
777,0.49401831412521646
778,0.5359526474039013
779,0.88229309320985
780,0.6283169896057543
781,0.32007064979811617
782,0.771316588754698
783,0.44720698838425754
784,0.17466297384453836
785,0.8113734738066907
786,0.10002200802477838
787,0.7564169792722635
788,0.7829507535469197
789,0.3206223146362139
790,0.43122225534113195
791,0.32577889564855084
792,0.360280337047172
793,0.6007241848198653
794,0.4198640376555622
795,0.8171375790390323
796,0.8023350625435082
797,0.781163818366872
798,0.41603009271766916
799,0.7141287973963618
800,0.13025196703825642
801,0.219693137809449
802,0.8553637753182255
803,0.8427102390564771
804,0.8549173876358809
805,0.497950027039193
806,0.11642879853113124
807,0.8437448467156606
808,0.7158283294828677
809,0.8733734520306714
810,0.8869573302187285
811,0.15495067349976732
812,0.8485248383202638
813,0.5408018694920956
814,0.8324479405238696
815,0.8548875371918786
816,0.18474872286321567
817,0.833894487045145
818,0.19620645291472802
819,0.7514531557160281
820,0.8414463275144455
821,0.4706293775193847
822,0.44208242109223667
823,0.31054584234646304
824,0.5616471429136701
825,0.8387221008706025
826,0.7640148464918528
827,0.6981312263489169
828,0.7721872298678989
829,0.4636748581468054
830,0.7350206518567237
831,0.7914332654797416
832,0.2678071837141433
833,0.6963206406685417
834,0.1611757768155024
835,0.2819426283501712
836,0.18582005117827255
837,0.4169458240197207
838,0.7083199461723969
839,0.8288150581055351
840,0.455450949573701
841,0.6507786668328364
842,0.7721473166616113
843,0.5465041045705586
844,0.3464297015623696
845,0.3929835388879508
846,0.1966874286607299
847,0.8266706520849925
848,0.2625974566206765
849,0.2689638136039389
850,0.8573137729225103
851,0.19886651475068895
852,0.8250948738854444
853,0.27040743149568763
854,0.7542163687241258
855,0.4915832430189728
856,0.2771188633193259
857,0.5345955962140924
858,0.8918090939621137
859,0.346832163158251
860,0.19387349876232343
861,0.7176034359854055
862,0.3297412158401298
863,0.6721365646673357
864,0.7147069808246167
865,0.6867663107790002
866,0.3094117835767906
867,0.13946101899813648
868,0.4674597479409916
869,0.7738861461159083
870,0.24884596901592151
871,0.8076082309212029
872,0.7742680059468863
873,0.18171586935076814
874,0.5038538952720838
875,0.8519971973777902
876,0.2501656934313365
877,0.7689869927158931
878,0.7773891140731355
879,0.3234248878986081
880,0.4870602041736949
881,0.48788117587450786
882,0.8782883017594296
883,0.38980715325354637
884,0.1334055769340273
885,0.8910326641974962
886,0.1775079127056299
887,0.8476370548593503
888,0.21904216248893305
889,0.5453606024707481
890,0.853482155996696
891,0.3375769399746155
892,0.8273870134388288
893,0.8053446188181551
894,0.15115943318017214
895,0.886426613876193
896,0.5401568062567954
897,0.0974321485224851
898,0.7349862763889817
899,0.7885823875733549
900,0.6355017724982224
901,0.8002489508912707
902,0.7770857782571998
903,0.8267123237447869
904,0.8414488489616041
905,0.4959979287457694
906,0.501024063325487
907,0.705207984974256
908,0.6655166164149222
909,0.7661884079343599
910,0.8098307800194022
911,0.7501438758262249
912,0.7092978042300495
913,0.526383710830308
914,0.8827712607137301
915,0.6797885134672199
916,0.7178989452327066
917,0.8448549463403916
918,0.8419376632197146
919,0.2684857320905881
920,0.3555308198865958
921,0.6540311252082546
922,0.3349955336177073
923,0.45515834281349987
924,0.8716593620379001
925,0.50602042895447
926,0.7837973951413078
927,0.7977460202825741
928,0.21301362823653144
929,0.8884409600244128
930,0.7468419427528795
931,0.11532228732612193
932,0.6146976135542385
933,0.4429964520250751
934,0.14800400322314636
935,0.4294817702331658
936,0.6748981470541743
937,0.6230739480920889
938,0.22089970203480244
939,0.1356599174411745
940,0.8646746935756947
941,0.8216493339373385
942,0.44872689561255985
943,0.6996491337132389
944,0.11551259264554745
945,0.6309030239356516
946,0.6695513605167637
947,0.4813915076284097
948,0.6106959965859169
949,0.7245323387420506
950,0.7776824637533573
951,0.7586475188723472
952,0.6870527876041771
953,0.20477419957269366
954,0.5429578226484956
955,0.7606510219497842
956,0.7674741322205167
957,0.195743602277355
958,0.8191866750491826
959,0.22003097341408465
960,0.20413935052168092
961,0.7959617823872447
962,0.32419202830345983
963,0.4862404649168167
964,0.14124076088366438
965,0.8212864057283271
966,0.8705716583367563
967,0.7128682890549961
968,0.3357653091596953
969,0.82229797845777
970,0.3013477250201215
971,0.4891675568903643
972,0.24647701929458338
973,0.35608825868349275
974,0.3749763821866406
975,0.2447035126654058
976,0.6668394227151783
977,0.4802888079746966
978,0.4026483804294093
979,0.8478748296803731
980,0.6730847352931142
981,0.7469505160591825
982,0.21123393298603305
983,0.1618307856152463
984,0.16573979779906575
985,0.5864988854095753
986,0.6665059545952112
987,0.8642692645852723
988,0.20677934889995764
989,0.22693000202339733
990,0.24256390823376586
991,0.41726206583605824
992,0.860263736779519
993,0.7790273603477351
994,0.7860535695481887
995,0.8315408877803178
996,0.7952276007158461
997,0.17958756062452888
998,0.5937548245136022
999,0.361284877778397
1000,0.3680069695721881
1001,0.8324271993767849
1002,0.7046800349680159
1003,0.3754501849804519
1004,0.5111017322626001
1005,0.7912587511015776
1006,0.8198006481964539
1007,0.21598022146810458
1008,0.8468512733705946
1009,0.2244386675098474
1010,0.8341065908272729
1011,0.8389832916820199
1012,0.5516453002915784
1013,0.3595619141945412
1014,0.8080263822222749
1015,0.8144914818866589
1016,0.25983052638686016
1017,0.8683353525502384
1018,0.7388145533955452
1019,0.6868174593282329
1020,0.3875491879830921
1021,0.845972683313663
1022,0.19460994996413178
1023,0.5084168470395583
1024,0.5086285429488137
1025,0.2709135628870612
1026,0.5922595283875416
1027,0.13370168081876108
1028,0.5616974548468353
1029,0.24869381853237377
1030,0.8604036800624593
1031,0.27929753669187934
1032,0.41323787382555743
1033,0.30647882072317784
1034,0.773135625919155
1035,0.584380034259298
1036,0.12782899687836538
1037,0.8102692172897947
1038,0.511304539619781
1039,0.8699099719370915
1040,0.10581703279608586
1041,0.7045358720640984
1042,0.5772228740325207
1043,0.7355042106874027
1044,0.7625432024240552
1045,0.2564193484056074
1046,0.8842707946979318
1047,0.6307200494795218
1048,0.7499511023972889
1049,0.7792725667881297
1050,0.5615472684970307
1051,0.8265208259129513
1052,0.8504850937509029
1053,0.8747404604005788
1054,0.1720132617426562
1055,0.4778050537196577
1056,0.36429228265972263
1057,0.12094861635200647
1058,0.7788973239474759
1059,0.8069490761949147
1060,0.6569514821998612
1061,0.8518137157887737
1062,0.7069492878077768
1063,0.584074430691238
1064,0.8155575160001434
1065,0.327850126130585
1066,0.2641137420961897
1067,0.49718813016804675
1068,0.45372376323210095
1069,0.2643802977604946
1070,0.6859685914952837
1071,0.8731747128972535
1072,0.5879305516656165
1073,0.847951456211658
1074,0.7852039162451872
1075,0.23280791329120049
1076,0.8295063101939474
1077,0.327855480984064
1078,0.844569128656498
1079,0.8273838328112672
1080,0.5518669350816326
1081,0.6519616537568428
1082,0.5454985249242292
1083,0.8045593048430406
1084,0.12698359890494473
1085,0.5277319154989837
1086,0.34655272974374435
1087,0.8399446836159179
1088,0.20462967679395042
1089,0.4089560497475
1090,0.6587010264521946
1091,0.26289716963037774
1092,0.7386463348289823
1093,0.7039050900501246
1094,0.2992734971908187
1095,0.8099892393565393
1096,0.6398019848698161
1097,0.4468404469618147
1098,0.2509237315536635
1099,0.486294655386073
1100,0.38280411703521644
1101,0.6178107329880983
1102,0.8544717485204603
1103,0.3024291037227091
1104,0.3018432729028212
1105,0.7630174563065446
1106,0.7914779497971769
1107,0.5112684709942799
1108,0.8409604844778025
1109,0.18710521560286822
1110,0.3418241196370181
1111,0.2388825517023621
1112,0.6405988366436792
1113,0.6461337478022823
1114,0.7707518547611645
1115,0.8251300284291048
1116,0.7286534955437832
1117,0.20851277344311586
1118,0.2839812369469229
1119,0.5084882116408864
1120,0.809568854575857
1121,0.2873855290255569
1122,0.23082188423163244
1123,0.8792960284798568
1124,0.19688071120282744
1125,0.563343588613385
1126,0.53920921254227
1127,0.48002332849055346
1128,0.13674974188360567
1129,0.5219375287242486
1130,0.3944337806939189
1131,0.3314173910901624
1132,0.36558073342602665
1133,0.7542995743418495
1134,0.4528329541012993
1135,0.338825479602126
1136,0.7581815152487372
1137,0.19547243776110365
1138,0.26485388010247546
1139,0.7372012811391878
1140,0.49979154804217624
1141,0.41228917505369633
1142,0.5253935216784161
1143,0.755441604156913
1144,0.573373211177542
1145,0.6096893167339924
1146,0.234816284169232
1147,0.704978356561381
1148,0.2906290069969903
1149,0.5897095815739309
1150,0.23106752177162418
1151,0.8693245537492231
1152,0.7485111584957799
1153,0.8035571911276804
1154,0.7286090972667149
1155,0.28104020672763985
1156,0.2299834941742057
1157,0.3121457535484689
1158,0.7638600374389783
1159,0.8851786734372147
1160,0.4390997273405987
1161,0.1553481891950351
1162,0.17654445151930523
1163,0.37943211491209355
1164,0.2098046271929015
1165,0.5781220222585594
1166,0.90464974862834
1167,0.4871826614628699
1168,0.2946495734437909
1169,0.738713247776212
1170,0.16691816094026704
1171,0.903095902844942
1172,0.8082127944074011
1173,0.4048516947101746
1174,0.13570738011426753
1175,0.3542505692451765
1176,0.3707701520742387
1177,0.35267455078445503
1178,0.5032847673775098
1179,0.6787607377391723
1180,0.7224430216271076
1181,0.777859467696568
1182,0.7576696236677773
1183,0.2551597426830003
1184,0.4673071978507064
1185,0.6559063533345227
1186,0.15682446295760244
1187,0.42517361306547524
1188,0.7512770356807101
1189,0.7346878644416156
1190,0.8424751859039842
1191,0.41577900844116716
1192,0.4896400201840697
1193,0.40269313101087356
1194,0.8200269963778146
1195,0.5553423130766564
1196,0.7233145452782745
1197,0.1938726748020738
1198,0.8923690478357923
1199,0.5518964501507369
1200,0.5170325607502023
1201,0.19756165816854251
1202,0.29067727713117114
1203,0.2663844395575322
1204,0.6971010074458573
1205,0.8343502744415905
1206,0.42649620127805865
1207,0.6026239153779033
1208,0.1996771246926431
1209,0.7651966857218062
1210,0.8422616370943898
1211,0.8273048398852514
1212,0.6160735220411347
1213,0.4568490961641961
1214,0.1520720252172997
1215,0.895781636828969
1216,0.7127784171351391
1217,0.16648318287702654
1218,0.5213489311224814
1219,0.14323455276065092
1220,0.4852142173466028
1221,0.28940720471035764
1222,0.7966835604284135
1223,0.7458151902378111
1224,0.7658645494193976
1225,0.7985427872674074
1226,0.8125770712291878
1227,0.2313004041504481
1228,0.20842825455707492
1229,0.5395507048264335
1230,0.6916702173301588
1231,0.6367903219515296
1232,0.5698093935593022
1233,0.2241570504049204
1234,0.7889807942226655
1235,0.7680563155058069
1236,0.18451628743606704
1237,0.22799723866570573
1238,0.8889299868723204
1239,0.41101684930577553
1240,0.7813161700059948
1241,0.7874602917389975
1242,0.623113251357919
1243,0.503277493234049
1244,0.21459012636815025
1245,0.7760148202211483
1246,0.8432151041263052
1247,0.354844965475602
1248,0.6267884507790742
1249,0.6814437173388337
1250,0.46577182736571676
1251,0.8226598623219494
1252,0.294126019884426
1253,0.2769661133752407
1254,0.18657037290856304
1255,0.5399582374605046
1256,0.6384828559495647
1257,0.4107598995476131
1258,0.5662020024632877
1259,0.7685169512142355
1260,0.4384420166055636
1261,0.27991795615201154
1262,0.6352265145687263
1263,0.37332654101216045
1264,0.22002585843807657
1265,0.6665354955674062
1266,0.09867810402451792
1267,0.6655731086271681
1268,0.7787400606675208
1269,0.11756262108542487
1270,0.3699227113166094
1271,0.8421424190385183
1272,0.39208085212390265
1273,0.812630953563575
1274,0.18102361808405826
1275,0.6659792480857079
1276,0.5973153394114521
1277,0.8012998186016207
1278,0.5643505340598237
1279,0.7830580146899817
1280,0.2735378084926064
1281,0.6974467402073969
1282,0.32310991422060176
1283,0.20686041112784323
1284,0.6019280644651034
1285,0.8187981764385356
1286,0.5835798390299942
1287,0.3987675289554895
1288,0.22328397877867553
1289,0.6135460134071192
1290,0.2547853265422632
1291,0.1895862885241087
1292,0.7996741584539748
1293,0.55679423565841
1294,0.8374937782559362
1295,0.8103423365088294
1296,0.2244106088793829
1297,0.8067933467462561
1298,0.5369225873293372
1299,0.3284476797055995
1300,0.36133531198074914
1301,0.7768422104808612
1302,0.7825244371508474
1303,0.8215186158291126
1304,0.8685231437259682
1305,0.8160923385477981
1306,0.597261733860045
1307,0.34408066912383206
1308,0.520412240892104
1309,0.22157866473043047
1310,0.4705409164305965
1311,0.2559979345992089
1312,0.6703059577973091
1313,0.21093390845267235
1314,0.18402604507478582
1315,0.4407204156588555
1316,0.7031979009745015
1317,0.6341490969288777
1318,0.65217397824371
1319,0.219673273151901
1320,0.8308154936184895
1321,0.8958373944243014
1322,0.11793095476872763
1323,0.45145100971455454
1324,0.7592991161470461
1325,0.8667190868985886
1326,0.8339619222713714
1327,0.8533398918016856
1328,0.6628629845672755
1329,0.6362473303583647
1330,0.4032290413345269
1331,0.1798739712390662
1332,0.15698253105170132
1333,0.15657154518162933
1334,0.7014819138733749
1335,0.7526095463924645
1336,0.5840856257819748
1337,0.14250765264118875
1338,0.5566808617929194
1339,0.6936545324002867
1340,0.8073150167593188
1341,0.6825121012352987
1342,0.5285513942061965
1343,0.24292950670109942
1344,0.6759694156742978
1345,0.6520704258368603
1346,0.40983338018397386
1347,0.7930731495731367
1348,0.27916555052474185
1349,0.7011260855362635
1350,0.8493984296048307
1351,0.5775406022836104
1352,0.2691796519281913
1353,0.6155538825516892
1354,0.7028916811786293
1355,0.8148310282392115
1356,0.6884710577954308
1357,0.8247291396082177
1358,0.15631463534320736
1359,0.344248032064035
1360,0.21103087209144608
1361,0.8041815798656391
1362,0.1988428624723994
1363,0.7056387770808662
1364,0.8657405072630331
1365,0.35263959874849415
1366,0.5081988735051598
1367,0.7622710616453343
1368,0.6089614407480338
1369,0.1985277769571039
1370,0.5477395823747502
1371,0.24589077429216902
1372,0.4153364949342533
1373,0.4814726377859879
1374,0.1721497851564182
1375,0.8523562568699132
1376,0.7319740816965989
1377,0.12561697944268022
1378,0.5110813445854604
1379,0.5730022884062612
1380,0.11128104826584642
1381,0.2683630990582632
1382,0.6120170640919043
1383,0.6442791480383039
1384,0.5213681688423866
1385,0.34006532258774413
1386,0.565141890262546
1387,0.6579361854819586
1388,0.4955508307931185
1389,0.7738980308247844
1390,0.7432463846891149
1391,0.7410723626035598
1392,0.2149966793970122
1393,0.2745300587839538
1394,0.620196491174695
1395,0.859027510053852
1396,0.7746353677795313
1397,0.6418853266358228
1398,0.4124590831409042
1399,0.17354967121260487
1400,0.6955605751671193
1401,0.256709459493666
1402,0.676825704791397
1403,0.5782608223218478
1404,0.6652191790196497
1405,0.4274052592644805
1406,0.7057251374564908
1407,0.7099155750614302
1408,0.19525810262565413
1409,0.7362569652728371
1410,0.7194214934680998
1411,0.8234896299280048
1412,0.41723193648837514
1413,0.5292760599904238
1414,0.8380614342304024
1415,0.21800106507688957
1416,0.7033376582381946
1417,0.14672316415714146
1418,0.271910025397203
1419,0.8234267422988679
1420,0.20224530166081253
1421,0.37701728766096165
1422,0.1945286754109936
1423,0.493401171350343
1424,0.6715651318432142
1425,0.8134962685372371
1426,0.5156238210877566
1427,0.4542715411997023
1428,0.4271934034509128
1429,0.39988756219034977
1430,0.7797580939110313
1431,0.7371186444258256
1432,0.7383536873700133
1433,0.22830985863273723
1434,0.8629763218919191
1435,0.31404222250785835
1436,0.27752478347776705
1437,0.5964468861619842
1438,0.3212792134771159
1439,0.8864954242201073
1440,0.8055154501083837
1441,0.1880115168830098
1442,0.6050624340403955
1443,0.30957716876505514
1444,0.6152787572165644
1445,0.14892485627826568
1446,0.7514831039251175
1447,0.8016570460078316
1448,0.49304876309945433
1449,0.19697217772132736
1450,0.2614438579408019
1451,0.2333073591786624
1452,0.24462524043813894
1453,0.6784036975577722
1454,0.48201539928079656
1455,0.1820198724272165
1456,0.6236306676057111
1457,0.809957264747766
1458,0.15039455776465563
1459,0.818791540854629
1460,0.18305092360986924
1461,0.4348933318834055
1462,0.7326364249678926
1463,0.5364127611515754
1464,0.5443744337229222
1465,0.16011326851172372
1466,0.862965033666331
1467,0.22035399101326092
1468,0.46404530791760795
1469,0.8752832589559929
1470,0.6404252175496051
1471,0.11884031809891607
1472,0.8029266545940404
1473,0.8319448984061644
1474,0.17654006201229805
1475,0.8710748086404659
1476,0.3056859445930744
1477,0.33962188899077883
1478,0.8869107509768172
1479,0.8431731587286564
1480,0.6341661357998648
1481,0.32304338126500715
1482,0.7201516339763749
1483,0.4142619032541225
1484,0.732908227703661
1485,0.5515834239554196
1486,0.6617560233976305
1487,0.8428940818307418
1488,0.8407689191547669
1489,0.7926895219350052
1490,0.3037464274497998
1491,0.7260110936222403
1492,0.13767516670953783
1493,0.6542460111838453
1494,0.8662161620995108
1495,0.7933107226022469
1496,0.19349227191648138
1497,0.30578863873063433
1498,0.8376519186927844
1499,0.7602416558853453
1500,0.809662962658498
1501,0.7447746027675254
1502,0.7066994318347591
1503,0.1986972741275022
1504,0.33963259727060446
1505,0.5088231724739473
1506,0.5542965948127819
1507,0.29624754612390647
1508,0.30313121905735757
1509,0.1580693207098144
1510,0.4390552595648627
1511,0.5204405314827649
1512,0.8802342015153636
1513,0.17188315059968903
1514,0.751694771212408
1515,0.6134237967002106
1516,0.7618279934753616
1517,0.1835316587969587
1518,0.17807553310131555
1519,0.2723361878219348
1520,0.2742432028897716
1521,0.45701053134992686
1522,0.6107075815276477
1523,0.7232922647584269
1524,0.2426420449081545
1525,0.6027148225453136
1526,0.42757455843390285
1527,0.4907069665759079
1528,0.2681554150524606
1529,0.19695774078686404
1530,0.19543436395185823
1531,0.17753074933230797
1532,0.6889316828093016
1533,0.3601777513884213
1534,0.5384802926704745
1535,0.7334915560234165
1536,0.8378343894955458
1537,0.7390743715096916
1538,0.7850914220394675
1539,0.7364916288081415
1540,0.13388033706246863
1541,0.591093392976899
1542,0.658358770787341
1543,0.7800244248829045
1544,0.6324744343626924
1545,0.36939157281586715
1546,0.6377091464239818
1547,0.604072413303917
1548,0.19094747819751676
1549,0.4510386120174973
1550,0.7626824024535932
1551,0.6443985695326852
1552,0.6394513181112591
1553,0.8128159266949421
1554,0.3853232558175082
1555,0.6944870611014792
1556,0.20946924413790122
1557,0.25049391835289125
1558,0.8061973034472287
1559,0.6201880339454723
1560,0.8237261356684161
1561,0.8382620508304437
1562,0.8702602730565221
1563,0.272993485633331
1564,0.8290850711412298
1565,0.23396954847098167
1566,0.3615214117867124
1567,0.5443708817719644
1568,0.6239397396911558
1569,0.2819640334536961
1570,0.8898065423323345
1571,0.8511581247977423
1572,0.727664437100843
1573,0.4149409948041887
1574,0.2777592386624023
1575,0.732600416424943
1576,0.739597414294044
1577,0.8414041383893587
1578,0.7042309055821682
1579,0.7709822011470471
1580,0.7210313858036818
1581,0.8519722689086666
1582,0.6558037142226534
1583,0.4051131116725964
1584,0.6222253759033889
1585,0.5326694990953503
1586,0.7926535007270747
1587,0.8658342719986603
1588,0.8423838076175123
1589,0.4519969441944568
1590,0.25225569368949996
1591,0.7248663405343502
1592,0.7761690692357742
1593,0.7035358233140268
1594,0.8462097327643439
1595,0.5994943215248705
1596,0.7826946352361421
1597,0.12562215681688335
1598,0.841352667756208
1599,0.48360780955866134
1600,0.13577219160800935
1601,0.40143298366036384
1602,0.8485411681430859
1603,0.2780095504565739
1604,0.14587058667187427
1605,0.1467363373473123
1606,0.3627945887862795
1607,0.49227474676213345
1608,0.5367075209259848
1609,0.8229538785482365
1610,0.8310922325280545
1611,0.3619660747335126
1612,0.19312016049679362
1613,0.6754301059806052
1614,0.5752604496141622
1615,0.733448561964731
1616,0.5842250190872507
1617,0.8730347158038603
1618,0.6959998578540222
1619,0.870240593821247
1620,0.33884218199224786
1621,0.5358088414072185
1622,0.15183767192809888
1623,0.6703888255550642
1624,0.5221957168429218
1625,0.1539319154987546
1626,0.4676386083041254
1627,0.8068043848104514
1628,0.6509839039572634
1629,0.7565086276934453
1630,0.8349105440682283
1631,0.27829395599177886
1632,0.18181154493434093
1633,0.25638117099132945
1634,0.8211015952244911
1635,0.6924937196587536
1636,0.19268134089715466
1637,0.6012766484103402
1638,0.7928938244928527
1639,0.6441931061159668
1640,0.11936265330849227
1641,0.5074443328044982
1642,0.4913677766915371
1643,0.20320517229388965
1644,0.2676573048636531
1645,0.4174453984837757
1646,0.874243533634173
1647,0.6820804367839478
1648,0.31324420085738885
1649,0.8321874957101051
1650,0.48929190709483894
1651,0.4008602809496643
1652,0.8703932480053866
1653,0.5814504598140241
1654,0.1835575074557066
1655,0.23820737249796958
1656,0.5846486533234186
1657,0.15676455135946282
1658,0.5665842743527241
1659,0.5247072800275001
1660,0.8778210632681396
1661,0.3413601058764311
1662,0.7576378239654702
1663,0.4779154718997637
1664,0.46600519648584765
1665,0.6625277781303455
1666,0.14514181371567486
1667,0.7172427919934022
1668,0.7024956340883627
1669,0.4025437675828447
1670,0.5701697280801581
1671,0.15422397237983335
1672,0.5369526108622232
1673,0.5023563077411342
1674,0.21543026676012422
1675,0.7966309739488542
1676,0.5445814749063632
1677,0.9013352798274343
1678,0.8319206973456127
1679,0.11225688842846317
1680,0.296390038107281
1681,0.1596456760637147
1682,0.7890080983517727
1683,0.17855403048232474
1684,0.21917237786580118
1685,0.48215287867976053
1686,0.12964671848844195
1687,0.6620167268078507
1688,0.4349512229269785
1689,0.6665716817660058
1690,0.7138356960423874
1691,0.5860091534998356
1692,0.7567295120219153
1693,0.6451644755733693
1694,0.8660515547996191
1695,0.2794734223203361
1696,0.42656209149555274
1697,0.8346801024527244
1698,0.642640536355518
1699,0.5993045405613161
1700,0.8332602866072789
1701,0.35288271206588695
1702,0.27982082500867506
1703,0.41417352821734427
1704,0.8456684745485157
1705,0.5851632472374337
1706,0.5627902089245213
1707,0.397034532011459
1708,0.4573918320998033
1709,0.6609476548248395
1710,0.5696225342787137
1711,0.7007852331186486
1712,0.6040477048068942
1713,0.2942109613396346
1714,0.7099949204531181
1715,0.48489925820616764
1716,0.681252273010409
1717,0.74741781927723
1718,0.3039252968883368
1719,0.8425998360017493
1720,0.7932598854272788
1721,0.8639141712217652
1722,0.8078427193147063
1723,0.6636324925933084
1724,0.15477877499689607
1725,0.8489095839875214
1726,0.6719384297772302
1727,0.8549093828655666
1728,0.19035523110643227
1729,0.8279259887088743
1730,0.7814468530130109
1731,0.5590930578480713
1732,0.728534821511918
1733,0.7926557872328202
1734,0.16094516878824805
1735,0.29918656774317404
1736,0.28947183884570654
1737,0.6268426008037793
1738,0.7409278910012497
1739,0.1249397835950408
1740,0.8530585927223313
1741,0.7979785772991681
1742,0.13197212800856714
1743,0.33532845787785714
1744,0.5066667610087636
1745,0.19465647728223365
1746,0.7337290960582364
1747,0.5769622922422994
1748,0.30545495317772653
1749,0.1171385134897768
1750,0.566141399413163
1751,0.8096329885127698
1752,0.6446599868126015
1753,0.46279643133953335
1754,0.41662821030371117
1755,0.7542179439163896
1756,0.669630897661097
1757,0.11000108065212155
1758,0.3770668306265357
1759,0.7961607879135729
1760,0.11330903437288362
1761,0.28816388924852326
1762,0.6306591555039576
1763,0.6584971453454393
1764,0.808331342360288
1765,0.23942468612226586
1766,0.15591974429481914
1767,0.5306001109672417
1768,0.505910188247115
1769,0.1497570994839598
1770,0.14743243622514873
1771,0.888215296126157
1772,0.7528592018598013
1773,0.20236103691542942
1774,0.1298713060733098
1775,0.7825507662973933
1776,0.4880106144740628
1777,0.8829367664519884
1778,0.19776220782719306
1779,0.21537966254513707
1780,0.6735510375414303
1781,0.12790030352205822
1782,0.18050415428309458
1783,0.276817851718291
1784,0.7234727424175549
1785,0.39886872106029775
1786,0.7385785660241301
1787,0.889414732428979
1788,0.18322709845320723
1789,0.2961038305977561
1790,0.8258192150125347
1791,0.8299148642200878
1792,0.7543700647021576
1793,0.42626454010360765
1794,0.16884883636479547
1795,0.7095515954515462
1796,0.6598020685046674
1797,0.5717895560777496
1798,0.7823488599189486
1799,0.7809412646905045
1800,0.813475072074894
1801,0.14489196694234552
1802,0.8534653081426178
1803,0.7511406630526627
1804,0.4156311444912952
1805,0.7689583938964308
1806,0.29568691230707805
1807,0.7347364557987698
1808,0.5786616163513175
1809,0.42666828277330426
1810,0.7127330413596914
1811,0.3148718834622029
1812,0.8233947971161326
1813,0.6560170093140768
1814,0.587483785573972
1815,0.40462785356625725
1816,0.851193948810784
1817,0.7294954644792592
1818,0.45820076633515194
1819,0.14312023779609542
1820,0.5771836416185508
1821,0.4429209776610866
1822,0.6207223708126132
1823,0.5224476504676548
1824,0.8261568007893061
1825,0.841599348531252
1826,0.25213218349365335
1827,0.42959680254546345
1828,0.3639365945887163
1829,0.8476526800056463
1830,0.6574400555334694
1831,0.11543331437184055
1832,0.8592018986437124
1833,0.20906387332567905
1834,0.8771617042847892
1835,0.7229991098089869
1836,0.8534516678858892
1837,0.21481605969442072
1838,0.8642369180168409
1839,0.33843857793591614
1840,0.1065739649256301
1841,0.2383490779576645
1842,0.18933655419535103
1843,0.6680911164744775
1844,0.8343449757206204
1845,0.6917269206021408
1846,0.7637742929045487
1847,0.7252962527473591
1848,0.45469740521427043
1849,0.7333305575800139
1850,0.4540681010609948
1851,0.7993648997673908
1852,0.1705532601778253
1853,0.22176550420543903
1854,0.6745573541255004
1855,0.5997130981852432
1856,0.779267402591274
1857,0.6890874366854663
1858,0.6457329921796523
1859,0.4124743417183343
1860,0.7177074880212829
1861,0.1574523004152799
1862,0.7458240688966624
1863,0.818020055706262
1864,0.3753968962480124
1865,0.5175728470974386
1866,0.36028594626908833
1867,0.5531347532779803
1868,0.4508539638630255
1869,0.3129302339753304
1870,0.7042666942826793
1871,0.3422563553715063
1872,0.3256661245910519
1873,0.6853620748151187
1874,0.6757474078699155
1875,0.30167934070946106
1876,0.7375432338203748
1877,0.820047150336527
1878,0.6138914292017364
1879,0.4847046912508281
1880,0.23447634596280936
1881,0.3801691641798905
1882,0.1411134002758337
1883,0.6324740802451948
1884,0.674660519538628
1885,0.17194605231604185
1886,0.11823945248598837
1887,0.7811302433332533
1888,0.45877242084418124
1889,0.29701438088317716
1890,0.2016220986518879
1891,0.28353023331117794
1892,0.2004662752064536
1893,0.7123939581287625
1894,0.1594013335800848
1895,0.6198745278322395
1896,0.6317544430239981
1897,0.5910186665900099
1898,0.5695921952789655
1899,0.8806461484890364
1900,0.5370255570958212
1901,0.7694620926037689
1902,0.6443663149140952
1903,0.818160291429141
1904,0.7017081606863875
1905,0.6401255734001691
1906,0.26385961863402835
1907,0.17144471987600876
1908,0.8244834191053068
1909,0.8526070161559556
1910,0.6208282758317919
1911,0.16420732037235836
1912,0.5358005285838625
1913,0.8863254603683792
1914,0.1646886256847499
1915,0.6347293310784371
1916,0.7828929570783308
1917,0.4679088411496058
1918,0.131519450658626
1919,0.7658253609983817
1920,0.7202417486440181
1921,0.7287845238489893
1922,0.6174919607719084
1923,0.40867152343934865
1924,0.6886871415329189
1925,0.4127036375841084
1926,0.7696199818142575
1927,0.19862003073133613
1928,0.7817060044805821
1929,0.858256105595748
1930,0.6916572745903162
1931,0.8116359288010482
1932,0.25375748832859146
1933,0.7431579438542555
1934,0.8218021504532513
1935,0.3377644246069365
1936,0.5489226997228724
1937,0.21504409832214053
1938,0.4215749519987513
1939,0.19369669130615538
1940,0.7738160307658255
1941,0.6012652327349577
1942,0.8538211500400172
1943,0.7778846201005859
1944,0.2442998369239579
1945,0.7601016879390123
1946,0.40326014808123134
1947,0.815802777061511
1948,0.23793664922462984
1949,0.5166468417120499
1950,0.77834546290562
1951,0.268778602151976
1952,0.708202785606607
1953,0.18984532298304138
1954,0.21458827426962598
1955,0.8148266825293007
1956,0.787965721363671
1957,0.6409891346685936
1958,0.7046326735517983
1959,0.5387967603387606
1960,0.3363126214403216
1961,0.6056900684081091
1962,0.8337011130235943
1963,0.4595493639505406
1964,0.2006766784373252
1965,0.24349441957850865
1966,0.4745810797340431
1967,0.41106858414628406
1968,0.7787731373180309
1969,0.33188329546383283
1970,0.14103761388979558
1971,0.8514385365226698
1972,0.1478835102999132
1973,0.841122092070989
1974,0.8151282067197327
1975,0.3677591453210859
1976,0.19596600537759107
1977,0.5306872855579804
1978,0.14416226661105422
1979,0.6221949705141365
1980,0.2754122026547005
1981,0.13300104523235826
1982,0.6734826240639621
1983,0.18267403490248818
1984,0.36994041391413035
1985,0.8715812422004928
1986,0.7922046808010679
1987,0.6196182847046057
1988,0.7080016678504613
1989,0.7521842316332752
1990,0.5570858451799366
1991,0.33789479541427275
1992,0.592482588970685
1993,0.1634176695185807
1994,0.22302183239983564
1995,0.16411761017027315
1996,0.7841951005945631
1997,0.7707407950845719
1998,0.20263987360777366
1999,0.5276484679560417
2000,0.11954543951764471
2001,0.8051446006793768
2002,0.47350003058115187
2003,0.6812039601528611
2004,0.8114140148020497
2005,0.7950224173419844
2006,0.840073186666537
2007,0.297320692728745
2008,0.16002554330106575
2009,0.2971824307948934
2010,0.23795973608889937
2011,0.8997639305676364
2012,0.1764771557587065
2013,0.8207264589397842
2014,0.2663060323896392
2015,0.6959913631626987
2016,0.5267322066496779
2017,0.7930319988972299
2018,0.525290870311357
2019,0.8242626238156048
2020,0.6397799653435943
2021,0.8446651774784351
2022,0.6850637961249847
2023,0.6992743591122804
2024,0.5790932941798542
2025,0.2534466837003838
2026,0.6115911157697268
2027,0.8408001609561644
2028,0.4481124292130323
2029,0.6617133925161895
2030,0.14745255496975393
2031,0.6731985944690789
2032,0.8263096977166131
2033,0.8101741230456624
2034,0.8638667589954707
2035,0.5438779892048493
2036,0.42543915664087256
2037,0.7319820246009038
2038,0.703081907525192
2039,0.814410453314208
2040,0.4274733420422765
2041,0.26441672222693874
2042,0.15262208408910502
2043,0.1419318133236269
2044,0.22827345344779662
2045,0.23471252078840096
2046,0.15762032993972566
2047,0.38699403925951115
2048,0.5267608857413244
2049,0.4392141248120923
2050,0.8353831321440666
2051,0.7192278669135987
2052,0.6778479583069306
2053,0.8544988516405894
2054,0.21813598643276338
2055,0.6447557818523234
2056,0.5640211842308326
2057,0.5407106734063737
2058,0.7883320138565548
2059,0.40544836625278463
2060,0.6973917118833318
2061,0.1638717833469811
2062,0.7756345868129226
2063,0.6825273222703736
2064,0.21703743289570082
2065,0.8310279246475543
2066,0.6919779815224253
2067,0.8109638883102841
2068,0.17663571325954594
2069,0.5557978469944022
2070,0.6772058435057009
2071,0.2651690543735807
2072,0.2308603814786234
2073,0.3040481024459367
2074,0.2862160234913748
2075,0.39697867842878337
2076,0.8069453772080252
2077,0.15915120820295098
2078,0.7212326790817764
2079,0.8071212340123726
2080,0.27541275125844095
2081,0.17315244282450482
2082,0.37548577101030595
2083,0.8440362383997034
2084,0.8330456522044483
2085,0.43857941592295885
2086,0.1299909148252588
2087,0.3919859101163074
2088,0.38724013826380177
2089,0.7089893315750175
2090,0.5717864970461358
2091,0.2858399622556555
2092,0.24025150849109442
2093,0.7461255962974355
2094,0.3438910836612589
2095,0.19551428577973454
2096,0.7233975380839102
2097,0.8042109362133776
2098,0.731160226411485
2099,0.5220605990004259
2100,0.6157040566547096
2101,0.7654885978009827
2102,0.5912011380357617
2103,0.4004253414167396
2104,0.5639095297800941
2105,0.36304543498353764
2106,0.7160144571017388
2107,0.25089210664814793
2108,0.7037764915344304
2109,0.4527375363485088
2110,0.7238366089582801
2111,0.8297503441900838
2112,0.7457288047243015
2113,0.32637811947
2114,0.37865634448357677
2115,0.5742578157789477
2116,0.4813520556019783
2117,0.49246420675155345
2118,0.1718488607705602
2119,0.7551667198838612
2120,0.1510682105357292
2121,0.227480137637016
2122,0.721565823004184
2123,0.6339503230849654
2124,0.7138906833048735
2125,0.7881331305006334
2126,0.14518563223495437
2127,0.1410366867783633
2128,0.282083455814738
2129,0.3070117639769537
2130,0.6804709845894686
2131,0.4096177701603418
2132,0.8322271149774598
2133,0.6158371409300624
2134,0.5421537879401316
2135,0.5406222498780267
2136,0.3204123508057823
2137,0.509488350586891
2138,0.759260185426829
2139,0.3434125408656959
2140,0.21010860716215748
2141,0.6053578606358133
2142,0.3832114201892785
2143,0.8553459054638779
2144,0.793066412609173
2145,0.6310629024352833
2146,0.7682683469122805
2147,0.6589531379070847
2148,0.5120226816132157
2149,0.18970666475432962
2150,0.7912815325440985
2151,0.20338533247486612
2152,0.17233140293721408
2153,0.4163348421430052
2154,0.8464493832726753
2155,0.4020718275027848
2156,0.8117502221591456
2157,0.5122564807191812
2158,0.3893941840857486
2159,0.41977724479928774
2160,0.1578448306099727
2161,0.7479854650358873
2162,0.6158932728030299
2163,0.8349100920241762
2164,0.31576373461662005
2165,0.11938427458837222
2166,0.6531247529832922
2167,0.4724886811988692
2168,0.7699860575766124
2169,0.7045274972266687
2170,0.4834750272821038
2171,0.2954216482071012
2172,0.28176037740853643
2173,0.21128722759344987
2174,0.8175975253657548
2175,0.830611442673967
2176,0.2815188508893626
2177,0.14877189067219562
2178,0.8299889085495604
2179,0.25318483354435956
2180,0.3580506910583083
2181,0.8362931051063214
2182,0.4480444737640745
2183,0.15928727503605136
2184,0.18508027612614586
2185,0.20353271227291866
2186,0.4810170943117239
2187,0.24468891859098818
2188,0.4193285753978477
2189,0.8465137080758776
2190,0.876745453517948
2191,0.749873061269773
2192,0.1840424615004921
2193,0.8436040772090893
2194,0.7733793715650665
2195,0.8534534143283403
2196,0.308917122290898
2197,0.2559439230615461
2198,0.130223133190204
2199,0.4886509639842204
2200,0.8741307778107517
2201,0.7244350487174903
2202,0.7093095110865543
2203,0.6232678798182387
2204,0.8718724865865257
2205,0.49127074261860293
2206,0.2659317789428717
2207,0.11627869258167371
2208,0.6663815023314635
2209,0.28963056590329345
2210,0.6626266706162585
2211,0.8263752201997435
2212,0.31003332924829463
2213,0.4232808776366307
2214,0.7233653057231478
2215,0.7698840494931409
2216,0.3771801145501048
2217,0.8355847935587919
2218,0.6536670691556772
2219,0.6690147220689694
2220,0.5996062583913944
2221,0.13563239534188015
2222,0.2259016065481821
2223,0.4542159569027364
2224,0.20475904453236504
2225,0.2790480450164406
2226,0.8310370168891399
2227,0.13930333492470057
2228,0.8052180973943228
2229,0.8186738947389386
2230,0.32768203890207465
2231,0.40152875436765567
2232,0.9001813148879401
2233,0.7528714294952267
2234,0.6531328363407087
2235,0.4518992713069492
2236,0.440655829372766
2237,0.7914362721347248
2238,0.42341576859639884
2239,0.33818033379650264
2240,0.46473483928403436
2241,0.2834392995477451
2242,0.5630822199361071
2243,0.7610929846626104
2244,0.126921808116116
2245,0.3341502243132724
2246,0.12468521040054219
2247,0.1615821424958134
2248,0.6530391639843162
2249,0.18631632033967016
2250,0.3801397931196166
2251,0.5464484494218979
2252,0.13347379897567915
2253,0.43349696328226395
2254,0.48647712262951553
2255,0.5478158658551385
2256,0.254221011521324
2257,0.6851829163140555
2258,0.8716517644374675
2259,0.20019800306901248
2260,0.8501570365411149
2261,0.5331133489502381
2262,0.16033507899615226
2263,0.29546235077077226
2264,0.3387144012414431
2265,0.4838710358691255
2266,0.2214003584301763
2267,0.507549561206668
2268,0.20579521708175882
2269,0.6460979997481583
2270,0.8361867604743625
2271,0.4812491371329194
2272,0.5334837532757083
2273,0.49177877260772784
2274,0.8440143332080379
2275,0.20138885628888933
2276,0.8741225863477706
2277,0.8172915940104089
2278,0.7678310250563856
2279,0.6054214294690781
2280,0.744375516854246
2281,0.3876146906060557
2282,0.6238284443375134
2283,0.3732654753484184
2284,0.756497642236235
2285,0.7202067064369407
2286,0.26883372315411913
2287,0.13728639811720403
2288,0.7178820550729971
2289,0.3906492602195287
2290,0.5811567134609429
2291,0.8049659277798613
2292,0.6067676352528225
2293,0.27110335751724646
2294,0.4586901479869321
2295,0.1274629338833782
2296,0.7093601129234655
2297,0.8325015073403841
2298,0.7428295817942996
2299,0.3442539679607249
2300,0.8047459847192528
2301,0.24745046059514236
2302,0.851523846452688
2303,0.5008535808878259
2304,0.7960220800228106
2305,0.615431765187101
2306,0.8353387847903258
2307,0.16739272568697866
2308,0.17042712931312107
2309,0.8603796456229518
2310,0.6929354132064401
2311,0.19539369675342422
2312,0.36264804686341745
2313,0.3598299993195471
2314,0.6406472037857989
2315,0.466104781295119
2316,0.8981033937104506
2317,0.8803061283383821
2318,0.8263386579092274
2319,0.8499222179979378
2320,0.7996288153380873
2321,0.5005344659626183
2322,0.8021553971241719
2323,0.3542533212314879
2324,0.6619605463545009
2325,0.16246475618609926
2326,0.6876187048226833
2327,0.2316419700384536
2328,0.3077652805333923
2329,0.481972637362479
2330,0.7370522305681927
2331,0.5376434561772497
2332,0.7750722252940039
2333,0.8405337958145485
2334,0.8257849925305321
2335,0.729761639988333
2336,0.5990270347721087
2337,0.615574260224229
2338,0.8028908502390244
2339,0.7207998244800896
2340,0.8259531263185398
2341,0.8622717441188299
2342,0.2537563585043647
2343,0.5962774585807726
2344,0.6555615461277008
2345,0.44713449306723774
2346,0.8457587353818777
2347,0.43852875004902103
2348,0.6659998121879308
2349,0.8451814578760869
2350,0.8535323082357789
2351,0.7256819856900741
2352,0.35280927653848515
2353,0.6468107014824427
2354,0.14881304187536007
2355,0.8512566489973952
2356,0.8833003055387334
2357,0.1614159947476344
2358,0.38976802576169217
2359,0.23863736336995955
2360,0.12832428529843007
2361,0.8405902542253201
2362,0.435734751791449
2363,0.4369913293880171
2364,0.8399705608317524
2365,0.7139819469552161
2366,0.7664890911986973
2367,0.8382672096855182
2368,0.731238600569421
2369,0.8259493532857549
2370,0.8264902842934307
2371,0.39677739045845695
2372,0.7267495843305422
2373,0.1956980079629542
2374,0.41669441484500386
2375,0.7192712140068319
2376,0.6952116589567422
2377,0.8431738981886479
2378,0.7064203063095904
2379,0.7390780043548392
2380,0.1751494477095791
2381,0.6490223054532809
2382,0.5931052388795025
2383,0.1629711711317624
2384,0.7358552740337457
2385,0.7569742477858772
2386,0.647975891880667
2387,0.19488962902596021
2388,0.4113441566164583
2389,0.4468677408063582
2390,0.11228438880901248
2391,0.2801743125526109
2392,0.8494819564643257
2393,0.3139029859548498
2394,0.7818826887541152
2395,0.21861691298711625
2396,0.6542802430209299
2397,0.16323338612729607
2398,0.3050336491697536
2399,0.725206680358491
2400,0.6086153341971698
2401,0.21292612336394523
2402,0.31583181499397694
2403,0.7184148705331915
2404,0.45124977273625355
2405,0.6370545204262813
2406,0.20132189218238042
2407,0.37130988343834964
2408,0.3239841849222626
2409,0.6920392933127016
2410,0.4737606842133074
2411,0.8547503539082686
2412,0.6648082524176215
2413,0.7567678840085945
2414,0.46695921400961055
2415,0.684628997716849
2416,0.16669486568249914
2417,0.22238783129604592
2418,0.19624748256314087
2419,0.5506678942910893
2420,0.7089500291660646
2421,0.47694582231449467
2422,0.8634369920478759
2423,0.7717263712279576
2424,0.7829637587438738
2425,0.2459459161820931
2426,0.8601364515759221
2427,0.14307283855580943
2428,0.4022203748291325
2429,0.6480203592502639
2430,0.6681925921907099
2431,0.7565792151863038
2432,0.4286140168541545
2433,0.5473183988899337
2434,0.7641618556070293
2435,0.8205518393317612
2436,0.8235194747765144
2437,0.8916485081139452
2438,0.8083198779066022
2439,0.5369502985384945
2440,0.8176069480129853
2441,0.7705290253319506
2442,0.562399728094571
2443,0.7839951105577986
2444,0.7782733634701787
2445,0.296938214954183
2446,0.8625343558693904
2447,0.38624009849735785
2448,0.698649394388052
2449,0.2848357089976309
2450,0.2879879616279731
2451,0.7378525058967814
2452,0.8216964826925619
2453,0.689784517250929
2454,0.8717183407070002
2455,0.17620186342611696
2456,0.8642720759205349
2457,0.1573297859872363
2458,0.3097052399530685
2459,0.8003857772172791
2460,0.16816176223818066
2461,0.4011791629323498
2462,0.5783085048668813
2463,0.41867957384702775
2464,0.8317500512663276
2465,0.8392512624396937
2466,0.6074852175490407
2467,0.6422055032934502
2468,0.3053589884953039
2469,0.8884901543498518
2470,0.2866157982673962
2471,0.624956132839431
2472,0.49866885834817665
2473,0.5611401372029158
2474,0.8288197477977202
2475,0.6318926690394651
2476,0.2734962075443479
2477,0.6859907330261515
2478,0.7415138525184907
2479,0.8158131739960073
2480,0.7994189439873878
2481,0.7762125683091625
2482,0.5070332983886058
2483,0.6469362628838804
2484,0.3590483032250959
2485,0.32894467409393474
2486,0.42738248058894684
2487,0.4763727150951348
2488,0.1824472342258541
2489,0.8846354095798511
2490,0.6747826957208855
2491,0.7712473684344129
2492,0.8686796625840865
2493,0.22348632157810405
2494,0.5374509121735005
2495,0.18063983298379296
2496,0.8704393145896507
2497,0.7191436167130328
2498,0.8352411025907229
2499,0.22276511591541848
2500,0.22113496111584
2501,0.6785743563783345
2502,0.1318795796211462
2503,0.5480313951144226
2504,0.36472148014013345
2505,0.8206120617403379
2506,0.8344639820670877
2507,0.828490925202776
2508,0.2749909950847448
2509,0.20015806106843104
2510,0.5465543062609651
2511,0.14389269971087995
2512,0.656082864346368
2513,0.6495167626949417
2514,0.384061975885436
2515,0.35527141414403207
2516,0.6386315806661768
2517,0.8028568986352669
2518,0.09425798949746934
2519,0.7636822934792996
2520,0.7613061978749748
2521,0.31038465253550124
2522,0.7952247417586686
2523,0.2196570945865595
2524,0.7387711006027672
2525,0.8630051616944694
2526,0.1706381646449818
2527,0.5494480514200853
2528,0.7656353429499572
2529,0.8594866197129198
2530,0.7168757590639433
2531,0.17825485234389707
2532,0.4292794224402834
2533,0.25073175312625945
2534,0.6489614948374254
2535,0.33149955216037513
2536,0.36652112633504985
2537,0.3223833409946022
2538,0.822657182255393
2539,0.35492750996697614
2540,0.21631574485553257
2541,0.6521853117708623
2542,0.5770485986670153
2543,0.8132132597216148
2544,0.15743765110884336
2545,0.5783891455280847
2546,0.718021078127291
2547,0.4815695970965893
2548,0.19941970698948294
2549,0.4915380062434609
2550,0.7697666007651568
2551,0.3029588263199453
2552,0.36222871738066503
2553,0.5676260291321312
2554,0.7685826567449854
2555,0.7451053837243077
2556,0.11132747851887297
2557,0.17670117622724768
2558,0.8221467164504292
2559,0.32397421977555296
2560,0.3444224929756235
2561,0.5406711939094513
2562,0.8123982302573209
2563,0.7203721815687808
2564,0.33876332837120166
2565,0.47834252245345804
2566,0.8245748458655398
2567,0.19776053800412816
2568,0.7482213104638359
2569,0.48924754033982076
2570,0.31147047645842263
2571,0.44587323785580246
2572,0.7279065936038448
2573,0.24682504920077727
2574,0.7285164016200908
2575,0.38084875315996264
2576,0.11695777225849363
2577,0.44051992546062646
2578,0.6282967877170741
2579,0.47753247634504814
2580,0.32236427945227175
2581,0.32885833248169766
2582,0.6029360961577194
2583,0.6729658355309939
2584,0.5321999496249038
2585,0.3683526926818589
2586,0.4927902164057876
2587,0.21664039938428487
2588,0.2763092815397302
2589,0.5350188797665222
2590,0.21395800867659429
2591,0.8207851542665108
2592,0.43672921361074557
2593,0.7180181389890523
2594,0.38727025896831874
2595,0.12414832923696652
2596,0.4006595858885732
2597,0.1419367994790015
2598,0.48810791265966597
2599,0.679846262000594
2600,0.6963558881920937
2601,0.3912520416667858
2602,0.22629440197006867
2603,0.38141183634394915
2604,0.7471689395589012
2605,0.5999881234411609
2606,0.8843743262232324
2607,0.7795386370193222
2608,0.7873012616918045
2609,0.3055662891223066
2610,0.1540943634114627
2611,0.8768950854668545
2612,0.10801859566540245
2613,0.7204309761488145
2614,0.23107062839258147
2615,0.4296004213046266
2616,0.7605327536236801
2617,0.37023451564482895
2618,0.6794111635084897
2619,0.6056735579109591
2620,0.5503147463453788
2621,0.8713704976351517
2622,0.39329896393261427
2623,0.8049684767170074
2624,0.2638440580632228
2625,0.2915632435985667
2626,0.8683147029344662
2627,0.34415254938097667
2628,0.5546035848301604
2629,0.33564937757436286
2630,0.8892981412980598
2631,0.3627058578850652
2632,0.4237077479164537
2633,0.347534451603094
2634,0.38486249471332123
2635,0.2855428251417885
2636,0.5516935245258895
2637,0.3155105897104548
2638,0.789829039470094
2639,0.7698782161379178
2640,0.8315632464568872
2641,0.8450394559329447
2642,0.8118001593993116
2643,0.6748893072199171
2644,0.5924301317698915
2645,0.8589151705771332
2646,0.8725427135525362
2647,0.18517272987932293
2648,0.6943242102674124
2649,0.7912288902799093
2650,0.1401543545444271
2651,0.6980510375287531
2652,0.5175322096624094
2653,0.8296565973424961
2654,0.8214989686303562
2655,0.7093470504174227
2656,0.6760962913149134
2657,0.7665781819544775
2658,0.32984236647100135
2659,0.3471760098094195
2660,0.8247311697474831
2661,0.6085114235820341
2662,0.15540101670422252
2663,0.6219750370145375
2664,0.6716483190409508
2665,0.8207169393640972
2666,0.793976274459102
2667,0.5064488264480796
2668,0.7620610133595092
2669,0.7482343764650495
2670,0.6864200715912575
2671,0.7454538856748966
2672,0.25675492506441494
2673,0.1612627763698834
2674,0.5459249260346681
2675,0.1983444403063154
2676,0.17073837813725204
2677,0.7903493071074965
2678,0.6891127652491772
2679,0.7940919441080513
2680,0.6456816648674063
2681,0.8169237058333805
2682,0.16629047838872377
2683,0.4396376431886654
2684,0.1850419888024177
2685,0.6745439790740154
2686,0.5346064040060764
2687,0.8375485124151207
2688,0.6688673772047332
2689,0.8985150752855903
2690,0.5752277556753713
2691,0.484418196693873
2692,0.7150535394489934
2693,0.22934034073412907
2694,0.5011599480591026
2695,0.7603527069944906
2696,0.818806786179705
2697,0.2010549456479359
2698,0.5013681515771196
2699,0.20922298542427087
2700,0.8161045885706975
2701,0.32410233245745096
2702,0.30475649795796556
2703,0.5118892758681048
2704,0.39690261167126295
2705,0.36649940337738
2706,0.621492571774748
2707,0.8326246085926431
2708,0.8347538650237829
2709,0.8051047307032565
2710,0.15515592549354978
2711,0.6935499288767343
2712,0.1320620733622694
2713,0.2471734307920024
2714,0.8248574150211632
2715,0.10616242154897651
2716,0.38716693125259316
2717,0.6328538494954661
2718,0.18305657626123856
2719,0.45285663371350005
2720,0.5716429257704562
2721,0.7794198893752899
2722,0.21573381294679594
2723,0.8771902297743943
2724,0.7134237594533305
2725,0.14325622091229434
2726,0.14548675219352045
2727,0.6246908977278066
2728,0.5498358225091439
2729,0.33910447566036334
2730,0.7167978589018132
2731,0.6573396284028697
2732,0.8108828853399723
2733,0.8805880463125768
2734,0.632692690206681
2735,0.7021189386170535
2736,0.6243746211815288
2737,0.8301180473426825
2738,0.4256427198976019
2739,0.12552629380528849
2740,0.7059428654846831
2741,0.4869385563390848
2742,0.2991726801804998
2743,0.7711332655665845
2744,0.7535178302768143
2745,0.30199288051215395
2746,0.20535958808833288
2747,0.634510561777763
2748,0.28771025261455757
2749,0.584522169698549
2750,0.6576911202736935
2751,0.8223906668550449
2752,0.31191106424299075
2753,0.14253086463088374
2754,0.23803793458520509
2755,0.3770492171473239
2756,0.15752370503812013
2757,0.3445748590789511
2758,0.6621480117611468
2759,0.270131229589582
2760,0.2564054402037723
2761,0.7267132074490075
2762,0.24359127897208072
2763,0.8306855701946555
2764,0.48311042976642204
2765,0.18064210747348555
2766,0.16427897951795328
2767,0.35985995568589696
2768,0.35161024867669666
2769,0.2605814927674899
2770,0.41485780685246254
2771,0.4379801934512268
2772,0.7596333306635336
2773,0.6827040818795255
2774,0.4579023275734376
2775,0.8605276663853854
2776,0.2100559168212089
2777,0.7685467125648404
2778,0.2999443045166133
2779,0.11108940830784546
2780,0.7628632428846964
2781,0.19050612505097042
2782,0.796443467311902
2783,0.3491244171916175
2784,0.10991641620652659
2785,0.5489283931832013
2786,0.4590088628601794
2787,0.7131335673240192
2788,0.7250281331502296
2789,0.8485281358392882
2790,0.24995506163400227
2791,0.40123163381169524
2792,0.7901078587938218
2793,0.6287313945631167
2794,0.41212421272155336
2795,0.7049948583966
2796,0.5992992885557445
2797,0.47212314053530957
2798,0.6767625449949598
2799,0.5664850378234657
2800,0.5664089758599345
2801,0.7660229964051188
2802,0.5338057707858335
2803,0.5195633183709784
2804,0.09849876529238652
2805,0.6451144557861597
2806,0.23769831968692634
2807,0.8240502386929122
2808,0.8455338363513094
2809,0.6323945473877362
2810,0.1741401945306536
2811,0.13878669691397616
2812,0.6080025281378462
2813,0.6966325679431772
2814,0.6935054990708008
2815,0.8634503875774998
2816,0.2571903326480062
2817,0.13385888815675626
2818,0.3859828198659969
2819,0.7630156185046715
2820,0.729427362734352
2821,0.6678836649613406
2822,0.8204364225170072
2823,0.836210862916758
2824,0.7310668071874781
2825,0.29025664639266846
2826,0.6140718242355588
2827,0.8534541611140953
2828,0.785184519004176
2829,0.8584985048404039
2830,0.803549645539386
2831,0.2672821654673112
2832,0.7484121946335989
2833,0.2353232106116367
2834,0.23011930728871025
2835,0.5358508656106377
2836,0.7975815394096704
2837,0.16846592881993924
2838,0.34303010178182275
2839,0.7824019356447451
2840,0.29150883108875736
2841,0.5436870471952687
2842,0.2221645593186642
2843,0.37859653255330633
2844,0.23263235463819484
2845,0.5690629271907653
2846,0.1408007479351842
2847,0.8151094322189809
2848,0.4091300359902013
2849,0.1807767746361586
2850,0.7575650002495171
2851,0.24141870965509796
2852,0.18129139330292768
2853,0.4746995627759468
2854,0.2226720048492858
2855,0.4944743127479424
2856,0.13638417919462367
2857,0.3023206598695191
2858,0.6011012504990608
2859,0.2988946698913451
2860,0.7470235110207722
2861,0.7569738778300861
2862,0.41230678861349046
2863,0.3148836305022895
2864,0.813469632201703
2865,0.19502020099440753
2866,0.43200278540928433
2867,0.85976832595769
2868,0.685201059567117
2869,0.3066423917944768
2870,0.2964986588578819
2871,0.45036877333279285
2872,0.4279682792224459
2873,0.5047524769064539
2874,0.78090472827019
2875,0.8781192525014552
2876,0.6863136695778029
2877,0.8569560855779117
2878,0.6871803213004012
2879,0.21777099563033203
2880,0.20041583935380577
2881,0.35927679591910894
2882,0.4758528170438078
2883,0.8664174581826292
2884,0.12448675185978977
2885,0.1768329537387496
2886,0.7229022984875516
2887,0.4744961265176788
2888,0.3192268344821643
2889,0.3556571644582414
2890,0.887355196397013
2891,0.7584403889662702
2892,0.7948180419519688
2893,0.7273857895339083
2894,0.2918964025674932
2895,0.8146139078998182
2896,0.8398239712312712
2897,0.3730770959382605
2898,0.7814564281464653
2899,0.5539463149655861
2900,0.7545988469391344
2901,0.7692618373628737
2902,0.7154319807353575
2903,0.5689719216680539
2904,0.8784865251599046
2905,0.7521385533658196
2906,0.39293071381507594
2907,0.143862044048941
2908,0.49754903380449095
2909,0.16396920753445668
2910,0.767958618985802
2911,0.47412925566127206
2912,0.8315165937412423
2913,0.2690298499461951
2914,0.3880028421156946
2915,0.3222890823862226
2916,0.2812891814842913
2917,0.8409968357046018
2918,0.6476347038132397
2919,0.44371246777931345
2920,0.49255053417809014
2921,0.24896387274102078
2922,0.3780951152800903
2923,0.6281166043730658
2924,0.19756852622015955
2925,0.8423027898718327
2926,0.8265849715014242
2927,0.4202507472588259
2928,0.2999062589297366
2929,0.22718028604663357
2930,0.47721716719546525
2931,0.7059831297004973
2932,0.8955291316810141
2933,0.7489695435584351
2934,0.5885446810868213
2935,0.7678633029782687
2936,0.8418651439440763
2937,0.35687628640586894
2938,0.10904746417339697
2939,0.2363983633184108
2940,0.16662994844859283
2941,0.7773877478588926
2942,0.48289531006220615
2943,0.74128111558802
2944,0.2160085265263169
2945,0.6757054859372836
2946,0.7028234478697347
2947,0.2965579152150726
2948,0.3233168249718488
2949,0.8879898666268469
2950,0.2129398931816256
2951,0.30676499422113823
2952,0.22166664071566106
2953,0.2253879435349739
2954,0.14086949796436102
2955,0.5039899486592906
2956,0.3852915610076234
2957,0.8764730506527858
2958,0.1828277775754085
2959,0.5529930201215734
2960,0.888277273369196
2961,0.20163988212182507
2962,0.4860548795986918
2963,0.7722975515560104
2964,0.5559079987198629
2965,0.6697760348452269
2966,0.23341124422423518
2967,0.26412484156710364
2968,0.78686164514318
2969,0.16081637526942233
2970,0.20860675548343643
2971,0.2803801737869604
2972,0.8607646554741106
2973,0.8746877122140653
2974,0.2925022953202367
2975,0.1242268231157826
2976,0.8322394855498223
2977,0.17070467418066468
2978,0.7905439011863956
2979,0.6508675065065763
2980,0.7327022743532459
2981,0.5052146593290208
2982,0.8014195262727677
2983,0.7739935205787297
2984,0.32720748307067005
2985,0.49146059849146867
2986,0.48469243946552387
2987,0.7828066335298979
2988,0.8664998856672703
2989,0.8238688002933425
2990,0.7683712302628828
2991,0.1913797428832266
2992,0.4672337753180009
2993,0.42155766956423546
2994,0.1469915289197215
2995,0.6556934413425874
2996,0.3953366140492283
2997,0.8011544180122238
2998,0.552749180521788
2999,0.7496231698885896
3000,0.13437074565768586
3001,0.711051104815048
3002,0.3787202352024535
3003,0.7623001104996143
3004,0.7971188603730617
3005,0.7931933484286724
3006,0.7758915998939412
3007,0.7845894378494458
3008,0.7701379008280805
3009,0.5912233879641121
3010,0.6276114624855057
3011,0.2464876345891938
3012,0.5910693772002309
3013,0.23643545513257477
3014,0.8556896330127942
3015,0.7894054076520733
3016,0.7551260714425989
3017,0.6847203907217366
3018,0.4194514032429698
3019,0.6003411509522985
3020,0.7405801855269287
3021,0.4707364912769655
3022,0.14805182222113683
3023,0.27979192533171027
3024,0.17463791607330634
3025,0.6450191972816616
3026,0.5098708824683399
3027,0.3119134312194947
3028,0.7892920506719916
3029,0.3300630052641019
3030,0.6198034687821954
3031,0.12677726734673667
3032,0.8723119176707315
3033,0.1990593283877714
3034,0.6045557831179276
3035,0.7721641923151029
3036,0.28024115123232596
3037,0.32733080166279177
3038,0.5888527288975032
3039,0.8132624378768343
3040,0.7631250072108873
3041,0.8591658165565583
3042,0.6643111822817739
3043,0.693381832180809
3044,0.7573136271749439
3045,0.4074832479029683
3046,0.13794542709182375
3047,0.878588111313879
3048,0.46298661315834805
3049,0.1941562979882059
3050,0.8409699043880428
3051,0.8551633277028101
3052,0.5410026901137074
3053,0.7794751756091456
3054,0.7826096194479176
3055,0.37699797447209216
3056,0.22514639264241404
3057,0.34670400918880123
3058,0.6519815343044602
3059,0.7762464126770676
3060,0.3630720082811372
3061,0.7982821591540554
3062,0.4106558709444059
3063,0.2675386843097102
3064,0.4488006292777226
3065,0.6266341753468054
3066,0.5394617688478187
3067,0.7876673549966671
3068,0.26468970785344875
3069,0.6141650591093288
3070,0.775332282636053
3071,0.8436338250651075
3072,0.33996259799056006
3073,0.7300516789362743
3074,0.42492752179662424
3075,0.8199004268079888
3076,0.7104235599193477
3077,0.8243807768412861
3078,0.6893338457984667
3079,0.7998952853074481
3080,0.16687452713960624
3081,0.23359169916357203
3082,0.16931597952019167
3083,0.7446335077612577
3084,0.4621927085758125
3085,0.4784347409870083
3086,0.5434043312575892
3087,0.7886963602664262
3088,0.3886435193139744
3089,0.8421956163816309
3090,0.7686026329218183
3091,0.28785303887681996
3092,0.6911099408271347
3093,0.7381029113210068
3094,0.17167157066885066
3095,0.32531985208225017
3096,0.5093985851884905
3097,0.34665264124590406
3098,0.8049952190643257
3099,0.6850131888230361
3100,0.38972756593819574
3101,0.5703965322865369
3102,0.132728372065705
3103,0.407270619583245
3104,0.8477252022514989
3105,0.7918034598598391
3106,0.10546359064476679
3107,0.7171054816177284
3108,0.26152612227095207
3109,0.13978189135776997
3110,0.33546513598884203
3111,0.7384168165441553
3112,0.15134870931353345
3113,0.5299830345717832
3114,0.8342488103689343
3115,0.8049202050739297
3116,0.12339192850671339
3117,0.6285942340495047
3118,0.8225856750319785
3119,0.5736949298728548
3120,0.8296848551806553
3121,0.2202681282555286
3122,0.7239863724955946
3123,0.11504452339101835
3124,0.12516854610108283
3125,0.35944218715006826
3126,0.16980261101004732
3127,0.8205575343152096
3128,0.29062860034188137
3129,0.18041636054256982
3130,0.7523955984489125
3131,0.4568394709217551
3132,0.34726809394057817
3133,0.7470332119689599
3134,0.16270019738640903
3135,0.7910980513047139
3136,0.4380596825881786
3137,0.7689935348735739
3138,0.8453829654088776
3139,0.7405793818176689
3140,0.16209859642924238
3141,0.14288630702328484
3142,0.7818680905831226
3143,0.7968633236106782
3144,0.8005533076122026
3145,0.8076852531976728
3146,0.8130594712598884
3147,0.7662121920346485
3148,0.2518200221477307
3149,0.7646944108033633
3150,0.174646303187193
3151,0.12961176929648496
3152,0.49251786156667604
3153,0.36241788972911954
3154,0.8410319549601368
3155,0.3472482423694519
3156,0.7441007819817718
3157,0.7788708827420937
3158,0.827413245326952
3159,0.8327352310519507
3160,0.42982589014222805
3161,0.7944733005027038
3162,0.2598004710225493
3163,0.603062745430112
3164,0.5061978358002136
3165,0.7193321404130778
3166,0.8678865159937774
3167,0.22688740666093854
3168,0.23702667874349098
3169,0.6077343142457097
3170,0.8623834438182987
3171,0.7374886767447498
3172,0.2605951353465493
3173,0.7215300772794121
3174,0.5407966689716137
3175,0.8859693319181079
3176,0.8668751600932967
3177,0.6850970859867532
3178,0.1979733254473465
3179,0.8065573672583155
3180,0.6968311432070657
3181,0.47359276570914555
3182,0.6957619688619961
3183,0.8755774305334585
3184,0.1178571665036361
3185,0.2270255386542702
3186,0.6980581902556692
3187,0.18053359257343138
3188,0.8859780866558017
3189,0.7859829388911393
3190,0.689490442104418
3191,0.7570139767584526
3192,0.3796035077179301
3193,0.29673574544973974
3194,0.5185979565963906
3195,0.7787808463877028
3196,0.739370124491679
3197,0.44138384366903277
3198,0.44723776697620565
3199,0.7119712702637928
3200,0.1776652180259961
3201,0.7650205216686781
3202,0.3864999956869791
3203,0.40417408473423244
3204,0.5332425778144512
3205,0.8661914228078558
3206,0.703165580771543
3207,0.21555205548052767
3208,0.7158570019069702
3209,0.15096179208514493
3210,0.6916576796314446
3211,0.31306783641284924
3212,0.8188239272881079
3213,0.34819379563962366
3214,0.7142318637593387
3215,0.5070496797065195
3216,0.3074127251650482
3217,0.4393634138183933
3218,0.20126074080656028
3219,0.4176818885275609
3220,0.845508881190124
3221,0.5511205407512765
3222,0.7779491894732236
3223,0.7059541931001493
3224,0.7420209233821727
3225,0.2532027304094659
3226,0.6956288108358262
3227,0.8488077018269965
3228,0.6250808261014017
3229,0.10927793347798948
3230,0.7697534714108136
3231,0.7343282585141131
3232,0.7735439537799589
3233,0.37620767924584736
3234,0.715315851078163
3235,0.33156599074491305
3236,0.4698698610315042
3237,0.8774363542138086
3238,0.29761764264977436
3239,0.8255648945449979
3240,0.7516271630782372
3241,0.7576295435053086
3242,0.8421187847784299
3243,0.7411237332413448
3244,0.678047327817842
3245,0.7367546573893583
3246,0.5205945661564043
3247,0.8512722297996451
3248,0.8422041601610352
3249,0.6717806200294962
3250,0.231737589398331
3251,0.48551451731524065
3252,0.8237399061120738
3253,0.6057448687860016
3254,0.30196876321509675
3255,0.6955150397490577
3256,0.5166384231305285
3257,0.7366069055119
3258,0.6157863922964452
3259,0.5907499592675082
3260,0.5703249236741756
3261,0.32151143868195153
3262,0.24042431330875524
3263,0.11171591357903779
3264,0.7962546549674047
3265,0.5464310825458023
3266,0.8512595742275216
3267,0.22716547641186885
3268,0.8161322550553252
3269,0.16779849666593416
3270,0.5378564122276207
3271,0.8197284612615373
3272,0.1907128425055707
3273,0.2321577914802783
3274,0.16582931148516458
3275,0.19980269390674477
3276,0.8094178728494963
3277,0.39897584502217986
3278,0.44930362374552874
3279,0.723704479393222
3280,0.7679934094098388
3281,0.8011811692996993
3282,0.5300041188379371
3283,0.20650315296842958
3284,0.8577582053046957
3285,0.2948044961792012
3286,0.33195578191193315
3287,0.4472075146003477
3288,0.6171239830822774
3289,0.7298025688314029
3290,0.8841067622206336
3291,0.7234833757015403
3292,0.7529808097072086
3293,0.8456987840003416
3294,0.46021925164885047
3295,0.8326895431491734
3296,0.7430587451131203
3297,0.512648602970468
3298,0.1372292415764936
3299,0.28355110187796334
3300,0.24413108940211334
3301,0.133546057165745
3302,0.16541907977562983
3303,0.18166655855660369
3304,0.21312631329160406
3305,0.8227362249021462
3306,0.4482781891636892
3307,0.7672118106911887
3308,0.8233564359272595
3309,0.3167756887261914
3310,0.15034524563131504
3311,0.5859100793908496
3312,0.6549510284772805
3313,0.4912539384395895
3314,0.8033301995699369
3315,0.48419427394285747
3316,0.1629550619704708
3317,0.5586118756199056
3318,0.46618556974897873
3319,0.7454301196713394
3320,0.8571515777179632
3321,0.3610420624364071
3322,0.8431921916624645
3323,0.5256816641856448
3324,0.17628944404550803
3325,0.48069941119596876
3326,0.1443464119687861
3327,0.14404717311117132
3328,0.7080543066865707
3329,0.8841236500388989
3330,0.8278276176419889
3331,0.8722955010227511
3332,0.12309345968007625
3333,0.6744682889306444
3334,0.7578853556312919
3335,0.28606019634287216
3336,0.8048702217942658
3337,0.45528160823605246
3338,0.7515949199730084
3339,0.5761903186320577
3340,0.7698488027948219
3341,0.487730991607163
3342,0.5907697106089184
3343,0.35348255994085453
3344,0.3591547632693037
3345,0.2398346351739788
3346,0.7733640642855384
3347,0.846793963644052
3348,0.39303827304741734
3349,0.7677447440779472
3350,0.8362721564194717
3351,0.4446845941175195
3352,0.5939752994762331
3353,0.28992062226251586
3354,0.541977645564566
3355,0.7655223200737455
3356,0.7888556969588362
3357,0.7625323087412865
3358,0.14725599228189581
3359,0.7423575325925574
3360,0.11240955689107104
3361,0.5815435245286323
3362,0.7088742359536393
3363,0.6351415489050729
3364,0.4616762673026476
3365,0.657984189487761
3366,0.7961011216083397
3367,0.8458668708823374
3368,0.26200989494326604
3369,0.8544062797550638
3370,0.6177596653019791
3371,0.7322709031413988
3372,0.27066017266967884
3373,0.3399500119194059
3374,0.1826575305500632
3375,0.8135988441327575
3376,0.8532577506875569
3377,0.13758153294497286
3378,0.8474259713660793
3379,0.5839992596927722
3380,0.3194008411546108
3381,0.5617578122330519
3382,0.8709324371196635
3383,0.14823985026034942
3384,0.7651226311026488
3385,0.784242912521901
3386,0.8439978289667269
3387,0.3164015304896735
3388,0.4161062339927287
3389,0.2199421308668583
3390,0.22604751604727824
3391,0.5599633001772836
3392,0.23534403494649475
3393,0.8045939438133668
3394,0.7324934055105176
3395,0.4097000517843685
3396,0.16999867726435028
3397,0.21006078278098972
3398,0.16071801681585496
3399,0.26348029478268165
3400,0.5906167332346899
3401,0.8947142830006285
3402,0.4743947214824421
3403,0.1613151808607845
3404,0.5894093582442893
3405,0.23106262731197705
3406,0.32794316030382925
3407,0.4469154485542642
3408,0.6476553963773873
3409,0.7602668606176913
3410,0.6031776654047635
3411,0.3376049549695894
3412,0.7948101582014523
3413,0.15293163656962247
3414,0.22124842483067592
3415,0.7089741608803563
3416,0.7573541177815373
3417,0.1494162092760889
3418,0.2943691020743161
3419,0.31045620996632645
3420,0.8892149322329963
3421,0.1780701256554544
3422,0.814549280340884
3423,0.11944160819375121
3424,0.8771812610691421
3425,0.7056861011213542
3426,0.12787865308740237
3427,0.5795828153568011
3428,0.8186039100844659
3429,0.6713602431664186
3430,0.3714657372441515
3431,0.8507780192232501
3432,0.17800594624210017
3433,0.18902269070373143
3434,0.33536828638225624
3435,0.5309482216443532
3436,0.24334961772155017
3437,0.39530598389753985
3438,0.46281666806931976
3439,0.1061802793531298
3440,0.5928175962275188
3441,0.6386355408495562
3442,0.8212568488962102
3443,0.3266115640978706
3444,0.8448307359161185
3445,0.16574063111141785
3446,0.428690980393134
3447,0.6414578692744554
3448,0.5916176619020481
3449,0.7764072006087692
3450,0.12964783326938478
3451,0.47929104460166383
3452,0.8601715657274309
3453,0.8997122417441346
3454,0.5067031594527204
3455,0.1619714314789373
3456,0.4817358454954911
3457,0.75890435531952
3458,0.19770598785833868
3459,0.8608401255530229
3460,0.38912547875079795
3461,0.579166961106126
3462,0.14749704246929393
3463,0.7190615479885946
3464,0.5529709117200897
3465,0.43538230195801864
3466,0.7537374460848246
3467,0.12938307618270822
3468,0.15533667283246316
3469,0.28979424841721124
3470,0.6193948689739492
3471,0.5956623951547569
3472,0.780508273489926
3473,0.8670207791954584
3474,0.7330527752669566
3475,0.40794107604082147
3476,0.6520514884625905
3477,0.43580343501331825
3478,0.2932543639377039
3479,0.8733227997150028
3480,0.25949763020631633
3481,0.2772861227670107
3482,0.8405370708536202
3483,0.5160771481220237
3484,0.21072708367080542
3485,0.41949317856755763
3486,0.4454792300431579
3487,0.87250035145256
3488,0.8295412751284945
3489,0.2973269112155518
3490,0.7715194380332278
3491,0.8496964403931159
3492,0.8326718093447514
3493,0.8538167845739216
3494,0.4274060176891137
3495,0.7288787860980205
3496,0.5764326152565821
3497,0.7614759225679502
3498,0.16122963116413824
3499,0.12716264050815854
3500,0.27044665497969345
3501,0.4344322280487717
3502,0.492325468057509
3503,0.6686015053658235
3504,0.28892851169908945
3505,0.6191729424880007
3506,0.47176564875304616
3507,0.1846874172197467
3508,0.6599437971220882
3509,0.2684640666874323
3510,0.12405186616302807
3511,0.18725491183774093
3512,0.3634574392720697
3513,0.4335719541142096
3514,0.8549701364157605
3515,0.7842555582386381
3516,0.6434938849504547
3517,0.19330699803085588
3518,0.830247095405123
3519,0.2537073853094099
3520,0.8286143572039144
3521,0.8280159356473675
3522,0.5827061436225809
3523,0.7925417772999312
3524,0.8706240795541681
3525,0.7582131387782707
3526,0.7618284974152985
3527,0.6758264971174551
3528,0.7993804656508159
3529,0.2763955914895145
3530,0.45256317592261075
3531,0.14566489261810625
3532,0.38762072338673814
3533,0.4648031705682915
3534,0.7862443498685792
3535,0.7970238333256406
3536,0.19080831391697284
3537,0.6799489072098172
3538,0.7680811711323897
3539,0.6180478611584967
3540,0.30415653149367206
3541,0.34777204997317457
3542,0.1570269102297387
3543,0.44295193767952135
3544,0.3891304165061059
3545,0.8082707815326253
3546,0.31408029721524383
3547,0.5938446623856496
3548,0.8095349666648025
3549,0.8596133079534904
3550,0.446832939404264
3551,0.885394442106821
3552,0.29775897108282223
3553,0.6295440475300259
3554,0.23339525637746625
3555,0.694394387919287
3556,0.736359410202577
3557,0.46837051128763935
3558,0.7201527263275465
3559,0.2913760160283118
3560,0.616244089977496
3561,0.7530811293239729
3562,0.8961051785868223
3563,0.15659157245889443
3564,0.8493889259131238
3565,0.24260375325742695
3566,0.7269684721999194
3567,0.4584291466558586
3568,0.3925477436981303
3569,0.4411915000959116
3570,0.7535497830850882
3571,0.8338767778597267
3572,0.16781408984229151
3573,0.6175019386918009
3574,0.8093637412043927
3575,0.8446804637129606
3576,0.16741365261777838
3577,0.5502560357547733
3578,0.666262183096395
3579,0.7915311906716077
3580,0.593923273780126
3581,0.5944504748196101
3582,0.4040776221730389
3583,0.6383686639971141
3584,0.5733974757788619
3585,0.2983181165672396
3586,0.7307731501277918
3587,0.65665138928849
3588,0.6699724204289773
3589,0.18445434572194883
3590,0.8020799532867903
3591,0.43534248774148915
3592,0.12803048325035268
3593,0.7576448053799627
3594,0.13221679557656413
3595,0.8607490896598842
3596,0.2483436352874183
3597,0.6962610430621298
3598,0.13510941349836397
3599,0.225855066123083
3600,0.8645892042138124
3601,0.17141935796671803
3602,0.8931070317020785
3603,0.781534332006067
3604,0.6084450337456487
3605,0.601899561515137
3606,0.6799568326510856
3607,0.5419952358807227
3608,0.40461504358522304
3609,0.6572240083727603
3610,0.8185226941006536
3611,0.7510389062273894
3612,0.7381096497516451
3613,0.2332063123271711
3614,0.8530299430553149
3615,0.17630592284686306
3616,0.806528818330702
3617,0.3154661175327464
3618,0.8102926238766315
3619,0.8732450890028696
3620,0.5112506977318426
3621,0.18861652659018335
3622,0.4229863156382449
3623,0.8883309963968709
3624,0.842513813698179
3625,0.2255324137265777
3626,0.5541596976856541
3627,0.8287122982275439
3628,0.7751292450259548
3629,0.8591134105231089
3630,0.8232410219775406
3631,0.18847399425222564
3632,0.22894446231916785
3633,0.7946998751719613
3634,0.6826886182761664
3635,0.8471484076557438
3636,0.822541827170776
3637,0.6681979500572361
3638,0.8457542440895343
3639,0.500493039018155
3640,0.1682865411467061
3641,0.6636707026398505
3642,0.4241584652648371
3643,0.8540177776281956
3644,0.2603686255920768
3645,0.126457645023625
3646,0.824204816588731
3647,0.2833963767934969
3648,0.18119184478116881
3649,0.3668908275803985
3650,0.26577977958862814
3651,0.7647018770137505
3652,0.7832940435214166
3653,0.2594009648936839
3654,0.3870693187713632
3655,0.4397612884125015
3656,0.154866043531628
3657,0.7464803173524969
3658,0.6476622948335437
3659,0.6374759459857058
3660,0.7734407001792099
3661,0.31553805527497086
3662,0.17901964915072066
3663,0.609167040432254
3664,0.3189386484569658
3665,0.2029613180746066
3666,0.4097607407060371
3667,0.2402654252493348
3668,0.6722263944421035
3669,0.8242776213211414
3670,0.15963703766303158
3671,0.4531100831572474
3672,0.4122244288732533
3673,0.8491312001399991
3674,0.24354328206511092
3675,0.8388709904192794
3676,0.20165589801741668
3677,0.5546401839136404
3678,0.7839976721348944
3679,0.4051022092570744
3680,0.7801412741725439
3681,0.6330747297432628
3682,0.6290631899020064
3683,0.7400793439546186
3684,0.780080481432296
3685,0.8093555855024109
3686,0.41829061169713483
3687,0.5022717186291795
3688,0.6475796656712263
3689,0.6404357074234901
3690,0.45667812159674065
3691,0.8160400441649007
3692,0.7595087176972442
3693,0.148407287460613
3694,0.3034580007189615
3695,0.23775444303017307
3696,0.19934024219314567
3697,0.22586255116710777
3698,0.9004862647157588
3699,0.5568352268971983
3700,0.8571950683653935
3701,0.8724746908322811
3702,0.6173650099310984
3703,0.6557522810844617
3704,0.43709878401889973
3705,0.20407525379473043
3706,0.896039652126472
3707,0.5587904468757672
3708,0.8107570349602862
3709,0.685967232054018
3710,0.18995133702717448
3711,0.17078539607582505
3712,0.3515583650392247
3713,0.3951781108062527
3714,0.7432230857117078
3715,0.34545023786782564
3716,0.7765531796246
3717,0.26116612126748995
3718,0.2948873084653579
3719,0.837227678650181
3720,0.6176862677826399
3721,0.21347048508656438
3722,0.3470206480339019
3723,0.7554550210202078
3724,0.3204750828094886
3725,0.16831071818077825
3726,0.8226621209854018
3727,0.17185196290196095
3728,0.34436901046613666
3729,0.3805131603413036
3730,0.20868633957105664
3731,0.32113826567400006
3732,0.3343217255790126
3733,0.648612115035695
3734,0.5810405313975652
3735,0.847775712782194
3736,0.8627712762402608
3737,0.8321981834019014
3738,0.20635128583995632
3739,0.09400566837326504
3740,0.5161144381095729
3741,0.8017013544849584
3742,0.5152393727598984
3743,0.8714754371600946
3744,0.8058346882211728
3745,0.5423217452582371
3746,0.7244202050703242
3747,0.7636674217410782
3748,0.12711696014880838
3749,0.8222746289477355
3750,0.23212703225222994
3751,0.6249857199430294
3752,0.21944156768694523
3753,0.6594266180482334
3754,0.8985987257068787
3755,0.7183960765233991
3756,0.13322913616112156
3757,0.751527924621991
3758,0.7624344925268618
3759,0.7918793702142815
3760,0.5002209652423253
3761,0.45503583594788505
3762,0.15049963531806537
3763,0.7696211139270444
3764,0.43144784765824507
3765,0.5204035420320304
3766,0.2555204846305251
3767,0.7576067791157673
3768,0.2758083834426454
3769,0.786345060516898
3770,0.865714705373037
3771,0.7166902104676296
3772,0.8766462250320263
3773,0.6998983657296455
3774,0.7960294062387858
3775,0.38038706424896174
3776,0.8087584743150393
3777,0.5616288012378626
3778,0.4548524349712422
3779,0.8167452392427412
3780,0.7512652464803173
3781,0.19623459006467772
3782,0.8676500599691503
3783,0.7956021696830102
3784,0.21608347947480533
3785,0.7056646392673266
3786,0.41656297053742053
3787,0.7232798764869625
3788,0.6879332589994903
3789,0.738838828769116
3790,0.8058005087051054
3791,0.2304296205143047
3792,0.11929464413419812
3793,0.5118100410458719
3794,0.7503213930723944
3795,0.48325643968323784
3796,0.12083282056154532
3797,0.4773523282069173
3798,0.54047209970363
3799,0.612968331689328
3800,0.2783758442493412
3801,0.18664148890966156
3802,0.8807159761801094
3803,0.18971862240713921
3804,0.28954295318040596
3805,0.1633383570519926
3806,0.4695436722864508
3807,0.8551445964775315
3808,0.5235282590123849
3809,0.47891111245603374
3810,0.38108950855359913
3811,0.7401374345274886
3812,0.8492301333522362
3813,0.4118440564436152
3814,0.7074173731179006
3815,0.20601671998136661
3816,0.2522621697053039
3817,0.44234222617044805
3818,0.7930546216703745
3819,0.6388757662690601
3820,0.8803737370955751
3821,0.19520904363029046
3822,0.32848150506968343
3823,0.21659679351740369
3824,0.7872617151983936
3825,0.822205260266702
3826,0.13623916353325272
3827,0.1504740575858648
3828,0.5123940096671982
3829,0.4090135575217387
3830,0.4130096020556087
3831,0.7354412276723791
3832,0.2037717627030099
3833,0.3297646918477859
3834,0.1614889660782704
3835,0.17269890221020284
3836,0.47510867237979726
3837,0.7951495770509155
3838,0.7257232978974458
3839,0.21851061588132306
3840,0.8469941314631524
3841,0.3778011853429591
3842,0.8390682967805119
3843,0.6140010978155747
3844,0.5011587892780793
3845,0.3373430471518804
3846,0.8265854322679789
3847,0.4508761788707487
3848,0.4506734232908473
3849,0.87764644455293
3850,0.3313000898697184
3851,0.802003930959655
3852,0.5553527916994637
3853,0.39194347853306266
3854,0.24118038449389734
3855,0.5977126239416398
3856,0.8169781002324832
3857,0.8852310770907892
3858,0.48163213996974563
3859,0.6169801673365961
3860,0.7023219696248652
3861,0.8261767741626982
3862,0.5428962833046623
3863,0.8484314767743265
3864,0.3447825993248356
3865,0.428164125170836
3866,0.5068281970319373
3867,0.13644272387345013
3868,0.5987162346187695
3869,0.8366073444169326
3870,0.17290773605275403
3871,0.22807573420852842
3872,0.7090233001891714
3873,0.20233311247395952
3874,0.274072366764571
3875,0.17108561305401712
3876,0.4616740986850614
3877,0.5354110722651552
3878,0.6442880388165418
3879,0.6213711382696364
3880,0.2612300077413689
3881,0.2624309059151958
3882,0.3529924317217263
3883,0.616940610749015
3884,0.28991470554600546
3885,0.5017144198568285
3886,0.6402978794934425
3887,0.8353233246120353
3888,0.45652436427594556
3889,0.5820927454125633
3890,0.5946885985121781
3891,0.6226987509063493
3892,0.3982629381521899
3893,0.5033851316266318
3894,0.7918759061630904
3895,0.8203698142945006
3896,0.493495385486316
3897,0.21670789333858154
3898,0.4797204312115321
3899,0.7324807344188914
3900,0.13318799853240657
3901,0.7457230028569345
3902,0.5046240021334791
3903,0.11810739715385632
3904,0.2130290795710341
3905,0.570253385454893
3906,0.440457629665973
3907,0.6513795555888313
3908,0.6346662609421492
3909,0.8486461263484143
3910,0.23936137715683653
3911,0.3827587573108786
3912,0.8090452061479741
3913,0.8587416407535895
3914,0.12457409150266253
3915,0.6794238934438509
3916,0.6787573826261583
3917,0.8145184417138575
3918,0.6377241937926841
3919,0.19618590890987567
3920,0.7409800548360309
3921,0.2821167654548662
3922,0.8155565306214869
3923,0.764316632615164
3924,0.7013086051097732
3925,0.872215651842575
3926,0.46785122015074315
3927,0.7025395176455993
3928,0.8570966558561339
3929,0.1929571006109742
3930,0.7100020229397283
3931,0.7847906815765624
3932,0.13394573724167352
3933,0.16795929672585327
3934,0.8339904210737099
3935,0.8031414548143749
3936,0.8630785673311601
3937,0.8206917212895786
3938,0.7087371283962723
3939,0.5299761334253191
3940,0.2670049736052422
3941,0.1367238264379952
3942,0.40497339369031116
3943,0.21399275514133173
3944,0.8019504036696206
3945,0.16844591506345422
3946,0.1655528873136056
3947,0.26538763783034264
3948,0.8340242299494138
3949,0.8220795501237357
3950,0.4799004633300664
3951,0.5280905427820803
3952,0.7464273190385158
3953,0.5370200360566217
3954,0.28894059139099243
3955,0.3178100417185587
3956,0.5832725897737636
3957,0.7469768578330507
3958,0.12370389947560784
3959,0.15915077731015284
3960,0.8745200880737334
3961,0.8310208476948642
3962,0.7460070261973705
3963,0.353306939657729
3964,0.49438427289977915
3965,0.26636959580694985
3966,0.43466699152622296
3967,0.2085933832976113
3968,0.7737272917038414
3969,0.7135443288770567
3970,0.5486289788753514
3971,0.8783248605122291
3972,0.4790062934822944
3973,0.41686808144649956
3974,0.83717346662881
3975,0.6769594242289668
3976,0.5123477402196255
3977,0.5801521234446929
3978,0.25584916082461695
3979,0.1981680386658119
3980,0.790792245430382
3981,0.2838611025074666
3982,0.2237697990769887
3983,0.19786592818815107
3984,0.8536380228534275
3985,0.537316842356688
3986,0.4459490119290479
3987,0.7673480829838722
3988,0.8459447055712599
3989,0.7271843778594678
3990,0.3317356267205684
3991,0.6650727662858414
3992,0.24729645504056708
3993,0.7875095347014023
3994,0.3442769385040378
3995,0.6396193601628993
3996,0.3097360718194464
3997,0.3643809724091484
3998,0.3903570792542937
3999,0.7915758623280884
4000,0.4035690740379695
4001,0.29157523662701845
4002,0.43299077359718
4003,0.680458966771866
4004,0.33602317898470285
4005,0.3049539230330471
4006,0.22730305606104428
4007,0.8290076051965114
4008,0.8507593539062561
4009,0.2740360644434167
4010,0.4824139760686612
4011,0.44767879143882305
4012,0.23248545494886722
4013,0.16917616745467798
4014,0.8351511221314298
4015,0.2782515763973322
4016,0.4940191993496478
4017,0.7346191771710514
4018,0.8333012495886793
4019,0.6029223648395218
4020,0.7653705064405893
4021,0.6704781742261802
4022,0.4367451447448534
4023,0.818399312061973
4024,0.6740043492934217
4025,0.19599543062598423
4026,0.826246578784539
4027,0.6524356495852901
4028,0.3654954395768789
4029,0.24437137673699322
4030,0.3872316105711463
4031,0.3576440983410918
4032,0.2719299887591987
4033,0.784614751459068
4034,0.5178317113706231
4035,0.17318402316647494
4036,0.7462357719720424
4037,0.8372991184084775
4038,0.7737711681668429
4039,0.16402067098113757
4040,0.6215116730588427
4041,0.2649259980366412
4042,0.18860957200520875
4043,0.3417779409736727
4044,0.4586281027984969
4045,0.1890160282062624
4046,0.8580934822495825
4047,0.5828183901620843
4048,0.22018279809292315
4049,0.5125963841955129
4050,0.8402664884314572
4051,0.8536805703698711
4052,0.6535044738069741
4053,0.8063853327555459
4054,0.7518321244753868
4055,0.49960306212190275
4056,0.4102206903921318
4057,0.8242924027687797
4058,0.5577925237356729
4059,0.34751476848392265
4060,0.8191433812477587
4061,0.3824140688085554
4062,0.8940343823048076
4063,0.23878257486402768
4064,0.8192603855007272
4065,0.5118584444201327
4066,0.3740950143375531
4067,0.13179609495590996
4068,0.21779610023799015
4069,0.5700592506161991
4070,0.3216100504232574
4071,0.15818095593802184
4072,0.15722387965498452
4073,0.3082936423262757
4074,0.8677253068722912
4075,0.18560342946277167
4076,0.49046311759013117
4077,0.17054469168380534
4078,0.23935645422526602
4079,0.6466250981822662
4080,0.6452725260835342
4081,0.6177807795807435
4082,0.5777410498303418
4083,0.48747782177540955
4084,0.8384479025939211
4085,0.6807231513351002
4086,0.2063296834028834
4087,0.4307893092106302
4088,0.8249068534366262
4089,0.3628776905032421
4090,0.4652165289931366
4091,0.2795062856712585
4092,0.8146531664293297
4093,0.5490195179083929
4094,0.39180452956871015
4095,0.27222751572706755
4096,0.5907214392209104
4097,0.34195647735214424
4098,0.8576664581787903
4099,0.6221079953058096
4100,0.49170606173264
4101,0.5725053464428695
4102,0.5419262524044786
4103,0.1595420435737993
4104,0.2598523024138573
4105,0.6778837944026929
4106,0.678662880961682
4107,0.564925867737399
4108,0.25705321627480476
4109,0.7722771393549525
4110,0.3256788982979775
4111,0.8840806682530078
4112,0.18886365318794457
4113,0.7785280700632189
4114,0.8120616833343249
4115,0.6526175842936719
4116,0.7609701529130042
4117,0.7844722716435555
4118,0.7330968337762807
4119,0.8585612410665167
4120,0.7813699720751768
4121,0.7939679203222386
4122,0.8213074479220643
4123,0.5095226519507274
4124,0.8191123907443234
4125,0.2689315282149484
4126,0.7443755990445732
4127,0.14936791242225717
4128,0.26249092583270595
4129,0.6146106470092505
4130,0.10696398302547806
4131,0.29104985861221094
4132,0.8272108209583983
4133,0.22563243535801178
4134,0.15556015134492812
4135,0.8238845552745437
4136,0.858108983749144
4137,0.572954091211275
4138,0.6928423315012403
4139,0.23138638927623636
4140,0.8130504082774263
4141,0.7694035227724059
4142,0.7341195034625363
4143,0.1357022448933578
4144,0.5243907877875957
4145,0.19952987695728966
4146,0.48789875059465804
4147,0.42130166687897974
4148,0.6857269190602694
4149,0.6456858058868487
4150,0.2482714687899084
4151,0.1168452703136779
4152,0.47848702129041765
4153,0.8657589737795783
4154,0.34816625973897675
4155,0.304153050747184
4156,0.7882335927818807
4157,0.6679742420649852
4158,0.8840894096524851
4159,0.23359865868521287
4160,0.7659169443916031
4161,0.4773801091269345
4162,0.6553737450450074
4163,0.725045842887883
4164,0.7880991062343764
4165,0.7928169856747151
4166,0.7389433894569222
4167,0.8549027011558641
4168,0.17719420096987407
4169,0.658671323163739
4170,0.7872493849840569
4171,0.22674225934817877
4172,0.8188455277677316
4173,0.5393597273556482
4174,0.2621029076995847
4175,0.16131914728772642
4176,0.7661320034006136
4177,0.1816512727293158
4178,0.7189618448225014
4179,0.30454626713818006
4180,0.1654463576059842
4181,0.7954615617519656
4182,0.49069930350734137
4183,0.16860383932748618
4184,0.8412649230463607
4185,0.6890893107358033
4186,0.5697665317097578
4187,0.2903929018561042
4188,0.10976490689753561
4189,0.7997192623697957
4190,0.624603781421783
4191,0.6368226834651102
4192,0.42998217753445794
4193,0.6192683508735383
4194,0.21958645660938453
4195,0.6666806419926378
4196,0.32158156324439197
4197,0.43532834919853913
4198,0.5307228037091244
4199,0.35255577346129646
4200,0.7161102256332482
4201,0.7292334250867772
4202,0.21165672926071524
4203,0.37464895205730897
4204,0.12773298662393492
4205,0.8488453774933785
4206,0.5185250394060208
4207,0.2724680073251498
4208,0.4836052596997764
4209,0.7934673861103149
4210,0.7511308083043634
4211,0.2781618169254266
4212,0.644848211380912
4213,0.1402251511138317
4214,0.7701918539624619
4215,0.7032366629642264
4216,0.5746424898769408
4217,0.4687677723471442
4218,0.8538206292786378
4219,0.6001285051557613
4220,0.5154030117479238
4221,0.39710531427320583
4222,0.1283389356292399
4223,0.2782114378935123
4224,0.4389260777623778
4225,0.7301052680362912
4226,0.7946328431749532
4227,0.36912881388716473
4228,0.8033488327305516
4229,0.8607257897713365
4230,0.8786140086296766
4231,0.7392663351967589
4232,0.7454012616855688
4233,0.783220284795523
4234,0.8471630084623253
4235,0.18091800523510385
4236,0.2411833562400579
4237,0.592761278965717
4238,0.21804711144142178
4239,0.5583453264062561
4240,0.8212069432567083
4241,0.8265849479437228
4242,0.5190521385711554
4243,0.11978290534325725
4244,0.7606442856609736
4245,0.5145613794011904
4246,0.515601449945683
4247,0.8519680678233581
4248,0.4382540825358835
4249,0.22164976940410686
4250,0.16945810779054368
4251,0.5932265285645143
4252,0.2624196692527209
4253,0.6955723203313964
4254,0.2577971126567435
4255,0.23869956435855075
4256,0.11683932126842052
4257,0.2980952115683069
4258,0.8225845740193223
4259,0.593888311548382
4260,0.8228452906092283
4261,0.7247315251119317
4262,0.37086912100307723
4263,0.6463079208367285
4264,0.31320209530004306
4265,0.7422775891411989
4266,0.8537379022676355
4267,0.14896848671206173
4268,0.601436184610276
4269,0.6135782607732249
4270,0.36408914086225413
4271,0.7867358714256788
4272,0.21839936646197922
4273,0.15918508032261824
4274,0.7496654222631253
4275,0.23021131168323591
4276,0.21356921341912152
4277,0.29797784130690363
4278,0.2937804990431166
4279,0.6074115505564077
4280,0.3737716006514792
4281,0.7717961281132806
4282,0.094649203690516
4283,0.8343961393946322
4284,0.33472689310748477
4285,0.6938830552780665
4286,0.30773009069368623
4287,0.8542872341037382
4288,0.2912639230420984
4289,0.5338564598323061
4290,0.5538063185139456
4291,0.47096269798372614
4292,0.12107124299652723
4293,0.6689855501138576
4294,0.8572845272247882
4295,0.4543324302187602
4296,0.8509913812533496
4297,0.8573688536510791
4298,0.5255540740133479
4299,0.19911195392875844
4300,0.4673963233816343
4301,0.38228122776847734
4302,0.14954157709187554
4303,0.35454872374105967
4304,0.21720097515543926
4305,0.31975171732878477
4306,0.268521322523961
4307,0.822531618320507
4308,0.5884965631560686
4309,0.43293349389077684
4310,0.6469775601030238
4311,0.556677150694731
4312,0.25493528327674914
4313,0.2106605369311494
4314,0.6011515089071767
4315,0.22010876744306554
4316,0.16562570029234908
4317,0.7866229431032628
4318,0.16134160599346944
4319,0.8695250005987691
4320,0.7679196902114329
4321,0.3916938745512489
4322,0.6121648786469384
4323,0.6001194334096521
4324,0.7599046688702578
4325,0.8663653063690648
4326,0.44640315663618235
4327,0.12556297585490983
4328,0.1777600993044506
4329,0.1171292415276504
4330,0.2800355834771608
4331,0.7932841187715884
4332,0.8589051154278227
4333,0.5960606854512153
4334,0.7246793032223514
4335,0.2002670509618093
4336,0.6534874845807154
4337,0.2191034766362883
4338,0.7777395685167936
4339,0.1460576940129453
4340,0.1529848389143504
4341,0.3642578424091429
4342,0.28729821554474105
4343,0.22346003127334804
4344,0.7562914395362748
4345,0.46770983934861987
4346,0.8086107359145956
4347,0.8275812752010745
4348,0.5253699863243938
4349,0.243806766269324
4350,0.7411852525833117
4351,0.37969545176911423
4352,0.6331545869163092
4353,0.8016801631654669
4354,0.8898401934736275
4355,0.8423993014943172
4356,0.6411316565824874
4357,0.48786567632565325
4358,0.2186642896861913
4359,0.3439481005438817
4360,0.28620793828041086
4361,0.10700785343607014
4362,0.5366011490016075
4363,0.24338432909983188
4364,0.09520228230028066
4365,0.7410112716671354
4366,0.14677942784338072
4367,0.8894715236567854
4368,0.4439593793236235
4369,0.17044400379488192
4370,0.7090934273386952
4371,0.24277117923987473
4372,0.8697057520947469
4373,0.3467065399003241
4374,0.17521322630026884
4375,0.24263922775938968
4376,0.8626454152827947
4377,0.3568274917398401
4378,0.31424265044893746
4379,0.7281784068029241
4380,0.38517142323946685
4381,0.8588549751633278
4382,0.322032531025716
4383,0.16744408151524953
4384,0.36402495845689214
4385,0.8343413747401119
4386,0.45292730363332545
4387,0.35590734379133937
4388,0.2710253438570775
4389,0.6229904859622379
4390,0.4383550472258827
4391,0.32494363621927763
4392,0.8085580954362994
4393,0.8907904207999713
4394,0.6395931063949287
4395,0.8663777226227831
4396,0.8023023336335893
4397,0.39521724669330616
4398,0.18931152683866914
4399,0.19715194215476722
4400,0.9020550843426369
4401,0.6741029792516471
4402,0.7629099783376934
4403,0.15560160586231156
4404,0.3261047948207723
4405,0.2006130149211969
4406,0.37903474904070095
4407,0.5052697395925746
4408,0.17943701899168055
4409,0.21908207719780037
4410,0.7687039959563802
4411,0.293975920234475
4412,0.17672877409897503
4413,0.5899550143869138
4414,0.4503248479314037
4415,0.6388600919225408
4416,0.83319717393239
4417,0.8179426957466622
4418,0.47028939565022
4419,0.19214422593391056
4420,0.7033647825914159
4421,0.778601879549874
4422,0.1871926701109784
4423,0.8458322064782603
4424,0.3034425787230716
4425,0.8910794116457406
4426,0.812499408418814
4427,0.8297354995827022
4428,0.4043445874995093
4429,0.8511209539050727
4430,0.11187238075290934
4431,0.735218652947066
4432,0.7700875317538793
4433,0.6990896212602965
4434,0.09727221426212981
4435,0.8318066439156532
4436,0.8288666627377065
4437,0.7911379118587416
4438,0.7748108774740506
4439,0.272018721861963
4440,0.45487228875306385
4441,0.6941593406674328
4442,0.6294130500715625
4443,0.4483160480696793
4444,0.7384944657033391
4445,0.2869756513761835
4446,0.6572833864288181
4447,0.14865312803034858
4448,0.7163533083129511
4449,0.42442838164250046
4450,0.2565232737644655
4451,0.8008339586635033
4452,0.629435349352552
4453,0.8474731810569436
4454,0.6632385748774868
4455,0.2321747150671455
4456,0.1811721857980479
4457,0.5620067411981049
4458,0.6227614616686615
4459,0.2658406014800522
4460,0.5466377354225743
4461,0.751737013266532
4462,0.32403403806299313
4463,0.30550898086288797
4464,0.16752446171685248
4465,0.15483474530628802
4466,0.385985654802932
4467,0.7831851537775351
4468,0.46935978197786976
4469,0.7267167641869899
4470,0.8213797119932466
4471,0.3285545875541717
4472,0.1326622441782494
4473,0.589987869935234
4474,0.848214841065161
4475,0.216774820842605
4476,0.8470961424126855
4477,0.8061112427298547
4478,0.7460490582484257
4479,0.6645404549310254
4480,0.7738566603713484
4481,0.3212251509997401
4482,0.6708852560849125
4483,0.7229367407010379
4484,0.8483905138828256
4485,0.32592344584789823
4486,0.5541904813620613
4487,0.3796393571964115
4488,0.1594684181990294
4489,0.835766672504163
4490,0.23402006771907552
4491,0.8971529084441043
4492,0.7859956852681391
4493,0.4774180039753871
4494,0.6827370205869345
4495,0.4020766445177221
4496,0.4776689797529683
4497,0.16444773860274797
4498,0.6010980938490676
4499,0.8510881968049144
4500,0.7140517728213864
4501,0.7540855184477187
4502,0.8265009306781924
4503,0.7506294872424228
4504,0.39048581378576136
4505,0.17345314938668124
4506,0.3045824269641968
4507,0.8414982750464592
4508,0.8659121919690339
4509,0.8536642475986702
4510,0.6910634678555828
4511,0.329819262319671
4512,0.660534676455789
4513,0.8779077379771287
4514,0.3762684414309681
4515,0.8114924422888616
4516,0.8369643650687701
4517,0.31851847610747797
4518,0.7964380734330478
4519,0.11720006137423962
4520,0.2473734218812466
4521,0.7787318390660365
4522,0.23872300265478918
4523,0.16390136993379215
4524,0.6682788780933794
4525,0.2952179153484612
4526,0.3079880393126014
4527,0.21878254614334341
4528,0.4387418359107434
4529,0.3184420265863909
4530,0.28991986708760176
4531,0.11817996150754577
4532,0.8062134806251817
4533,0.27561907253038503
4534,0.8364171728984191
4535,0.48367809350363944
4536,0.4348997194702522
4537,0.6783092730663537
4538,0.8709667325601442
4539,0.12249881626195432
4540,0.12144138647971162
4541,0.21820604403621768
4542,0.5718620056733499
4543,0.743881522410034
4544,0.8361523306192191
4545,0.787696887509513
4546,0.42547037734730675
4547,0.753916698960531
4548,0.4628715381885392
4549,0.8474502315003878
4550,0.235971218028814
4551,0.5558202941380008
4552,0.8528120533174534
4553,0.14549527821226244
4554,0.7949543582441234
4555,0.8418049601781519
4556,0.8495798499946319
4557,0.5049761530988268
4558,0.31725184343899915
4559,0.32846463064428566
4560,0.4582290257452908
4561,0.841836809852279
4562,0.17842585134165587
4563,0.8862159772809187
4564,0.7806889624822587
4565,0.6893928604618543
4566,0.6826222975919328
4567,0.7323692615207966
4568,0.3846627801873388
4569,0.3706701664101998
4570,0.8207404595166554
4571,0.21601225967790819
4572,0.2911308581122111
4573,0.7455133720259967
4574,0.8796274893193614
4575,0.5810184783565514
4576,0.6063684217620805
4577,0.8011700482210021
4578,0.2242198304828252
4579,0.5765884959145354
4580,0.8413748345348353
4581,0.2219298329058344
4582,0.8064386937961283
4583,0.7046822164778487
4584,0.829459220796352
4585,0.827910255909273
4586,0.39305178850291167
4587,0.6578751801868432
4588,0.7286088741134794
4589,0.45429778128801757
4590,0.8742277739189792
4591,0.8835607606853328
4592,0.35918853079367025
4593,0.8019196330586255
4594,0.18903756686911635
4595,0.3930016309822396
4596,0.5993282704368994
4597,0.654160904239573
4598,0.8174951621207198
4599,0.6395209723310472
4600,0.5993429992666782
4601,0.3001801127727632
4602,0.802372670903791
4603,0.6210727460964179
4604,0.8272428549685362
4605,0.20711060409404033
4606,0.7659609325882726
4607,0.367587727338411
4608,0.653092692297345
4609,0.2610177528170868
4610,0.5193624985741201
4611,0.5499913356434238
4612,0.6508562191692014
4613,0.6509283989975408
4614,0.24615795862485151
4615,0.4205320342951518
4616,0.6973464582539352
4617,0.11335389304311996
4618,0.8511443039314723
4619,0.2485891619863859
4620,0.6521305411904423
4621,0.24105580735439244
4622,0.4146120482383937
4623,0.7080608346436725
4624,0.48932833398010334
4625,0.1907209231777583
4626,0.26382254109111775
4627,0.35349649775834124
4628,0.3588715185862205
4629,0.3502308366680432
4630,0.38784983277099305
4631,0.5614220101687689
4632,0.8593874541856956
4633,0.17172383106821054
4634,0.6685254995205475
4635,0.19399284716480825
4636,0.1553571386766718
4637,0.7514217578675452
4638,0.39312249400315435
4639,0.7767405062164707
4640,0.6783896597150361
4641,0.8167219953480731
4642,0.4634110108042374
4643,0.49227266387402224
4644,0.5802773470313322
4645,0.8488763261182147
4646,0.23693043797276636
4647,0.22596280151501624
4648,0.8323058659704323
4649,0.33919615191977515
4650,0.3354132455585312
4651,0.36805685335586474
4652,0.691567108987972
4653,0.8038354086925308
4654,0.7973022589938836
4655,0.1648722569832519
4656,0.17967494747805574
4657,0.13128614391749982
4658,0.6342875730581651
4659,0.6007380880792516
4660,0.2057005701069921
4661,0.5835864670004257
4662,0.5595677775855114
4663,0.7749273154400595
4664,0.8129652677087308
4665,0.8095564967908749
4666,0.707190216089039
4667,0.6589140607556898
4668,0.5150690358075114
4669,0.2252741383387757
4670,0.7827705329285408
4671,0.552452361660806
4672,0.3383983498611956
4673,0.4523275513151066
4674,0.3305995751271128
4675,0.25488390017136203
4676,0.7077982238342341
4677,0.6674463856752139
4678,0.6551447526420744
4679,0.32117696763004006
4680,0.6174166592099494
4681,0.7851642504946263
4682,0.7528420885094088
4683,0.7441524473318294
4684,0.48133419361122387
4685,0.6921609452958215
4686,0.3915183776314338
4687,0.3940010581803719
4688,0.3411143683745714
4689,0.34001586186133653
4690,0.2910279713460677
4691,0.8262003158083262
4692,0.8707125786591992
4693,0.7050703322938943
4694,0.8261188014371352
4695,0.34665692098437184
4696,0.40490540052762214
4697,0.7444803738604603
4698,0.4003136372867937
4699,0.3284434154704185
4700,0.5436251894122598
4701,0.12058065053224457
4702,0.32278143142438026
4703,0.42360499914799726
4704,0.6257323473018229
4705,0.11259676052296419
4706,0.3718841521669299
4707,0.30670529459370316
4708,0.38897063722304764
4709,0.5031275072075487
4710,0.8303018325978262
4711,0.7681531365294919
4712,0.2775317046693075
4713,0.6558523687864084
4714,0.19290582397134334
4715,0.48220118000092904
4716,0.4115935933002769
4717,0.7840303053866171
4718,0.5218334089938544
4719,0.6645112517332906
4720,0.3369645160428167
4721,0.3001704597097244
4722,0.587750806743959
4723,0.7338650292968535
4724,0.22347969697378406
4725,0.6800922672159257
4726,0.7115583301391665
4727,0.31083293218862545
4728,0.7613861329500005
4729,0.2160100360349479
4730,0.75237071164895
4731,0.7427535719101529
4732,0.7898022234571752
4733,0.33251025918207794
4734,0.8025239841990732
4735,0.19979699032040948
4736,0.7761071241374876
4737,0.8002730987540161
4738,0.4293463792242037
4739,0.6935462752581621
4740,0.7659356638256185
4741,0.28786894445362976
4742,0.6788729833693
4743,0.593006490425067
4744,0.8041245148370397
4745,0.7411318772754059
4746,0.8739252886760125
4747,0.8660227668644491
4748,0.18052769664161125
4749,0.6397517479533503
4750,0.8680996450825887
4751,0.3024974100920072
4752,0.09755610306308315
4753,0.7643494269256896
4754,0.6769619722236287
4755,0.14260403259007448
4756,0.37387071136251987
4757,0.7970385147269946
4758,0.754822487564072
4759,0.5186975938104262
4760,0.6294289844901289
4761,0.6908739705346322
4762,0.447231594099329
4763,0.2915594145166956
4764,0.8768376986522393
4765,0.6474403990138421
4766,0.678249065059685
4767,0.8223468463320236
4768,0.44481212297067363
4769,0.7305754601372265
4770,0.6166861182235516
4771,0.4404667682408393
4772,0.49103345704883095
4773,0.7228326295908848
4774,0.2011442472360568
4775,0.4208822234409145
4776,0.8056433068098352
4777,0.7255483401442265
4778,0.7102230127342463
4779,0.7444873772420092
4780,0.8651033088185818
4781,0.5741274917874365
4782,0.17794121043023156
4783,0.13303504333236094
4784,0.7245818842573019
4785,0.8114934159970684
4786,0.2336202070750968
4787,0.533845016349292
4788,0.28487878905995195
4789,0.870420361530424
4790,0.4739275403606139
4791,0.258547637467368
4792,0.14172218060774572
4793,0.31073176503624084
4794,0.45047927871265603
4795,0.15675144902279572
4796,0.6583264322403831
4797,0.22670481589914196
4798,0.6754860383209257
4799,0.523591682272463
4800,0.30481570202710795
4801,0.3837690812983823
4802,0.7930761890587004
4803,0.8149260637248779
4804,0.8490870156040038
4805,0.8265066959796494
4806,0.8224305221455825
4807,0.6471204548422558
4808,0.8695524015507512
4809,0.8466872172952047
4810,0.774750562967369
4811,0.5558126725533591
4812,0.8566595496078584
4813,0.7355130241230493
4814,0.6515158101492861
4815,0.8552168155786111
4816,0.6969627839086725
4817,0.1928873169621208
4818,0.2159399191414914
4819,0.23478918271011642
4820,0.15203213638304758
4821,0.5941422538853222
4822,0.8292611215391901
4823,0.44914057142525854
4824,0.8154007987771528
4825,0.729000106375829
4826,0.26406454605852797
4827,0.30786470465571286
4828,0.7863629065638027
4829,0.7665076759067859
4830,0.8366572406354009
4831,0.8396319071876771
4832,0.116649389559676
4833,0.8158852963586578
4834,0.12315315767819575
4835,0.639745085910053
4836,0.173034611957847
4837,0.5077294462123576
4838,0.7368988286785239
4839,0.7461543170755278
4840,0.8356776993698294
4841,0.7334198192932644
4842,0.2288111045081301
4843,0.5146558362339021
4844,0.2400090673087007
4845,0.4353725105995353
4846,0.783020400501317
4847,0.16422350623692472
4848,0.878446370145423
4849,0.8175194911133131
4850,0.36047423558590574
4851,0.8292669041036159
4852,0.33950301873876537
4853,0.8623570095192248
4854,0.19987371174697488
4855,0.733555675831708
4856,0.780005468031128
4857,0.23712343420302603
4858,0.8673433319080881
4859,0.6422732989276262
4860,0.7109706032391889
4861,0.1697767062618808
4862,0.24483959689831292
4863,0.5778329026732201
4864,0.19914103914951303
4865,0.7094676593162226
4866,0.5021681724503685
4867,0.15000574362693958
4868,0.657022512735158
4869,0.8047081961216703
4870,0.5722837070916477
4871,0.12133925457360825
4872,0.21161839899480173
4873,0.8543094479220263
4874,0.7844058395893216
4875,0.3692248924455092
4876,0.6743248917378404
4877,0.8675212598829254
4878,0.3701887801587176
4879,0.5084870635503038
4880,0.6897093361347517
4881,0.46908719988197983
4882,0.3048431928230829
4883,0.16970652447961385
4884,0.8454973543248407
4885,0.7808110685741001
4886,0.8120002247960675
4887,0.14791243542204757
4888,0.7736862887650726
4889,0.24579425138424474
4890,0.5386986700117082
4891,0.680580813832655
4892,0.798651125989501
4893,0.26081646766519445
4894,0.21774321504564403
4895,0.8272644544457236
4896,0.2894595821316624
4897,0.5914240985898328
4898,0.16250483194246157
4899,0.4206459517665966
4900,0.5064408855657464
4901,0.5056426824463747
4902,0.7545245043363082
4903,0.16995019282160465
4904,0.6488242034231572
4905,0.6798540494563449
4906,0.13581470304687016
4907,0.7677275987223029
4908,0.3863915339327552
4909,0.2331279539990526
4910,0.41675862872693753
4911,0.5638131151994878
4912,0.7477292883101158
4913,0.8089950330749779
4914,0.801504836660891
4915,0.2428598048576511
4916,0.13359476085483288
4917,0.37633936755281994
4918,0.3060767375445797
4919,0.6927434943556415
4920,0.5554620197031734
4921,0.8293322620623262
4922,0.5568043555002794
4923,0.5720723480217992
4924,0.5591691189068827
4925,0.8135642628080778
4926,0.1342153503060686
4927,0.8584569942160032
4928,0.15618350804311237
4929,0.804224044274799
4930,0.46474324161835845
4931,0.29445648944983416
4932,0.254146691061846
4933,0.3988965986190698
4934,0.35758484179600847
4935,0.30273572313640595
4936,0.8837465046909089
4937,0.13945345008458485
4938,0.4165039305484704
4939,0.5751059389180934
4940,0.5562833327908935
4941,0.788593394283474
4942,0.15067375020153792
4943,0.1785172006666192
4944,0.6422157453734985
4945,0.1413756682615961
4946,0.25916095739154954
4947,0.6831790968241799
4948,0.10581961156226113
4949,0.5023800008640043
4950,0.8307612418263773
4951,0.13887791174368377
4952,0.5243323414178008
4953,0.5761626553971099
4954,0.7816940103571328
4955,0.2856212484626467
4956,0.633389823914886
4957,0.860934990229945
4958,0.22762575591644799
4959,0.5373959466520959
4960,0.6542495787396373
4961,0.7605864977443306
4962,0.4609602979639137
4963,0.14387249018184042
4964,0.492998838851871
4965,0.5306124489000035
4966,0.8556315316498926
4967,0.2291381415791006
4968,0.21783713011467637
4969,0.3175487124840227
4970,0.7963249079325903
4971,0.7789946722252955
4972,0.23415273315337196
4973,0.17605302414702165
4974,0.5027487255863603
4975,0.708064135256783
4976,0.7774836344457061
4977,0.5340309294879158
4978,0.3789736078252564
4979,0.7653149961698839
4980,0.8910061242379654
4981,0.8246554320440357
4982,0.5876451051159691
4983,0.8216159426350789
4984,0.8791088811135828
4985,0.694113649027368
4986,0.7881678556421114
4987,0.16513799634716314
4988,0.8267926150215164
4989,0.420870349611041
4990,0.6308154289763505
4991,0.6857644975222371
4992,0.7618731923191542
4993,0.8028423201216213
4994,0.16254665478457758
4995,0.21682172028733618
4996,0.703202881511206
4997,0.8131815799024673
4998,0.5036047814313019
4999,0.8123344387210994
5000,0.43893753317248985
5001,0.390755244727796
5002,0.4249254201513759
5003,0.7351087249936118
5004,0.5750133755861483
5005,0.15907418937169338
5006,0.8212031480765434
5007,0.8456464475696696
5008,0.6123598831939048
5009,0.7816589504206908
5010,0.17138704606629176
5011,0.2843761390419055
5012,0.7933976675887101
5013,0.8044576623708857
5014,0.8202787834566343
5015,0.4257633732024108
5016,0.7566442207507633
5017,0.860613945370551
5018,0.8215938693413999
5019,0.8907248914908482
5020,0.8562346176324289
5021,0.19898515253819088
5022,0.4987893219332445
5023,0.5955304874348949
5024,0.19904183217100335
5025,0.4620271740257527
5026,0.6403853425998737
5027,0.5484107552080008
5028,0.8157511592092297
5029,0.6052971107616173
5030,0.30433550242887686
5031,0.3994901651744627
5032,0.30573837666022097
5033,0.3360340127212528
5034,0.7713156997116932
5035,0.5461409049183057
5036,0.856120226114176
5037,0.4886099779403349
5038,0.8691501516485814
5039,0.17996997537931503
5040,0.2525020967242742
5041,0.8177862563736296
5042,0.8776750225140495
5043,0.6637196675180569
5044,0.3622026320415428
5045,0.16997635393838928
5046,0.880053193638233
5047,0.7576485448258437
5048,0.3333312866878804
5049,0.5494123110876596
5050,0.8255563245280813
5051,0.235259486483287
5052,0.3752720337650784
5053,0.41742689394190857
5054,0.3038379645439997
5055,0.8246671402554785
5056,0.6698217510542462
5057,0.8455014435830788
5058,0.11465796467565778
5059,0.8120002168619207
5060,0.7252427109705535
5061,0.2138630596408463
5062,0.47900590261784043
5063,0.2873468561780985
5064,0.6764903076564378
5065,0.23550040497257518
5066,0.8508195985405904
5067,0.4002690373082044
5068,0.43878208741287245
5069,0.8255829578745577
5070,0.5308306351354736
5071,0.8270840889943211
5072,0.24039720043331658
5073,0.7898745118685014
5074,0.8056653794927584
5075,0.8168605879542489
5076,0.6303726077484046
5077,0.8814356662751701
5078,0.7499174599530709
5079,0.19154299722106383
5080,0.32098783544453335
5081,0.3166478900786121
5082,0.33168913613041323
5083,0.8237388663230678
5084,0.8108825056855251
5085,0.8974719792585766
5086,0.1538214665415007
5087,0.7430026488833943
5088,0.46224936061535954
5089,0.11956658387816055
5090,0.7637188872100338
5091,0.8392178972537017
5092,0.3083170541419316
5093,0.7536106227186503
5094,0.4602587980720563
5095,0.13437306935599552
5096,0.7268729400111875
5097,0.8398286152278257
5098,0.14121753484258698
5099,0.7115017717330955
5100,0.813423733818041
5101,0.5482542784118064
5102,0.38604293280036894
5103,0.8485366845567028
5104,0.26859979206670753
5105,0.18740257140443148
5106,0.21512481478206483
5107,0.8497932810968372
5108,0.8316748439184691
5109,0.45013882403136174
5110,0.3942201062624776
5111,0.30035444147493423
5112,0.33972990383681734
5113,0.8360686220162261
5114,0.251899713258332
5115,0.4781141423260564
5116,0.16308209732846843
5117,0.7129095857635254
5118,0.7425398848422649
5119,0.6981940961151701
5120,0.1906553928246341
5121,0.6379824507839166
5122,0.09322241078496041
5123,0.8089636826524198
5124,0.18051656986961828
5125,0.18731162219765765
5126,0.2173225080250456
5127,0.09480680434601978
5128,0.3998347070040684
5129,0.800062144842479
5130,0.1808829974816606
5131,0.5974609544983372
5132,0.8442288404774325
5133,0.2451164918396449
5134,0.15780430189425967
5135,0.7439970602449216
5136,0.8204161194036081
5137,0.5522213416241067
5138,0.651897672811423
5139,0.7371147078220067
5140,0.3576538933696702
5141,0.704350554114575
5142,0.2815727307342655
5143,0.8464222970129056
5144,0.8435544960418951
5145,0.8444033218133475
5146,0.8478431391782746
5147,0.8289651779449663
5148,0.8509195537431141
5149,0.5177184679462495
5150,0.6602597085142424
5151,0.6665535526487538
5152,0.3660758584481522
5153,0.7580487609639016
5154,0.7483206262069952
5155,0.1333332688613839
5156,0.4443374617623038
5157,0.2606039667524714
5158,0.12997044042495345
5159,0.4083265834384478
5160,0.27068840649668585
5161,0.7530088281846683
5162,0.39808730315870594
5163,0.661295320119602
5164,0.8214415043692229
5165,0.21589196977830613
5166,0.32524036045964994
5167,0.2236746709918375
5168,0.58296022757277
5169,0.2836327596833212
5170,0.4217055832849126
5171,0.1325260620449107
5172,0.3625871153735637
5173,0.7984540630103574
5174,0.8072089330461112
5175,0.24773819748863218
5176,0.821753864371154
5177,0.7322605631469047
5178,0.7205777237234466
5179,0.6235255225591686
5180,0.5663323410450387
5181,0.8488968852098713
5182,0.37375607481000245
5183,0.20865963946078306
5184,0.21255929091843728
5185,0.5462137242434377
5186,0.5271897344925627
5187,0.6528236794130678
5188,0.32369638224904956
5189,0.47322471322687554
5190,0.7035232336638316
5191,0.8584680234051345
5192,0.13555291615241405
5193,0.7186738125413534
5194,0.6302713173852155
5195,0.33517623716760303
5196,0.8933905854827694
5197,0.8572297093213472
5198,0.34320715529878437
5199,0.8677502444500291
5200,0.17641868644596156
5201,0.3789443594165688
5202,0.8360527172929173
5203,0.4326686560310574
5204,0.835616321467165
5205,0.7391371112519622
5206,0.11878928627522561
5207,0.8770775081574238
5208,0.8875182479895489
5209,0.8061801530527253
5210,0.19164077247384548
5211,0.8011443426706365
5212,0.6749397683581281
5213,0.26755337043881067
5214,0.5278323238006143
5215,0.09533015558590557
5216,0.26193490643341394
5217,0.322908359608511
5218,0.8137378453333595
5219,0.41663098611846594
5220,0.6282463709281209
5221,0.36812606613558024
5222,0.8637475055264856
5223,0.6595268380551013
5224,0.8797516130343965
5225,0.8564716399814541
5226,0.13589261096830554
5227,0.8809394168252872
5228,0.7436665548493943
5229,0.6997382012058321
5230,0.7314536847944983
5231,0.11979142238047885
5232,0.1624172965839418
5233,0.2523452769983719
5234,0.306986890584091
5235,0.5465802650325244
5236,0.4899891524297506
5237,0.8599733871527713
5238,0.36030700901969054
5239,0.8286684693307027
5240,0.4158437382337695
5241,0.7855558243947773
5242,0.6363691040724181
5243,0.5322369039055219
5244,0.83356766523732
5245,0.6048484348406717
5246,0.8238213020308587
5247,0.3164422122237572
5248,0.8811854436496104
5249,0.63616742268693
5250,0.7698867705688879
5251,0.7458552720161991
5252,0.8105721556314276
5253,0.42603362105455134
5254,0.29364592971488074
5255,0.6230996791593856
5256,0.6503104472619968
5257,0.696716401746697
5258,0.5306716457408184
5259,0.36825436757556484
5260,0.18049823014617403
5261,0.5963062540606673
5262,0.19388207099051588
5263,0.2028375211090705
5264,0.6273817028334754
5265,0.2756858094886697
5266,0.24356856537945326
5267,0.8782499842117832
5268,0.7842547312381862
5269,0.6411964327010414
5270,0.8376163881199337
5271,0.7612657959912656
5272,0.24460039218616347
5273,0.6059402959400747
5274,0.6109530854729873
5275,0.8430498504912312
5276,0.36553875682019604
5277,0.5011961139059942
5278,0.8145240034018582
5279,0.2412476990333357
5280,0.8255944354252055
5281,0.8168270190136775
5282,0.3997274712899767
5283,0.8329613198415944
5284,0.3971762152559729
5285,0.4043804308414387
5286,0.7899431498458338
5287,0.5957327113574058
5288,0.1046029535054532
5289,0.6067903004805498
5290,0.7302708831773826
5291,0.6120732800772698
5292,0.5397960790734511
5293,0.20347806319731876
5294,0.6668171649032447
5295,0.49255465136517806
5296,0.28776397022074357
5297,0.44284428025042377
5298,0.45869822713687125
5299,0.6238528097389144
5300,0.8424087307017094
5301,0.8258778330335173
5302,0.5955290788632497
5303,0.6642588426420087
5304,0.6816003201569544
5305,0.8653114074552151
5306,0.36202310769012347
5307,0.696348750670617
5308,0.826696038578991
5309,0.5964109684834442
5310,0.8694953616123868
5311,0.6058826153126816
5312,0.49212864609592843
5313,0.18202451414127677
5314,0.7436543862778809
5315,0.19915784444058712
5316,0.5258941788944521
5317,0.1753838826904155
5318,0.23201797852417594
5319,0.50058163609287
5320,0.5332026479701317
5321,0.27781231376337073
5322,0.6310932085013935
5323,0.13766167695138207
5324,0.489208933857922
5325,0.1163037208501934
5326,0.7989207857243741
5327,0.8189148526747481
5328,0.785055458597424
5329,0.4435161734547904
5330,0.3250170811134345
5331,0.8231344048295617
5332,0.09826602885705037
5333,0.443868120148002
5334,0.7435127313747326
5335,0.1340233465225389
5336,0.5126487414207255
5337,0.865062250988321
5338,0.4766004461551718
5339,0.5089160488145447
5340,0.1818622956040537
5341,0.11192781523708331
5342,0.7657627839287366
5343,0.49325248758461304
5344,0.7276283542294458
5345,0.8426405381732982
5346,0.7101571650265197
5347,0.7752131723767144
5348,0.5812715161640478
5349,0.20755514445242473
5350,0.7141044558987913
5351,0.39476144424529014
5352,0.9001720410113825
5353,0.5587758293644481
5354,0.8462440631297277
5355,0.7089361517385152
5356,0.7145677546423702
5357,0.7544985449245363
5358,0.7168169991329638
5359,0.10849732636395881
5360,0.10553082682788512
5361,0.17504376439779568
5362,0.2670541620013918
5363,0.5357488268967532
5364,0.15965553941052582
5365,0.4221922045760707
5366,0.39313685928686853
5367,0.8108761120050559
5368,0.770001018863666
5369,0.2681776792144915
5370,0.7786717755539333
5371,0.7787254392525469
5372,0.36383849944163377
5373,0.3158127387341774
5374,0.3013220437610302
5375,0.860842903325665
5376,0.2426284128195015
5377,0.8031640720478914
5378,0.16548709990713056
5379,0.27236935153502445
5380,0.7092545619558799
5381,0.19660183478027496
5382,0.8690138882421237
5383,0.24909105397173253
5384,0.14848299839526843
5385,0.31725542214964103
5386,0.5722080794678527
5387,0.4421579043355874
5388,0.7408793534300069
5389,0.7830535027645549
5390,0.2418154448102352
5391,0.7026030756508131
5392,0.23177352836642495
5393,0.7778934448884933
5394,0.8414042438848048
5395,0.7789199841551058
5396,0.39651856609690905
5397,0.09867970552597181
5398,0.1839518525800981
5399,0.7659930584508565
5400,0.2102391749359644
5401,0.4625052646477166
5402,0.19049934596944354
5403,0.5091501318046019
5404,0.34882961966337483
5405,0.8507360682380067
5406,0.30795983811236766
5407,0.4515896998066138
5408,0.8892188818567885
5409,0.8024326343929586
5410,0.34224420719180343
5411,0.8018874922513765
5412,0.784494412825949
5413,0.8429441277748237
5414,0.6933298582712278
5415,0.2099289103091897
5416,0.3116276022379874
5417,0.41433092974695906
5418,0.8024242363625051
5419,0.6790954760746412
5420,0.6403101500325331
5421,0.6168363121617711
5422,0.14996557117119272
5423,0.8519316183728461
5424,0.8795756186499233
5425,0.7925991536666996
5426,0.8740063533894916
5427,0.15446799143380652
5428,0.12782486399394177
5429,0.2639189294954601
5430,0.34652815161459793
5431,0.8492120550025439
5432,0.7850272254913908
5433,0.8672614335716128
5434,0.8479636895385225
5435,0.41731019195960306
5436,0.4040961567882484
5437,0.6379135101669761
5438,0.7304990912810367
5439,0.506185970899547
5440,0.8363473416941354
5441,0.5701194594495983
5442,0.29363554592844426
5443,0.7257489305353387
5444,0.7854043406982321
5445,0.7902060410599091
5446,0.45493745176042083
5447,0.25188680087781123
5448,0.11744610896883152
5449,0.8440159889072818
5450,0.767194240839482
5451,0.2642830884919991
5452,0.3561795231892528
5453,0.8508699871767211
5454,0.7942342077982696
5455,0.47351106500839385
5456,0.7983822432721721
5457,0.8633349490217327
5458,0.5832383830753743
5459,0.19369679000469592
5460,0.7067820311150279
5461,0.4121358428095977
5462,0.3329371619294523
5463,0.10153396690592371
5464,0.5641903239527812
5465,0.6094379050114133
5466,0.8030358111992798
5467,0.6584677003874305
5468,0.11698741845242057
5469,0.49523280472912257
5470,0.8601818789021117
5471,0.18224874345286965
5472,0.20575990928850907
5473,0.8331303455254696
5474,0.3348840909693012
5475,0.14570393881123295
5476,0.8519466520653576
5477,0.3404996612349192
5478,0.1228232596038355
5479,0.31380880369704955
5480,0.49986487741690844
5481,0.13358309900687665
5482,0.21571804830545144
5483,0.2975275719524462
5484,0.17176524302122256
5485,0.20215998750102135
5486,0.584093251184221
5487,0.7453959864475711
5488,0.362833844966571
5489,0.3987360350908976
5490,0.5061637315302292
5491,0.6644622294069916
5492,0.480471368273138
5493,0.8802924110966448
5494,0.12687862814576117
5495,0.1857127632577372
5496,0.6981356614353976
5497,0.7561217031453806
5498,0.31294034681468763
5499,0.663532191055843
5500,0.8113337853080852
5501,0.501339972552358
5502,0.20911428758856473
5503,0.13200934786427954
5504,0.696530580987551
5505,0.13721200201170897
5506,0.8400366801646195
5507,0.705156341594316
5508,0.5471300459507575
5509,0.42934256907876606
5510,0.79569941718164
5511,0.20738228071509715
5512,0.4317687112966378
5513,0.5431851760284607
5514,0.1538640091325014
5515,0.22653107226301844
5516,0.32390922421846413
5517,0.13205317622747034
5518,0.1557359317051709
5519,0.7444024013884286
5520,0.12161265999123075
5521,0.19546689400092165
5522,0.8671195758285065
5523,0.12181975777346506
5524,0.7319075460952635
5525,0.8788496422234242
5526,0.7618311187585141
5527,0.7888950458766492
5528,0.6490359146654968
5529,0.21347574473338318
5530,0.8228939158317137
5531,0.8164087704412231
5532,0.8382418738309259
5533,0.8539087689757199
5534,0.45241710482339664
5535,0.6578090373752067
5536,0.2435166544332436
5537,0.44909901770978655
5538,0.1728067041549078
5539,0.17133665367969939
5540,0.21660621034369204
5541,0.17219781112977323
5542,0.5534211541796957
5543,0.8552597472589643
5544,0.8352769889916991
5545,0.779168523274725
5546,0.38137249666087414
5547,0.24554494701527013
5548,0.8011403416155294
5549,0.26126582205477605
5550,0.7898162334469219
5551,0.2015403945107954
5552,0.3707934247431526
5553,0.7458852021778092
5554,0.44795048492036516
5555,0.8129067790879416
5556,0.8808072016281201
5557,0.18901033017656707
5558,0.7395834317063839
5559,0.3159380085758821
5560,0.16014353854434668
5561,0.3709171767147607
5562,0.3633332056757139
5563,0.2865282749102417
5564,0.43366624761345673
5565,0.3360488106337055
5566,0.843827060624924
5567,0.8681743743296046
5568,0.8575432080963815
5569,0.20287404818797286
5570,0.8538258679879693
5571,0.4955671428547711
5572,0.5286867755303429
5573,0.8569008451599283
5574,0.18932464756419856
5575,0.6394409803953408
5576,0.8414361326304354
5577,0.7694457982167096
5578,0.3885488105895913
5579,0.8901069205323173
5580,0.7849108734108543
5581,0.7858583955182789
5582,0.42331764092084095
5583,0.2546829630372272
5584,0.886798488672582
5585,0.3393935701426575
5586,0.38373671076098503
5587,0.254200564182544
5588,0.741799280271226
5589,0.482973597398095
5590,0.8983450563947477
5591,0.17309096002840751
5592,0.8050900441628757
5593,0.8530916195505862
5594,0.8190255017420662
5595,0.3780624944985356
5596,0.8195665286243085
5597,0.5744735003680347
5598,0.7959517112820638
5599,0.45878635293806647
5600,0.6878924034508734
5601,0.42893327511729307
5602,0.7325328872603436
5603,0.1600336445018393
5604,0.7730300560579423
5605,0.7655617817281117
5606,0.6423413641912535
5607,0.42757986021331557
5608,0.5773575569367556
5609,0.8321418120992959
5610,0.2701302492447164
5611,0.5090522781811645
5612,0.7388958109105654
5613,0.6946703495209664
5614,0.3148844757452883
5615,0.23015662281272925
5616,0.6146740673545014
5617,0.5805754409521237
5618,0.7552679409256481
5619,0.4730437080414652
5620,0.36886585331061633
5621,0.49809941947697356
5622,0.6055039083098032
5623,0.8354764353458122
5624,0.8484883947954349
5625,0.1819408238853079
5626,0.6133901454638552
5627,0.49304139768475097
5628,0.484742492213731
5629,0.5157658972923761
5630,0.7650404491326932
5631,0.3223347670205762
5632,0.3808672569323373
5633,0.20891550416492954
5634,0.7754198188439607
5635,0.8092062493200312
5636,0.350632313564088
5637,0.5363197480986891
5638,0.6698968976891726
5639,0.6683947983440132
5640,0.8342210600446447
5641,0.6772771549178987
5642,0.823248279488707
5643,0.15749410373841927
5644,0.5597162141262623
5645,0.49174707112336385
5646,0.26711018354083854
5647,0.5256755796470233
5648,0.6458713994074456
5649,0.5836647405689622
5650,0.3602494655692297
5651,0.13322927045384628
5652,0.6032571768187974
5653,0.7579148917851666
5654,0.5898761170641653
5655,0.46041284938797467
5656,0.1352720001366976
5657,0.6131571960181109
5658,0.3095429619200355
5659,0.6125213970526406
5660,0.1736533982026851
5661,0.19856981218328362
5662,0.1501113125404206
5663,0.831594880262227
5664,0.8503591159930265
5665,0.2596863151683465
5666,0.7938310095257893
5667,0.7561508829959
5668,0.7421122731554833
5669,0.4393956137505408
5670,0.7253708846127852
5671,0.8314938548104676
5672,0.8649583955498894
5673,0.19926600050851428
5674,0.335221330080078
5675,0.765154219162965
5676,0.26205607320105784
5677,0.4757746332330227
5678,0.16147139594035537
5679,0.7618242059947582
5680,0.8467077921307289
5681,0.6348937714865849
5682,0.8371520085939241
5683,0.11844609582420497
5684,0.8070285029552172
5685,0.8703352005459217
5686,0.4815731456942638
5687,0.8146539720951067
5688,0.178586633560505
5689,0.8793162529420147
5690,0.8805569384771326
5691,0.23257742205649062
5692,0.20850457304633285
5693,0.11824665580192917
5694,0.5626234981235307
5695,0.4685852285960397
5696,0.790623842904284
5697,0.24424141058048057
5698,0.6812027449775034
5699,0.5921767984872995
5700,0.6817785753244405
5701,0.22003331657609443
5702,0.24417618649657669
5703,0.446728552532547
5704,0.8713970910872265
5705,0.8328545280936472
5706,0.8438568363799849
5707,0.5746357165963419
5708,0.7781038682070035
5709,0.8450634053835216
5710,0.3934178110300376
5711,0.13149078793123706
5712,0.6542102855280172
5713,0.525456774084129
5714,0.3475582373149742
5715,0.7927412064349644
5716,0.6846388399319506
5717,0.31330704028181683
5718,0.6359396699463701
5719,0.7414598935074819
5720,0.8777142583554638
5721,0.7025727072173176
5722,0.5284536412715818
5723,0.630154312002191
5724,0.2764309401635721
5725,0.6477700477404501
5726,0.38356386947959265
5727,0.23425274153368378
5728,0.1907566593429165
5729,0.17639114160423627
5730,0.5293507057137511
5731,0.5227889458043933
5732,0.8508792490122505
5733,0.33502506421567807
5734,0.4668461643680293
5735,0.11941315381368009
5736,0.3324595105198442
5737,0.6042935226874592
5738,0.6497686330200657
5739,0.1971962378332569
5740,0.1934154318630115
5741,0.5172617273333383
5742,0.7571638419849358
5743,0.32309531605008923
5744,0.20140921349522883
5745,0.7834157182499437
5746,0.6214933830452406
5747,0.8641717544478045
5748,0.6545999158089428
5749,0.8230126733014809
5750,0.7650659403954763
5751,0.15965079894269
5752,0.8544646160405016
5753,0.8424376148942649
5754,0.32207854952570036
5755,0.7087380183963008
5756,0.7308781268248548
5757,0.5182259061702161
5758,0.43019664734230334
5759,0.3514494251597266
5760,0.5403015879996391
5761,0.8122591322206721
5762,0.6300111592186863
5763,0.2531873617359048
5764,0.5610324498615745
5765,0.2091164636594217
5766,0.2407370550877696
5767,0.7356524704815312
5768,0.46074479258808665
5769,0.1935195506078821
5770,0.6619472653187221
5771,0.3035371815503079
5772,0.6320442693719455
5773,0.8485417614562609
5774,0.6772197213828941
5775,0.13110455454838413
5776,0.6511970264551422
5777,0.8757373133498596
5778,0.7870915142571036
5779,0.17233184431114926
5780,0.7543853973724103
5781,0.20453199831079663
5782,0.24418381227451635
5783,0.5192681514834658
5784,0.7943060145948798
5785,0.7884022116423609
5786,0.3387282132326843
5787,0.5498329697177816
5788,0.2960764190496545
5789,0.44320805564175636
5790,0.28139468662975103
5791,0.18558602538493654
5792,0.8676850329455096
5793,0.7358671278947612
5794,0.820839721946069
5795,0.5235037545730112
5796,0.7680379986040431
5797,0.17222461893403246
5798,0.7742006870451863
5799,0.18037322733031022
5800,0.8549350818612199
5801,0.48135939103487996
5802,0.37313698006926566
5803,0.34399345105477
5804,0.836066758828506
5805,0.7722454364059466
5806,0.19886559307423765
5807,0.7894896879191495
5808,0.8427662566082914
5809,0.6883290707612333
5810,0.7412587100027259
5811,0.8416285726069536
5812,0.5402335758616673
5813,0.8770580886913599
5814,0.1762003207675143
5815,0.44928884826196125
5816,0.3560334718401385
5817,0.1309379514030336
5818,0.26962091040835373
5819,0.19670978644530754
5820,0.5600609726521555
5821,0.5837971163002734
5822,0.1489338952260086
5823,0.17063781348416768
5824,0.8897419466928045
5825,0.6621877753479269
5826,0.7822253365005367
5827,0.5869068214736192
5828,0.43529936692567994
5829,0.29573243941521893
5830,0.36929589156955406
5831,0.7009828041813242
5832,0.17243912787940524
5833,0.7101886862577246
5834,0.27440987985215504
5835,0.39346367435384133
5836,0.7509820673460688
5837,0.8144146067574269
5838,0.20974177525650245
5839,0.6653241565050964
5840,0.23565990650342616
5841,0.17976454614749493
5842,0.7979062405611962
5843,0.6296064568624257
5844,0.1712339125736321
5845,0.7845026515003031
5846,0.5406175541592854
5847,0.6972494051724943
5848,0.8515236138807809
5849,0.17662822448516802
5850,0.8680230600355402
5851,0.4490912254767719
5852,0.7622754482345969
5853,0.8242528800889447
5854,0.41082512551412514
5855,0.8485264605028893
5856,0.19496497479927122
5857,0.8390353956926299
5858,0.8184612348108113
5859,0.24489430729234762
5860,0.3067919596617484
5861,0.20903450480489508
5862,0.16194344840514036
5863,0.7914785499821682
5864,0.7564203667442154
5865,0.232763251000031
5866,0.1533262831007125
5867,0.18828655673364095
5868,0.8698123282505408
5869,0.4319322399746729
5870,0.8695800225791356
5871,0.8640887723859778
5872,0.7811004515353128
5873,0.554404014420812
5874,0.22803213549333948
5875,0.7674365750053416
5876,0.8083161738168567
5877,0.703095222494982
5878,0.8680682047995594
5879,0.2648040668746775
5880,0.7890839220217765
5881,0.12105770797242128
5882,0.7603640903060442
5883,0.6804166611247133
5884,0.198128846833254
5885,0.24390661899399163
5886,0.732979137222452
5887,0.6428594348453219
5888,0.7922917529245895
5889,0.6128538136828806
5890,0.13186408150396528
5891,0.4999698655866509
5892,0.35367992381915137
5893,0.25049822760298773
5894,0.6393868214141945
5895,0.7645691697583351
5896,0.673587494913677
5897,0.7390222037751057
5898,0.7587218564565467
5899,0.5203063342439084
5900,0.7420275632488776
5901,0.6360959561799713
5902,0.20928384078106543
5903,0.4571794920816825
5904,0.7548438991215249
5905,0.771848460529509
5906,0.6916599970342896
5907,0.8844366779844102
5908,0.46335745342015155
5909,0.47638373511995585
5910,0.7974128011383512
5911,0.38226316143634825
5912,0.7541819239592136
5913,0.8551369550531847
5914,0.8325107173998884
5915,0.5352050883139607
5916,0.7514472495779977
5917,0.7852609273799382
5918,0.130637535424117
5919,0.1276760767703016
5920,0.5958426349271184
5921,0.7981680233619342
5922,0.8166798595837123
5923,0.41745377449832455
5924,0.7077441431807758
5925,0.3177514408160113
5926,0.5675390215841188
5927,0.45471152501620016
5928,0.2754092166867592
5929,0.8033902929770358
5930,0.5758431424940305
5931,0.8286970555564734
5932,0.1678697230654557
5933,0.17173276146064706
5934,0.3632548655580272
5935,0.44342345283878415
5936,0.34768847423016247
5937,0.6206216657206788
5938,0.4935829628469418
5939,0.1546790021710993
5940,0.8482818226383234
5941,0.35358707437658593
5942,0.4288367551809269
5943,0.8017815118169732
5944,0.2251829767455621
5945,0.8433420552600176
5946,0.6318993994556366
5947,0.109515759734096
5948,0.804164258119493
5949,0.1639467450177791
5950,0.6201466891053977
5951,0.41759279500111157
5952,0.5734031631818364
5953,0.6918392451791306
5954,0.7243114842023979
5955,0.12329371914231806
5956,0.12464324629716916
5957,0.5641371581612725
5958,0.7790013738505653
5959,0.30532613382626406
5960,0.8844108534231299
5961,0.7551184078046437
5962,0.7214766629779686
5963,0.2834746648081583
5964,0.24514920965993997
5965,0.7835291454478059
5966,0.822940885503256
5967,0.8371608731132197
5968,0.7193449501929193
5969,0.7246902830560823
5970,0.6716295039479604
5971,0.2860428052448811
5972,0.8525477829841059
5973,0.16578982684856988
5974,0.29375000467392004
5975,0.621769236871723
5976,0.6058012874582054
5977,0.165179802770129
5978,0.39667037173476327
5979,0.11497950822585921
5980,0.40118168218236283
5981,0.8665381874211717
5982,0.41645321622542636
5983,0.7568836522803357
5984,0.8650665247246554
5985,0.27643254846309123
5986,0.3930728159940903
5987,0.7970500661936235
5988,0.23315958628112476
5989,0.8166714072308809
5990,0.18370150233979513
5991,0.3927460398888466
5992,0.2100181887288347
5993,0.255430548922413
5994,0.4015169721468035
5995,0.7066263381600825
5996,0.20883146034493594
5997,0.3781697383530409
5998,0.41630731243498204
5999,0.4881816151870572
6000,0.8356404335949843
6001,0.4675467361011056
6002,0.8762576025452493
6003,0.8255682960405993
6004,0.7096823397834696
6005,0.7957094091677327
6006,0.7643743873354384
6007,0.12055896844105551
6008,0.5030425272531769
6009,0.1556961021436599
6010,0.28225057953666716
6011,0.7876777070905012
6012,0.7975594400447217
6013,0.5009173064941517
6014,0.15100140175085644
6015,0.3328294299081707
6016,0.23599705360026085
6017,0.7260072032132711
6018,0.30496817593065106
6019,0.6542743361510602
6020,0.18634682940069203
6021,0.8329609336834922
6022,0.16179356636064945
6023,0.702141976530995
6024,0.6603166339867258
6025,0.8195222989006525
6026,0.8742264951459902
6027,0.15772842660113423
6028,0.8091050953305075
6029,0.11412012023384585
6030,0.37244235239721324
6031,0.7770503848148963
6032,0.5382671761161182
6033,0.1842555400185683
6034,0.16366399896125824
6035,0.8405372895538701
6036,0.6120427886587376
6037,0.39705796682071764
6038,0.8306704034294501
6039,0.20867637928185295
6040,0.821755460664969
6041,0.5185313360800403
6042,0.4372656573771639
6043,0.6295598282012597
6044,0.575288758675916
6045,0.6283488333110286
6046,0.15477669468485944
6047,0.7048347611876212
6048,0.569611865683374
6049,0.689766602822841
6050,0.20215898086567025
6051,0.33097366138587775
6052,0.8485595777725101
6053,0.8846743352539317
6054,0.8879245008375526
6055,0.7974460440497875
6056,0.5317715492104618
6057,0.21175503348638228
6058,0.3716744537829916
6059,0.5559843455095478
6060,0.8556103486962976
6061,0.3176104272171398
6062,0.8590834142388623
6063,0.8776283909234999
6064,0.47992920320829807
6065,0.44398161532537317
6066,0.3241155272813008
6067,0.858974196536381
6068,0.4893228298958325
6069,0.741157597324874
6070,0.28876211368342036
6071,0.7909412577414547
6072,0.8311407273521104
6073,0.5104445604946366
6074,0.17657251910720662
6075,0.27765375099451994
6076,0.36568425051213665
6077,0.8758396747396398
6078,0.2440222555651355
6079,0.6378624518082243
6080,0.8684129242990426
6081,0.6671992978797783
6082,0.8357846759371361
6083,0.6411140595564112
6084,0.7734388670832313
6085,0.8399585662385709
6086,0.24278779262503167
6087,0.5532499256748071
6088,0.29619502944227477
6089,0.22427337032431743
6090,0.864073595023515
6091,0.8141557578946621
6092,0.8641361525421694
6093,0.7942450321648011
6094,0.1892735785468424
6095,0.32012122862411885
6096,0.8317498672294987
6097,0.5677143987643553
6098,0.8683290979820775
6099,0.48275619613344445
6100,0.18846488175851478
6101,0.8014708659389751
6102,0.19476552828970933
6103,0.9112758539958071
6104,0.42222867333284175
6105,0.6749443444968553
6106,0.798458459950188
6107,0.17405897064634662
6108,0.44814832207868915
6109,0.16813360165898605
6110,0.503947102488421
6111,0.17525472090783933
6112,0.7612322212096247
6113,0.712989057771963
6114,0.21571904137534778
6115,0.8142980317565993
6116,0.8116740854649654
6117,0.352479888175741
6118,0.7381962264712074
6119,0.26602605968943244
6120,0.43068735757318616
6121,0.36731175238624086
6122,0.7035389053829826
6123,0.5143156637100627
6124,0.31601736428033916
6125,0.5932079376698829
6126,0.1965242774148261
6127,0.15612890013197409
6128,0.39785214510037425
6129,0.6765908617661539
6130,0.5499941736971462
6131,0.18794874192576183
6132,0.742674388610371
6133,0.15584590952732258
6134,0.33505834104128773
6135,0.7671033354181889
6136,0.23213520755951578
6137,0.8115121657669722
6138,0.8427931045941344
6139,0.11002030715256021
6140,0.7765976014132975
6141,0.29312319941291237
6142,0.35921130444672233
6143,0.14592258684309148
6144,0.41850260888399826
6145,0.36347796021333634
6146,0.8276015784827244
6147,0.7057095565998031
6148,0.8612467657645617
6149,0.8845259583871493
6150,0.6865917648631946
6151,0.5104508059754933
6152,0.8280884490394416
6153,0.657576205283314
6154,0.3093589359611934
6155,0.8801555495314524
6156,0.8482873665814048
6157,0.5729445667395924
6158,0.36153695225620247
6159,0.21609489421482186
6160,0.8062958175108244
6161,0.7520166570501652
6162,0.6451497842472944
6163,0.37960101977108984
6164,0.8023226780247972
6165,0.8331862894737718
6166,0.2946874731979334
6167,0.32328537609833297
6168,0.7284335919624957
6169,0.476751947442685
6170,0.7729227459854309
6171,0.6664860154039071
6172,0.6756434897967516
6173,0.7988348141843371
6174,0.6559757876217388
6175,0.7777808459646597
6176,0.7107696177070107
6177,0.22047198538661708
6178,0.21957203562594987
6179,0.2585733874217076
6180,0.5847456291112979
6181,0.8975671510956611
6182,0.2842156534926452
6183,0.12234474111131328
6184,0.8035133991765105
6185,0.829591102358431
6186,0.6227404207386772
6187,0.6255637599827643
6188,0.8214659994974243
6189,0.42997775052889875
6190,0.7605946246720892
6191,0.840477514891347
6192,0.9115751901588586
6193,0.42399810243015035
6194,0.6013648688050499
6195,0.22732985879285847
6196,0.2199198171929059
6197,0.7888901974133662
6198,0.7334877093632244
6199,0.538215215488818
6200,0.7876208568094502
6201,0.44882057942197384
6202,0.8483615060603336
6203,0.1878579428538046
6204,0.43443375313861243
6205,0.873960154267579
6206,0.11266390014117893
6207,0.20566445900558467
6208,0.8560019007129487
6209,0.1334121440554188
6210,0.7506064598941655
6211,0.23114953218663933
6212,0.6669011159160413
6213,0.8065342381444865
6214,0.7822838235058074
6215,0.6017956217364403
6216,0.7448202827010023
6217,0.8051662855949397
6218,0.5790565554547654
6219,0.773129788630176
6220,0.2534810678861496
6221,0.7982275572408934
6222,0.667199075934421
6223,0.7902847297896052
6224,0.6637501124682313
6225,0.1755077156801082
6226,0.8992343545536572
6227,0.7177865716729868
6228,0.6805736005455061
6229,0.5542551044879397
6230,0.18091958077613904
6231,0.797207259727599
6232,0.6455940840181338
6233,0.6428176981289832
6234,0.5599052021863821
6235,0.6746452022557373
6236,0.8193595849329498
6237,0.16161293518220857
6238,0.4645311891526007
6239,0.13188234697075762
6240,0.18094016616217362
6241,0.3353951283054861
6242,0.7385978292171462
6243,0.5743896619847407
6244,0.42659294788349106
6245,0.5234293887331499
6246,0.8296736755793058
6247,0.6978252690670951
6248,0.45681800704948416
6249,0.7344936739843485
6250,0.40444427203107175
6251,0.48258537776804833
6252,0.8575141201781991
6253,0.7262261636594218
6254,0.424304941664152
6255,0.5919277339602927
6256,0.7034181993054617
6257,0.8731942375871378
6258,0.5845399556749872
6259,0.8625964654474719
6260,0.8572930174259632
6261,0.22236314178239827
6262,0.3479471424456599
6263,0.25369615464782147
6264,0.20072965651123978
6265,0.24093003709369487
6266,0.8729751064892849
6267,0.41587815112353627
6268,0.7988544714901429
6269,0.7435821014456317
6270,0.1949463840159371
6271,0.4111369206992905
6272,0.6099706195339726
6273,0.8182519879813035
6274,0.16713548836035977
6275,0.18405966439041185
6276,0.8880923922553283
6277,0.48199290941877915
6278,0.658509293956005
6279,0.684108077075938
6280,0.8830824255110548
6281,0.7663922374773411
6282,0.23901495161685957
6283,0.8191565575193986
6284,0.3368722220333586
6285,0.4273152574644482
6286,0.6412898819704366
6287,0.5862087784752694
6288,0.840560569199234
6289,0.5382884008932601
6290,0.852271877061702
6291,0.8049876031005188
6292,0.49292461582553526
6293,0.7435001054650128
6294,0.2590971564816218
6295,0.2059227712416493
6296,0.1964301796560106
6297,0.16816391621851307
6298,0.845404326989357
6299,0.8669934697701911
6300,0.3035309232121484
6301,0.2982983842890176
6302,0.7194955387233289
6303,0.17674863761969975
6304,0.4290208814110212
6305,0.45831341046086727
6306,0.6400847562892932
6307,0.43472955697010995
6308,0.48383840698876857
6309,0.4453320217314572
6310,0.679387395282959
6311,0.6892726259716998
6312,0.7757271642289811
6313,0.8527389471661413
6314,0.13733444177133616
6315,0.5389936769300375
6316,0.2754215852489775
6317,0.49249704725732246
6318,0.7515746549040649
6319,0.686497439090984
6320,0.178704720371727
6321,0.18855342783488882
6322,0.7085415970396259
6323,0.17640503407188088
6324,0.5855541045987286
6325,0.2510988303838842
6326,0.55015017264164
6327,0.4944167340449498
6328,0.1403765847338603
6329,0.7896301925445202
6330,0.5868243706991154
6331,0.3633372913236367
6332,0.5511738098895743
6333,0.36145945589339434
6334,0.15953285885035734
6335,0.4658968634337079
6336,0.5871696960518701
6337,0.8410900406990873
6338,0.15032618714663096
6339,0.9012582760966599
6340,0.8706664501692949
6341,0.6736548426595615
6342,0.30542314701899065
6343,0.43764668457470424
6344,0.4992786905743134
6345,0.13095919541585402
6346,0.14532706205573495
6347,0.12710255494124353
6348,0.331179015419026
6349,0.1258070745148552
6350,0.39992184716272566
6351,0.15150433782505152
6352,0.14153755062243864
6353,0.5712186598573333
6354,0.5733192099083387
6355,0.35065293144686477
6356,0.6181109949392523
6357,0.5741769720437047
6358,0.1631318121268461
6359,0.6674327204139405
6360,0.18720721322260833
6361,0.4068154528244663
6362,0.23375174361277537
6363,0.3727784793193171
6364,0.5806207280113674
6365,0.8251716551183867
6366,0.5326603555957642
6367,0.4949690398670393
6368,0.8400888414562477
6369,0.4655026644952178
6370,0.5933401266400825
6371,0.3924627740864701
6372,0.5921912838667778
6373,0.7897057409610526
6374,0.6359307303530736
6375,0.7709539809164567
6376,0.7368841467283184
6377,0.15305037451772271
6378,0.37669218162132356
6379,0.6031788101563608
6380,0.16844197637825023
6381,0.7706153241148632
6382,0.2169712714452088
6383,0.3173976583713539
6384,0.3245208231042123
6385,0.21233752440203665
6386,0.8372642961736614
6387,0.8090104615990559
6388,0.7880352858627775
6389,0.19866685825618818
6390,0.5846131544570253
6391,0.24014334209284277
6392,0.7174575402313479
6393,0.1293303795301416
6394,0.265992779806996
6395,0.7322315131169698
6396,0.5829296840528593
6397,0.4673176073362795
6398,0.6887103543000648
6399,0.7829141963088031
6400,0.693982888164342
6401,0.24035498562561092
6402,0.739276466195851
6403,0.6697499881517283
6404,0.1683862576370626
6405,0.17005844880919585
6406,0.35762735063806156
6407,0.2174803904945528
6408,0.6990875192622508
6409,0.5358786299767491
6410,0.285279020823305
6411,0.9014619784651723
6412,0.6598752916325447
6413,0.6890914656396433
6414,0.5279372057519375
6415,0.7842097781005808
6416,0.1398635366429919
6417,0.5336865886835902
6418,0.5315210991800207
6419,0.8167280914194944
6420,0.5002239938111447
6421,0.1417322565098364
6422,0.1269454080775215
6423,0.7646710037084448
6424,0.6012896455665958
6425,0.2396559158644597
6426,0.3272107056769809
6427,0.19872701920037505
6428,0.8167540815959304
6429,0.87084651814253
6430,0.48111322868430584
6431,0.16465187086507568
6432,0.2411362665921308
6433,0.19041539690247908
6434,0.594075377810022
6435,0.594432834928385
6436,0.8786725056303497
6437,0.5562359950376833
6438,0.18153808318314116
6439,0.16638468811349885
6440,0.5715299020333682
6441,0.31194605078634535
6442,0.1805013040384208
6443,0.862646169791813
6444,0.6045074347911731
6445,0.7683833707501289
6446,0.2965875659999595
6447,0.7954719901284245
6448,0.8376068132347332
6449,0.8408106514867103
6450,0.2782169643501786
6451,0.6231460133528305
6452,0.19310753498747996
6453,0.7993233542827334
6454,0.6504257887724879
6455,0.8984810576093256
6456,0.7846772469494276
6457,0.7813277746125357
6458,0.5524772633842215
6459,0.7374963574246888
6460,0.8408674599697099
6461,0.641713394242051
6462,0.441765107813998
6463,0.36629520318466335
6464,0.42306053301364277
6465,0.17410724199643848
6466,0.6062580128273843
6467,0.1825442648098189
6468,0.2625605928259103
6469,0.8329576768296103
6470,0.1828129145346559
6471,0.758351638892927
6472,0.8909265982531565
6473,0.18598217526280927
6474,0.8159763075479745
6475,0.8332513402788249
6476,0.5771423293349932
6477,0.6066938239610078
6478,0.8550126365542341
6479,0.24436974153966617
6480,0.6798925724349207
6481,0.8410772202191137
6482,0.32932824941442923
6483,0.7079146120885302
6484,0.16745477407083023
6485,0.894309191070638
6486,0.10981111681600747
6487,0.7614753082950746
6488,0.7222288573713399
6489,0.6967305496739996
6490,0.7438176100557471
6491,0.8191683231953285
6492,0.3088808790559005
6493,0.6781730203406751
6494,0.8138170676606492
6495,0.6923573411970276
6496,0.1978929203793215
6497,0.6583307284643535
6498,0.13618675227728
6499,0.36381006006932604
6500,0.18988290746822079
6501,0.6345648671689722
6502,0.5467224489184989
6503,0.3907317970828913
6504,0.3885262630417202
6505,0.8333705907697739
6506,0.8439657123855682
6507,0.7761226590300212
6508,0.2287564662989876
6509,0.7929444260727224
6510,0.32434171973738196
6511,0.7549001984494201
6512,0.8146922518569915
6513,0.8207252726287644
6514,0.8248349409979121
6515,0.6202145769311914
6516,0.6979868312704214
6517,0.7799516984464127
6518,0.8528504093528313
6519,0.18237124200182436
6520,0.21633183589867164
6521,0.8313791816921563
6522,0.28764678859469467
6523,0.4489119855097585
6524,0.25744307073085176
6525,0.31033854701518476
6526,0.33748548532934103
6527,0.1605863762917136
6528,0.17868641957032264
6529,0.5385795846536232
6530,0.6626874770373641
6531,0.5335678703295069
6532,0.8310438124065044
6533,0.8642524537381999
6534,0.8059921791798629
6535,0.7481764630713909
6536,0.5201163964439409
6537,0.3735683161188092
6538,0.8644212756993421
6539,0.25786901425865816
6540,0.800944719140285
6541,0.5119833148049912
6542,0.688894624012192
6543,0.6742736384606347
6544,0.14651915924131237
6545,0.6309107091487541
6546,0.7105779022538737
6547,0.39513284426704204
6548,0.5373400271298835
6549,0.7124597992292322
6550,0.1874140338518333
6551,0.519065072619809
6552,0.221159985986884
6553,0.8562904107612772
6554,0.527287751926319
6555,0.7949984703276898
6556,0.6407197408006258
6557,0.8659836668164923
6558,0.3500023079648808
6559,0.671996412218743
6560,0.42905477646076695
6561,0.6244191197622835
6562,0.8239058425237371
6563,0.7397104696614012
6564,0.8909348304282441
6565,0.7393768950290699
6566,0.2755020466859779
6567,0.18137337093558534
6568,0.5309810757105847
6569,0.21860936721781424
6570,0.1920386904581382
6571,0.7740684242064291
6572,0.4005114631983706
6573,0.7503489552966156
6574,0.14187274560232033
6575,0.41235995913442736
6576,0.8133171061983826
6577,0.21025503619179595
6578,0.6832992647243952
6579,0.7815195019837606
6580,0.390966538118133
6581,0.22168605558714485
6582,0.31255400840847875
6583,0.5365701924321187
6584,0.7294753690721423
6585,0.34487268175501007
6586,0.1907486383018124
6587,0.28452486298206886
6588,0.1956902720693626
6589,0.31576484430044044
6590,0.2303319498258898
6591,0.26781091620222297
6592,0.28240987245175125
6593,0.49813038774122914
6594,0.139413841369204
6595,0.29432592915023703
6596,0.1708558665709724
6597,0.37436687903224014
6598,0.21605741729281125
6599,0.23682645687856996
6600,0.8164209284986053
6601,0.43183311190846824
6602,0.5776521959488555
6603,0.8490431405352481
6604,0.7733938323559996
6605,0.3996324676174168
6606,0.4869716610354748
6607,0.8265740734451362
6608,0.528701479952015
6609,0.19469376107940078
6610,0.4831397563384184
6611,0.7527731532723883
6612,0.1573276149236151
6613,0.24551091143547524
6614,0.1506063986146996
6615,0.29029983569619844
6616,0.5112880894930153
6617,0.3088020108874268
6618,0.5840089043801825
6619,0.3666107020877707
6620,0.7482353252535269
6621,0.17700421363955066
6622,0.7229265588792686
6623,0.1424806660844529
6624,0.2716134466601442
6625,0.13623216841879984
6626,0.7772297208285635
6627,0.7248315670882916
6628,0.7434877781008892
6629,0.7041530525265625
6630,0.15629009836376825
6631,0.8423468295767567
6632,0.28450553970736503
6633,0.5665229987165762
6634,0.5882305607420406
6635,0.855651013557281
6636,0.15264042092742952
6637,0.19617999435977762
6638,0.22921261436918533
6639,0.7969183237230829
6640,0.6289642532283757
6641,0.7642692161836857
6642,0.8332540816553249
6643,0.6823472256072487
6644,0.817845101213005
6645,0.41654638284289996
6646,0.8473886303404949
6647,0.8553434133508899
6648,0.6825246700786394
6649,0.5728729109132868
6650,0.35612210009905026
6651,0.4219814936630195
6652,0.8854302233681164
6653,0.8660159852779072
6654,0.6714242714134613
6655,0.7785942739466156
6656,0.7990937958712214
6657,0.5707690650256015
6658,0.8757475612969885
6659,0.15849602841085805
6660,0.7421284457595582
6661,0.46377717867902846
6662,0.5576444623589701
6663,0.73825931223022
6664,0.8209952010209858
6665,0.6857709825412893
6666,0.8444291387795924
6667,0.4785927396981574
6668,0.19177556134814283
6669,0.8680351898203749
6670,0.13621278938388917
6671,0.6808986979975287
6672,0.23797294700165772
6673,0.6505831015791231
6674,0.8090461048033575
6675,0.12350471121786565
6676,0.8498507021622477
6677,0.711703978318936
6678,0.41507799491107966
6679,0.612763386029406
6680,0.252654380455374
6681,0.6659651810167483
6682,0.39577097164097896
6683,0.3702512818359222
6684,0.3539231421210356
6685,0.6817614266783781
6686,0.5360753569851034
6687,0.7580087050304807
6688,0.15378203519520187
6689,0.22824759205960393
6690,0.5489230823646996
6691,0.8530720207748749
6692,0.7913979564244515
6693,0.30971137382881414
6694,0.6660597328386733
6695,0.6153680018606166
6696,0.48958077534765676
6697,0.7231980881096816
6698,0.8209809388332736
6699,0.2823019897115023
6700,0.8271641660027209
6701,0.821160641987966
6702,0.6774791257887837
6703,0.31993536009652573
6704,0.8461919163071336
6705,0.8615022389734288
6706,0.14906359545936135
6707,0.7753975989393252
6708,0.8131335960333534
6709,0.46987505946171654
6710,0.4279408896180532
6711,0.15865178058095605
6712,0.3251321955552754
6713,0.23402423504740782
6714,0.34703822418744124
6715,0.1545897247302433
6716,0.3277082063090688
6717,0.2926162277528895
6718,0.851578459170626
6719,0.8368954319918589
6720,0.1724310226073292
6721,0.6480156947846505
6722,0.3016651040842881
6723,0.7447647710383264
6724,0.19189471899039495
6725,0.326441117025515
6726,0.5908300583315715
6727,0.8775091918980921
6728,0.28414612356431806
6729,0.7619766238308129
6730,0.6761092791046028
6731,0.46319150549139004
6732,0.546642726903056
6733,0.800542183849598
6734,0.48106158577692876
6735,0.5510086566953674
6736,0.42622733182217765
6737,0.5621100253028023
6738,0.6255979900547467
6739,0.8903822593988028
6740,0.4922839178236236
6741,0.3843699234402428
6742,0.564051812788127
6743,0.31615465183189223
6744,0.4991052188163861
6745,0.5249727855867856
6746,0.7579256371716071
6747,0.20692553714035167
6748,0.34510298419891733
6749,0.6123811006478502
6750,0.6341472182402336
6751,0.8362578137791592
6752,0.6660510584400198
6753,0.5237656198874802
6754,0.8854434363058323
6755,0.12181041802270212
6756,0.5678029324289274
6757,0.1626532408179916
6758,0.5686604224513596
6759,0.1630373681707146
6760,0.6331329444717712
6761,0.7717954628727617
6762,0.2678281107604819
6763,0.3316721713082754
6764,0.14027839512453177
6765,0.7191576633237486
6766,0.6993736031062391
6767,0.44375978576430053
6768,0.5661446174822852
6769,0.7636895213780179
6770,0.21699729590687622
6771,0.36842076814938174
6772,0.386463306277217
6773,0.5421013360741428
6774,0.41794779244560015
6775,0.8654127880721384
6776,0.8104019861053557
6777,0.38123498447962567
6778,0.4275106642858108
6779,0.7861513862063902
6780,0.5564804520424568
6781,0.4434586015088141
6782,0.36032331922910343
6783,0.17813062766062887
6784,0.7397836020997045
6785,0.267873518886642
6786,0.6230507330400304
6787,0.7394843409361328
6788,0.8850820652951659
6789,0.5487527368811084
6790,0.19243163474972058
6791,0.8784326574727912
6792,0.207209485344332
6793,0.1955898448095008
6794,0.20958655599696147
6795,0.27507816614473135
6796,0.40080862291603336
6797,0.5616986145596193
6798,0.4565826579784006
6799,0.672826566794514
6800,0.16987339341951432
6801,0.7008571289166204
6802,0.5992712012336942
6803,0.7731135744780226
6804,0.18741250034575502
6805,0.6875205384238313
6806,0.4006195750733679
6807,0.2128907009337361
6808,0.7964953494037614
6809,0.8146267250732453
6810,0.8590943912255737
6811,0.8019525678666589
6812,0.8311381733992722
6813,0.8673440099241991
6814,0.7461744604556299
6815,0.6599399910020394
6816,0.1474306266937506
6817,0.42771312396803246
6818,0.6597741778006964
6819,0.5085293603364122
6820,0.5993948233691837
6821,0.18613258172010844
6822,0.6322466217033761
6823,0.8498991912175657
6824,0.6856872116769507
6825,0.12489904775956752
6826,0.14514422392048779
6827,0.7751122358130932
6828,0.5416889884253545
6829,0.43619716524760443
6830,0.7439568739439334
6831,0.8067394913570156
6832,0.7945287317281331
6833,0.4133553617808676
6834,0.8934326626593398
6835,0.695437674668916
6836,0.2805342141391668
6837,0.44763289948920476
6838,0.8454170511362598
6839,0.1672301830424951
6840,0.3346502354483376
6841,0.2610301613449087
6842,0.7170214279416703
6843,0.40254137115256416
6844,0.35352135053750455
6845,0.3100145332336791
6846,0.5822663868864693
6847,0.24546548772578086
6848,0.5539212564356095
6849,0.7771944853785724
6850,0.7886693262208158
6851,0.8071835011459182
6852,0.6091585524559722
6853,0.8051143032052086
6854,0.6809644470804632
6855,0.5728248007410345
6856,0.8014923076174278
6857,0.4277474999347159
6858,0.4136521451143301
6859,0.6805856796650762
6860,0.6097659981523734
6861,0.13590338822569126
6862,0.4363506473297339
6863,0.15714231286579
6864,0.8700999605627951
6865,0.30122437649776806
6866,0.7290999867578495
6867,0.27682710062711086
6868,0.7623407713703642
6869,0.22555902163941025
6870,0.797507492430032
6871,0.6637717839908405
6872,0.8054338854994062
6873,0.4554376710285626
6874,0.7189787584546793
6875,0.8303909007907768
6876,0.48755868586557494
6877,0.25136523547976436
6878,0.2293749616798488
6879,0.7180933342881087
6880,0.8240779361283335
6881,0.4606482265253836
6882,0.17508583576215653
6883,0.3152381514599902
6884,0.8874040645761194
6885,0.12727742311733406
6886,0.2919331721815247
6887,0.5402424010390716
6888,0.6859219169265757
6889,0.5552840430540485
6890,0.3827022227611798
6891,0.25344459343000486
6892,0.3947060097280638
6893,0.7623077307173969
6894,0.8454902263654457
6895,0.12497291097523897
6896,0.1384515068894782
6897,0.600396461054147
6898,0.2344600749704187
6899,0.6569656101859046
6900,0.7642603742674767
6901,0.48196031915568993
6902,0.5551758847922083
6903,0.7185487430046851
6904,0.7529507299259078
6905,0.33079185208939116
6906,0.591924282958141
6907,0.2947139220258512
6908,0.1443436993176582
6909,0.740468820733999
6910,0.30228167246545723
6911,0.7514068242989281
6912,0.7773438080129893
6913,0.19944695615880276
6914,0.42503643332610525
6915,0.4797127950312622
6916,0.2547924132458981
6917,0.8245271557277744
6918,0.5384530449381099
6919,0.3192038983631246
6920,0.7312017516030197
6921,0.7656544997799837
6922,0.1845714119508209
6923,0.4970169473295105
6924,0.3063860464668892
6925,0.5263000513729501
6926,0.24794480756169937
6927,0.385546926585057
6928,0.33795992157905896
6929,0.8278180056466683
6930,0.8087823080940977
6931,0.5835809064858795
6932,0.16453043467206982
6933,0.19342809777848774
6934,0.31036222926609036
6935,0.4780613253299322
6936,0.22577987227083796
6937,0.7715657159630905
6938,0.8592181757854878
6939,0.3684015586310465
6940,0.4743254155605363
6941,0.19641285600912223
6942,0.11490497604865232
6943,0.846543160271747
6944,0.6548950246399039
6945,0.24324087686122012
6946,0.4041347768689845
6947,0.579642147200939
6948,0.26855326729892515
6949,0.7185859248116931
6950,0.8522852482923753
6951,0.7672762937333664
6952,0.3061731164404117
6953,0.3468989069287726
6954,0.46906385570898923
6955,0.6453435759591192
6956,0.23284612280676145
6957,0.6429858258591393
6958,0.6670301749598517
6959,0.6388759035611914
6960,0.17413769327515874
6961,0.11528990544817648
6962,0.7225671512760787
6963,0.7798212164616924
6964,0.3332415196591089
6965,0.2996479540093889
6966,0.4902716532492773
6967,0.8334957137701273
6968,0.5868809822947517
6969,0.48425008612994186
6970,0.3777559901396416
6971,0.7459571910524639
6972,0.6045191402294309
6973,0.8075773456318583
6974,0.7777028583968211
6975,0.4104922989747164
6976,0.8120044404481512
6977,0.5659215283930548
6978,0.37603482959126533
6979,0.5300098845802468
6980,0.23204578370659068
6981,0.6573457270689105
6982,0.18469820926298763
6983,0.39218123331567567
6984,0.2872998276375709
6985,0.21766421647062506
6986,0.12034869616904983
6987,0.7423957973892717
6988,0.7422567450356022
6989,0.6267609682210887
6990,0.7674535110496301
6991,0.7522654193495517
6992,0.8133495359097636
6993,0.10101041408058975
6994,0.8148221800330923
6995,0.7084063795011643
6996,0.44107847114118004
6997,0.30936451490595057
6998,0.835903511287804
6999,0.5482517339542206
7000,0.19118922273843098
7001,0.7030824283811706
7002,0.2739170998586714
7003,0.22210781268600185
7004,0.11917679932984558
7005,0.21503685707024062
7006,0.699191445909162
7007,0.10244443551614474
7008,0.2272411290029635
7009,0.869889003866011
7010,0.13251871860479347
7011,0.7223362145441717
7012,0.8059167414529262
7013,0.7584831571468543
7014,0.5343526922091189
7015,0.7171534736902356
7016,0.6276239195634948
7017,0.8187321106515927
7018,0.2657167492666473
7019,0.5595711357971697
7020,0.7225485978296228
7021,0.30226365186331444
7022,0.46485903022210195
7023,0.7469817996434497
7024,0.841516775009328
7025,0.4895792068653848
7026,0.1550442309158038
7027,0.20087362180016075
7028,0.6645989290154525
7029,0.5930020723117857
7030,0.7036356011538674
7031,0.21510399765621663
7032,0.45903309285585947
7033,0.46174678368776484
7034,0.6858445150306068
7035,0.2769484537765665
7036,0.5556061658995212
7037,0.42894698479150295
7038,0.7116189698858099
7039,0.15401090264968753
7040,0.5156735310977699
7041,0.6064392507884785
7042,0.5485592436809786
7043,0.7739039508035213
7044,0.6654220686585963
7045,0.31218986280154154
7046,0.4524657044690462
7047,0.8840126387234019
7048,0.8161654094836157
7049,0.6598303961158407
7050,0.21217276695307494
7051,0.6746855508293202
7052,0.16806016483697234
7053,0.7756643029888353
7054,0.7594109791667187
7055,0.2352364602978923
7056,0.8667178732483051
7057,0.6742536030078143
7058,0.29758712821934236
7059,0.7893742039457774
7060,0.7971782796383519
7061,0.6992037926420707
7062,0.8078662558998535
7063,0.7693928541869137
7064,0.16206285453589814
7065,0.39934856552699605
7066,0.1544740493187615
7067,0.845187196012442
7068,0.594114818689644
7069,0.8982805051407231
7070,0.8539489660820525
7071,0.80387185271399
7072,0.31197274018183185
7073,0.578767758692632
7074,0.46626177403703495
7075,0.7247330737602545
7076,0.8200333212953954
7077,0.8702042864009076
7078,0.37007436254791853
7079,0.5179209928025884
7080,0.7512775359269831
7081,0.32785361198388036
7082,0.8260582905665539
7083,0.4850143861934102
7084,0.4063775669042561
7085,0.8460062947045592
7086,0.1834240451265209
7087,0.7031400418736331
7088,0.7754217249719512
7089,0.7810010531800566
7090,0.2703737282315741
7091,0.1731634594905054
7092,0.3583775769758097
7093,0.20307289429514533
7094,0.7136605154318351
7095,0.811865712266664
7096,0.5576305010667663
7097,0.6071148960831784
7098,0.34125100904440303
7099,0.8330672196188231
7100,0.5279043299223941
7101,0.8323772096241817
7102,0.16698459446666208
7103,0.6922807475958651
7104,0.18434364428867592
7105,0.6463148698857493
7106,0.2217446168393104
7107,0.23365694900858455
7108,0.8045332263682671
7109,0.6892722868368442
7110,0.5725790656731204
7111,0.6741933029856427
7112,0.2910347570092202
7113,0.4625653167513121
7114,0.8521298794180483
7115,0.8950860111145988
7116,0.6938951186388732
7117,0.7989352293700238
7118,0.6243014211803537
7119,0.20393215087225405
7120,0.7270594432631926
7121,0.818350367439887
7122,0.37268064315937055
7123,0.7205926566917582
7124,0.6456786810423446
7125,0.7696092804544096
7126,0.17087292262700257
7127,0.6930177710782642
7128,0.3437671123120404
7129,0.23560490382327764
7130,0.16599983700120197
7131,0.7597784204215601
7132,0.6267976495890984
7133,0.16328440130548016
7134,0.6764527551421652
7135,0.7279062878856809
7136,0.6390483953687633
7137,0.855459520759942
7138,0.8326741715440018
7139,0.17674297620715737
7140,0.2747812288760934
7141,0.3044978034269226
7142,0.7004937357196866
7143,0.7405649691072057
7144,0.3618734576977493
7145,0.12834667792584503
7146,0.6644530071022556
7147,0.5457172749114937
7148,0.8445076069394404
7149,0.18923968118004852
7150,0.5359008172384402
7151,0.4112883391835389
7152,0.3075543889323164
7153,0.8397756712787664
7154,0.7681610650010502
7155,0.6023509496776119
7156,0.7877284589994014
7157,0.8138360491092939
7158,0.7916658653309794
7159,0.6161985836318639
7160,0.8331688884193174
7161,0.36455169813584093
7162,0.48729760685108126
7163,0.4415417235139361
7164,0.30292021726112683
7165,0.7296538791437684
7166,0.16426091363023562
7167,0.17649492126856942
7168,0.2494533991206599
7169,0.8341685916357948
7170,0.7667006813399672
7171,0.827167029390799
7172,0.736017962212725
7173,0.7285768338962854
7174,0.8287207730893812
7175,0.23922366870579237
7176,0.797650915449593
7177,0.854353128781552
7178,0.5114235767354965
7179,0.1671029082944527
7180,0.746043916982884
7181,0.7825274446576924
7182,0.2662142943179568
7183,0.44234925437858647
7184,0.7772288183590366
7185,0.7398585219455569
7186,0.3922118293211285
7187,0.3005325167017174
7188,0.24974405681383677
7189,0.25484309328742155
7190,0.3649261848232108
7191,0.253231646261973
7192,0.7900248223973727
7193,0.3283772478374384
7194,0.18845389076766283
7195,0.1350157276367074
7196,0.8797691314158527
7197,0.17731772798243114
7198,0.5693475458210945
7199,0.34807725285054597
7200,0.1856727479486899
7201,0.8726840646973992
7202,0.19384093013529113
7203,0.7827123381571772
7204,0.5439196897146038
7205,0.5925446616794233
7206,0.7500918668015559
7207,0.29809273443904377
7208,0.7791631795711227
7209,0.2833635851569234
7210,0.8831084163615215
7211,0.21559910529144305
7212,0.34982046626638735
7213,0.42685860450138813
7214,0.16950030110290654
7215,0.42378911079452997
7216,0.561118434996697
7217,0.6858429101981145
7218,0.7579701761920503
7219,0.769224236647255
7220,0.24625260883756778
7221,0.22947888585897402
7222,0.8204762131252649
7223,0.18238663646620015
7224,0.736852413661294
7225,0.6225516535527241
7226,0.8786636874110381
7227,0.8638025348595096
7228,0.4700182054571229
7229,0.2406103105639778
7230,0.21081091838987787
7231,0.5584359390535946
7232,0.2000874506234557
7233,0.5855773349627004
7234,0.8060094174492174
7235,0.17236109938878189
7236,0.4103764270357629
7237,0.8118499459931597
7238,0.7372623023733166
7239,0.716067148932514
7240,0.6042533674126944
7241,0.1739590629954358
7242,0.583795993896039
7243,0.7575859843653001
7244,0.19154579878027975
7245,0.7343726992800074
7246,0.860134111616259
7247,0.7489954952494166
7248,0.6341858871570003
7249,0.44463669705114023
7250,0.8913820198193112
7251,0.2736081856524433
7252,0.6605188697285848
7253,0.4186510851707814
7254,0.32830333763274155
7255,0.5791384468044137
7256,0.5912105615572866
7257,0.3696597918425687
7258,0.2595803768502029
7259,0.39409193327554803
7260,0.35224690764081223
7261,0.6710331278018371
7262,0.27805711884526557
7263,0.24138840776104836
7264,0.5901798212911501
7265,0.3538009833492828
7266,0.7212062483378855
7267,0.44948458913400335
7268,0.24803963750579203
7269,0.7391705630710655
7270,0.37658981090875154
7271,0.7007909071028472
7272,0.8524346926557904
7273,0.2614710641727333
7274,0.4070228029325148
7275,0.6022099810703174
7276,0.21612611998425632
7277,0.8404487309155964
7278,0.7088244023063434
7279,0.8594270812190918
7280,0.36842464833929545
7281,0.7468330324089357
7282,0.27058384917776074
7283,0.7655007197159278
7284,0.5419202634814985
7285,0.8431308308167037
7286,0.4977452392103934
7287,0.8937815614606484
7288,0.5274825411777232
7289,0.167657653228636
7290,0.5152779044230037
7291,0.6376542592242936
7292,0.1497408472771242
7293,0.3312079677231019
7294,0.8341997375286954
7295,0.3712685496807284
7296,0.7026509980487402
7297,0.5578471811881419
7298,0.873312932682698
7299,0.1860160134233465
7300,0.4727356535173216
7301,0.8421080979795326
7302,0.20991395463255355
7303,0.843151867124602
7304,0.8642540477224117
7305,0.8049346636066119
7306,0.47616012662801277
7307,0.7981468809396056
7308,0.18288785802338808
7309,0.4648785336065402
7310,0.7420898527035703
7311,0.8237732168666545
7312,0.6679956951524703
7313,0.308824759329852
7314,0.7099783677231953
7315,0.7307778794511277
7316,0.41649537475824233
7317,0.23153723149060387
7318,0.8393228952834877
7319,0.09418370032192716
7320,0.24025928242899322
7321,0.5055048122043578
7322,0.2521599005508917
7323,0.2885249872910651
7324,0.7623867943382028
7325,0.4629084335217819
7326,0.5334380469498258
7327,0.09236406522886861
7328,0.14575467378324575
7329,0.6097205310872097
7330,0.8434136931256888
7331,0.41769120934409837
7332,0.7227814930454531
7333,0.30916778189793265
7334,0.37062585238838314
7335,0.8778066894352674
7336,0.831735229329266
7337,0.7124702796506346
7338,0.5467381183708144
7339,0.8702126154809045
7340,0.4421206621275944
7341,0.14417349341802205
7342,0.7303743430036458
7343,0.17378118840994747
7344,0.29357996105713463
7345,0.26810119833674473
7346,0.8378876694565166
7347,0.6484286252526217
7348,0.19393852630261155
7349,0.8434949632101807
7350,0.5432836760696923
7351,0.8458332998772609
7352,0.8325884823502325
7353,0.5614719546241221
7354,0.7880314666071194
7355,0.24374898272022136
7356,0.7361068460441447
7357,0.48073431696132657
7358,0.20425563780540215
7359,0.4480842436184113
7360,0.4822350201431865
7361,0.7777095965237617
7362,0.20323994639639442
7363,0.15135258635784324
7364,0.71625468348893
7365,0.2260493558556937
7366,0.8388746685206997
7367,0.6793743255993094
7368,0.751418759681487
7369,0.2422821818524029
7370,0.10638826251396573
7371,0.8079936585677144
7372,0.5046549425045918
7373,0.5262119809882378
7374,0.15454127212405458
7375,0.3536954250355672
7376,0.3868541313789227
7377,0.16273476436174017
7378,0.8798687053083235
7379,0.5580680624359021
7380,0.5742575516376538
7381,0.6914793516929886
7382,0.7301617562967896
7383,0.4863162012007479
7384,0.7990793583081468
7385,0.7203445320737506
7386,0.3375646472546015
7387,0.8014018628185995
7388,0.49854571759781535
7389,0.1804803826314141
7390,0.4630934156693074
7391,0.7379386246474474
7392,0.2882153675545656
7393,0.5032008605190906
7394,0.1988895116451969
7395,0.8715118020716108
7396,0.8274542230306898
7397,0.8085515801971842
7398,0.8649639492808724
7399,0.34165250804475916
7400,0.13919237623236472
7401,0.5169833061203606
7402,0.6207741153957574
7403,0.18198271901967839
7404,0.7949085978374012
7405,0.7956120262408704
7406,0.18500223824304982
7407,0.8349727852655451
7408,0.1565752191141584
7409,0.5671799050114851
7410,0.22893012625822798
7411,0.28216616947030654
7412,0.40300892860773485
7413,0.3038833844491389
7414,0.5997330869532055
7415,0.4359550132147883
7416,0.2542257537715489
7417,0.29425889844775915
7418,0.5842388910018413
7419,0.4606117085766855
7420,0.6995691658878284
7421,0.8482824241018047
7422,0.7618671037554339
7423,0.8319612856771162
7424,0.1519198260215232
7425,0.2123886917767797
7426,0.8027885988835541
7427,0.18881192601895821
7428,0.4192215545252535
7429,0.6300195540105407
7430,0.8817202282744936
7431,0.12626888293205538
7432,0.15240285378054005
7433,0.1919447618481721
7434,0.5598072710930004
7435,0.11923725056336651
7436,0.338283056969486
7437,0.21005894790043794
7438,0.48104724824973466
7439,0.6732854044744919
7440,0.1314999644490479
7441,0.6967202384192256
7442,0.5796989189424446
7443,0.12653460703849723
7444,0.5041679905592337
7445,0.671242626744844
7446,0.39405406808053245
7447,0.7784176845971367
7448,0.1324641550273027
7449,0.5805640992050999
7450,0.6597361621799532
7451,0.8062641742458898
7452,0.5144173983696216
7453,0.16548068822109174
7454,0.6674465736954477
7455,0.14941120217186943
7456,0.2743051336003672
7457,0.7506606444511534
7458,0.526888602284554
7459,0.38555086137097855
7460,0.8327120430202288
7461,0.7183598948390538
7462,0.7963936189340762
7463,0.8968952547961929
7464,0.8405773822795668
7465,0.1925227676033946
7466,0.7515544811347452
7467,0.17085924638593003
7468,0.3389129356901346
7469,0.3065905223202252
7470,0.5581913553649256
7471,0.44783956006517456
7472,0.24651047762330028
7473,0.4902805790224247
7474,0.781955197459006
7475,0.6301519964225956
7476,0.7757325376679569
7477,0.16813365187668455
7478,0.8590670339940503
7479,0.6867622997404271
7480,0.5051936749129763
7481,0.28974364424885335
7482,0.21056135718006844
7483,0.7276488328917023
7484,0.21870890118750813
7485,0.8593715206474488
7486,0.5495540972039066
7487,0.4398338028031736
7488,0.13433048866838748
7489,0.6235603668663389
7490,0.789779219851069
7491,0.3501812170021615
7492,0.7563402974511975
7493,0.6693567217361756
7494,0.8604992378102202
7495,0.40522499327201245
7496,0.5470076129137067
7497,0.7024241983343321
7498,0.7279765256470244
7499,0.809737250103238
7500,0.33691162952237064
7501,0.2562943696128546
7502,0.7292269333939847
7503,0.3011060674111793
7504,0.6324833431169673
7505,0.2841142340660027
7506,0.6587427987619663
7507,0.12456443594389527
7508,0.5990963556099487
7509,0.8664997657668585
7510,0.16295603909718764
7511,0.8140989761443114
7512,0.20431405460291546
7513,0.7015839630740635
7514,0.16583438608375492
7515,0.1532264526252468
7516,0.2871514620727669
7517,0.1182642924541863
7518,0.5859289170782527
7519,0.5275246234591703
7520,0.29032252154808996
7521,0.8396160583635242
7522,0.29580981984368176
7523,0.23960557363627746
7524,0.2411799514230431
7525,0.3175893222637913
7526,0.7950759049060456
7527,0.7526745950491907
7528,0.7447890017857449
7529,0.5454782293105037
7530,0.3059155933765715
7531,0.6920585154323937
7532,0.6239395497531128
7533,0.8578669837935928
7534,0.5711660844752998
7535,0.3356816243853688
7536,0.5070007972064728
7537,0.5165230644051089
7538,0.5887497916325112
7539,0.32561136028240767
7540,0.22677017782823908
7541,0.7659400565532828
7542,0.30679233604554074
7543,0.7518599113174884
7544,0.7379591653047298
7545,0.7867914878068791
7546,0.15143105377468355
7547,0.7056823687261421
7548,0.7750567140576832
7549,0.13374916974971124
7550,0.8291022229798999
7551,0.7621104527435949
7552,0.3625770006707367
7553,0.7719182045026141
7554,0.8033051853386813
7555,0.12746736911606477
7556,0.1761363090637529
7557,0.37757856148827934
7558,0.22328126194246656
7559,0.7844599268251499
7560,0.7395543062223745
7561,0.38330332088547336
7562,0.1751127140055184
7563,0.7398764999273906
7564,0.8413829709582301
7565,0.5833322105720044
7566,0.7477603097424542
7567,0.8075255029404287
7568,0.7342201609533442
7569,0.33790056209264463
7570,0.32084366241527684
7571,0.8186911045646633
7572,0.1299963668531125
7573,0.5898791377345104
7574,0.11135753464938587
7575,0.214628135087962
7576,0.16058041779711543
7577,0.38223991260801937
7578,0.6732003304513077
7579,0.7749936081407258
7580,0.2519712189529607
7581,0.37758174050641613
7582,0.8631983957027408
7583,0.5906054061225735
7584,0.8610192245979607
7585,0.8176027406024275
7586,0.6243519528472615
7587,0.1714980225134182
7588,0.8149720352853002
7589,0.7441442780871302
7590,0.691127229820695
7591,0.7531584242885655
7592,0.30590116925042116
7593,0.25299263951206624
7594,0.4299471831351179
7595,0.27484962900266796
7596,0.41196096288246115
7597,0.838065956786608
7598,0.4110448615461895
7599,0.7039235592059417
7600,0.15636673086237218
7601,0.33228604953322455
7602,0.4796531390264622
7603,0.8448730461221522
7604,0.8262429790490263
7605,0.8243671247206391
7606,0.3077449454209298
7607,0.7484346592748298
7608,0.41547049896264143
7609,0.8110575531590574
7610,0.14184165497462467
7611,0.544508180348722
7612,0.6117915768745411
7613,0.12550104765710213
7614,0.2911024552171401
7615,0.1677558356562152
7616,0.3442141120165339
7617,0.8296206242694805
7618,0.6248623211497267
7619,0.16694535425116258
7620,0.9030807947190961
7621,0.7909406325825532
7622,0.5152859210287201
7623,0.11490908032534256
7624,0.5844056726882708
7625,0.6841211671179185
7626,0.12787866353981897
7627,0.14139293438545314
7628,0.17023380780314326
7629,0.31451165857338165
7630,0.18058423427440104
7631,0.7843442832044336
7632,0.8484008400678383
7633,0.8521919460259855
7634,0.7479494773026981
7635,0.33297102245715854
7636,0.18546915710889933
7637,0.7253489657611045
7638,0.19515288390947574
7639,0.5939702783190702
7640,0.2707932539587196
7641,0.8198510025359849
7642,0.17115099537656303
7643,0.3483474364485457
7644,0.5002233371281676
7645,0.20489963337680156
7646,0.19494702169255293
7647,0.6867801534114436
7648,0.5125631921584535
7649,0.13772360033019496
7650,0.42858210371655925
7651,0.16789933861472903
7652,0.242102763859513
7653,0.8955458433940532
7654,0.17614594464672426
7655,0.5512560204361725
7656,0.5005557693664099
7657,0.20656386951739159
7658,0.7731353084385569
7659,0.194138410634693
7660,0.7723538212185079
7661,0.31617226677058635
7662,0.4709283975902092
7663,0.5918908172814799
7664,0.23957550540088268
7665,0.829134029747268
7666,0.17786753944678851
7667,0.7904449334810575
7668,0.7302343885852924
7669,0.5983236169363847
7670,0.8047172866492573
7671,0.8424004011413311
7672,0.83258163567059
7673,0.6458384120133325
7674,0.8569524007510498
7675,0.3547451136495919
7676,0.3253085500444739
7677,0.8418077208003509
7678,0.3731151316172601
7679,0.6648298418856619
7680,0.7484378706625175
7681,0.17667553832560437
7682,0.7815996114479562
7683,0.2835740731682204
7684,0.5210478636884027
7685,0.7011804647383554
7686,0.5868442637203795
7687,0.724608205707294
7688,0.7154906413945531
7689,0.8310783749817567
7690,0.25788010232022146
7691,0.46267385813971273
7692,0.5978574503247385
7693,0.7051785389105639
7694,0.5143883283127894
7695,0.6610762978392379
7696,0.6017981327775063
7697,0.8681729209895546
7698,0.681201293545619
7699,0.7652198366964934
7700,0.47720341127751525
7701,0.5893387683578462
7702,0.8170104378500829
7703,0.7879605445741243
7704,0.3266454522205339
7705,0.24495604033548557
7706,0.2997934681475919
7707,0.18478281939584038
7708,0.38569463484624644
7709,0.30852486202336293
7710,0.8011246845577638
7711,0.6334400819704966
7712,0.26289167518004547
7713,0.3581289566976882
7714,0.16622717076479518
7715,0.3682491736238427
7716,0.3624175452216556
7717,0.8595549657855709
7718,0.161997998614384
7719,0.20173213198590667
7720,0.837132481696029
7721,0.6376331457164816
7722,0.6312451512268255
7723,0.6570596682489235
7724,0.35716642029010826
7725,0.16681552831237215
7726,0.619542756569759
7727,0.7634224257617661
7728,0.8960898886264039
7729,0.8451227754092088
7730,0.7483299663413013
7731,0.16239895189488518
7732,0.8091373582297813
7733,0.6970687246713326
7734,0.7263849078587826
7735,0.17565907943514367
7736,0.8475674580010553
7737,0.2672340258508276
7738,0.20599960389777755
7739,0.7695162834387244
7740,0.44528640992451424
7741,0.32791984792725903
7742,0.1349026232941582
7743,0.48584972105825464
7744,0.1812139420001297
7745,0.5318732315323411
7746,0.27514532646048273
7747,0.8018105648969438
7748,0.5768515038404273
7749,0.18937985823455605
7750,0.33721366388189467
7751,0.14901515249991587
7752,0.12810289220077944
7753,0.14863568710282693
7754,0.4799929843512684
7755,0.3890530076438459
7756,0.5350515899398105
7757,0.26451738580374096
7758,0.37431559785975893
7759,0.5101582211944996
7760,0.8628381840486143
7761,0.757688732047409
7762,0.22591349199855426
7763,0.4888015854347459
7764,0.8330293908789499
7765,0.3309490452048993
7766,0.7596600943371565
7767,0.6457647923762623
7768,0.8323293185137388
7769,0.8286865474270904
7770,0.15235540750967255
7771,0.6145282752345855
7772,0.28346993821136257
7773,0.13357492137768806
7774,0.42383529460479
7775,0.9063807256803393
7776,0.6658573327301294
7777,0.22657129159674852
7778,0.8341779797672394
7779,0.32821946342276637
7780,0.6968823421640414
7781,0.2619596450047641
7782,0.6963841317355285
7783,0.24386051128000696
7784,0.23037480573590813
7785,0.4449707792517803
7786,0.16068395939979363
7787,0.2147401924537032
7788,0.726196455922481
7789,0.6438246650531183
7790,0.6828904915549968
7791,0.6694132170856192
7792,0.8713823168213544
7793,0.17165084479853837
7794,0.7482354798311978
7795,0.8227693853160265
7796,0.19810547613403245
7797,0.2581174045586477
7798,0.6099726226905378
7799,0.156637461503643
7800,0.2814422617421654
7801,0.7149109701815349
7802,0.8263781903613865
7803,0.19733010445570637
7804,0.8698538633146351
7805,0.8437566561281773
7806,0.364011506618654
7807,0.15949613895351317
7808,0.5376281051750865
7809,0.42305792902688055
7810,0.4694065521478356
7811,0.1918128916218362
7812,0.8026561069233064
7813,0.47374450316268446
7814,0.8963322159947679
7815,0.5993726411620156
7816,0.6769983692914748
7817,0.3010913043454631
7818,0.42338257182768513
7819,0.6058228649285077
7820,0.7841664083171601
7821,0.8975218182323774
7822,0.29398378318908347
7823,0.8516779284839476
7824,0.8100146468471683
7825,0.18729051903100594
7826,0.42426692634716173
7827,0.865738362114441
7828,0.8928042134459855
7829,0.5167435446192136
7830,0.25136510667260675
7831,0.3037257735575687
7832,0.6542729074816893
7833,0.8221152070418547
7834,0.49686439632392515
7835,0.8805508530518944
7836,0.2582716814279436
7837,0.788189361036676
7838,0.13084463166737034
7839,0.4532498704567371
7840,0.7669805020861777
7841,0.4907171494886628
7842,0.36448872084845885
7843,0.7922548746719171
7844,0.3936973939272944
7845,0.15069968854838336
7846,0.6051175321719016
7847,0.14628891536758015
7848,0.3781888799959923
7849,0.8654601883977839
7850,0.49951925727843055
7851,0.8665272998920978
7852,0.3475986491820728
7853,0.8128692656034024
7854,0.8517419205582795
7855,0.3645581705395626
7856,0.27174360972536327
7857,0.6093240232986046
7858,0.5293364160488466
7859,0.8600286279304896
7860,0.3507367595566366
7861,0.7412445804188342
7862,0.2185145065974453
7863,0.6294973156091787
7864,0.4730417174658691
7865,0.7842275220160833
7866,0.16775165378613294
7867,0.17088945186271293
7868,0.8713917935112856
7869,0.21856888841602679
7870,0.776828832854084
7871,0.7264167740262514
7872,0.4569003839053758
7873,0.7141533225416401
7874,0.8284601924034062
7875,0.7807821824169298
7876,0.1679393359770246
7877,0.710507220444071
7878,0.156472430661328
7879,0.3495176905761376
7880,0.7940908942792264
7881,0.1401988367448785
7882,0.6717792338577636
7883,0.8836442101575366
7884,0.17684837191016775
7885,0.4809183128561333
7886,0.23680165647137175
7887,0.1841286114682029
7888,0.7460532949662616
7889,0.46715619149361404
7890,0.5780523864036146
7891,0.6310904997583294
7892,0.5967657648932833
7893,0.1960175178130419
7894,0.7551633927351711
7895,0.5015893024666929
7896,0.15133887810593893
7897,0.31850709570872365
7898,0.7842949234619847
7899,0.1564491474985005
7900,0.19000456191725212
7901,0.656718099657381
7902,0.2980300621759775
7903,0.7491085377850941
7904,0.12789127773084868
7905,0.7323877704335846
7906,0.3172491202880877
7907,0.1996474194025067
7908,0.35459865811841657
7909,0.8084719074023385
7910,0.4284499724204783
7911,0.9004957298994876
7912,0.27490700676690705
7913,0.665172516724777
7914,0.773869902325022
7915,0.15410132525223685
7916,0.3806261309414412
7917,0.7441417294679893
7918,0.7221233994888309
7919,0.5758780260989966
7920,0.6135123179305251
7921,0.24758082356282335
7922,0.8061007779475933
7923,0.65358165330128
7924,0.6300642851120689
7925,0.7612363172738972
7926,0.2063914663797269
7927,0.6679137995598566
7928,0.7429215685161609
7929,0.263357857689563
7930,0.8582379515141005
7931,0.7437765018690632
7932,0.7141801394676227
7933,0.4964138988338523
7934,0.14628158298339763
7935,0.7914845737865892
7936,0.49719967847640917
7937,0.1936814872859268
7938,0.6148394865070063
7939,0.8257844567432777
7940,0.1407679496363229
7941,0.42328134359717756
7942,0.7509054134627232
7943,0.8458084006524833
7944,0.5353651322793678
7945,0.5274984653908436
7946,0.8383775259379102
7947,0.8508177606800311
7948,0.36424724073521136
7949,0.2026648450209003
7950,0.6149284801726348
7951,0.294372778851846
7952,0.18803637775150592
7953,0.7291859531696779
7954,0.28646838194681173
7955,0.19598660702847986
7956,0.7870886388573208
7957,0.25606107415752505
7958,0.10313078408386543
7959,0.5763433055572819
7960,0.7636299369354871
7961,0.4718767377506866
7962,0.6390204029153758
7963,0.2569503980980627
7964,0.6921589162567899
7965,0.8323199155401999
7966,0.1720354100013747
7967,0.22874470414191064
7968,0.44705482247475936
7969,0.47600169521494107
7970,0.835554492613092
7971,0.5982046015955278
7972,0.47235072462734434
7973,0.8379599123637074
7974,0.25137257941800056
7975,0.7605133509446546
7976,0.7863373792127661
7977,0.17565771581747974
7978,0.11580931266240842
7979,0.8009155445599381
7980,0.8373505652919573
7981,0.8140706762055536
7982,0.537493230403099
7983,0.541172226718942
7984,0.5522962950616517
7985,0.2565785924314211
7986,0.8204318021469598
7987,0.15433491241510228
7988,0.8638797805869691
7989,0.659423623265399
7990,0.8900549792471912
7991,0.7785777204655017
7992,0.6957588111660425
7993,0.786332728167229
7994,0.44501473417932635
7995,0.8121771543277323
7996,0.2346058856553434
7997,0.7332130906217715
7998,0.7074319093413136
7999,0.19795392765741865
8000,0.5526421025378597
8001,0.7218410085708294
8002,0.4382929672403393
8003,0.1866867950454499
8004,0.5588909858618591
8005,0.41656365796340156
8006,0.3209998732354343
8007,0.512400851635575
8008,0.8447392723733238
8009,0.7885418943354486
8010,0.8040749963467206
8011,0.8804112082260123
8012,0.49220041771389433
8013,0.6129693695278039
8014,0.7733162408360398
8015,0.7857958544837291
8016,0.18599917148584721
8017,0.8173448579320048
8018,0.6690676322562199
8019,0.47343891390495213
8020,0.775918027340579
8021,0.6602416578626081
8022,0.5266660891198314
8023,0.847979960272474
8024,0.6426281294963619
8025,0.8146205607517173
8026,0.7465002842636271
8027,0.46433768929702196
8028,0.41601504294001984
8029,0.6793157423745623
8030,0.8562686317499546
8031,0.5302851455108637
8032,0.8725578524287065
8033,0.23888114407873118
8034,0.8650063482791783
8035,0.8349221678179544
8036,0.26305759823016067
8037,0.6832440451833902
8038,0.21408958800437244
8039,0.47636078528793285
8040,0.7255620652886584
8041,0.2050709344317477
8042,0.1582842515479033
8043,0.18062576867566316
8044,0.512544832426085
8045,0.1748236635801821
8046,0.1131473120510867
8047,0.8678986081620901
8048,0.29521468173488785
8049,0.37050825378092844
8050,0.8110609076713873
8051,0.879786765300921
8052,0.3919117994037918
8053,0.7152357114253532
8054,0.4419688424088474
8055,0.590183918784182
8056,0.7627058925461301
8057,0.5284645404663808
8058,0.4194758207696243
8059,0.1666569996217899
8060,0.7620536346233258
8061,0.857627150239071
8062,0.6273624028434944
8063,0.29067028678944096
8064,0.721066276562294
8065,0.38854405005322934
8066,0.32044159052326715
8067,0.628961748087999
8068,0.44357174151449374
8069,0.7848075029933008
8070,0.8169097535391118
8071,0.44466521200507175
8072,0.6872475046191909
8073,0.7247525909364461
8074,0.3673356418107206
8075,0.38521084155619534
8076,0.6683844273755245
8077,0.34506637998450346
8078,0.36988631990015414
8079,0.7366367840562963
8080,0.4471440129052093
8081,0.790379855746765
8082,0.23476426600929276
8083,0.8579675381306456
8084,0.21690386217258328
8085,0.7653449232054442
8086,0.4215122513078342
8087,0.4066738552938835
8088,0.6271148653594477
8089,0.6304508025425452
8090,0.6736858016906855
8091,0.2262176607247096
8092,0.3462521341115487
8093,0.21008363839405145
8094,0.7013131118815873
8095,0.09903975119646163
8096,0.4577313782659631
8097,0.6272574816022359
8098,0.8511661994769919
8099,0.2671233924338936
8100,0.6189649769120638
8101,0.4903009132882287
8102,0.7879931986718349
8103,0.3215174393770025
8104,0.2684602571802621
8105,0.7922977426764919
8106,0.8385742949539117
8107,0.676341093168637
8108,0.808092610862013
8109,0.4464342513192219
8110,0.6183222652051288
8111,0.17490988242175834
8112,0.26811163017521944
8113,0.5182413813192909
8114,0.509457346165787
8115,0.8518149016244942
8116,0.45614701707977723
8117,0.7899041577754778
8118,0.7163339253480696
8119,0.8361254718630989
8120,0.8314736926230392
8121,0.33291914668940786
8122,0.6595201027734033
8123,0.8324911115642698
8124,0.6641547927844428
8125,0.8152972873574313
8126,0.8665544710190746
8127,0.9003872456104722
8128,0.3513475691477083
8129,0.376906597996579
8130,0.3806539597519223
8131,0.23034840549820465
8132,0.498656818665708
8133,0.12192093290893265
8134,0.5519665562533889
8135,0.20503100151134104
8136,0.16842960712556873
8137,0.8784279253855523
8138,0.7736062515631086
8139,0.5845156258449239
8140,0.5141203417583436
8141,0.6123943808382892
8142,0.8345466520164165
8143,0.654400099749415
8144,0.9031690044936151
8145,0.6928818248188632
8146,0.2331819063179381
8147,0.15379958116158263
8148,0.8319840460341368
8149,0.8563725988229454
8150,0.6249828103096228
8151,0.5333834088366168
8152,0.7208041371193517
8153,0.23862318020918677
8154,0.27011683968775974
8155,0.36668946035437633
8156,0.6109252159865722
8157,0.5514965243712758
8158,0.7997738469293771
8159,0.7061690485318624
8160,0.5023796492182196
8161,0.5889745737322528
8162,0.6984737010714671
8163,0.653058721815331
8164,0.20001381461861428
8165,0.7486377797941796
8166,0.2072364674587706
8167,0.7531845017048653
8168,0.27853393430325696
8169,0.2067840692705384
8170,0.24105782011283744
8171,0.2605026730159653
8172,0.7819404799045628
8173,0.7440622009632104
8174,0.33238690049505976
8175,0.32722904425001703
8176,0.7761357714968584
8177,0.16519351523622364
8178,0.1452550424469615
8179,0.18183886203777316
8180,0.7522486975559967
8181,0.17763316509830548
8182,0.46731080077048787
8183,0.20039135613834935
8184,0.7823526192100032
8185,0.6865756640741834
8186,0.21783147744829723
8187,0.6737752873208357
8188,0.29915341972817744
8189,0.3038748194648054
8190,0.7805980670617196
8191,0.8913500803376209
8192,0.7164860239742056
8193,0.7476508850721533
8194,0.3165158945356103
8195,0.5406112161159892
8196,0.765414929955863
8197,0.25670074284972483
8198,0.8695359205469648
8199,0.6841711137721624
8200,0.8306222815773905
8201,0.6444942502899517
8202,0.4669658821960012
8203,0.15574298583974036
8204,0.754790352194591
8205,0.7989906189053952
8206,0.39450246661552496
8207,0.30827173975995753
8208,0.8727455899725332
8209,0.6555481126450096
8210,0.8272721913044123
8211,0.3182852989991255
8212,0.6138363327035835
8213,0.7490698861840049
8214,0.32178801313570937
8215,0.7222509829225014
8216,0.16860709452092018
8217,0.1080601688349751
8218,0.6366355472247888
8219,0.479965995180927
8220,0.17294132500484327
8221,0.6298436774551294
8222,0.17534818860355708
8223,0.21259216343016551
8224,0.5273480793862141
8225,0.6749729287086492
8226,0.7784626054196471
8227,0.643674193378069
8228,0.7367662072101608
8229,0.5370178022280006
8230,0.49196617633347695
8231,0.860586644008694
8232,0.32571151671281423
8233,0.615126587270734
8234,0.7915509574279713
8235,0.41234278548879627
8236,0.265096749975629
8237,0.13942597116335978
8238,0.7588729932212791
8239,0.8096952590061602
8240,0.2553764927839224
8241,0.5343989523303184
8242,0.6667596328968418
8243,0.2832902618837509
8244,0.28214210207822227
8245,0.7858537060437195
8246,0.8116379213021667
8247,0.8380871415405283
8248,0.6648334003958591
8249,0.3889518629735028
8250,0.8866015316847351
8251,0.38341622035849293
8252,0.8140804166212027
8253,0.663927692981641
8254,0.16814587222436755
8255,0.36700122435453847
8256,0.48642513330685666
8257,0.11699553465484404
8258,0.8246280047044235
8259,0.8457982748821105
8260,0.8134683880984582
8261,0.7006618056209436
8262,0.7232805143687963
8263,0.6387237749854277
8264,0.7922628936425022
8265,0.6373345030123986
8266,0.3002171218233536
8267,0.6508075250112744
8268,0.6430537380715265
8269,0.2012781855732039
8270,0.7263974320751231
8271,0.539448536183205
8272,0.16122273868606812
8273,0.1547046145949021
8274,0.7920542441649419
8275,0.5709736107083606
8276,0.20687231688164437
8277,0.2969935617059636
8278,0.24028165908850607
8279,0.8185957485698996
8280,0.6061740121167619
8281,0.33433735139071735
8282,0.2319428952212509
8283,0.607216246438032
8284,0.14584032201148867
8285,0.4217027014913275
8286,0.7206166239497296
8287,0.14004679576157028
8288,0.11444228634934163
8289,0.7224791050449607
8290,0.8337150535971156
8291,0.5656738236937646
8292,0.532974013902853
8293,0.22554583865334865
8294,0.7872619372883869
8295,0.40718494103403624
8296,0.2611902612085457
8297,0.25001077580072895
8298,0.24806157424550135
8299,0.33917081638607566
8300,0.543687339357789
8301,0.18668099020389192
8302,0.8127362801595273
8303,0.6810823186960591
8304,0.8818166405047803
8305,0.6882035907376015
8306,0.19901788230370515
8307,0.545947934401248
8308,0.3348844015681178
8309,0.4248555402704948
8310,0.2671745777501097
8311,0.6147501086906751
8312,0.7977571107875403
8313,0.2170449413157605
8314,0.1839545145053417
8315,0.7071207967689846
8316,0.7915060709351787
8317,0.5881201874581504
8318,0.8805815563695525
8319,0.7363624176832565
8320,0.6973301944823508
8321,0.460602391461836
8322,0.45709560018918444
8323,0.4336455121366424
8324,0.7922137831615241
8325,0.23567821299825342
8326,0.15050609460102096
8327,0.7756002422726431
8328,0.19828306477107438
8329,0.6765595374796919
8330,0.19454505277791376
8331,0.23605913776939752
8332,0.38823398224939015
8333,0.7675953286274246
8334,0.24043563153584407
8335,0.2196003882393623
8336,0.3975960511664468
8337,0.7409335127522264
8338,0.8125316160059701
8339,0.8665667730510511
8340,0.8029172634142661
8341,0.8235563210421899
8342,0.12011353711071734
8343,0.5897869182893434
8344,0.16200832655091246
8345,0.7863848900218304
8346,0.18038576983164348
8347,0.24619900048766924
8348,0.6499231078889268
8349,0.6721424317754779
8350,0.23163672966341262
8351,0.6787610321310904
8352,0.6440945676440505
8353,0.360669029477199
8354,0.2086251159047899
8355,0.3880514629657122
8356,0.8037239802977807
8357,0.7550643240214752
8358,0.4105844710039178
8359,0.9027213196131502
8360,0.17463544872643505
8361,0.8529020853384495
8362,0.8885700907065137
8363,0.8023721502699175
8364,0.2613566729577596
8365,0.5771835390154323
8366,0.35984997228972954
8367,0.17007901821876958
8368,0.35573554207170205
8369,0.589983118935234
8370,0.4316657559442511
8371,0.49596776112980767
8372,0.7880841916817958
8373,0.5536078650435948
8374,0.8511869424976396
8375,0.14331471572121987
8376,0.2552855583162166
8377,0.7939214856094758
8378,0.6895621573072228
8379,0.6565497146939345
8380,0.6030042044066618
8381,0.4432063699541059
8382,0.44025522580854437
8383,0.32007819622930567
8384,0.18196851236181805
8385,0.8457405417973487
8386,0.8081762420496906
8387,0.5836975293879848
8388,0.3645229772965688
8389,0.49375016586086273
8390,0.22297288887612357
8391,0.19954101669407115
8392,0.7202260186924873
8393,0.8044387881789077
8394,0.4147712151306907
8395,0.18405575632731913
8396,0.7829915205551176
8397,0.7013897725381404
8398,0.665330764823642
8399,0.7383921306418406
8400,0.5563563778423823
8401,0.6081523049808207
8402,0.14018927539572568
8403,0.3470779556999471
8404,0.7116140336556052
8405,0.6809220296156696
8406,0.8327838836504934
8407,0.34958026765657635
8408,0.5550136852433731
8409,0.1654801710012976
8410,0.23271458858694138
8411,0.6913876886507069
8412,0.5584498513974838
8413,0.8428866455200436
8414,0.60356488885861
8415,0.22113426363960573
8416,0.40051372865679236
8417,0.2551256783189875
8418,0.8144313826350327
8419,0.8411248231498082
8420,0.662517484570535
8421,0.5225996353948551
8422,0.796620210607925
8423,0.13218261283420177
8424,0.34634720981377864
8425,0.8438106079488145
8426,0.8557470760925372
8427,0.8296239315839393
8428,0.654657242668087
8429,0.35239419904411645
8430,0.8124877777995865
8431,0.27622935047910985
8432,0.49842683080338834
8433,0.6740069603673561
8434,0.4139204920318108
8435,0.8154241264140685
8436,0.21284805796396733
8437,0.4902218034833931
8438,0.17221086980877143
8439,0.43069552330508964
8440,0.8035996948602255
8441,0.8481332823127695
8442,0.43106982658844606
8443,0.4659151665037079
8444,0.37070301778389625
8445,0.2688734968435437
8446,0.1264117693064135
8447,0.799547461980755
8448,0.17811713297704557
8449,0.8543414778237644
8450,0.43709636237830046
8451,0.4668038749994785
8452,0.6307189568529189
8453,0.8535488006376744
8454,0.2704174133554183
8455,0.8535572756472114
8456,0.7355391412936004
8457,0.4651763381116784
8458,0.5151909029893845
8459,0.8464163260965865
8460,0.3561374439269363
8461,0.737009771904566
8462,0.8637285235706564
8463,0.800747717764563
8464,0.6111931421448912
8465,0.7813434718855218
8466,0.1564312878800182
8467,0.18406978699741594
8468,0.14652952914514772
8469,0.1756847070715983
8470,0.8527553649670294
8471,0.6243701015674856
8472,0.8529468186133875
8473,0.5057475692390638
8474,0.8365794567463052
8475,0.7533769342884153
8476,0.7190674388050168
8477,0.3258622999502364
8478,0.7263098558012991
8479,0.6500295839378692
8480,0.7683128004721405
8481,0.22571089360823626
8482,0.4626891671781994
8483,0.8376258998072057
8484,0.3846402183260451
8485,0.2502219599605467
8486,0.545465010541723
8487,0.7274584913165868
8488,0.35695121241787575
8489,0.8018407750315426
8490,0.586142067147746
8491,0.32737635870540904
8492,0.27270399405001516
8493,0.7437953403883946
8494,0.39514531104453177
8495,0.1661511551715527
8496,0.7538872402722248
8497,0.7779660501047613
8498,0.15659906591489275
8499,0.21262625636340585
8500,0.592670542934289
8501,0.40851968188005305
8502,0.13048533867521975
8503,0.34526345718482504
8504,0.7956193114562375
8505,0.3678891338960895
8506,0.8244540531902786
8507,0.31876164526272993
8508,0.5918962712000934
8509,0.8289133925749593
8510,0.7660989495032482
8511,0.23470306414731307
8512,0.49429870608412996
8513,0.2017947683196752
8514,0.15343167018539572
8515,0.6590004951190668
8516,0.2852393926139827
8517,0.3975365039673554
8518,0.725915939845783
8519,0.11447707327387753
8520,0.3178033885936062
8521,0.20991064552634137
8522,0.6821682624949857
8523,0.7418686854395843
8524,0.424856964466535
8525,0.39008818755315766
8526,0.6857656735439862
8527,0.21883486599211222
8528,0.7551769137997657
8529,0.7783159945377396
8530,0.5210890602850843
8531,0.8000874988086382
8532,0.7444458984034833
8533,0.21448444012472015
8534,0.8234305734169871
8535,0.5256150453489606
8536,0.5399528381338433
8537,0.83745009408224
8538,0.2204974662673824
8539,0.10425680619820432
8540,0.839912381403342
8541,0.5669298528976013
8542,0.7733833536366024
8543,0.6626364184652526
8544,0.7582683080121035
8545,0.30103513584008296
8546,0.535213024601058
8547,0.6523915434327581
8548,0.1824418871679045
8549,0.8388251436894041
8550,0.8442722113413297
8551,0.8284699739000008
8552,0.8516646246017342
8553,0.6016038473112453
8554,0.4759007416070796
8555,0.7609094732080044
8556,0.3247966956752097
8557,0.17921724193517516
8558,0.486529008090756
8559,0.8963705279635867
8560,0.7873530588068312
8561,0.21085377887914175
8562,0.719580493113576
8563,0.847054975835501
8564,0.15499898478302085
8565,0.4123360858938182
8566,0.5353614807284919
8567,0.29369492574147604
8568,0.6947166458047395
8569,0.13568844908194916
8570,0.8941608154906469
8571,0.7916931513732439
8572,0.4702255391600661
8573,0.7402406574170389
8574,0.603921298603537
8575,0.8068922431899267
8576,0.6878944848830131
8577,0.8244748596014155
8578,0.840290292421501
8579,0.4211741501942775
8580,0.20545999027504513
8581,0.5958640730005321
8582,0.5115778005772657
8583,0.44888376731570223
8584,0.8728589308450758
8585,0.8706510508123801
8586,0.21408169300570262
8587,0.15482471635756037
8588,0.1446652662661161
8589,0.8392885837077761
8590,0.18403737559084873
8591,0.6517389304201305
8592,0.359466046730677
8593,0.7179730054197337
8594,0.879681241144386
8595,0.7841736714397513
8596,0.2998328261981625
8597,0.2915094891086554
8598,0.148218109636686
8599,0.18217999800966386
8600,0.6311299742838626
8601,0.8598405584167879
8602,0.17254439254867857
8603,0.8536107811791058
8604,0.7868891575428821
8605,0.48649760705272876
8606,0.8032547392378901
8607,0.6178195306643032
8608,0.27040647065204915
8609,0.8210673308007505
8610,0.7493353632052409
8611,0.5158961835806869
8612,0.14391863782333694
8613,0.45512675233332134
8614,0.48858575264707843
8615,0.8658614998125549
8616,0.11845994561111364
8617,0.704433657904056
8618,0.786834356926107
8619,0.19994639533404168
8620,0.17139334347587223
8621,0.8729161273604271
8622,0.28001901510973265
8623,0.13760936474351848
8624,0.6072974593907675
8625,0.12341587529731715
8626,0.7061273452691682
8627,0.2135586931339622
8628,0.5615216770879725
8629,0.16637144538451912
8630,0.8102473425337917
8631,0.7170652750608781
8632,0.6526625270522112
8633,0.8684238774177881
8634,0.6623212395927232
8635,0.41359774310680636
8636,0.8428951222212012
8637,0.39312388850789864
8638,0.28146152934796176
8639,0.77133318272836
8640,0.4257165743460531
8641,0.8235736960085547
8642,0.23458628588759428
8643,0.8174342890767665
8644,0.7088590668758142
8645,0.7615307952834147
8646,0.32553104149133993
8647,0.2581034873329017
8648,0.544787495962989
8649,0.3351686278359579
8650,0.35268166713441634
8651,0.532719633393323
8652,0.5835241171254463
8653,0.4183201300149133
8654,0.11992305047560094
8655,0.1497012871506817
8656,0.2003626105676669
8657,0.5625165985872024
8658,0.7719811480948565
8659,0.5284601490869058
8660,0.5234942230026847
8661,0.7689105590932345
8662,0.7047485099539293
8663,0.9046509269350451
8664,0.7356622966515639
8665,0.3044643545762921
8666,0.4026896555569839
8667,0.3531013196787259
8668,0.7077793251551864
8669,0.618369820707258
8670,0.7843457989702963
8671,0.7091076307664709
8672,0.48655460206427353
8673,0.6182045336836576
8674,0.24361101745814054
8675,0.22755473547536934
8676,0.6302264247264316
8677,0.17393409774249352
8678,0.66971354445852
8679,0.30958347510702194
8680,0.6840521863256331
8681,0.7999940767928743
8682,0.6218131273560221
8683,0.3688993307753206
8684,0.8903915773464921
8685,0.23053634043915153
8686,0.16454065797327225
8687,0.49284965256567337
8688,0.7986918393891128
8689,0.1415027500091304
8690,0.5242932895791105
8691,0.1699377949660542
8692,0.8411297168106873
8693,0.7993110883900421
8694,0.747397807322452
8695,0.8725274333206776
8696,0.8411014282413172
8697,0.7971160016173315
8698,0.1686063197833405
8699,0.6872801857294971
8700,0.7010540016254655
8701,0.8210972119575812
8702,0.8544626322877091
8703,0.7244179551678857
8704,0.4610769908562952
8705,0.6196528948687068
8706,0.2375100661777482
8707,0.7915802675952399
8708,0.7190447958107912
8709,0.392989612075092
8710,0.6153495986936595
8711,0.13731529416339597
8712,0.6889195975092096
8713,0.7794078887739302
8714,0.3079667376946629
8715,0.5789959540311513
8716,0.8491337506118957
8717,0.15706703706973174
8718,0.1684006240275551
8719,0.8089117450784938
8720,0.8001747749134422
8721,0.29238789353689804
8722,0.219947326958554
8723,0.7424895177471377
8724,0.7134568757494836
8725,0.6507385517964502
8726,0.5111837518982721
8727,0.47550107550347176
8728,0.6621698368340407
8729,0.5498181646966687
8730,0.38206059849582424
8731,0.431762745121923
8732,0.1830133136604789
8733,0.8212719415890257
8734,0.22257935026418013
8735,0.8521156860941008
8736,0.5546564913880058
8737,0.5320364675067589
8738,0.43443288373131295
8739,0.8382552924178843
8740,0.7436092425431658
8741,0.3383994964790622
8742,0.7328955562155831
8743,0.21993054195468476
8744,0.6662570995240171
8745,0.5935811462349019
8746,0.739536112701863
8747,0.26517619491554706
8748,0.34716827130874256
8749,0.18752218775083554
8750,0.19788774213519408
8751,0.7163029868914611
8752,0.7930446464808991
8753,0.6856619575254287
8754,0.5399147578444721
8755,0.23481287929338893
8756,0.785994466109655
8757,0.2863443186991545
8758,0.6562140736726064
8759,0.564040636308425
8760,0.7761653474162926
8761,0.6137604131640234
8762,0.28130298207991083
8763,0.34994603696238674
8764,0.6432711123797948
8765,0.509695736586663
8766,0.4415480380333879
8767,0.2835466671947304
8768,0.8058450228396286
8769,0.6513432832920116
8770,0.4306671009222174
8771,0.5006862829919115
8772,0.707277577200748
8773,0.7936718472113601
8774,0.8014778580971103
8775,0.3516446611264187
8776,0.633073299281297
8777,0.5648167562707378
8778,0.12778428617450455
8779,0.6092631163791067
8780,0.5459586761289982
8781,0.8107047602319899
8782,0.7460751773371078
8783,0.5196824004005381
8784,0.15494292772118415
8785,0.8673527696452388
8786,0.7320843680518906
8787,0.47608290159990396
8788,0.7675538072859771
8789,0.7948898109592508
8790,0.22569150464011523
8791,0.8782566730702501
8792,0.1299343272710989
8793,0.6529841781676213
8794,0.19756240215680015
8795,0.11838949778780486
8796,0.5110063219648607
8797,0.6112732996694681
8798,0.5630681427280018
8799,0.7778562637371547
8800,0.3411503215043711
8801,0.18271178146754213
8802,0.7238495380862535
8803,0.0969480955819356
8804,0.10372240042569976
8805,0.7375959259020749
8806,0.43792226834119563
8807,0.730918073861539
8808,0.8378521348398678
8809,0.45391361647256523
8810,0.1643452156046228
8811,0.6738417950288956
8812,0.565348638142083
8813,0.822897888875005
8814,0.7273340105125536
8815,0.6531113511302976
8816,0.13213422080108791
8817,0.3384545249968949
8818,0.8586706231132682
8819,0.2854540280577004
8820,0.14832660344249113
8821,0.12900437473856116
8822,0.7834857804055971
8823,0.7887174933030228
8824,0.22039726333072304
8825,0.8143944742978357
8826,0.8670279395813758
8827,0.24553981110903883
8828,0.2920633839166257
8829,0.31517554198238257
8830,0.808686053945951
8831,0.17414968011580526
8832,0.29658375532125314
8833,0.7455621589272686
8834,0.21022073832166616
8835,0.656694949246489
8836,0.3849943757630313
8837,0.34565865024189907
8838,0.5013813950703331
8839,0.7341601331812178
8840,0.20216080361638866
8841,0.12698155683616216
8842,0.7625608357335136
8843,0.27281203908130675
8844,0.6379035346004941
8845,0.15252652603229724
8846,0.8414838056752454
8847,0.8271241906844247
8848,0.8304278465839695
8849,0.33283061211556153
8850,0.7319935278201115
8851,0.7414529975789826
8852,0.16322098670207782
8853,0.8586160092906479
8854,0.5292751202039825
8855,0.35795699514412804
8856,0.19774724020965184
8857,0.8528991954570294
8858,0.21466343983426495
8859,0.8571261323330186
8860,0.20862840995762771
8861,0.6433555349926222
8862,0.36314694276275344
8863,0.35058795775688645
8864,0.7683587991112716
8865,0.3473363936293423
8866,0.6128786078599169
8867,0.18961241145220437
8868,0.1838110336108986
8869,0.4931093898966796
8870,0.19795619976572792
8871,0.732568326394411
8872,0.5567438031163978
8873,0.8464951440944554
8874,0.8668362931610227
8875,0.3920562852892893
8876,0.8417996008310185
8877,0.8491089874301243
8878,0.8245438747878767
8879,0.27083315295012467
8880,0.8096195083995645
8881,0.2577153500600799
8882,0.5624407485265916
8883,0.6895251944329529
8884,0.7463944901619745
8885,0.18296690792030915
8886,0.3749844133565207
8887,0.7441439791119856
8888,0.7107249530281264
8889,0.8281101735290956
8890,0.8407959024128453
8891,0.5959271592421372
8892,0.7857685434340165
8893,0.26004581802361865
8894,0.37100620352702457
8895,0.5046985156649108
8896,0.294902240526048
8897,0.5602560124814446
8898,0.43285209936898666
8899,0.5411419268646124
8900,0.548120206264607
8901,0.7390264579563205
8902,0.5279661163254977
8903,0.15210293784753043
8904,0.21824929721558747
8905,0.7876024750578443
8906,0.8753500148683337
8907,0.5297720056476978
8908,0.566286018451072
8909,0.4568492631072506
8910,0.2617353651822265
8911,0.7618660791124732
8912,0.7564464523419032
8913,0.3356452860292161
8914,0.2756344545776152
8915,0.38429637139279443
8916,0.4517735732055624
8917,0.3863754886244687
8918,0.25685510578243215
8919,0.5644203177537811
8920,0.4449330501945489
8921,0.2937512279061536
8922,0.1997206558425844
8923,0.2196547918686651
8924,0.7644536354589436
8925,0.5919941698901634
8926,0.5979134284957199
8927,0.3435070665659074
8928,0.7979899280576553
8929,0.1019929515740307
8930,0.8225427081313201
8931,0.21820282661004362
8932,0.6437235131469015
8933,0.828254466350218
8934,0.7073341849878039
8935,0.2806700132049366
8936,0.22336810511307773
8937,0.883794596485592
8938,0.6505085104170824
8939,0.6428112494602799
8940,0.1971350317526131
8941,0.7908957810310666
8942,0.8342880175389874
8943,0.6720433060743526
8944,0.7656934018666657
8945,0.3274104218823836
8946,0.8545396911747847
8947,0.2308197001005269
8948,0.674880168594809
8949,0.7599472705579169
8950,0.5891382046395943
8951,0.19605961125926596
8952,0.24321704216364437
8953,0.8339133098851337
8954,0.47525052789912314
8955,0.6120615807958472
8956,0.4717300805793097
8957,0.4404333261941832
8958,0.7066251779942287
8959,0.4655195012127592
8960,0.7616220753137758
8961,0.5346198905383402
8962,0.11716745526998538
8963,0.8213901125059149
8964,0.6937911043564834
8965,0.7658815643831702
8966,0.29185063458301924
8967,0.8216480668029921
8968,0.5361361855868307
8969,0.13612141587645463
8970,0.5067906791120764
8971,0.14521878364726692
8972,0.5387492848608358
8973,0.6726327884855826
8974,0.3763340667924683
8975,0.8437294703221667
8976,0.7424350323036977
8977,0.6616438142790111
8978,0.14313026475111484
8979,0.577490032882546
8980,0.6220476357205879
8981,0.3642201675641355
8982,0.7801360148065336
8983,0.13364020301061558
8984,0.7782100291497682
8985,0.18801983132320887
8986,0.5641839427474241
8987,0.7734087191060757
8988,0.8320152403490697
8989,0.6070752447189484
8990,0.1863318150181308
8991,0.6882258646110793
8992,0.843258512463843
8993,0.5603213771234419
8994,0.7903205373802661
8995,0.3135335616522464
8996,0.6880198838883311
8997,0.19245229434365846
8998,0.5190255324376083
8999,0.15962237642939084
9000,0.5582923293333532
9001,0.8936510051164448
9002,0.844744045811302
9003,0.6897766793023178
9004,0.4659231381344632
9005,0.6346922023399854
9006,0.3576511934474119
9007,0.2082913426761115
9008,0.49489638696855864
9009,0.8175771182492892
9010,0.2933348571101699
9011,0.7160081236193289
9012,0.850103570628008
9013,0.4828009652660812
9014,0.8362923378170709
9015,0.18146662086323592
9016,0.8031594211199509
9017,0.1787100282383841
9018,0.3624570557603431
9019,0.8383506421204354
9020,0.8025263853039797
9021,0.17288122320892738
9022,0.5531698004956769
9023,0.6314281800921066
9024,0.5471104437736584
9025,0.6162627434401624
9026,0.28542679946375005
9027,0.4335422219288667
9028,0.5719086782739521
9029,0.783204059573998
9030,0.1092548799270963
9031,0.3884627294192421
9032,0.5255120664745526
9033,0.24905232104970632
9034,0.1776578101612311
9035,0.1601596285244153
9036,0.3990384017074132
9037,0.6564398615727639
9038,0.3660681525097121
9039,0.41587012763071396
9040,0.11476030580821715
9041,0.75739046929193
9042,0.48561648746390884
9043,0.37754716395291826
9044,0.8611754330454529
9045,0.8124229004514183
9046,0.26282842302550685
9047,0.26369217511697574
9048,0.24342595086887425
9049,0.14810016018638456
9050,0.5267309493129965
9051,0.8210605306985788
9052,0.7236527366680163
9053,0.8429380887305976
9054,0.2981315981566466
9055,0.2883619239905476
9056,0.7572622138432827
9057,0.7871801355603703
9058,0.6434785109180267
9059,0.5611275872714329
9060,0.5188090926447296
9061,0.2448557923134036
9062,0.5630325523685081
9063,0.8607182475851338
9064,0.6735199612272674
9065,0.1213069979711647
9066,0.6398101336064973
9067,0.22385700691047047
9068,0.46062102905128666
9069,0.632535494480262
9070,0.5222831569801799
9071,0.829398494254066
9072,0.19425923429046088
9073,0.6637154832486363
9074,0.3973110000670567
9075,0.5593392699556312
9076,0.8221432630469071
9077,0.30261677663354936
9078,0.22542109106313704
9079,0.7726259257663821
9080,0.5570127649711968
9081,0.40212695634956275
9082,0.3791784322747954
9083,0.4580422542967927
9084,0.21378440352085584
9085,0.3819130480463148
9086,0.22056852216695214
9087,0.6446594683560241
9088,0.1671364131919095
9089,0.8324697103001191
9090,0.8703795742997695
9091,0.40466478955287194
9092,0.3124513864477267
9093,0.41253030539544444
9094,0.6582116194181057
9095,0.6075598374464378
9096,0.8069685141254663
9097,0.12772346063662549
9098,0.17843364403221898
9099,0.33260218389572954
9100,0.901276633895366
9101,0.3010849395453163
9102,0.23371186591665813
9103,0.38886901954941383
9104,0.38498823995139386
9105,0.43832152828138726
9106,0.4148880808680526
9107,0.8490287839340029
9108,0.6157939207604185
9109,0.22481618625171515
9110,0.14570601954860213
9111,0.3772221985915155
9112,0.27285330166674593
9113,0.6703213668733482
9114,0.24035428577394574
9115,0.19691891690191798
9116,0.4674692692393835
9117,0.8132800100547475
9118,0.45290688502450227
9119,0.11462972637068794
9120,0.40363579626387847
9121,0.711999479719293
9122,0.777100014198056
9123,0.5764275539295526
9124,0.7575551713893349
9125,0.8006469209439178
9126,0.5639297119589407
9127,0.37452973301866693
9128,0.1308713756847825
9129,0.25828881099109907
9130,0.40840928421565975
9131,0.86009008748099
9132,0.17726347982751853
9133,0.6526737366411078
9134,0.5222723040083203
9135,0.7878902981181698
9136,0.13365128981575947
9137,0.7580339387638172
9138,0.590246897308537
9139,0.23892893803424917
9140,0.660276570559059
9141,0.4158399335142766
9142,0.8203429129586175
9143,0.6182232140443593
9144,0.5045884089317612
9145,0.25062265006219725
9146,0.6556652845270924
9147,0.8766490855026307
9148,0.6861649185355867
9149,0.6469337058554329
9150,0.662846766138939
9151,0.7223592522745687
9152,0.34773111537777085
9153,0.13415512153838308
9154,0.3915348726660982
9155,0.7647573961308918
9156,0.2512110766533069
9157,0.7938740796976533
9158,0.30854990907144203
9159,0.7171443658803728
9160,0.3596677352828624
9161,0.6988415957703148
9162,0.5586703917362367
9163,0.1372839977353635
9164,0.8302861896080005
9165,0.7139390892051438
9166,0.7175666116843699
9167,0.8503005398336612
9168,0.2620031173670049
9169,0.7348058324217971
9170,0.8144025693835821
9171,0.19279943867232213
9172,0.6158682946076571
9173,0.44794149489524854
9174,0.8294196261015467
9175,0.7676664352556486
9176,0.8599855392140009
9177,0.16038335068622442
9178,0.6267467564268246
9179,0.7622687555327774
9180,0.1960851981671142
9181,0.24102802615391078
9182,0.4106486312632526
9183,0.796479443670899
9184,0.20658383419258977
9185,0.8390359753532044
9186,0.16469412392069474
9187,0.8201099209006475
9188,0.6746053639551101
9189,0.844076337018767
9190,0.4699921705536781
9191,0.4474400426365013
9192,0.7668400537555733
9193,0.22897164931548958
9194,0.8217683959849179
9195,0.30678457364796435
9196,0.2616892290733804
9197,0.6055494799129063
9198,0.1963817191786465
9199,0.714389835430735
9200,0.8951141463102256
9201,0.7797115342861577
9202,0.7767475403498518
9203,0.7910208830309988
9204,0.8788585008642031
9205,0.7581926172517628
9206,0.2928722677614736
9207,0.6961843204387389
9208,0.76548880631916
9209,0.43778281771924865
9210,0.2208281351681809
9211,0.5554013252222797
9212,0.15544110011934914
9213,0.6823061795458011
9214,0.14572112161871578
9215,0.48617626297235916
9216,0.7992637322107575
9217,0.17035120270095325
9218,0.6978507101438426
9219,0.7785339218368611
9220,0.3000831277998461
9221,0.6021798896331093
9222,0.2273022413565555
9223,0.8175923074274718
9224,0.8181979357723826
9225,0.83144969067665
9226,0.3199478562405043
9227,0.5059614515531915
9228,0.890671018151866
9229,0.6504982718739823
9230,0.8948965294518239
9231,0.2995342578720833
9232,0.3136617603226717
9233,0.3215257425326316
9234,0.8143242762415843
9235,0.14628339690946424
9236,0.5456695889494703
9237,0.17709716158250285
9238,0.44814616608203295
9239,0.7465372796589466
9240,0.6588413043928995
9241,0.7980292389645846
9242,0.6634982365666737
9243,0.27369563710004996
9244,0.3503900278886817
9245,0.3727618955363071
9246,0.4809412307998894
9247,0.13781338576011581
9248,0.7914271808331385
9249,0.5579208669279098
9250,0.8609633243564503
9251,0.8202719222083976
9252,0.7657552976026254
9253,0.621871097355761
9254,0.228618887071038
9255,0.7955378966034998
9256,0.752533537138642
9257,0.6387741226173296
9258,0.7358465283015936
9259,0.28711669610916063
9260,0.2826499356475684
9261,0.35900981167867585
9262,0.45100980943813246
9263,0.8434557480895732
9264,0.6277335666794261
9265,0.2713469241760755
9266,0.3340263524925054
9267,0.5901721248385045
9268,0.7507499239751405
9269,0.4094833619118923
9270,0.847613495513297
9271,0.1494742538577842
9272,0.4562568088510103
9273,0.6256985794912117
9274,0.3986318909831027
9275,0.7012079818851028
9276,0.7741677500104092
9277,0.4085805477647998
9278,0.748656117449354
9279,0.8221899172717329
9280,0.1427953584816989
9281,0.15948292674855055
9282,0.7188474022300763
9283,0.3172399798528544
9284,0.6783439791927262
9285,0.335025322264089
9286,0.5946120985335221
9287,0.2661175507507812
9288,0.8262874501620101
9289,0.4580852113760473
9290,0.5268131836477106
9291,0.566181421006251
9292,0.8019137062748593
9293,0.877714775053898
9294,0.8691723925595434
9295,0.31447423799760726
9296,0.8493023479048994
9297,0.7578611106270889
9298,0.7873853793474641
9299,0.7468511160966897
9300,0.525396914535694
9301,0.21770018401846183
9302,0.2677629746532978
9303,0.6720827221355662
9304,0.2111253857010708
9305,0.7090114195675634
9306,0.7733134633189422
9307,0.25000231866087524
9308,0.2988966170422804
9309,0.7342568508531903
9310,0.7836721097348315
9311,0.6089309111132987
9312,0.2974250486990552
9313,0.33983875346565556
9314,0.20417303791457428
9315,0.4631229659254803
9316,0.5542674428867818
9317,0.5357719315206774
9318,0.5023433029038161
9319,0.7783617398848397
9320,0.31343297173039
9321,0.119534977455085
9322,0.7807275456918087
9323,0.7312199759328012
9324,0.8002224779707543
9325,0.5212240402974241
9326,0.23858367122019025
9327,0.852409441476424
9328,0.3543862691555884
9329,0.7658208965709987
9330,0.45108747421565154
9331,0.8249087703959848
9332,0.7443636491930649
9333,0.17112091569494958
9334,0.14635574166498336
9335,0.718933076847851
9336,0.8616109619528706
9337,0.8398167790220741
9338,0.4188849853703034
9339,0.45520944156825466
9340,0.1630719678045428
9341,0.7530497548379949
9342,0.44003691435511627
9343,0.5095240574171832
9344,0.5330962132173459
9345,0.8319478615131717
9346,0.7046962041795857
9347,0.8902003275883424
9348,0.8298443579614806
9349,0.688119318162583
9350,0.5735039981385789
9351,0.26004966874828533
9352,0.3369689060708913
9353,0.6290209354482313
9354,0.30725702058851706
9355,0.870704639141071
9356,0.602045814638755
9357,0.7283345634060422
9358,0.12807067837112712
9359,0.4482309954853897
9360,0.8348771527269465
9361,0.7913352548999038
9362,0.22315944796163373
9363,0.4368010724630098
9364,0.5512707337964564
9365,0.5132714303741018
9366,0.630538251074969
9367,0.20032510368426146
9368,0.25273365713557605
9369,0.6849198814919558
9370,0.5452129101587552
9371,0.5286732105858726
9372,0.8470506115211844
9373,0.45130738865428743
9374,0.43027005595708545
9375,0.4405644283331127
9376,0.3080085185836723
9377,0.6828239887197837
9378,0.7436416130151391
9379,0.779791957779228
9380,0.1293127004330788
9381,0.5411835246384302
9382,0.6415464028733223
9383,0.13843857053909506
9384,0.8747637315284211
9385,0.14095433070183555
9386,0.3630925811065783
9387,0.2142164609970515
9388,0.5883806655699486
9389,0.3987612498291937
9390,0.15687856683821577
9391,0.7609265076811524
9392,0.191873090082563
9393,0.8404248165775148
9394,0.13576256930154082
9395,0.37335941029880954
9396,0.6139087685291068
9397,0.5695081066194403
9398,0.17702113815293394
9399,0.27287596131377906
9400,0.8509983756514286
9401,0.42278898717577945
9402,0.5572815393499638
9403,0.7035838386129752
9404,0.13492523879863605
9405,0.40810499613326034
9406,0.1687372776943061
9407,0.8363573195132588
9408,0.6146089276714547
9409,0.46675527630408703
9410,0.5820996173645163
9411,0.3399031808227037
9412,0.17426420923758426
9413,0.8673870549594066
9414,0.3323669051816473
9415,0.7454660604270406
9416,0.7898251452017249
9417,0.5707110131462368
9418,0.47608253845194487
9419,0.8080281411439074
9420,0.6284694374801181
9421,0.5708738351971374
9422,0.33894538029130855
9423,0.48167789581311415
9424,0.3082294451676743
9425,0.43904039104693005
9426,0.19959446416325358
9427,0.6973754975550273
9428,0.5227688040622394
9429,0.6974560212720833
9430,0.8567811978321801
9431,0.8565562624941194
9432,0.4562285188278022
9433,0.8272101471933493
9434,0.8487067159071464
9435,0.16841796861787386
9436,0.5117694470992491
9437,0.8519307833416321
9438,0.754244208429099
9439,0.33498347057223715
9440,0.4712911455168152
9441,0.8012897900444311
9442,0.143674111655572
9443,0.6262862656868045
9444,0.15211359026939564
9445,0.7781842239090163
9446,0.639259434761045
9447,0.7478463597644464
9448,0.45484376062041165
9449,0.10080753381658378
9450,0.5687894071875272
9451,0.6881594401607163
9452,0.5737001002191536
9453,0.699654857138225
9454,0.26542966730171513
9455,0.7141529848775426
9456,0.7712123044861118
9457,0.19213839954856873
9458,0.6434301544430883
9459,0.17522366664716552
9460,0.6971855581838836
9461,0.10500291337293122
9462,0.37359466388178675
9463,0.5618714486477092
9464,0.44204559941362687
9465,0.8221229210991992
9466,0.15351078993654652
9467,0.5831835688316745
9468,0.3355949866870971
9469,0.7523518841894619
9470,0.2858735027829057
9471,0.8383637259995451
9472,0.6905381892916557
9473,0.3581102964735476
9474,0.5626690835013058
9475,0.6219132593037621
9476,0.1725086647699009
9477,0.8386930936575496
9478,0.6647217547007955
9479,0.7905687312733447
9480,0.33168800676622784
9481,0.3922054620778584
9482,0.7993668028606007
9483,0.6606040281970772
9484,0.18665556766389274
9485,0.3709292214294946
9486,0.6114996947463426
9487,0.19429252892746138
9488,0.6686590836548543
9489,0.5079555317931794
9490,0.290336273924628
9491,0.8480696998084503
9492,0.77638639294777
9493,0.7325388264980002
9494,0.4846782916071115
9495,0.7758465917258793
9496,0.20737708422517534
9497,0.28333736717949987
9498,0.2131481065645058
9499,0.3089625841379678
9500,0.38454229482309105
9501,0.5831121943561274
9502,0.6497068282352786
9503,0.25291745424493717
9504,0.18938716297191124
9505,0.76775242284428
9506,0.797396212211199
9507,0.5646464681815143
9508,0.5547956954456159
9509,0.7771598010613621
9510,0.8013935788517283
9511,0.5786243319896098
9512,0.8875761244737903
9513,0.8074181343853329
9514,0.735273614773036
9515,0.756916554114285
9516,0.3727073932304154
9517,0.5047180786950527
9518,0.7831459647276093
9519,0.8226033044950798
9520,0.2662287952771253
9521,0.5965903073719926
9522,0.31004273371194974
9523,0.41943269762480306
9524,0.8823174899166658
9525,0.7708801398111425
9526,0.6990004997484323
9527,0.8588129074371138
9528,0.2040690634831932
9529,0.24934714751501508
9530,0.4837412953389819
9531,0.8605638353562737
9532,0.8667582907116045
9533,0.1697154324734269
9534,0.2886999828801567
9535,0.14009307428980822
9536,0.6412195807370523
9537,0.6559922910867529
9538,0.8487642970199769
9539,0.21995448386184538
9540,0.5147341201351496
9541,0.8052235506082479
9542,0.16757613645735295
9543,0.7940897402916701
9544,0.8466589376866243
9545,0.8081818188966745
9546,0.6037095277464596
9547,0.6467927885188789
9548,0.747133552602395
9549,0.7791730927170857
9550,0.6069769183634772
9551,0.8893178795832855
9552,0.5164112353836918
9553,0.8055782663697166
9554,0.5792659868387334
9555,0.5825071223512951
9556,0.5219645090503826
9557,0.44566926389671147
9558,0.4901514746831089
9559,0.18546466178715798
9560,0.20347509293567922
9561,0.3210469703581312
9562,0.3730630167127767
9563,0.3948468856893893
9564,0.7336241891702714
9565,0.12745110212916452
9566,0.19997805535123955
9567,0.21587951326095
9568,0.5775414716997874
9569,0.7056123337758896
9570,0.2515902337917582
9571,0.4406596194772462
9572,0.6521308576440754
9573,0.7702157876485787
9574,0.18609880689812422
9575,0.7163156684533808
9576,0.8250239963649744
9577,0.3911554251460819
9578,0.5432120016799233
9579,0.27650060206216714
9580,0.861241652855133
9581,0.24573321319237912
9582,0.7973764598926771
9583,0.507417754243873
9584,0.6559308879148181
9585,0.5394572180249002
9586,0.799826683763029
9587,0.12961952281710598
9588,0.7124755458932078
9589,0.6114726324557325
9590,0.7203493741535282
9591,0.5369596668739246
9592,0.2806256333670897
9593,0.5262594170588992
9594,0.7845969260074594
9595,0.29563017310269907
9596,0.4832786264441453
9597,0.511840352417682
9598,0.5316746637792044
9599,0.6239796269571282
9600,0.6756664284659686
9601,0.3126152912393873
9602,0.5748574081443024
9603,0.7467568509576431
9604,0.3915614657624658
9605,0.5332308413937984
9606,0.5310101988072071
9607,0.8037729658977405
9608,0.7868151460076117
9609,0.5936511007760809
9610,0.3723287957798275
9611,0.8720562581932874
9612,0.7845094046172773
9613,0.8696484176957255
9614,0.3938759729612863
9615,0.4991942608390174
9616,0.6542034164480537
9617,0.846909103365249
9618,0.5061089943655939
9619,0.5646525719258143
9620,0.4134004699717953
9621,0.7648130922119191
9622,0.19908266990729148
9623,0.5780359383947294
9624,0.6368959117565427
9625,0.8507828622908956
9626,0.8285336655620392
9627,0.4733615551497494
9628,0.5907277874585228
9629,0.2301982610589522
9630,0.46623645367112326
9631,0.7233738329831942
9632,0.2570812411782974
9633,0.8620761229823004
9634,0.28115029457606033
9635,0.7546541716187757
9636,0.2610158750427029
9637,0.14232210914322163
9638,0.2270527191082894
9639,0.25859526037545577
9640,0.800849104033241
9641,0.4137843697317865
9642,0.8179699943173284
9643,0.3392130844430496
9644,0.3411066829801865
9645,0.27014522303046923
9646,0.797285088216994
9647,0.842962841184175
9648,0.5422674972379545
9649,0.1812317586994139
9650,0.6934281981495888
9651,0.4628616512933965
9652,0.8431320169379827
9653,0.6750950427597707
9654,0.6537710789888406
9655,0.1971233459894214
9656,0.8187421063496699
9657,0.2434315909671065
9658,0.8350552205465323
9659,0.3577747834288737
9660,0.7205783931765704
9661,0.1560259272862597
9662,0.452389705027939
9663,0.4568778326952887
9664,0.8598817443931164
9665,0.7704123499976325
9666,0.25667913287048555
9667,0.23851234277652528
9668,0.7299156467180261
9669,0.5254610692877274
9670,0.794633485859504
9671,0.6534515735891747
9672,0.15226136834229131
9673,0.8008310554037879
9674,0.7097096931190022
9675,0.5048335414446086
9676,0.6175616116136367
9677,0.6223312319379001
9678,0.21203502454067522
9679,0.7589725440088038
9680,0.8243842636393449
9681,0.7617899643647313
9682,0.529586225823569
9683,0.4124527150524796
9684,0.5016908185206221
9685,0.27658671185260336
9686,0.7999714188785794
9687,0.8223706454570321
9688,0.6888912437391804
9689,0.8142444548582388
9690,0.6830410224735951
9691,0.7517545048122022
9692,0.49125028163106843
9693,0.7084866342343282
9694,0.7348919409372707
9695,0.7762074768908123
9696,0.8995416729192752
9697,0.7477749998453196
9698,0.24751940714760132
9699,0.46449686145097435
9700,0.7791303922802297
9701,0.7548206138626046
9702,0.3627152705543451
9703,0.6719107827629588
9704,0.5121056252111732
9705,0.6086668090756643
9706,0.4205622177814099
9707,0.5010970819998259
9708,0.18048855401882247
9709,0.2319065816262987
9710,0.8564029007856123
9711,0.8023707198885527
9712,0.2569915977643604
9713,0.6264263220976732
9714,0.2571683571359874
9715,0.7341208006001526
9716,0.6543547164285172
9717,0.7398951914294801
9718,0.8378636583760237
9719,0.2186898628031415
9720,0.5373857350556377
9721,0.3274356017618683
9722,0.6279685767982894
9723,0.7238430537613503
9724,0.27714960559646395
9725,0.7832991667518321
9726,0.7262227789513279
9727,0.8568854859076664
9728,0.1270027278922433
9729,0.19984254756915243
9730,0.648362521205816
9731,0.33159761341632565
9732,0.17127494520507772
9733,0.66672260945354
9734,0.1601905361336667
9735,0.754365732402434
9736,0.12739806811664828
9737,0.2473521852139684
9738,0.7981089924560567
9739,0.4681927217808811
9740,0.1879511063775124
9741,0.7749438870141011
9742,0.14380716059264761
9743,0.8309202736299003
9744,0.4645303254327262
9745,0.13484010192387988
9746,0.8852558218384459
9747,0.8012586803448051
9748,0.8799656423628774
9749,0.8427006034022287
9750,0.19042343647772375
9751,0.49821102944441137
9752,0.5322048229726005
9753,0.20809949603423444
9754,0.1942681123459631
9755,0.8489921180302356
9756,0.541370324383889
9757,0.14819529511551754
9758,0.2471933784600665
9759,0.5366888168494313
9760,0.2771197462857072
9761,0.8993147494948199
9762,0.5532752609334558
9763,0.8627705587453494
9764,0.2834895165992212
9765,0.5513470040924159
9766,0.8401581443858972
9767,0.11919563164383848
9768,0.611649500113738
9769,0.6594702017894546
9770,0.35635239689161696
9771,0.40233246386464616
9772,0.5442046852415583
9773,0.6708830871654273
9774,0.5206456266577576
9775,0.7606806996676565
9776,0.686788490523624
9777,0.23655039906606495
9778,0.2465109853979099
9779,0.16325682940153216
9780,0.88974108298743
9781,0.8633308623939617
9782,0.8898342806773167
9783,0.5836565805215502
9784,0.7879429262510187
9785,0.5844641145807082
9786,0.27647139377795743
9787,0.17450781372153032
9788,0.4057267069297471
9789,0.6835272565201018
9790,0.47196866444443525
9791,0.21119500477017994
9792,0.8124370401066259
9793,0.7809299008825419
9794,0.7598604443837284
9795,0.4851533135502792
9796,0.8515642523896538
9797,0.5512386842639116
9798,0.7430123219744303
9799,0.8448280292005137
9800,0.7927690847681625
9801,0.8379346614452575
9802,0.43696752312153553
9803,0.3112178023468601
9804,0.8192445967379314
9805,0.5737871025671536
9806,0.39498980042215465
9807,0.8347309515117518
9808,0.6730738516063016
9809,0.6210773840926958
9810,0.1814169735758987
9811,0.16280607637384398
9812,0.87248124860604
9813,0.18474205257385742
9814,0.6078702655132225
9815,0.5451131368466198
9816,0.3019426550039624
9817,0.15546399077763726
9818,0.8105791094553183
9819,0.19525536976408023
9820,0.49496698299904784
9821,0.25463408197866705
9822,0.47340167997381105
9823,0.7444392452891972
9824,0.8980129836226227
9825,0.47652269368846045
9826,0.33348442649582294
9827,0.6943881036433269
9828,0.8082874923105041
9829,0.23512550000171578
9830,0.7533123649321692
9831,0.569717832009525
9832,0.6280496504384975
9833,0.739797013188717
9834,0.831190384990357
9835,0.6996430798173482
9836,0.3539850932912952
9837,0.3832231314199833
9838,0.1819803530938798
9839,0.7630557118973087
9840,0.8016748613866143
9841,0.7065449379122565
9842,0.8094991876740699
9843,0.185415159504447
9844,0.34167426580238797
9845,0.5201728602307608
9846,0.2072687272364861
9847,0.6340495077036264
9848,0.748596284759631
9849,0.8667739946179014
9850,0.7964618032649514
9851,0.1665488407292616
9852,0.7773597666358348
9853,0.6694744943897118
9854,0.5748924909273913
9855,0.7349824049905576
9856,0.2462024898001587
9857,0.6290174969333057
9858,0.7124304755353018
9859,0.8026369202092534
9860,0.5545283062035514
9861,0.8573503931383664
9862,0.2168307900265995
9863,0.5235943093209554
9864,0.851551280643766
9865,0.7404447297358283
9866,0.3979741302773554
9867,0.3793149230870495
9868,0.22083310825237795
9869,0.8270502687609542
9870,0.38109119006978986
9871,0.5522164659538848
9872,0.247845743720375
9873,0.1743158960783335
9874,0.3839945563003365
9875,0.3579151769048548
9876,0.7750755191449856
9877,0.6673817261283398
9878,0.39876317502473546
9879,0.7479547934097354
9880,0.7208145462074286
9881,0.6685656081559108
9882,0.6879841037951545
9883,0.2913434995943328
9884,0.829655703063037
9885,0.42840858977915275
9886,0.7547233043951913
9887,0.5255917095085715
9888,0.802089378810424
9889,0.33591801683225503
9890,0.7032461764220581
9891,0.513404345587734
9892,0.7651142126672641
9893,0.1996677472532594
9894,0.2566536933251658
9895,0.693875014950541
9896,0.7914890749423296
9897,0.7725004834701467
9898,0.48533014524089935
9899,0.3763200844169664
9900,0.1255679408696472
9901,0.8655399442888495
9902,0.7074127502915407
9903,0.17661093850818232
9904,0.7313727326381914
9905,0.8321778822730855
9906,0.35457370399083044
9907,0.7657348484755053
9908,0.24846025268989247
9909,0.17527328309151285
9910,0.16837687873601767
9911,0.6986023320977542
9912,0.3398088311296819
9913,0.8043518306939708
9914,0.26513992674729375
9915,0.43487299375860533
9916,0.34653331165513906
9917,0.2583727224956788
9918,0.8376687669798539
9919,0.8005298630360576
9920,0.19951596642863398
9921,0.7472301965015148
9922,0.1383705578127062
9923,0.19713686222983262
9924,0.45261318275349893
9925,0.19090830846140783
9926,0.446217782998868
9927,0.5218832125249826
9928,0.8494440095712883
9929,0.17144252476712468
9930,0.5053834544481618
9931,0.15442748467525513
9932,0.7979529403900794
9933,0.2832842498817632
9934,0.204448983842421
9935,0.8485429216036783
9936,0.7963357584094068
9937,0.8243626986776175
9938,0.738453083218141
9939,0.7995759453928939
9940,0.5357658583002423
9941,0.8677887935719845
9942,0.8069009711594745
9943,0.8780715183158541
9944,0.7950449419886869
9945,0.8416628834305973
9946,0.7850955443050418
9947,0.5314097882668389
9948,0.1860854044552009
9949,0.33065699044758895
9950,0.5695969769237254
9951,0.7061777879432088
9952,0.8062642483307239
9953,0.3069220153866098
9954,0.7026908042778048
9955,0.502612804380337
9956,0.49518983990715404
9957,0.48131814548802343
9958,0.3673712407618995
9959,0.17702666345650409
9960,0.7631929965345332
9961,0.808596149456797
9962,0.7768905863596681
9963,0.8054077374655699
9964,0.3020491978629913
9965,0.7525392297040235
9966,0.5322641997841938
9967,0.3974735653401914
9968,0.24340455057343485
9969,0.09738571491614571
9970,0.20112244342618368
9971,0.3668439514704957
9972,0.6927501555390273
9973,0.6683372889523055
9974,0.13942072772842246
9975,0.16640337482596868
9976,0.829784647778296
9977,0.7603663396815101
9978,0.23527102973009445
9979,0.800346605630579
9980,0.18047779063688177
9981,0.39234549369149496
9982,0.4541658888651901
9983,0.8217546780183683
9984,0.8637520034878743
9985,0.5291007917412381
9986,0.654402963064247
9987,0.2688591943614723
9988,0.20487703293325088
9989,0.7694981914413294
9990,0.5816111232147035
9991,0.8413019738588638
9992,0.26732381166630753
9993,0.14339252208096995
9994,0.685646102684066
9995,0.8395225776379831
9996,0.53917253767565
9997,0.5505032950493168
9998,0.7684048914606851
9999,0.5461234154012341
10000,0.6840595617841724
10001,0.8161177157243773
10002,0.7557454417613778
10003,0.7025970999676543
10004,0.15773757244538325
10005,0.6341202994483608
10006,0.7936236006030986
10007,0.8268946755138523
10008,0.17074848684798768
10009,0.7916324453545691
10010,0.11355363596007467
10011,0.46023338587380275
10012,0.78834078319889
10013,0.698170282696813
10014,0.7968302209311136
10015,0.45718987712346815
10016,0.5895551805263498
10017,0.2520014206598572
10018,0.7040383470662149
10019,0.1267761737998417
10020,0.6876739240885558
10021,0.5042475428815171
10022,0.5164911495022305
10023,0.20742823778212777
10024,0.7990023859538167
10025,0.760946277851404
10026,0.14255104312835742
10027,0.43833466789306275
10028,0.49027032938232984
10029,0.5801330020681728
10030,0.7233837560818054
10031,0.2949318454262711
10032,0.29702615562986395
10033,0.18855787662096773
10034,0.7980763525034451
10035,0.426989795128005
10036,0.49087426066156087
10037,0.5832265694709685
10038,0.816511729621485
10039,0.1911106286380344
10040,0.8755661357786946
10041,0.40349566413459237
10042,0.5873421711909684
10043,0.3185725098694662
10044,0.6958644410906172
10045,0.337698093088086
10046,0.23871014698010165
10047,0.8289612930347926
10048,0.4502282703495024
10049,0.12620925260689897
10050,0.3609072774159159
10051,0.5328084037037841
10052,0.1396402896340632
10053,0.7408713329913564
10054,0.474309348675597
10055,0.35217152299555193
10056,0.16695369368573165
10057,0.6052363002115396
10058,0.7298093950704393
10059,0.15468869676310928
10060,0.5764317545964214
10061,0.1916824572808213
10062,0.7202041306265474
10063,0.7213728960051458
10064,0.4143671259046797
10065,0.2264289842332651
10066,0.7910302797276481
10067,0.3217625170233693
10068,0.1417723772622089
10069,0.48721800997505504
10070,0.13602779114786426
10071,0.8010546049318912
10072,0.5669703642934873
10073,0.35554880917830006
10074,0.8961981186205048
10075,0.8098137501844702
10076,0.8539155818864862
10077,0.4143773511167175
10078,0.4659991288180029
10079,0.768725416357604
10080,0.12715969812270198
10081,0.35251781120090014
10082,0.4150385748246001
10083,0.8159818078055487
10084,0.7484758660952925
10085,0.8415802391289519
10086,0.27799964948627975
10087,0.2292605685153309
10088,0.835790753256751
10089,0.14053900779931647
10090,0.23907668361069995
10091,0.19581155005317946
10092,0.618867342942835
10093,0.3715541324995439
10094,0.1706515908414362
10095,0.8910165232626871
10096,0.5134958074174149
10097,0.5703408260456161
10098,0.5288332419589397
10099,0.41758562087015405
10100,0.5873802377384835
10101,0.8145710159039361
10102,0.8398435129188476
10103,0.5181365712751997
10104,0.6975565650347858
10105,0.22714375908458548
10106,0.6847169005519567
10107,0.14635799979336686
10108,0.5876071442792384
10109,0.39221405738540427
10110,0.7732229980942946
10111,0.7761256829971237
10112,0.5362700187178787
10113,0.4117427602665762
10114,0.7696086521379837
10115,0.5995438299637177
10116,0.6555098539994302
10117,0.527987855572261
10118,0.7543205468642707
10119,0.6536221435923475
10120,0.7263991741585275
10121,0.8585742021510223
10122,0.7942448094436596
10123,0.19298755149770436
10124,0.8249607770519763
10125,0.766130498289255
10126,0.758308717737603
10127,0.7217831145627581
10128,0.13747578642595534
10129,0.17030967651220882
10130,0.6570437364778404
10131,0.492463097433439
10132,0.4880325210549139
10133,0.479248892890986
10134,0.10467626458186173
10135,0.8738090591251362
10136,0.7797648604555115
10137,0.24191198134898828
10138,0.8512048618648611
10139,0.36150995573974687
10140,0.8732938218744251
10141,0.8276751193413054
10142,0.2307633484709917
10143,0.6487440875657978
10144,0.27629081706110925
10145,0.5976958539932603
10146,0.5470238647975088
10147,0.24108915785178037
10148,0.8059596061372938
10149,0.7464852517788084
10150,0.7532747736623087
10151,0.6300015049098079
10152,0.6047121416334641
10153,0.5889247822043379
10154,0.5196535672917437
10155,0.7149965036142046
10156,0.74935586807323
10157,0.35863850750461906
10158,0.4648018863171842
10159,0.8407327462878041
10160,0.22171574912151654
10161,0.14172702241267773
10162,0.5225224234266513
10163,0.7554143783763004
10164,0.3465136819669966
10165,0.5048749806488873
10166,0.31245586562062067
10167,0.5697537473629383
10168,0.6862277083391821
10169,0.17361245229649486
10170,0.8796646033716494
10171,0.6832779207731979
10172,0.20296561078031516
10173,0.5693321489140085
10174,0.7915747627780121
10175,0.36493401093594524
10176,0.5808176010289364
10177,0.5717653845926703
10178,0.8241288965601701
10179,0.7884500218108993
10180,0.26428049998420117
10181,0.23896349818300847
10182,0.6925536210107215
10183,0.7296858078357599
10184,0.7873847891627934
10185,0.4618580329816423
10186,0.5385694878190304
10187,0.49274179417089625
10188,0.23028993064189715
10189,0.24309560375102282
10190,0.740116315265359
10191,0.5417735025346823
10192,0.7581460730911086
10193,0.327851396714034
10194,0.8889256428152381
10195,0.2643411288294123
10196,0.8341197888522534
10197,0.6091162965476256
10198,0.2098621127973144
10199,0.7958975750138656
10200,0.6729599904369117
10201,0.48351469289036464
10202,0.5470667182932564
10203,0.6000036838083632
10204,0.23708316548739894
10205,0.3310680881176087
10206,0.8909923598651716
10207,0.5857135538374824
10208,0.5372628842509449
10209,0.3201834065960645
10210,0.8304943184748093
10211,0.14794008336838005
10212,0.5792282884610708
10213,0.885855610434181
10214,0.4969563537399327
10215,0.7584146104599667
10216,0.711375503434336
10217,0.631422761051388
10218,0.7959408340220326
10219,0.28648083390504747
10220,0.5760178100663778
10221,0.1269729913006228
10222,0.5968462899581909
10223,0.6997198017068927
10224,0.6775169263370635
10225,0.4759765912197496
10226,0.12610683470144313
10227,0.6207999485102117
10228,0.7041207220830162
10229,0.8434993773007157
10230,0.32431099116801637
10231,0.5737217035452639
10232,0.14242344529722156
10233,0.33693028242531303
10234,0.7874070588300182
10235,0.637822209481377
10236,0.14125701571523935
10237,0.6883591524777236
10238,0.8448077534124735
10239,0.1654260400860271
10240,0.7184263188385774
10241,0.7031762344746312
10242,0.8166262452319175
10243,0.40347501614083664
10244,0.29388793566433163
10245,0.30002761148474455
10246,0.1274085016413535
10247,0.7853129993811709
10248,0.6982509102578428
10249,0.1356848635553369
10250,0.760667125032914
10251,0.7463711527821296
10252,0.7884476952567387
10253,0.45342378155179
10254,0.773185267620035
10255,0.20591373119322925
10256,0.34268919825833083
10257,0.7059291196255247
10258,0.7834436035490251
10259,0.16297851601616364
10260,0.6689537010604559
10261,0.8303048684448233
10262,0.2288968002736494
10263,0.7080314633844668
10264,0.7665419560404677
10265,0.8589768999635128
10266,0.3292648991276841
10267,0.864633943899576
10268,0.4579601245592026
10269,0.6180539175129734
10270,0.4124390762711851
10271,0.8214172947194271
10272,0.23544312369739884
10273,0.6049501283924151
10274,0.5945193781068799
10275,0.12853091997467464
10276,0.4679284092683315
10277,0.24749920881635834
10278,0.6684256411262952
10279,0.8126494668997268
10280,0.4223190864666446
10281,0.10383601120982876
10282,0.7996837070325542
10283,0.859962101453225
10284,0.35962360864011106
10285,0.8060299356386267
10286,0.35047906807589524
10287,0.2865141608217808
10288,0.8456596619294967
10289,0.6432348050634232
10290,0.7650724818412552
10291,0.4720165206929022
10292,0.6316415173698883
10293,0.8143296453421645
10294,0.2912590225435305
10295,0.6916990947651814
10296,0.8861128684117408
10297,0.1790612108266158
10298,0.8089787870155245
10299,0.2612683243227778
10300,0.31759878011085557
10301,0.8341259851571441
10302,0.7475807818693047
10303,0.6906803601019812
10304,0.7807957812988782
10305,0.821431025505591
10306,0.4785096448126641
10307,0.4679941588788672
10308,0.3725165036600015
10309,0.13375465476726547
10310,0.28359582623265756
10311,0.14914365982334904
10312,0.837728298422583
10313,0.6426057815388093
10314,0.8312748166411696
10315,0.7865542389644058
10316,0.3547071183487251
10317,0.40883242761645777
10318,0.4804144399441322
10319,0.6331288146747386
10320,0.48234695977826947
10321,0.7675718162978131
10322,0.7782209599219332
10323,0.18773479549192762
10324,0.8752662167568533
10325,0.4013673675350075
10326,0.8340747821563543
10327,0.8662793911497457
10328,0.1270209777664805
10329,0.384818751383724
10330,0.34515516196858015
10331,0.7342194479467796
10332,0.7066783938121467
10333,0.8541960901014518
10334,0.7945194800591575
10335,0.2015357907812992
10336,0.20657129349565487
10337,0.5920275309464843
10338,0.8392026802982344
10339,0.15575020012664179
10340,0.31823436291787205
10341,0.5149728564018746
10342,0.7423520972346594
10343,0.15776963907476982
10344,0.8196864548563945
10345,0.303811355901814
10346,0.7522852520380217
10347,0.8770436796614833
10348,0.3492965061040928
10349,0.8302737425204014
10350,0.8310237296491794
10351,0.8077722208807652
10352,0.8370113778729764
10353,0.8304533921438326
10354,0.6952665670294942
10355,0.7777563107345582
10356,0.7161540375326784
10357,0.29913112570670725
10358,0.5735922434926694
10359,0.2320574784314282
10360,0.35761400901483925
10361,0.7421907936550864
10362,0.7694203615174846
10363,0.1969012187545392
10364,0.8011710689818172
10365,0.2643388821772476
10366,0.2273430335262086
10367,0.6308420128760323
10368,0.3552865742378237
10369,0.5047092895510921
10370,0.5912037781511045
10371,0.8278269700930176
10372,0.14592301327244153
10373,0.24412872335899508
10374,0.8332636486277423
10375,0.5020959398757296
10376,0.869109650171569
10377,0.22294913917935022
10378,0.6819540617852741
10379,0.29645671550975633
10380,0.560992865145726
10381,0.26900014030914393
10382,0.7894022539352396
10383,0.8017809774748146
10384,0.7904755360441091
10385,0.7650056101255471
10386,0.7870169626914778
10387,0.83524053293853
10388,0.7509914969460574
10389,0.23011754424813902
10390,0.7310765639516558
10391,0.6631726067553068
10392,0.7780100335986158
10393,0.22427349727527546
10394,0.15520258861715638
10395,0.15665749845926993
10396,0.7605045409858355
10397,0.648848736875156
10398,0.40904865982119754
10399,0.18248673050390432
10400,0.7934859720594805
10401,0.3633321693588049
10402,0.5592233685862597
10403,0.36559139454050577
10404,0.8105026786549235
10405,0.22039504388866255
10406,0.811519748566947
10407,0.5070111837079471
10408,0.7645556759233254
10409,0.8435463075336771
10410,0.1369705586353345
10411,0.49547342868982525
10412,0.26447494151492223
10413,0.7079373449706267
10414,0.16333827408512694
10415,0.5448999394542894
10416,0.3473967351378474
10417,0.7782664370867438
10418,0.7926316916244567
10419,0.3473405358072114
10420,0.506456631658089
10421,0.348710316308875
10422,0.7748368065156255
10423,0.22590828072326524
10424,0.6735693929539043
10425,0.5768135770349578
10426,0.32927435545967115
10427,0.6525505377836024
10428,0.522337573698249
10429,0.13979945247694617
10430,0.8061132982524343
10431,0.6019361637867409
10432,0.4682359155989769
10433,0.5355894181866624
10434,0.47925004412183947
10435,0.14046819838168534
10436,0.6639105356600968
10437,0.8084534819492311
10438,0.7099991602171655
10439,0.6784674539798516
10440,0.3238400957946948
10441,0.7399011670033424
10442,0.549199386092691
10443,0.8388441947334697
10444,0.45882475664640976
10445,0.15178515338053158
10446,0.8271137323618326
10447,0.18901790706161234
10448,0.46725719405967525
10449,0.47971841349358435
10450,0.5076907285929364
10451,0.53130142599975
10452,0.8009771882698746
10453,0.14985755070331044
10454,0.6843637258758555
10455,0.8490522879705075
10456,0.30410097882503084
10457,0.19568915930505812
10458,0.7713638527286273
10459,0.3895095106911106
10460,0.7547797730652863
10461,0.7170275158320752
10462,0.12786116889655982
10463,0.25027608267986307
10464,0.6257183067963119
10465,0.4129995169131995
10466,0.6185841001475407
10467,0.7400043042536149
10468,0.8478608204940606
10469,0.2318326824292556
10470,0.5221866141277611
10471,0.1808939458871382
10472,0.8581758416783678
10473,0.4974626078701886
10474,0.7975614106572884
10475,0.8408419877576867
10476,0.8037448941065463
10477,0.7507662536750033
10478,0.7285752055215833
10479,0.7241975482424449
10480,0.7632579091622275
10481,0.38896136321961916
10482,0.24764807976318243
10483,0.7728980601816073
10484,0.4497724453244578
10485,0.8364608417965793
10486,0.40445817512779525
10487,0.5116242233689837
10488,0.4214528413650392
10489,0.5900508327848584
10490,0.597640031822014
10491,0.8236090596855132
10492,0.11614797938027002
10493,0.7316906428343964
10494,0.30330368080594877
10495,0.11315053268888993
10496,0.1165694234030164
10497,0.4609230738996301
10498,0.7381962126822083
10499,0.3684444147771593
10500,0.27092264683699874
10501,0.7414313004285312
10502,0.7814151585232049
10503,0.47339300508285453
10504,0.39318535882606587
10505,0.25423181522454347
10506,0.7430548127590902
10507,0.8565868448657286
10508,0.451072084410326
10509,0.8224715715868166
10510,0.8272587462153093
10511,0.1660354752079337
10512,0.7651061714701355
10513,0.3525638564431666
10514,0.40609183305823715
10515,0.6334001462727982
10516,0.8339993095775463
10517,0.19507293053644645
10518,0.7122971770052879
10519,0.1339360157578129
10520,0.8358502139778661
10521,0.3852014996000308
10522,0.8748039832067013
10523,0.6174192305442197
10524,0.7599417082734612
10525,0.13885210524059075
10526,0.8252078529971762
10527,0.3040211958384718
10528,0.6273328015508708
10529,0.3199576271096695
10530,0.2064232609964176
10531,0.26111391585486043
10532,0.818877837932023
10533,0.7839323320381122
10534,0.4925466533280489
10535,0.8069079351309235
10536,0.7563013903062077
10537,0.6873981884733966
10538,0.7691904391877162
10539,0.12675429678323902
10540,0.8068561451781584
10541,0.31150999717769084
10542,0.16779643693200444
10543,0.3710314099713405
10544,0.8017029229313379
10545,0.16407804336589918
10546,0.3267019968037491
10547,0.15817897849734475
10548,0.33544722206153427
10549,0.5607694696007355
10550,0.5031219031784425
10551,0.33328881388821213
10552,0.31138794443308015
10553,0.7521679839146354
10554,0.28760497732478224
10555,0.34099957038964634
10556,0.3421825006798638
10557,0.476511229786292
10558,0.3593262355350501
10559,0.29897491170216733
10560,0.6174869195074223
10561,0.6135571755615526
10562,0.2630889977083645
10563,0.42416187765862456
10564,0.7529146950704835
10565,0.10882348869875012
10566,0.7183361411065978
10567,0.5965602944741261
10568,0.7552655650966409
10569,0.7150392332273129
10570,0.7878444089044884
10571,0.7621685178253547
10572,0.48341057097789475
10573,0.7284040648070985
10574,0.2538675379275124
10575,0.26439320299370855
10576,0.8611840565674609
10577,0.4052868448931274
10578,0.8463368199863163
10579,0.5044991352144338
10580,0.2995969735329538
10581,0.8519266525228957
10582,0.1786918261912998
10583,0.7639962241789805
10584,0.7865013184335684
10585,0.7151708635968002
10586,0.18547280769021127
10587,0.7461275458044637
10588,0.7320927548501961
10589,0.2999765499002725
10590,0.7874561311964471
10591,0.48389579702449537
10592,0.7580529700615206
10593,0.6842912247741808
10594,0.39893253688792474
10595,0.7691915594902705
10596,0.22506831618228584
10597,0.8672110208427126
10598,0.8083221924026824
10599,0.14748334311103642
10600,0.336719374117485
10601,0.16082044676846624
10602,0.25367868912198477
10603,0.6691684958888865
10604,0.40124601593950815
10605,0.7388472984410593
10606,0.12406790191854346
10607,0.6782325863077955
10608,0.607544162749239
10609,0.21332576033870373
10610,0.7769012057895728
10611,0.816882396378098
10612,0.64509554557916
10613,0.6530270691821729
10614,0.8027522483443076
10615,0.572037811132056
10616,0.6202301730933562
10617,0.3333891098719743
10618,0.48886960861710943
10619,0.6923414057832135
10620,0.695508333168779
10621,0.17869036219352682
10622,0.8500881824488955
10623,0.7873487767261627
10624,0.8757686899908883
10625,0.5572224975914916
10626,0.7852166398632041
10627,0.40463695980087794
10628,0.10341866766068952
10629,0.6990824381859037
10630,0.6310542739064559
10631,0.801003365432873
10632,0.8883068824793591
10633,0.7141311360162215
10634,0.29189779897457185
10635,0.4072221290173895
10636,0.2906980336008987
10637,0.38903352845297945
10638,0.774380903345521
10639,0.4033034450916144
10640,0.12295495040895113
10641,0.7158742391285643
10642,0.6616446244948192
10643,0.7234165431786727
10644,0.8441712286544897
10645,0.881212321139679
10646,0.15637271044266937
10647,0.7135428471461126
10648,0.8478179638060588
10649,0.7235611891256598
10650,0.7950192595240939
10651,0.7530811229635404
10652,0.6872195287779711
10653,0.2455433368266074
10654,0.24322754287503948
10655,0.25140480336226184
10656,0.40910758674421793
10657,0.20472786637714788
10658,0.6015481625542154
10659,0.7181843072507671
10660,0.18556378415508776
10661,0.4408176715002417
10662,0.7651088611086634
10663,0.6719043558835286
10664,0.2640848055041207
10665,0.288473293644364
10666,0.16529858862026503
10667,0.1306768730156421
10668,0.8569112591909186
10669,0.7124482464407943
10670,0.15355591615133588
10671,0.21438246703781766
10672,0.5443501021287909
10673,0.4356469483349812
10674,0.8220172287853953
10675,0.6440131177844974
10676,0.20156547727617263
10677,0.8269272160757246
10678,0.8074820716080044
10679,0.6688112397609041
10680,0.6087522239595586
10681,0.4682120478936854
10682,0.4006193809337706
10683,0.5354172477646089
10684,0.35479040451348426
10685,0.1861668811989087
10686,0.7984136921259919
10687,0.8414379886293466
10688,0.2090172023625112
10689,0.8040746908599519
10690,0.8204435654482114
10691,0.5764261540457255
10692,0.19001101514908944
10693,0.29853849927869575
10694,0.7760162884356228
10695,0.7625399268240629
10696,0.8441393231672694
10697,0.3714165079095763
10698,0.15445595455053687
10699,0.27488273625327575
10700,0.5276189810104815
10701,0.5274280299002282
10702,0.6411532722841664
10703,0.875021019041017
10704,0.7196027777740596
10705,0.7091301357439178
10706,0.8680693433868676
10707,0.13661295860852748
10708,0.32865025394844527
10709,0.7382968168411289
10710,0.6305648954624872
10711,0.7524217236578912
10712,0.2115045192932412
10713,0.24828340944320665
10714,0.17034904675993473
10715,0.49759707982907375
10716,0.6338796262521879
10717,0.463007214530707
10718,0.6835346924049324
10719,0.8028880180651765
10720,0.7629271653260185
10721,0.545269097567744
10722,0.865535985788527
10723,0.8176382728081211
10724,0.18741207570943896
10725,0.658575271752905
10726,0.7817626200968628
10727,0.16751074515792774
10728,0.7781981751192151
10729,0.699023300304258
10730,0.7654119778269215
10731,0.7309965819984828
10732,0.2169817779878648
10733,0.27611327135977387
10734,0.4438493363198381
10735,0.8186642574698628
10736,0.6131133921384565
10737,0.34576899247582127
10738,0.7955156039324573
10739,0.842552035286252
10740,0.8329469005077703
10741,0.7290364137780841
10742,0.6726277979676358
10743,0.857802099099152
10744,0.48748252205350423
10745,0.8584325298662409
10746,0.5598606226100619
10747,0.22751420481662885
10748,0.2023722574053537
10749,0.5063971569648734
10750,0.41496155724044465
10751,0.744712546461694
10752,0.8540505269084573
10753,0.508024945410392
10754,0.7823580101290166
10755,0.45624263069929216
10756,0.37150511780478773
10757,0.8515950502213405
10758,0.3056890690328472
10759,0.17448163625253207
10760,0.3505728323254081
10761,0.17173941994893563
10762,0.35212425188199864
10763,0.25861660318332513
10764,0.8137652019929968
10765,0.3994742852047749
10766,0.40938653018774784
10767,0.6927423200351548
10768,0.1482293311183854
10769,0.7749055240668024
10770,0.6430007908218276
10771,0.6001405520421
10772,0.16653368982532124
10773,0.327213379541415
10774,0.19529259693291715
10775,0.7097599285695056
10776,0.7098500186453083
10777,0.8575050215823834
10778,0.30909545486174794
10779,0.7280967156371592
10780,0.39252525528164417
10781,0.8483219483534645
10782,0.4354210869305355
10783,0.7939852920944706
10784,0.7323530007405973
10785,0.2095338942833579
10786,0.6656376242676608
10787,0.4039910511195488
10788,0.8480330981346613
10789,0.16636251043695557
10790,0.44535405828996494
10791,0.15455263218696202
10792,0.4681329272514396
10793,0.7988636895637988
10794,0.2798505630384787
10795,0.8327146633280276
10796,0.8179467848368873
10797,0.18957472304969517
10798,0.7718109866226008
10799,0.8260830107263908
10800,0.7207035766694659
10801,0.13815982511137023
10802,0.5808595655045051
10803,0.511769350424491
10804,0.7471511992673517
10805,0.8102579132310805
10806,0.24368224665536886
10807,0.8366009417901605
10808,0.8117976179891728
10809,0.7772441890644628
10810,0.5947752555846657
10811,0.8514675938819235
10812,0.3853469429723214
10813,0.2176865688244833
10814,0.6809177104869423
10815,0.6173784707668096
10816,0.7754188253331916
10817,0.23430307746808604
10818,0.15104985888690375
10819,0.8312026121604971
10820,0.8380951105809626
10821,0.24830611475609457
10822,0.24141260534468617
10823,0.6062018552282781
10824,0.30906211208259077
10825,0.43707415542501554
10826,0.8073633240504049
10827,0.40097740759924194
10828,0.7928024778598337
10829,0.7792565327822649
10830,0.815324237680468
10831,0.8610640395271643
10832,0.11342016833644161
10833,0.8425435801451462
10834,0.45558011688801503
10835,0.33417029816399507
10836,0.5481648679132392
10837,0.4710848513584335
10838,0.35542964531791404
10839,0.8184303713108811
10840,0.32062294328231855
10841,0.7811238012084718
10842,0.11681274813741893
10843,0.6296092948506221
10844,0.5206757554639793
10845,0.42328935945650503
10846,0.7632454240301874
10847,0.14595406572959138
10848,0.7514941544761594
10849,0.8443432994859442
10850,0.4092580613499981
10851,0.8384866004801617
10852,0.42444826929748747
10853,0.825907927318386
10854,0.5346632596625959
10855,0.11104423989439913
10856,0.28133145551240035
10857,0.6351673249322032
10858,0.6868001987709224
10859,0.7222504979413905
10860,0.8212333313160121
10861,0.5874467375479336
10862,0.1106282485697969
10863,0.9032127997678692
10864,0.5889523152329402
10865,0.7559275778578224
10866,0.8737519099119467
10867,0.3244702507977409
10868,0.19835342192290084
10869,0.4578890471096656
10870,0.6959576335780637
10871,0.4963523840784757
10872,0.7830179068782445
10873,0.18895349357674174
10874,0.5696359418188743
10875,0.7643482474828192
10876,0.5987110621201734
10877,0.4628040571405228
10878,0.8051603376995413
10879,0.7876285736849256
10880,0.6323548491249039
10881,0.1780444744691357
10882,0.8809141018430804
10883,0.7787577537209764
10884,0.8182432062614193
10885,0.853960410995183
10886,0.8402699226701247
10887,0.1404958794249906
10888,0.6674447554180503
10889,0.2822062352442091
10890,0.6681148484104935
10891,0.7257044007709408
10892,0.27948181531175714
10893,0.5873467767358963
10894,0.3315793324671542
10895,0.3823909613287063
10896,0.2723691676383012
10897,0.8962497911451124
10898,0.7158181509301033
10899,0.31581555151998186
10900,0.5002519615622658
10901,0.23754894696949239
10902,0.6669976830869192
10903,0.26904400729010547
10904,0.8642247136113407
10905,0.8838928295736057
10906,0.7836900845200505
10907,0.7984187171644956
10908,0.18891488104425924
10909,0.19169033365536173
10910,0.8274842444744256
10911,0.8627443583113139
10912,0.2795251504939336
10913,0.40407442620683964
10914,0.6562449245468972
10915,0.2836688571406758
10916,0.22752576301467325
10917,0.5861113253943416
10918,0.8737116266628362
10919,0.16536608972192815
10920,0.26348881288586584
10921,0.7594169217724461
10922,0.6117244963152055
10923,0.8672530449494935
10924,0.1376679262055337
10925,0.7088316844339703
10926,0.8227502624398698
10927,0.37821325968526665
10928,0.7522020888726068
10929,0.42997677143926166
10930,0.15470496191931776
10931,0.7305095654532595
10932,0.4713178455923313
10933,0.5729975998582718
10934,0.6301451177176806
10935,0.11932991175866521
10936,0.7561575111324589
10937,0.459650579174123
10938,0.8193521723950123
10939,0.33244501409514143
10940,0.7395102739381758
10941,0.9041234185745536
10942,0.20880165976605697
10943,0.33325072129501265
10944,0.3450088435087633
10945,0.34392749137517314
10946,0.549899794795445
10947,0.4672005507243704
10948,0.1430240818206019
10949,0.8503482542700678
10950,0.41322041439694523
10951,0.5335666806284459
10952,0.2660552675548864
10953,0.7038680536587802
10954,0.19909668828873012
10955,0.6937745862199886
10956,0.7277639256412047
10957,0.6541616490662007
10958,0.15437891626497324
10959,0.3074577662046034
10960,0.8322738577702768
10961,0.6257917814929087
10962,0.18222657342831206
10963,0.24574256841015107
10964,0.7704995772026596
10965,0.8709603601484301
10966,0.3093002800355273
10967,0.8417658849498743
10968,0.25066692539204016
10969,0.49782355943141987
10970,0.5535889449965271
10971,0.5482468022392754
10972,0.4705561530495772
10973,0.4570018894069673
10974,0.16547912243308427
10975,0.3822093807806763
10976,0.2127816565852167
10977,0.13968368632037098
10978,0.8820616541166779
10979,0.5166545609826989
10980,0.6113639894982773
10981,0.3326714418679728
10982,0.521842261701888
10983,0.3511055780407262
10984,0.7039131126598154
10985,0.8114369380074038
10986,0.6966801884043187
10987,0.4693344075843986
10988,0.37484612582278515
10989,0.8786515045301103
10990,0.8620632993719595
10991,0.7336690957083359
10992,0.3043810707638337
10993,0.422352662811073
10994,0.5333480631114356
10995,0.8632151835012172
10996,0.8548494766655468
10997,0.16821690289980656
10998,0.22820232890257788
10999,0.7885709815135886
11000,0.5563336627571399
11001,0.8227463065266832
11002,0.8642964101631858
11003,0.41305381413110476
11004,0.5675187506398806
11005,0.5918079223584048
11006,0.6570214741028506
11007,0.796363967266301
11008,0.7413541273840808
11009,0.31797597997985055
11010,0.822216523828142
11011,0.6212017684131756
11012,0.26355932356889183
11013,0.20239661058515784
11014,0.2650378202454828
11015,0.7999994259006304
11016,0.6017063503567018
11017,0.8078901297645699
11018,0.7693874969665087
11019,0.6493379928270501
11020,0.14531920059461312
11021,0.22541872204244628
11022,0.702576884990906
11023,0.6934980184305471
11024,0.14487946760965587
11025,0.24679485406195023
11026,0.68764672987456
11027,0.7762289268538137
11028,0.7024822712076532
11029,0.6075196794926085
11030,0.40289802883354486
11031,0.19942006406785992
11032,0.49465891009642604
11033,0.3219474585347469
11034,0.8769801573570755
11035,0.5397821947457134
11036,0.7615350314326338
11037,0.8176562726858798
11038,0.17639015233319935
11039,0.7870287690996987
11040,0.7282349811910233
11041,0.810141009143968
11042,0.7989815643243838
11043,0.3565074795368406
11044,0.7381042989812909
11045,0.7353811445076983
11046,0.7748244664260154
11047,0.2049114862368569
11048,0.5342485937455378
11049,0.8170383210465308
11050,0.16062973258424598
11051,0.7363901250130954
11052,0.53108500183889
11053,0.2885504153783335
11054,0.5491363428490431
11055,0.6545548109571903
11056,0.8262986533465583
11057,0.36814370395432167
11058,0.8159160283687162
11059,0.24399321929071816
11060,0.16861446129863109
11061,0.606439340360781
11062,0.613797287416607
11063,0.16414969937374216
11064,0.575279236750433
11065,0.5839803837345526
11066,0.7592966453655287
11067,0.8031978924557872
11068,0.6448946112856485
11069,0.5686492233408267
11070,0.619599390852781
11071,0.3458337949807762
11072,0.3352953486375511
11073,0.8274449591670274
11074,0.8620447022386963
11075,0.17886084697750576
11076,0.7362023586764379
11077,0.5957393059202688
11078,0.7314130856867295
11079,0.47340105406012856
11080,0.7653241597017303
11081,0.7530182964168608
11082,0.4633539360226738
11083,0.31831617955657654
11084,0.1402376016369334
11085,0.28529506185146924
11086,0.33628666813065444
11087,0.500675637838827
11088,0.7167724467618038
11089,0.8938426966469304
11090,0.8395401282530768
11091,0.361129852222106
11092,0.715789137577135
11093,0.19515922646062983
11094,0.36306816836504785
11095,0.799342846471117
11096,0.749505358863548
11097,0.8525606236654981
11098,0.738947421208521
11099,0.6493504183426192
11100,0.890236998604015
11101,0.3722910190943573
11102,0.33233509703619235
11103,0.878329463167502
11104,0.5748728688354388
11105,0.8072996219888463
11106,0.6665339555656399
11107,0.44129450145848126
11108,0.2577566091684508
11109,0.8319341345439037
11110,0.8060692354594446
11111,0.381951749863158
11112,0.30101649786505363
11113,0.5465303324984746
11114,0.6215966506151397
11115,0.49901431328054413
11116,0.23736680506527047
11117,0.8723788717069989
11118,0.621742902816136
11119,0.11246882926706116
11120,0.6227738071517775
11121,0.7099788072118965
11122,0.1767362235105583
11123,0.632305362556233
11124,0.4497793958262039
11125,0.7710509113963725
11126,0.6062524585120651
11127,0.5558492857709759
11128,0.8706007354086407
11129,0.6788925933799955
11130,0.4656044158768703
11131,0.44154326401689226
11132,0.1055369233105284
11133,0.4907688870234261
11134,0.834370697400346
11135,0.5190924992523446
11136,0.7015015987078217
11137,0.38050523756844934
11138,0.15443346264743504
11139,0.13769570809111398
11140,0.7196064818983788
11141,0.452005476490108
11142,0.37776661566997116
11143,0.8442989933714053
11144,0.12309100872156965
11145,0.8361658633530149
11146,0.14526172269967755
11147,0.31808601077600535
11148,0.7195523741794398
11149,0.12931977568964237
11150,0.18596607386109987
11151,0.325892671300858
11152,0.8102783318955449
11153,0.33101576668170524
11154,0.5799021150477813
11155,0.5620092931274284
11156,0.40814964985612284
11157,0.697692791876284
11158,0.8140375681137979
11159,0.8465570992545699
11160,0.753363222438487
11161,0.16480129266491472
11162,0.8894778710401641
11163,0.8277665215609764
11164,0.4796978863120004
11165,0.7308380339088644
11166,0.2502885710600677
11167,0.7095379277768568
11168,0.44467887270256584
11169,0.7939935019253119
11170,0.8588062624176114
11171,0.8273571848418009
11172,0.6933853034651768
11173,0.8743721417588096
11174,0.7733300691610091
11175,0.46962747662947907
11176,0.5016858440887748
11177,0.19903557414256937
11178,0.6825067050174797
11179,0.33770642735392425
11180,0.42985665266692186
11181,0.5087360874462598
11182,0.48394851940337325
11183,0.4190291112532793
11184,0.48564344618052
11185,0.6907178939420058
11186,0.6003048950246715
11187,0.7372269099059178
11188,0.40927259714529646
11189,0.322164078869604
11190,0.7621820307000228
11191,0.8524931369454909
11192,0.22458906608814988
11193,0.6852273571844341
11194,0.514295280470913
11195,0.5677633045378817
11196,0.7100970766326797
11197,0.6978417482894994
11198,0.6471599244649677
11199,0.82598811546732
11200,0.6690683833636902
11201,0.756235536974942
11202,0.4920940150532993
11203,0.1491280750941153
11204,0.7397263555274537
11205,0.5878486225413494
11206,0.5233278900089439
11207,0.8753625510133838
11208,0.8428088067366964
11209,0.7111638804030703
11210,0.145793155513167
11211,0.6650494432589708
11212,0.2944766171358382
11213,0.2778612889274367
11214,0.7103857847522009
11215,0.24600866764090548
11216,0.31492221499876544
11217,0.5672273777747098
11218,0.4584693851542057
11219,0.8194511489860545
11220,0.7318313079259967
11221,0.3224098431368895
11222,0.7777729409176461
11223,0.26673650431982554
11224,0.22949296752944592
11225,0.7267930188265342
11226,0.852371754934028
11227,0.2719335000357539
11228,0.23558324320882626
11229,0.7136678399277717
11230,0.8368106281130074
11231,0.5723360445274227
11232,0.24643222885408644
11233,0.6981588769881171
11234,0.868084110521735
11235,0.8815875483588815
11236,0.3868486702423639
11237,0.8091330982643745
11238,0.5709460166554806
11239,0.18841393037679294
11240,0.7582383065234828
11241,0.444165241753621
11242,0.6693279754981163
11243,0.47283101632213637
11244,0.8008696769824514
11245,0.6884178013101695
11246,0.8139673689735586
11247,0.7459067535106702
11248,0.31608516138415277
11249,0.780037079446257
11250,0.7833105656422359
11251,0.8613104810671679
11252,0.3122735473602272
11253,0.735779601321583
11254,0.23229951708494898
11255,0.8607255183824147
11256,0.49333967586131616
11257,0.1543179375670915
11258,0.2860962473361487
11259,0.8081431362427727
11260,0.7727368590737997
11261,0.7829555733475442
11262,0.8596789060670713
11263,0.15705156417039223
11264,0.653866167054827
11265,0.7724816874847658
11266,0.32320575270182417
11267,0.6567748860241089
11268,0.561417862268185
11269,0.6023464055594262
11270,0.1430806857018689
11271,0.3276753397471614
11272,0.6163378138989737
11273,0.6017378228124622
11274,0.3146571038943071
11275,0.3302450533413309
11276,0.5876184170147151
11277,0.8310338960426615
11278,0.17927876338836002
11279,0.1205346264120828
11280,0.14278672059764447
11281,0.3777582651802775
11282,0.227214167808399
11283,0.21298133435759697
11284,0.6597135135481033
11285,0.6834483643637081
11286,0.3856236948947098
11287,0.8195328141309767
11288,0.7930242974224084
11289,0.2977220326663747
11290,0.3108688894676424
11291,0.40547518316452885
11292,0.8347896646885524
11293,0.6831621394058572
11294,0.1889873674144643
11295,0.795590942092639
11296,0.3586064703126906
11297,0.2959858447134251
11298,0.6399400443877589
11299,0.5701563528834023
11300,0.7171319625980109
11301,0.843624459013651
11302,0.3155103355498316
11303,0.5972109402617031
11304,0.845597389228427
11305,0.8345971262284988
11306,0.39016230751321745
11307,0.7065675415119435
11308,0.7578970096811077
11309,0.32840664051030904
11310,0.8254995046471243
11311,0.6773643800968366
11312,0.2458771737882994
11313,0.7405076130227017
11314,0.7222339836374538
11315,0.3807443999590903
11316,0.563673289480413
11317,0.7566012236845212
11318,0.8325053511702027
11319,0.8513442624073875
11320,0.8240432173970471
11321,0.4913012121941674
11322,0.7278705228322778
11323,0.8225229141042583
11324,0.45604891740135883
11325,0.7584658047126724
11326,0.7098844976816288
11327,0.725339348687608
11328,0.720329600886389
11329,0.16696508265035512
11330,0.6477412091111736
11331,0.8154047083262417
11332,0.31687247944334274
11333,0.5957973842402965
11334,0.8573671464022452
11335,0.36882439140482165
11336,0.5003369125311959
11337,0.5692095435659927
11338,0.4131389533468853
11339,0.3183724572845451
11340,0.8051677368747738
11341,0.21674800009492246
11342,0.3234030164158846
11343,0.8237737531622776
11344,0.81532805847629
11345,0.7218539357763843
11346,0.29562360108474156
11347,0.302876732358982
11348,0.23540972478258398
11349,0.2538242346587036
11350,0.3268431510426191
11351,0.7527519430523594
11352,0.6968570329210779
11353,0.7566186335485505
11354,0.796287991560738
11355,0.5370013991476189
11356,0.6844308190341041
11357,0.8618996026787238
11358,0.8526447218469292
11359,0.21854243074879037
11360,0.7980372479841964
11361,0.867499427684638
11362,0.5610031409045741
11363,0.6785093672037933
11364,0.3012860985207452
11365,0.2719321882353989
11366,0.7833671847125998
11367,0.2823413999841315
11368,0.7933574901084945
11369,0.8635964702422139
11370,0.875902559655024
11371,0.8327058257899301
11372,0.5251595697042194
11373,0.7116797110493661
11374,0.6492063106706537
11375,0.38470122027361825
11376,0.3869129371163935
11377,0.16939863772849334
11378,0.4835234927729931
11379,0.51516071237228
11380,0.15913282386732694
11381,0.8461502107884971
11382,0.5469787002303984
11383,0.14387394336152895
11384,0.18061197549393304
11385,0.13412439918256436
11386,0.8216781169023012
11387,0.3441392997486807
11388,0.7440402532860406
11389,0.845640837956544
11390,0.3855126061755707
11391,0.3675949691761519
11392,0.7787686087902083
11393,0.3104302882779512
11394,0.46176929032051484
11395,0.21130790225339874
11396,0.15267652681415592
11397,0.2276099658541325
11398,0.25806329528101085
11399,0.1298350305804027
11400,0.8556216349738786
11401,0.8833111845088746
11402,0.2324804549409509
11403,0.6250987009142409
11404,0.3102925052237426
11405,0.25449600327519845
11406,0.6154218780884632
11407,0.8376673384286045
11408,0.7553126819638201
11409,0.5663629074679721
11410,0.3748690644726856
11411,0.6253575642070595
11412,0.7606788329346331
11413,0.37256259574549894
11414,0.40886660921170326
11415,0.23389188185133736
11416,0.42736121793502485
11417,0.21708745132860655
11418,0.3381461915335416
11419,0.2701287581923217
11420,0.8164258538472783
11421,0.5363555864487268
11422,0.5711263866080764
11423,0.2271288139419869
11424,0.5271765430741014
11425,0.6024448689318317
11426,0.6600609253736789
11427,0.6504418907042835
11428,0.4952906756315816
11429,0.1604270233750236
11430,0.5565497969903851
11431,0.4118481899316446
11432,0.839632620011784
11433,0.4133306282836593
11434,0.30303026754920626
11435,0.8505914106004961
11436,0.5742869214925999
11437,0.26505435192066906
11438,0.7286490994451282
11439,0.7916620574043471
11440,0.1288382792186182
11441,0.3957219649737189
11442,0.22382229800764894
11443,0.7886552976215349
11444,0.5140488831098314
11445,0.8060262933464457
11446,0.8832930842302981
11447,0.23790708881478223
11448,0.2957768633051802
11449,0.29766947359285784
11450,0.1459886349964519
11451,0.40158804101408807
11452,0.4604799150563912
11453,0.642229362752107
11454,0.5383993064460895
11455,0.7575379334400357
11456,0.8616922553306453
11457,0.7780052382962948
11458,0.12862094578916244
11459,0.6354887750194999
11460,0.5681393213000235
11461,0.8334653303688703
11462,0.6642708992445893
11463,0.22579002706243598
11464,0.21293742288809386
11465,0.49759060732673466
11466,0.341991322116577
11467,0.2779809453628432
11468,0.8161623527889081
11469,0.2585664331214676
11470,0.8231778126535505
11471,0.4194115996904146
11472,0.6884099875179152
11473,0.18802969189233457
11474,0.5277575082903594
11475,0.44765168759133944
11476,0.8778563714061849
11477,0.1761468528666888
11478,0.7755891852215938
11479,0.10469400009310616
11480,0.16688613673461555
11481,0.7256434113179135
11482,0.7921133353732457
11483,0.45163729031104083
11484,0.7798255006682383
11485,0.8321629883679453
11486,0.19016634461017456
11487,0.8036574718073901
11488,0.3565426218872091
11489,0.49891267187474403
11490,0.16941860705314202
11491,0.316732090688636
11492,0.7847486945174689
11493,0.43083415341771536
11494,0.8143969843334171
11495,0.3933032980656727
11496,0.5588602780548874
11497,0.5659506094604883
11498,0.8822914829176238
11499,0.40269270378119865
11500,0.339316461912067
11501,0.4418740691094304
11502,0.7747958483848005
11503,0.828982414145934
11504,0.20730614718731377
11505,0.31884385796452297
11506,0.2007358472102375
11507,0.15441016888033923
11508,0.26267848852658415
11509,0.8159375853304175
11510,0.11858673015751782
11511,0.3517116180068453
11512,0.636238631947886
11513,0.3382159478340916
11514,0.6847039161818586
11515,0.7609370797549276
11516,0.8675214380429024
11517,0.35982201706950406
11518,0.3792683441113984
11519,0.8541210059952025
11520,0.6770418875000753
11521,0.38556102580571605
11522,0.8503635719434017
11523,0.8333309495786966
11524,0.7360248083940487
11525,0.27598312006597564
11526,0.46172384220336227
11527,0.3347789823695397
11528,0.8289698766840192
11529,0.8769381631260451
11530,0.7969160637527861
11531,0.47280404990393937
11532,0.6109301206444908
11533,0.7515846041588683
11534,0.8321953894190129
11535,0.5785868410618805
11536,0.5410039246715359
11537,0.39089204649216147
11538,0.616915139009569
11539,0.5679721824192168
11540,0.575449273195701
11541,0.4061034243889377
11542,0.5029957169783872
11543,0.44315347807036753
11544,0.4239791893700602
11545,0.7699541874567478
11546,0.16662727857972123
11547,0.831710391101289
11548,0.8442771192401304
11549,0.8470454873350606
11550,0.11588450890351383
11551,0.6555267036171366
11552,0.7165415110470633
11553,0.8369469979517853
11554,0.17591524049207855
11555,0.41927207698091973
11556,0.5773781485703242
11557,0.18605440845074253
11558,0.3862033367708802
11559,0.816474301897165
11560,0.830979266381771
11561,0.8402222342273564
11562,0.8217954800175278
11563,0.5699076305389339
11564,0.630103418352452
11565,0.6507998274485244
11566,0.7445969548802508
11567,0.34566399986799917
11568,0.33876181579332965
11569,0.8004886519969305
11570,0.7241526474882245
11571,0.7083329978457135
11572,0.7261229149666005
11573,0.8077860748192631
11574,0.3619832439108866
11575,0.8734501087139308
11576,0.12112935395114102
11577,0.6456312505868141
11578,0.6694266997311986
11579,0.8264140872869026
11580,0.6887933651600177
11581,0.2938343018167677
11582,0.21349831963419882
11583,0.11296724251104864
11584,0.5354778043961019
11585,0.24022021603579102
11586,0.8450008196904559
11587,0.227909430904953
11588,0.8130047625248668
11589,0.8085728930547547
11590,0.42572022045514907
11591,0.5590598091768083
11592,0.4186619594101205
11593,0.8683123224924534
11594,0.7929069382400472
11595,0.11118144705862959
11596,0.48658664685055836
11597,0.4527273156994599
11598,0.3049452368618495
11599,0.1146025450725674
11600,0.8141633766614932
11601,0.6654406778231373
11602,0.5385358195667408
11603,0.8377737284757231
11604,0.4841472396410406
11605,0.627515627383013
11606,0.20780505851329137
11607,0.17932673131286034
11608,0.37846936404916015
11609,0.31120639912500553
11610,0.45506280030537505
11611,0.70745642669217
11612,0.7501466301389128
11613,0.6145844959573618
11614,0.19671768634797793
11615,0.6040397536782642
11616,0.8275860515799891
11617,0.5386179130446141
11618,0.5640199675997556
11619,0.4201643247037815
11620,0.6376893292563574
11621,0.4523881875830828
11622,0.8205817197896825
11623,0.6961335189343069
11624,0.6014456317577289
11625,0.8847222722817608
11626,0.14515117484636125
11627,0.4044124671637767
11628,0.811679879980368
11629,0.7838594561403809
11630,0.6265025718996884
11631,0.15418470154204728
11632,0.17734759725871155
11633,0.18714975698673386
11634,0.6512346160784438
11635,0.5113230634456251
11636,0.245749063836687
11637,0.8197790476992416
11638,0.13094688615585215
11639,0.7955340893960059
11640,0.8797516670457672
11641,0.5327130132882482
11642,0.7095954582726008
11643,0.24173380506874842
11644,0.1910055587205966
11645,0.7432168143639396
11646,0.20939906581929207
11647,0.5541153033628252
11648,0.6829434749952548
11649,0.8583886813475936
11650,0.1446015848366331
11651,0.6341185662683151
11652,0.6499928137836186
11653,0.8611755728694721
11654,0.4357738711004008
11655,0.6625433406662025
11656,0.7830640339262104
11657,0.7210223099833363
11658,0.12954895421746235
11659,0.6663133324858478
11660,0.7367725091018609
11661,0.7232301314955336
11662,0.46011653674765446
11663,0.7766061439881182
11664,0.7101005799995618
11665,0.2311850115085807
11666,0.24398788261590681
11667,0.17427830466579822
11668,0.4677063121711831
11669,0.10876133427592138
11670,0.20427915984709338
11671,0.31030083193722924
11672,0.7328422357459845
11673,0.6834804047235934
11674,0.7461501214966395
11675,0.4994122636110537
11676,0.7761654462916066
11677,0.7767464602697858
11678,0.6836993451444492
11679,0.8524280067953296
11680,0.35832114110533636
11681,0.5494912870665897
11682,0.7237271716621859
11683,0.6115632798045473
11684,0.15463501062645757
11685,0.2967340125931766
11686,0.35258136184562267
11687,0.6789345837833708
11688,0.8311739844001502
11689,0.8586256413710724
11690,0.2247932089142555
11691,0.7444191903244527
11692,0.8523254548301721
11693,0.17252836829949306
11694,0.5984023807309468
11695,0.8498557904363806
11696,0.8664051825319938
11697,0.5968297295726476
11698,0.729222428764814
11699,0.5565191946788411
11700,0.7936746333664967
11701,0.2699768696284333
11702,0.23947897644560961
11703,0.7428958262594944
11704,0.20098936358336303
11705,0.18433601213792014
11706,0.5365321466202005
11707,0.3027940846807076
11708,0.5077769325835946
11709,0.39821355008021064
11710,0.46224555868064354
11711,0.7651842675554335
11712,0.7104325679223618
11713,0.21425084449711407
11714,0.38691757998782095
11715,0.17120366073360446
11716,0.41090671327973805
11717,0.758633382142328
11718,0.8432651241024476
11719,0.43728781989251353
11720,0.5063255148152775
11721,0.7368092134453795
11722,0.8776680537711402
11723,0.6923603876489663
11724,0.8270624438353378
11725,0.350268149772393
11726,0.4465692108276401
11727,0.7680187387692994
11728,0.1295743568600154
11729,0.49320855593787927
11730,0.37746551389259225
11731,0.6497228728631822
11732,0.34502581445899266
11733,0.7869489264916429
11734,0.12981127216097316
11735,0.6313100867533741
11736,0.5615963794836535
11737,0.8472694267163089
11738,0.5834751855527232
11739,0.12668227957399197
11740,0.5502067948228299
11741,0.854058528918465
11742,0.526468190893868
11743,0.4873494186412073
11744,0.8005631481400419
11745,0.30834356816820835
11746,0.24702669145006045
11747,0.2203240235264802
11748,0.7883186439931045
11749,0.8067850809834038
11750,0.6594187945420807
11751,0.14154656933070228
11752,0.7576069217328029
11753,0.8306211977378462
11754,0.626374691411575
11755,0.4550291984946878
11756,0.10972496099253223
11757,0.46223181267684793
11758,0.25161972316358633
11759,0.5830778170742965
11760,0.2151601729565521
11761,0.6827594966791798
11762,0.8454624158230071
11763,0.5990300308285195
11764,0.21687567384046472
11765,0.8133678815948022
11766,0.31024429604674464
11767,0.538088923380229
11768,0.6574486516561866
11769,0.6500320864585284
11770,0.8903288978017547
11771,0.3036844062465645
11772,0.8445507417105266
11773,0.827179765313893
11774,0.4513206870680093
11775,0.8200149921316338
11776,0.7834835117546175
11777,0.2726773114132866
11778,0.8316697381017776
11779,0.4932344312725194
11780,0.19595525520299706
11781,0.5235275149562104
11782,0.782676433669738
11783,0.11749568754093835
11784,0.2618955795271212
11785,0.49990521751863376
11786,0.42234610943568796
11787,0.4537294011946284
11788,0.4138583817537981
11789,0.3715582145561062
11790,0.5752493559558786
11791,0.2518059001060253
11792,0.7927157497032331
11793,0.2993301666393256
11794,0.5828293548796734
11795,0.8258176920332656
11796,0.7987278517382526
11797,0.21676816235499458
11798,0.7062628622891266
11799,0.8688869378755566
11800,0.6111197163292151
11801,0.09885628671888257
11802,0.5215815422921631
11803,0.2622851595007165
11804,0.874749198140855
11805,0.2795540997554702
11806,0.6549336103570977
11807,0.7988034842679104
11808,0.6544862808776969
11809,0.3323824088830975
11810,0.8030584046621163
11811,0.6914215942945156
11812,0.26752607942396467
11813,0.21527614927218403
11814,0.41713797673626163
11815,0.8224998289050099
11816,0.6161111541362203
11817,0.17038824952740125
11818,0.37275500321168736
11819,0.23827234599361558
11820,0.15033385658788626
11821,0.4803821923188978
11822,0.8275569800039948
11823,0.8309592304102279
11824,0.45367446097591624
11825,0.4580911948206319
11826,0.8441678455498768
11827,0.8540904731459509
11828,0.5290065891552512
11829,0.8719899595494601
11830,0.48491996593726283
11831,0.7053088715993509
11832,0.1569163274967245
11833,0.23414557739099082
11834,0.3648664190657794
11835,0.6179249911436729
11836,0.8609151779963535
11837,0.41120450573223943
11838,0.3609315889089531
11839,0.4783662401705715
11840,0.5494798501965198
11841,0.8055895976411802
11842,0.7721291755246388
11843,0.8095671974789458
11844,0.7685391284676821
11845,0.8383715127756666
11846,0.6353071195493364
11847,0.8389202047347942
11848,0.20875258619810647
11849,0.7081288157272739
11850,0.5999910849638489
11851,0.4952353800270932
11852,0.2232919281509687
11853,0.8436061250528132
11854,0.273999872989358
11855,0.8379412137721136
11856,0.5794020403379437
11857,0.8980457654229262
11858,0.7640875839594174
11859,0.7891165512778663
11860,0.5172985630111934
11861,0.14063652266960625
11862,0.8942776469976264
11863,0.24461762156145625
11864,0.857905578157687
11865,0.8082325833792656
11866,0.4969415128475313
11867,0.3430161359693754
11868,0.22730676170428066
11869,0.7544975216499812
11870,0.6043106291856172
11871,0.43400617012286824
11872,0.1115287517960519
11873,0.836720753958449
11874,0.8088074519182904
11875,0.8967237156040879
11876,0.6659204742506554
11877,0.7199500546127163
11878,0.3221065467543501
11879,0.10678315390095078
11880,0.7622245394772595
11881,0.832665442597739
11882,0.44085252769154804
11883,0.4060234397232703
11884,0.3031493488350869
11885,0.6063446637584705
11886,0.3279282232147872
11887,0.3110175602591327
11888,0.19815749639322383
11889,0.2165888925647882
11890,0.3607843680145902
11891,0.8585427302404807
11892,0.8949781537159207
11893,0.827977676693052
11894,0.5223055248749094
11895,0.8542278348471504
11896,0.23998183303517492
11897,0.612939265592151
11898,0.8447593321929027
11899,0.7493244573273715
11900,0.7917742867955715
11901,0.6747670447992126
11902,0.75488813615007
11903,0.5031591181287273
11904,0.18063451471706193
11905,0.3886580886366595
11906,0.7880214975175378
11907,0.27997962409599947
11908,0.7583814284417644
11909,0.8155180190496119
11910,0.4757886666957134
11911,0.8635361883480192
11912,0.4271186614730653
11913,0.1989711793193813
11914,0.8177601409481583
11915,0.13516774018620167
11916,0.8465902518602324
11917,0.8012076843123425
11918,0.7718108538890973
11919,0.33225298581487767
11920,0.7296328276325083
11921,0.30583351578643087
11922,0.1952823829658486
11923,0.6990870963904656
11924,0.24868211640210303
11925,0.6432439931483429
11926,0.8517358914835683
11927,0.7958968776376134
11928,0.829210082583184
11929,0.8925959939346282
11930,0.8312260921789476
11931,0.5335834268608282
11932,0.4980039583529382
11933,0.7571945355400362
11934,0.6107601339585023
11935,0.5181312104871517
11936,0.5987222601840653
11937,0.7941174179212308
11938,0.9036785977786399
11939,0.6514669054641702
11940,0.7821905465444456
11941,0.8150453934275674
11942,0.796605335232319
11943,0.13312157167838948
11944,0.5742943750353705
11945,0.8747862744050853
11946,0.5722427050232014
11947,0.5114780795696879
11948,0.8098379206909903
11949,0.7452427232482891
11950,0.27405117032787135
11951,0.26393190779250414
11952,0.7330008051093185
11953,0.4619307615299172
11954,0.22944398718993747
11955,0.5660720928763893
11956,0.18138769183664938
11957,0.5706115660062516
11958,0.29448314648240853
11959,0.6762179520618526
11960,0.34359553767689666
11961,0.8705765331980299
11962,0.6570728394093205
11963,0.7993790016183617
11964,0.5607360109339163
11965,0.6905363815171381
11966,0.5108203750701544
11967,0.20001830278458443
11968,0.3449056305755095
11969,0.7176011250809923
11970,0.3164258410934293
11971,0.2193670041715723
11972,0.15318544305203494
11973,0.509767036295223
11974,0.47704592341365837
11975,0.8149470306438656
11976,0.8472622521044603
11977,0.16952824602947678
11978,0.7289681202922195
11979,0.35925390900489584
11980,0.8839974421832184
11981,0.7549274564259263
11982,0.4330873285867461
11983,0.6935532052880887
11984,0.46007625626479354
11985,0.745977391145444
11986,0.7620075555278534
11987,0.7389971499704905
11988,0.4868482152989378
11989,0.28193294946753183
11990,0.7442739215051019
11991,0.47625016357249716
11992,0.7318188908881146
11993,0.6124426400720194
11994,0.7335432690030012
11995,0.2481371385898519
11996,0.4659021003125886
11997,0.8199472832247072
11998,0.42341504588016365
11999,0.826316399952163
12000,0.7276437822309698
12001,0.7707909558674806
12002,0.806408680701235
12003,0.6896525152469071
12004,0.8833677188264817
12005,0.6980142697574888
12006,0.5200577436758135
12007,0.7717825547752168
12008,0.7999093788715645
12009,0.25256910821878337
12010,0.7723969666350334
12011,0.1846388520682762
12012,0.39192158342292777
12013,0.4769512282927052
12014,0.25512910948826417
12015,0.17674369839500453
12016,0.6939149466356397
12017,0.7088837165433466
12018,0.8026036378240723
12019,0.4788997262771955
12020,0.4494533005249962
12021,0.614091954171063
12022,0.7607056356536772
12023,0.5185978943847198
12024,0.663182756897477
12025,0.8147054660373246
12026,0.8049630520532838
12027,0.8604802021917275
12028,0.41945855123091047
12029,0.7879422077069327
12030,0.8605047803835174
12031,0.5729641149175276
12032,0.6359989672177427
12033,0.5804783337446539
12034,0.1719473177057013
12035,0.16014077684197064
12036,0.3045405378937207
12037,0.8347200903432221
12038,0.1620905135420911
12039,0.20106531186418888
12040,0.7821154125253476
12041,0.222757563163715
12042,0.8681805738938633
12043,0.708482332573503
12044,0.19133194736243345
12045,0.7066762274575802
12046,0.18054814570851854
12047,0.5332674113384097
12048,0.3802152297183927
12049,0.3654120872923783
12050,0.880981796266049
12051,0.30397625056110467
12052,0.4175478153990595
12053,0.4198328274170172
12054,0.3222729681829319
12055,0.2562714827780593
12056,0.19657741320065242
12057,0.4368538980788016
12058,0.632978638090879
12059,0.7486591933034323
12060,0.8962112592919378
12061,0.6950271918039149
12062,0.845709562957228
12063,0.3542254811422923
12064,0.7295960818816193
12065,0.2592521829286751
12066,0.22018556466475936
12067,0.3842739897745807
12068,0.7064094626982524
12069,0.4829134654378181
12070,0.7827003080635513
12071,0.7684351293145308
12072,0.5486315868215785
12073,0.787573457449793
12074,0.363483379694023
12075,0.34148154211187515
12076,0.5949130406279
12077,0.7948877568656292
12078,0.8032405849486013
12079,0.8533151418299372
12080,0.3814155751969868
12081,0.832839533584792
12082,0.5610190142053524
12083,0.14531902544443243
12084,0.2922439545560686
12085,0.5711357870145448
12086,0.26370264559351614
12087,0.11144985928247127
12088,0.5010259285497435
12089,0.4158180124191505
12090,0.6941784049364254
12091,0.4609921881494104
12092,0.6567480818076491
12093,0.8563389699826622
12094,0.8916457891344086
12095,0.8275811158524051
12096,0.6968214936744662
12097,0.12481969315310806
12098,0.5285882537639333
12099,0.47705136211623517
12100,0.8413886735718925
12101,0.3263940001545958
12102,0.616238204407603
12103,0.1660683779521209
12104,0.3484911972410531
12105,0.39814883136638196
12106,0.8718155261807372
12107,0.17769459870144524
12108,0.5874252789719189
12109,0.7778720934532152
12110,0.29070659219826567
12111,0.41159576063580533
12112,0.7706544443993111
12113,0.6633246099632841
12114,0.8213605970273662
12115,0.6172335736359563
12116,0.8080227578525687
12117,0.8772995289562375
12118,0.8103469172692978
12119,0.839296875818345
12120,0.23225946918870882
12121,0.39785869479926017
12122,0.27411515211415755
12123,0.1714390222513772
12124,0.7616313292972393
12125,0.5400631833941151
12126,0.6323572182586099
12127,0.24123768496494646
12128,0.6051290095921743
12129,0.2697364803461522
12130,0.7996052962212011
12131,0.14724112414754467
12132,0.15973060699745312
12133,0.29089214682054726
12134,0.6243992223440408
12135,0.7843180690698184
12136,0.558673502531376
12137,0.2754127525334308
12138,0.5359870486849608
12139,0.4830296337504198
12140,0.8139427691027559
12141,0.4019584243395144
12142,0.5718662847452879
12143,0.8542117697502627
12144,0.7919399298021519
12145,0.16637795909514533
12146,0.8463222523661245
12147,0.24567106154179005
12148,0.5959574189127789
12149,0.692565823804602
12150,0.6560846422083398
12151,0.43171490068544993
12152,0.8739496267098259
12153,0.7808831024613359
12154,0.8302612848335778
12155,0.8759609434617253
12156,0.7255857548605625
12157,0.7278745131015621
12158,0.8655308773945039
12159,0.7090458051776779
12160,0.8318869405717858
12161,0.15554751064157937
12162,0.15799322233181
12163,0.37236180913613065
12164,0.3044393720492831
12165,0.17409423621977374
12166,0.5573053343400279
12167,0.8353806873686311
12168,0.8380911970852363
12169,0.7588923318570728
12170,0.1377149525037177
12171,0.7349558653412437
12172,0.41697560817154333
12173,0.5814674946053812
12174,0.47035716862194427
12175,0.7283437300489041
12176,0.28553967259644286
12177,0.7631739968471506
12178,0.8209428181188816
12179,0.6165197093255564
12180,0.8163633090676108
12181,0.707382180471107
12182,0.16643049151090825
12183,0.8668357642162536
12184,0.7170981572856795
12185,0.8468060976247567
12186,0.6814818139459811
12187,0.6181482815322722
12188,0.7606902503133037
12189,0.12698858794034837
12190,0.4179973970837947
12191,0.5928167016032739
12192,0.6922453715054497
12193,0.48783194197464724
12194,0.2747414810730531
12195,0.8110536309016956
12196,0.47120721023887335
12197,0.3316490448384186
12198,0.8120642060041006
12199,0.39421509827107626
12200,0.1736471661051341
12201,0.16047008650029798
12202,0.8700385039653673
12203,0.4495245734724576
12204,0.4446850715217183
12205,0.6028072658838531
12206,0.2953914025162118
12207,0.7560501862729307
12208,0.10585538029502971
12209,0.4032955557428961
12210,0.31789041011493774
12211,0.5067336668995971
12212,0.5967253182746975
12213,0.8174299753504222
12214,0.3986316649265072
12215,0.676771676407714
12216,0.8390221503570032
12217,0.7178112170037729
12218,0.6749442857801901
12219,0.6960481055119122
12220,0.4212466021271478
12221,0.32595880959890233
12222,0.25570757122653404
12223,0.33935631290635015
12224,0.6175628719499529
12225,0.7503614023157865
12226,0.4584904710944362
12227,0.28140634525032043
12228,0.4879582161690437
12229,0.700308716073421
12230,0.7707552341213993
12231,0.28330684021014974
12232,0.49204371328589436
12233,0.2661411488774386
12234,0.8203016118300064
12235,0.2972860900842423
12236,0.16978049020470898
12237,0.4522805850812572
12238,0.842048135648868
12239,0.16995791033595145
12240,0.7497403371302894
12241,0.49527083045614484
12242,0.5130938721799848
12243,0.6519713557139545
12244,0.5754324040344613
12245,0.7773599146001926
12246,0.7164490733732359
12247,0.274838319642504
12248,0.788040848101828
12249,0.8651097109153404
12250,0.23725293985119825
12251,0.3599016282374918
12252,0.5656817897193609
12253,0.4839109923676602
12254,0.5341501836799009
12255,0.18050874864908958
12256,0.1073293583653225
12257,0.8118561457528846
12258,0.21483925624789074
12259,0.28641380505934083
12260,0.6685234854660078
12261,0.44189565943999143
12262,0.6462383721962203
12263,0.16000477403915636
12264,0.8562013946641598
12265,0.2251316655485298
12266,0.47558264756596946
12267,0.29812096245038383
12268,0.5211920228772559
12269,0.2324209118759071
12270,0.49297432142891534
12271,0.16634361312261378
12272,0.3912964635082679
12273,0.349327846532842
12274,0.8601608360549149
12275,0.7802715777780938
12276,0.3694203303021811
12277,0.8711253045109663
12278,0.8804214367493826
12279,0.1943913488806493
12280,0.4912762693098204
12281,0.6770681158903044
12282,0.22330856553310233
12283,0.8868451392496703
12284,0.27882858720317455
12285,0.7537294952227862
12286,0.2237587058058571
12287,0.374544581186319
12288,0.2953059006016829
12289,0.8781686019181045
12290,0.6973187063028965
12291,0.5826464964822026
12292,0.7402663547501247
12293,0.5484487660012494
12294,0.22679560867626986
12295,0.1380149522891446
12296,0.8940374927160255
12297,0.24569260687283248
12298,0.7342206873686099
12299,0.20283823811122803
12300,0.1963764629453046
12301,0.5533281144709044
12302,0.6191835065168142
12303,0.6036698511732002
12304,0.4845101730872066
12305,0.5658573085427576
12306,0.7173135291084934
12307,0.19649469113870696
12308,0.46241258581095696
12309,0.1856877496961172
12310,0.24380645890842748
12311,0.8154853803721562
12312,0.2275107417293426
12313,0.7925800196841544
12314,0.35971120718749144
12315,0.7119276535697742
12316,0.8345458957192131
12317,0.33318185875545553
12318,0.8145738900171742
12319,0.5857972085751163
12320,0.7855105602493508
12321,0.8186441512181576
12322,0.1281982560151748
12323,0.6275732331536684
12324,0.697206486123033
12325,0.7444753263984157
12326,0.8036006099821028
12327,0.5487818070928041
12328,0.6409692681686397
12329,0.4588255558460771
12330,0.870782680772629
12331,0.4566396969174765
12332,0.46222972962146924
12333,0.47276521369544394
12334,0.7010852594259736
12335,0.4319568526440769
12336,0.631928049447972
12337,0.20341013177012013
12338,0.6350841168805821
12339,0.701627120826846
12340,0.3188222054584762
12341,0.7995419693583686
12342,0.6260187439746242
12343,0.16902107747603087
12344,0.14968027842824175
12345,0.49951882965915284
12346,0.6206824536124768
12347,0.6266068176865524
12348,0.8299260305572047
12349,0.39267422985556777
12350,0.7524831203889086
12351,0.33342156294986514
12352,0.7112284835742343
12353,0.13586538803193288
12354,0.162679558399471
12355,0.17175106988823557
12356,0.6419380406128476
12357,0.8442545893916441
12358,0.5185559187327287
12359,0.2662423825591154
12360,0.6540074859263427
12361,0.10534419974201356
12362,0.698240998821127
12363,0.4437514735907292
12364,0.8105780586509842
12365,0.5163659751812006
12366,0.863631665001511
12367,0.765439824543992
12368,0.30930801457630874
12369,0.809547852377513
12370,0.14304118269488905
12371,0.13004483064070496
12372,0.6540481244886377
12373,0.4436508476613349
12374,0.3629031116626626
12375,0.8000163901168031
12376,0.28897377101967453
12377,0.6841292294003899
12378,0.21436464819743617
12379,0.24262612475808318
12380,0.7886868951015291
12381,0.49220442599428427
12382,0.40947752081091243
12383,0.6000843902757885
12384,0.23773381955857334
12385,0.8485958075034756
12386,0.2094212442551993
12387,0.8618294926241814
12388,0.4006342485552121
12389,0.7912669377474932
12390,0.896116552106414
12391,0.7064073643000105
12392,0.8288139537527417
12393,0.7737917345297107
12394,0.5465252659007368
12395,0.6865929011701499
12396,0.19504951944393328
12397,0.5699202978375394
12398,0.7682935518520854
12399,0.8119336127791423
12400,0.8862303447732024
12401,0.33040628560572494
12402,0.5143463621268888
12403,0.7872936705726377
12404,0.5714526865587679
12405,0.2909568944318722
12406,0.7912278722317387
12407,0.5907887253773606
12408,0.8880845619975013
12409,0.521760117377261
12410,0.8496814436613991
12411,0.6463470793271082
12412,0.5187260340477595
12413,0.6715076671745427
12414,0.18672022872528532
12415,0.8289546082138968
12416,0.3592990280823239
12417,0.3504628680743144
12418,0.7948930646832286
12419,0.6048749901818566
12420,0.6593047451237651
12421,0.8718329896638404
12422,0.7143139308365362
12423,0.5925988855223284
12424,0.6792185265785435
12425,0.5036237087939736
12426,0.8268349445838907
12427,0.8005481644925243
12428,0.6010637988698692
12429,0.34374461799878003
12430,0.20881604851896016
12431,0.2009243519529297
12432,0.20369561551962675
12433,0.38065474853856396
12434,0.47840127297705465
12435,0.5698063626476543
12436,0.6878059736976122
12437,0.5437300689400458
12438,0.4832588592700664
12439,0.8508011199309742
12440,0.7214901369552428
12441,0.7272448214472004
12442,0.7022481801485739
12443,0.8458992313407776
12444,0.7658470679995109
12445,0.8450594576018546
12446,0.7659357686801468
12447,0.6996968332623279
12448,0.856942862308018
12449,0.8011982363001235
12450,0.29420223496490977
12451,0.8638420257444424
12452,0.8477856950792222
12453,0.8591471686755898
12454,0.48471661144153966
12455,0.8153101019142943
12456,0.4515744004953919
12457,0.3034541813198094
12458,0.14758372731999533
12459,0.7368367785043436
12460,0.7459593556487366
12461,0.14960359440518625
12462,0.4480326642521478
12463,0.31245128158842034
12464,0.7422643852804895
12465,0.47889631413285927
12466,0.4222054813959638
12467,0.13353151382009054
12468,0.4424148124519278
12469,0.5852343599175538
12470,0.8501251275648818
12471,0.6718855042962945
12472,0.6486047093196486
12473,0.34268370569863443
12474,0.2711651143389529
12475,0.7812833127878009
12476,0.762036632243071
12477,0.5793630777624293
12478,0.25276434426413913
12479,0.21641343914472425
12480,0.5929998588531121
12481,0.646359290012784
12482,0.7633377626458935
12483,0.7402661226066455
12484,0.2248645625466387
12485,0.0943219962136188
12486,0.18573497242349127
12487,0.6471196420120404
12488,0.830806081731263
12489,0.769950353452401
12490,0.905251663058825
12491,0.8213010467335107
12492,0.7164797869106415
12493,0.16713513890834086
12494,0.818292414814489
12495,0.21898140872931743
12496,0.5075981702009619
12497,0.8254463238991723
12498,0.43173456494353507
12499,0.1582497402064857
12500,0.5024427870293193
12501,0.7292776246798455
12502,0.6146141101934696
12503,0.23395773856489288
12504,0.16753849070443008
12505,0.1731978781920616
12506,0.8143148134224518
12507,0.6535314697783744
12508,0.8218600609842026
12509,0.5213926013517213
12510,0.5206516932880106
12511,0.44002766098243484
12512,0.8080154339745946
12513,0.41176416442483155
12514,0.8242029428881782
12515,0.8810956027555255
12516,0.6894908707498313
12517,0.8965480195513182
12518,0.8183992501980171
12519,0.8256785958640129
12520,0.33805246443443465
12521,0.37280662466727815
12522,0.6438635994485323
12523,0.10608890547177381
12524,0.12447568738137156
12525,0.8384556051311169
12526,0.14549410517453548
12527,0.34372518855983153
12528,0.7590563741887648
12529,0.2755946651622003
12530,0.3374322332997583
12531,0.8909721173172871
12532,0.27258497452578606
12533,0.8726006230817198
12534,0.8477877646544336
12535,0.8268224787245706
12536,0.801852722693627
12537,0.8585372008441696
12538,0.19610309034417195
12539,0.20803918146439773
12540,0.8283701174517326
12541,0.2686411504131204
12542,0.8143708008275001
12543,0.49897714139659305
12544,0.7859206877217473
12545,0.5308988872820398
12546,0.7859993817496966
12547,0.3348207811607586
12548,0.17928425677482718
12549,0.15373733880577448
12550,0.6141163162159092
12551,0.9095303594262087
12552,0.18233416655542187
12553,0.6720549974696396
12554,0.8339114261376386
12555,0.8191051350704434
12556,0.8741133526466004
12557,0.270644229180922
12558,0.8257247794565965
12559,0.17371370595087815
12560,0.1754121203858404
12561,0.1569842459466262
12562,0.352868616619926
12563,0.6092097211446496
12564,0.3059929717229602
12565,0.7805281675151315
12566,0.1445101309417022
12567,0.6940544520050524
12568,0.49914681301607056
12569,0.4797609396639016
12570,0.13266077032245624
12571,0.8626514330674588
12572,0.4041808106800738
12573,0.6126161165454255
12574,0.20708451189280264
12575,0.22191206804876587
12576,0.7204482996132726
12577,0.5717243677443246
12578,0.5076483279336361
12579,0.8188487182623815
12580,0.6162797123482581
12581,0.7818025005934293
12582,0.6016904641530509
12583,0.40625321692128785
12584,0.8588994646700248
12585,0.8114728578423746
12586,0.4756276643216656
12587,0.8133097185445168
12588,0.1972354442814247
12589,0.61217794246787
12590,0.720040337298219
12591,0.6993595777054492
12592,0.7003933918509466
12593,0.8047277061766851
12594,0.8741194166849994
12595,0.40135141098724036
12596,0.7022501146607603
12597,0.6693937961663222
12598,0.4904785215856
12599,0.8589791651849947
12600,0.8484285031514899
12601,0.4112208050792583
12602,0.8126671223173954
12603,0.8743709031297526
12604,0.8520330952654915
12605,0.41317915309881503
12606,0.5692897227134649
12607,0.5191774567415961
12608,0.624291807708618
12609,0.7943119440655648
12610,0.8245381383190002
12611,0.7331832990848836
12612,0.8288291659652864
12613,0.2841517735317241
12614,0.21057529978810524
12615,0.5824876995232947
12616,0.5469635188234838
12617,0.8569282559567444
12618,0.7882285448009712
12619,0.8606858612012714
12620,0.4952122656380809
12621,0.20127961772391334
12622,0.6401986339528838
12623,0.7304962651712755
12624,0.7690522568665465
12625,0.13569925226031487
12626,0.8643008892123477
12627,0.2304578289590801
12628,0.21528597561062876
12629,0.1758237299201691
12630,0.8917101167536721
12631,0.7883952514927215
12632,0.5371749120078874
12633,0.7628344682881809
12634,0.8023110703802205
12635,0.810901025909466
12636,0.794959857125886
12637,0.7455319711869269
12638,0.12159162630814445
12639,0.8543858017545023
12640,0.6415102516173067
12641,0.7354684479214991
12642,0.9003916095092355
12643,0.2271040032899536
12644,0.6908352981719861
12645,0.8580192000465328
12646,0.6761249498497397
12647,0.19813062970084927
12648,0.7782974562414755
12649,0.7936972505316405
12650,0.568301279903127
12651,0.15152387945730997
12652,0.5662528173181206
12653,0.25223398403713276
12654,0.4076560346996617
12655,0.8387466002625573
12656,0.25731084570032947
12657,0.8913618282042861
12658,0.45407529673161473
12659,0.2440390009870536
12660,0.12990659031894752
12661,0.820584194246867
12662,0.2819727522758628
12663,0.2740283558372196
12664,0.767953341598139
12665,0.8507197983135684
12666,0.24414331719969284
12667,0.27899863344709364
12668,0.8434097587930407
12669,0.6670963824584913
12670,0.6201750701641019
12671,0.7144682574786346
12672,0.35672451320999415
12673,0.6885125961687746
12674,0.7471836537725199
12675,0.8628152251185839
12676,0.865661570036941
12677,0.5038862986562399
12678,0.3303625753539596
12679,0.47159728155099767
12680,0.580527757085376
12681,0.33557250586896126
12682,0.15117933458050745
12683,0.4718142030631301
12684,0.7319976090827075
12685,0.8235767973914263
12686,0.30856155941023555
12687,0.587686321798882
12688,0.12860310264919947
12689,0.8333339708297332
12690,0.3751092350102584
12691,0.718444448921826
12692,0.1611781893800056
12693,0.7956656188357373
12694,0.8861413300286586
12695,0.8866939925361219
12696,0.513272383737406
12697,0.2772663775784607
12698,0.7584794783743926
12699,0.4735923818329029
12700,0.7520358396569452
12701,0.4485922753066506
12702,0.50063146440743
12703,0.31519167456802544
12704,0.5638611890727719
12705,0.8429955094445436
12706,0.3628214266426574
12707,0.4675530274059745
12708,0.27792176151562287
12709,0.7610584758130595
12710,0.4706254374571027
12711,0.25490008913171547
12712,0.7566841980612389
12713,0.7518377101563616
12714,0.6257644484858987
12715,0.21726137427547862
12716,0.2712404073953432
12717,0.28636177796947526
12718,0.5851868977655404
12719,0.5225139800531591
12720,0.25576432516031355
12721,0.5993388170842027
12722,0.733872281398641
12723,0.24287038954802653
12724,0.7826474919213655
12725,0.4694513903811012
12726,0.29488713514954834
12727,0.73831825811689
12728,0.8727820087716649
12729,0.7724362368975833
12730,0.8854811623172021
12731,0.5677304021185304
12732,0.7941831326161433
12733,0.6233611380038991
12734,0.36844987075156727
12735,0.8529108615483254
12736,0.22982049968626822
12737,0.7609482787821433
12738,0.2496415483314294
12739,0.2761312184324131
12740,0.6024254573954231
12741,0.42718044978138525
12742,0.34117525040963176
12743,0.6996688255504192
12744,0.16547768590115106
12745,0.6242409436724516
12746,0.7648737464037847
12747,0.40787440742044817
12748,0.1494281023788225
12749,0.32235582328378426
12750,0.7638207387548223
12751,0.17175633633881593
12752,0.7549882931106091
12753,0.7473824194454678
12754,0.8601474251927685
12755,0.3578956498803473
12756,0.8135513968676329
12757,0.8571613593937153
12758,0.3118044731844348
12759,0.8031018901703872
12760,0.6971755792031379
12761,0.5266347140408122
12762,0.22683157693888256
12763,0.8813882346458599
12764,0.7649352999798088
12765,0.33107295626064376
12766,0.370044779351146
12767,0.11634416127521333
12768,0.8622990411843269
12769,0.15228950040963762
12770,0.2123905405911194
12771,0.8169735299447287
12772,0.28683954970643655
12773,0.5085562100091778
12774,0.31645078290174156
12775,0.6808605204000119
12776,0.8445101519683051
12777,0.344294100887168
12778,0.5998887337415656
12779,0.5253588048731637
12780,0.7845670714624782
12781,0.8326779725498026
12782,0.8374497730896904
12783,0.3732042901126145
12784,0.7855164772435006
12785,0.34978655636132533
12786,0.12045195817205218
12787,0.4431925883102182
12788,0.3940402510935124
12789,0.734707387076306
12790,0.6208364276396432
12791,0.539362272826331
12792,0.798373757073386
12793,0.8085577576526551
12794,0.7743866808685556
12795,0.8315469534907833
12796,0.6922343016401061
12797,0.444525447242848
12798,0.5535724674378476
12799,0.6923624434406556
12800,0.14340577886301345
12801,0.884637795362191
12802,0.6869732336697946
12803,0.7787297250349637
12804,0.18303091987049572
12805,0.8174497625280319
12806,0.36493789660240356
12807,0.7457562685154989
12808,0.31668983354205477
12809,0.6897305457218719
12810,0.8563556160453214
12811,0.11773171794581744
12812,0.18218794380219688
12813,0.3854629835586536
12814,0.21278584512643856
12815,0.8012538734495388
12816,0.11150895246324799
12817,0.2754185925545224
12818,0.22938863668410425
12819,0.5358373186998523
12820,0.6656843719616397
12821,0.8251258637790317
12822,0.32443411946643225
12823,0.8336084905737541
12824,0.5755697138816488
12825,0.2653887030520287
12826,0.8012402471070721
12827,0.4112935746431866
12828,0.7838402931793437
12829,0.8802051245253977
12830,0.13988559748685137
12831,0.4450194674496723
12832,0.7943139054631017
12833,0.7544307877249399
12834,0.5091770053570034
12835,0.8380211170178518
12836,0.6474847274485293
12837,0.5385518390032367
12838,0.14052610286247583
12839,0.8962793962132666
12840,0.5107210942138282
12841,0.6536486047542835
12842,0.555902849849412
12843,0.1822437546934783
12844,0.8076974017267045
12845,0.13534164486431216
12846,0.5082194784880729
12847,0.12040500515546128
12848,0.6972126721692674
12849,0.19221117860427955
12850,0.33026419963108306
12851,0.17242011567889695
12852,0.8365985078146152
12853,0.15311978406290042
12854,0.6570626070277544
12855,0.3751726403869744
12856,0.414689651955911
12857,0.6856139235109224
12858,0.8250570722561261
12859,0.6123421933334712
12860,0.6737288320411965
12861,0.6999894332236986
12862,0.22610468618726343
12863,0.8110993380411538
12864,0.5060236638815955
12865,0.8353143557303193
12866,0.4483231989059821
12867,0.8087290428136145
12868,0.5040798065609288
12869,0.7730817542101431
12870,0.8231401229557753
12871,0.5804229470439373
12872,0.8074536823397772
12873,0.7713614516789864
12874,0.87842309314347
12875,0.20508454796374115
12876,0.2395094819327665
12877,0.13320693447311763
12878,0.39623031830225347
12879,0.8289972180372344
12880,0.8093008360458593
12881,0.8432436210910923
12882,0.4430896345257742
12883,0.6971070613873142
12884,0.6825266926586461
12885,0.8403083941175766
12886,0.11463991192770816
12887,0.3924895082817347
12888,0.2206666632730148
12889,0.76919343950853
12890,0.7098566164550163
12891,0.20715112657691598
12892,0.8527038831006026
12893,0.18080432074741307
12894,0.5398547351573516
12895,0.7714168315906961
12896,0.6587269088469375
12897,0.18315482126107066
12898,0.19475191703170536
12899,0.1510428993123801
12900,0.47740003865377034
12901,0.1914702975870156
12902,0.7670069020420307
12903,0.2516479480599728
12904,0.2607729589923499
12905,0.732749300570802
12906,0.7523882619326046
12907,0.8259318685220409
12908,0.768400587652341
12909,0.28909463614417924
12910,0.4377260202866593
12911,0.39955973399588884
12912,0.8052286528884961
12913,0.5310454742238402
12914,0.7938765896661621
12915,0.8423092869303103
12916,0.29220029534292186
12917,0.7076164491321174
12918,0.49327280536228346
12919,0.16915368974260234
12920,0.8515198618086169
12921,0.7399315881384314
12922,0.4461648955609985
12923,0.6600389192023347
12924,0.4382457887943896
12925,0.2494782672560919
12926,0.3295025866053988
12927,0.24995970359623326
12928,0.8636716557932931
12929,0.6688142313870422
12930,0.34462227583155525
12931,0.36583977621095626
12932,0.7668784828473194
12933,0.7175911781474559
12934,0.2605109800101713
12935,0.22727587716406047
12936,0.13956893550241645
12937,0.8083099401669642
12938,0.6052800315981188
12939,0.24506245581474784
12940,0.5889590859625472
12941,0.6418035696757904
12942,0.5714279460839944
12943,0.6323099265046195
12944,0.6285093407687772
12945,0.7672786698586002
12946,0.8852366916921695
12947,0.7997971250087472
12948,0.8011435587392848
12949,0.5974538242681091
12950,0.7127957396897285
12951,0.21261905429388567
12952,0.2647274179852157
12953,0.5745129153873461
12954,0.22904645424159684
12955,0.2825858841077931
12956,0.5662378014875498
12957,0.4875792927727125
12958,0.35612380230936247
12959,0.20547691455705624
12960,0.7389975179270939
12961,0.7777150066526726
12962,0.8522945483833321
12963,0.8020454169269209
12964,0.6322660549191935
12965,0.2500018010797493
12966,0.3780245620667952
12967,0.6427239322668059
12968,0.855103879321088
12969,0.6360826553343396
12970,0.16626632763329982
12971,0.6653442896360442
12972,0.18415903568963457
12973,0.8454045446321048
12974,0.4581092142750487
12975,0.4025496000381787
12976,0.5190083561395055
12977,0.6478380900414288
12978,0.8014305699404961
12979,0.4699772125101796
12980,0.7364848093721762
12981,0.7751652891139993
12982,0.738631801042246
12983,0.20107452641645998
12984,0.5369730329418424
12985,0.7596492623507491
12986,0.8663736106864256
12987,0.23610927361288586
12988,0.3356496990908475
12989,0.15998127800920728
12990,0.6998390444661308
12991,0.8382105966158633
12992,0.5230741974857274
12993,0.598584771537189
12994,0.8869481144222604
12995,0.5188864831304929
12996,0.20087205370146205
12997,0.3507278197629325
12998,0.7809446032732537
12999,0.8460896173907917
13000,0.36108763706860186
13001,0.1501831694911514
13002,0.17239224050409985
13003,0.8059159040166133
13004,0.857720024056705
13005,0.26662446021062153
13006,0.3132722162505464
13007,0.6730103058076938
13008,0.7317386358626222
13009,0.12949438082582634
13010,0.6719358132236877
13011,0.7124572170574063
13012,0.6982285520973622
13013,0.5127152481692302
13014,0.5443084213536925
13015,0.5830442873701683
13016,0.25020408677751704
13017,0.12179681366413994
13018,0.3409991029162304
13019,0.5661845649115196
13020,0.8323585290889972
13021,0.4286562529396437
13022,0.5090389233898106
13023,0.13895054661917197
13024,0.2154611331267214
13025,0.43410026634591037
13026,0.6104497266893265
13027,0.15046688810208625
13028,0.25479633495710274
13029,0.664442988621498
13030,0.8272993189099449
13031,0.2734462220340591
13032,0.5081177481796849
13033,0.775696193140019
13034,0.7612298334231471
13035,0.5175566772345945
13036,0.3553636598624107
13037,0.4706171593852753
13038,0.49172617224135484
13039,0.3645838591413047
13040,0.238576169260302
13041,0.6951030550753173
13042,0.7053487541860449
13043,0.16456526302471172
13044,0.8000755214268688
13045,0.8451909426274017
13046,0.7353605086127971
13047,0.38701549697338944
13048,0.11008644418482218
13049,0.306151931082357
13050,0.4419105342453338
13051,0.7013522900528232
13052,0.15585308551945012
13053,0.6608917591779992
13054,0.8496370825527144
13055,0.8355164994981777
13056,0.6035842139925932
13057,0.8250169273638539
13058,0.16423134412706322
13059,0.8989232816012017
13060,0.09736442666686575
13061,0.7168834766591917
13062,0.7172193615397259
13063,0.5429652294079239
13064,0.8809567885173345
13065,0.13765280691729243
13066,0.7109710350525572
13067,0.8244650487949612
13068,0.3428218604475383
13069,0.8014182177691594
13070,0.285645571487364
13071,0.4777731054802836
13072,0.49859529089048077
13073,0.6258180740305767
13074,0.8425743918816243
13075,0.7866908143807312
13076,0.8048843611632956
13077,0.5059721621007609
13078,0.596791149962569
13079,0.772931994623905
13080,0.48680297073596557
13081,0.2948223421711734
13082,0.20743253090250174
13083,0.6940060331559159
13084,0.7973069365551031
13085,0.31139139035052604
13086,0.32257998964530116
13087,0.19401345370408957
13088,0.5153942904994744
13089,0.6277271637582725
13090,0.39491509101657524
13091,0.3481733520892886
13092,0.6404383427502824
13093,0.2700818029052546
13094,0.1910810960053146
13095,0.8440417754735984
13096,0.8744580326690845
13097,0.3543255984147977
13098,0.2652207664112018
13099,0.7799679512170847
13100,0.8212865352647998
13101,0.6236346701402004
13102,0.24588330447184817
13103,0.7106470674318901
13104,0.30407283578820193
13105,0.8214556207013133
13106,0.24097402230300297
13107,0.2081491986030266
13108,0.5716144060647627
13109,0.7922177590079551
13110,0.7113173242510757
13111,0.8482044587500617
13112,0.7499776359297009
13113,0.5275604878315417
13114,0.42772439629488607
13115,0.17348606818077045
13116,0.787747826946865
13117,0.11041784324463821
13118,0.2784577243271385
13119,0.4348603446126803
13120,0.7749492612845832
13121,0.8205292388397929
13122,0.7122121522039581
13123,0.6728526956165928
13124,0.3832705049518918
13125,0.7507847254918458
13126,0.3802867593592278
13127,0.2343349158566679
13128,0.7952917317666568
13129,0.6756818566096433
13130,0.3484132225096236
13131,0.8554577564876857
13132,0.831083238129372
13133,0.8548190746749049
13134,0.571046045247594
13135,0.6887895474865808
13136,0.801571596694889
13137,0.8369491743950668
13138,0.7616533652040806
13139,0.32829377607420357
13140,0.6639766097565385
13141,0.8012522129826634
13142,0.8688661900455297
13143,0.764321367037299
13144,0.8614224626797613
13145,0.22025639225542115
13146,0.26707283786513675
13147,0.1901422917763358
13148,0.47745648406609265
13149,0.7623929483349495
13150,0.19384948578632882
13151,0.18450389744257645
13152,0.5748852895715236
13153,0.8467584931219736
13154,0.7259937395917617
13155,0.7144678286907968
13156,0.7281604251361161
13157,0.8158089651856115
13158,0.8342612729995491
13159,0.7930380421098533
13160,0.2264288804686352
13161,0.16758183524987205
13162,0.7820658115350798
13163,0.5638910434446985
13164,0.8009667374269016
13165,0.7144571384998231
13166,0.7378603756006074
13167,0.7974525101634795
13168,0.7797444485916137
13169,0.4302769667879362
13170,0.6286657950064679
13171,0.5853749744999691
13172,0.4602475617901659
13173,0.7546431191227694
13174,0.15789498395916587
13175,0.19912232221543613
13176,0.46064348071316236
13177,0.8108392185798049
13178,0.24902355768542572
13179,0.43346523127479125
13180,0.7853844923782078
13181,0.6813518211482666
13182,0.43744841461999145
13183,0.16663330694037606
13184,0.849046239141414
13185,0.2035108505183688
13186,0.1765684515929363
13187,0.8220084056272925
13188,0.2691615590247228
13189,0.7600512870309051
13190,0.45069185005116175
13191,0.8649022594410172
13192,0.3974677192901599
13193,0.59876512408785
13194,0.40621619033471373
13195,0.8290080338427026
13196,0.7422028699128211
13197,0.20150375572778734
13198,0.15457844031868345
13199,0.560544835055651
13200,0.8311352077343401
13201,0.46174542954416276
13202,0.17644726434958313
13203,0.22623977385398172
13204,0.5899732571901477
13205,0.87422244485938
13206,0.794008417131512
13207,0.8052404570122502
13208,0.3576818787042956
13209,0.4444317408298353
13210,0.1543905135955822
13211,0.8115639786740647
13212,0.796029101963649
13213,0.17964640128188084
13214,0.5315519221257466
13215,0.3707192189269073
13216,0.704359358732605
13217,0.20737243100683891
13218,0.8926294456887884
13219,0.22561418173963432
13220,0.7262316301504365
13221,0.4785482601736423
13222,0.5088513857920757
13223,0.5031330031210046
13224,0.35020924046821816
13225,0.22811044822489188
13226,0.8317721742243993
13227,0.38584160512628435
13228,0.8238920908425518
13229,0.4893140301508645
13230,0.34289277971814536
13231,0.24292087502611182
13232,0.25145858398318033
13233,0.5839345256669426
13234,0.4849635255650616
13235,0.8001930962644112
13236,0.7905726482279327
13237,0.6037148595920722
13238,0.7836888250991907
13239,0.5673209906752374
13240,0.34211910569353865
13241,0.5696687340010819
13242,0.4491392292112879
13243,0.19557991444960807
13244,0.14749344160857916
13245,0.7726812203417603
13246,0.26067337664547247
13247,0.7033902218575884
13248,0.3584074161623978
13249,0.8601604231222941
13250,0.7550653634128562
13251,0.17144612038131765
13252,0.2984153969079697
13253,0.11499359823410195
13254,0.6722594915726323
13255,0.7927733647172939
13256,0.18068061050604015
13257,0.23764070151251176
13258,0.798331634803686
13259,0.8520745731077752
13260,0.8437300165679027
13261,0.782621343142909
13262,0.479979708820502
13263,0.7654295392740522
13264,0.7766978655665033
13265,0.7400983056106424
13266,0.5770016940550297
13267,0.7704476815137895
13268,0.776506407258789
13269,0.8276848997202348
13270,0.8286385827330482
13271,0.49555058346311953
13272,0.16950739664731385
13273,0.8009186058776159
13274,0.5756292621634923
13275,0.18947637241441181
13276,0.8120239913057821
13277,0.5489868985428625
13278,0.3960922462949322
13279,0.36253562568140274
13280,0.727786317096649
13281,0.8648439310698304
13282,0.8174786902951368
13283,0.26349769033824966
13284,0.7891832575107092
13285,0.5529714971585215
13286,0.5584034799461097
13287,0.11965907111966964
13288,0.8815630819507396
13289,0.7790128390688609
13290,0.7885914872288062
13291,0.8613505202222287
13292,0.7217312811277011
13293,0.39166296860383115
13294,0.3445667161496636
13295,0.7909603551869115
13296,0.13279019301490871
13297,0.3771374685140395
13298,0.7916181019608624
13299,0.7690187467877574
13300,0.17047296941120532
13301,0.8222130827738043
13302,0.6688661647483604
13303,0.1631008153828933
13304,0.7132242973824875
13305,0.13100167859123102
13306,0.6890140890374289
13307,0.7844244111230776
13308,0.8084809247605069
13309,0.13711440904989342
13310,0.1282755738777481
13311,0.36335243922599814
13312,0.5990459600723378
13313,0.16395996427550677
13314,0.8468806416099217
13315,0.793908868806949
13316,0.6764945301694621
13317,0.1601285175035568
13318,0.15168226453875563
13319,0.3051459020347962
13320,0.6009921199174533
13321,0.6803363432846826
13322,0.8405625702976802
13323,0.34178749111004897
13324,0.1883653127260771
13325,0.6825193058631983
13326,0.5414239065185683
13327,0.5821504392473333
13328,0.3915138546575313
13329,0.15099965974752685
13330,0.3636816934611217
13331,0.5148888760273399
13332,0.812532301691425
13333,0.7033267717935907
13334,0.7430980587034698
13335,0.8547519589801289
13336,0.20327443986675847
13337,0.7081116625498576
13338,0.7964950263877795
13339,0.12361948441079454
13340,0.7902333819376511
13341,0.20259528783774713
13342,0.7296048208822726
13343,0.7836789285569095
13344,0.21813967027464534
13345,0.7896806893505695
13346,0.5755136190777044
13347,0.4240578094819497
13348,0.5433835344369554
13349,0.8223201279890358
13350,0.7628576170831529
13351,0.6773537830540917
13352,0.8788392490333281
13353,0.27151062593902614
13354,0.5065600426952468
13355,0.3788944492947167
13356,0.7204137865552184
13357,0.8283720556525045
13358,0.5670927296988679
13359,0.7078484360042103
13360,0.778707951475999
13361,0.7467439222982606
13362,0.14879656435236918
13363,0.6850057095696196
13364,0.813486482640759
13365,0.804130291961201
13366,0.6507621732792882
13367,0.5966131528810829
13368,0.8533523379471613
13369,0.7159865795419974
13370,0.24649902921600686
13371,0.2842950509351999
13372,0.6537165147538778
13373,0.165201933488283
13374,0.9063936702594259
13375,0.34407147203301974
13376,0.317306943263005
13377,0.1537359564302604
13378,0.8376665687983558
13379,0.2676487349608317
13380,0.33941847450837986
13381,0.6937149176925222
13382,0.35643414273609236
13383,0.7741508587947966
13384,0.8183333697014306
13385,0.398380885797756
13386,0.4009654330471744
13387,0.7835127654643483
13388,0.1963683326991298
13389,0.6155935510812247
13390,0.7305713549230258
13391,0.30559979055116604
13392,0.13333396381395046
13393,0.5825366342284274
13394,0.6274994790646953
13395,0.5039898768797482
13396,0.7036877210903959
13397,0.2687067863152698
13398,0.6811686062475504
13399,0.7914400178763882
13400,0.22323408399941067
13401,0.7797751244098001
13402,0.8952803717005298
13403,0.6167715371767865
13404,0.2925392728551685
13405,0.16493586728648574
13406,0.6626053981999876
13407,0.7582898637602977
13408,0.7483777884095276
13409,0.20907996999407566
13410,0.21203204294889502
13411,0.8334544975684217
13412,0.7975909539857411
13413,0.450440489440609
13414,0.7140535138763501
13415,0.7518759666406583
13416,0.18162684284394334
13417,0.7549615268164065
13418,0.4454288167256193
13419,0.7817262018436915
13420,0.8889982985357845
13421,0.18779830196397598
13422,0.1456585686243474
13423,0.5586010737126271
13424,0.5270142192681116
13425,0.4009824811047401
13426,0.8636339817981744
13427,0.41107030923547727
13428,0.38768549533871877
13429,0.3344962662308277
13430,0.23284779946552747
13431,0.791144261201157
13432,0.308669542710881
13433,0.7421746313998318
13434,0.1422729272007115
13435,0.8394228108611624
13436,0.29829490340494585
13437,0.43450449734304497
13438,0.52468830077682
13439,0.6360474248558804
13440,0.15901760200162837
13441,0.17632177655664308
13442,0.7398390936071305
13443,0.827494007103789
13444,0.6014602441283974
13445,0.5123561189290743
13446,0.7685489555316598
13447,0.47612385372057164
13448,0.8401328386326327
13449,0.8282463824946418
13450,0.3039006441242727
13451,0.7795865206356667
13452,0.7090866092237779
13453,0.23199578034484866
13454,0.7968974891087623
13455,0.5252716335671713
13456,0.6332714931128683
13457,0.7099615486334855
13458,0.4699540871319945
13459,0.24565091829955735
13460,0.15848379160741458
13461,0.3044145410800751
13462,0.8087715181703652
13463,0.1990729208127398
13464,0.8685696297670314
13465,0.6914344344567344
13466,0.7505456826086576
13467,0.8319271232054746
13468,0.8406276514588809
13469,0.563240883076593
13470,0.172645064608038
13471,0.5932129789188137
13472,0.8409014438610684
13473,0.49110176047376874
13474,0.7897229151448937
13475,0.8317465093067864
13476,0.31154163222692616
13477,0.8709088364025543
13478,0.11501075703689194
13479,0.20491343695984485
13480,0.850049859795265
13481,0.11018020885436912
13482,0.7892646548086475
13483,0.43668201297889775
13484,0.35143590650992573
13485,0.26416099701636364
13486,0.7030231310447355
13487,0.2622668221345334
13488,0.39008153685074265
13489,0.22248088884013442
13490,0.8018071386840068
13491,0.8164423833814705
13492,0.8662299037598873
13493,0.674139448903979
13494,0.32789968423266314
13495,0.4540632267074082
13496,0.1667289353326807
13497,0.49435702072959203
13498,0.8820100106785951
13499,0.5420233004541611
13500,0.21259321769237743
13501,0.8345376176586361
13502,0.34281330544619215
13503,0.6809264450784408
13504,0.16209191432162431
13505,0.7757924861605794
13506,0.7463047836766313
13507,0.2121261848034384
13508,0.21479100828808026
13509,0.8197730827702697
13510,0.2885187465324589
13511,0.47604937473872255
13512,0.2326916676055092
13513,0.7270542758842257
13514,0.39282581629469815
13515,0.7509587498602339
13516,0.8278905872558961
13517,0.7368216780258812
13518,0.18585259165780438
13519,0.4173034214442187
13520,0.12732942132762606
13521,0.6673259574199312
13522,0.15321071356275842
13523,0.4271383978021792
13524,0.6733265127606413
13525,0.4643369254611045
13526,0.6980150721723876
13527,0.23558021813746627
13528,0.4662745702430887
13529,0.33925170910708563
13530,0.7422424368903108
13531,0.8562755551401728
13532,0.44210537128580907
13533,0.6297789265750415
13534,0.5085576037360546
13535,0.11176505413655055
13536,0.5915980980348128
13537,0.45996337148772237
13538,0.5612219272602083
13539,0.7362089039522149
13540,0.19622644809614853
13541,0.6609484504907664
13542,0.7957633954221579
13543,0.7303398667669538
13544,0.3346900367506766
13545,0.2158474807589199
13546,0.8077912863639751
13547,0.09884593246020025
13548,0.7279829063388418
13549,0.260804803501798
13550,0.7849677179269845
13551,0.7723057697241499
13552,0.8745968774813886
13553,0.860884763584873
13554,0.15152807663159265
13555,0.8078670988652742
13556,0.2916475686886693
13557,0.8273309458280986
13558,0.6229614500920818
13559,0.7997606612303149
13560,0.5207959037297362
13561,0.7177370424888799
13562,0.6027965464847097
13563,0.8709388052695759
13564,0.3646509480024745
13565,0.7008826095414346
13566,0.5036874616133828
13567,0.17667867807107188
13568,0.8190111498932114
13569,0.8495782243146017
13570,0.17031257127726093
13571,0.8422605992414613
13572,0.7749341009169924
13573,0.8304310642289991
13574,0.20458902428757986
13575,0.8502884243072758
13576,0.7151899851774822
13577,0.79601437942163
13578,0.5973356475110391
13579,0.16273696182438488
13580,0.31796950991514467
13581,0.3198571212158935
13582,0.25675381206123576
13583,0.7684385384929013
13584,0.850291975181807
13585,0.6847177336967661
13586,0.46346029423576196
13587,0.4055660562116972
13588,0.2769022871219778
13589,0.8062757050421878
13590,0.3814203448238266
13591,0.6608751116100864
13592,0.39357452154271233
13593,0.49845405836675916
13594,0.5745088364418026
13595,0.4699160955644622
13596,0.3802320702285914
13597,0.3235730142227064
13598,0.8625738878180573
13599,0.1923800775296625
13600,0.7863473993573309
13601,0.6372704626312591
13602,0.6960744264108183
13603,0.29292102826652416
13604,0.8092107582126418
13605,0.6301414180741353
13606,0.20282363502911005
13607,0.46365571391016974
13608,0.8664937724346733
13609,0.2422670888806343
13610,0.9085425979686668
13611,0.8079816735620409
13612,0.4975099962985766
13613,0.5538655554392372
13614,0.5856570309172509
13615,0.9092017603132772
13616,0.22134701513009292
13617,0.3729056585919103
13618,0.6755217273163838
13619,0.8210301424032295
13620,0.7632001710059366
13621,0.8825923505366136
13622,0.6823383474385983
13623,0.4187074294260606
13624,0.1595234528730703
13625,0.31476522017171504
13626,0.13657469827734672
13627,0.2752116340693817
13628,0.2544117061229308
13629,0.5694796623142234
13630,0.7075415960815078
13631,0.7105543854990222
13632,0.345270709890403
13633,0.8416318634599349
13634,0.8643305123874205
13635,0.738389838599421
13636,0.16869545075819267
13637,0.8193491698293365
13638,0.3579860360260028
13639,0.18084780666871644
13640,0.14238284604965842
13641,0.607829381140843
13642,0.7132620317577404
13643,0.8104590268960834
13644,0.1723122776103728
13645,0.16035257220967228
13646,0.41091293643412424
13647,0.3443885009705222
13648,0.7368302900906406
13649,0.8022401020229318
13650,0.3404413560181975
13651,0.15453823589362378
13652,0.37087191220345406
13653,0.11788233872258677
13654,0.846782877122022
13655,0.20935930242559578
13656,0.369601364419686
13657,0.7526917448099304
13658,0.43363815123195937
13659,0.129901483208977
13660,0.7852318685971829
13661,0.7699341503843807
13662,0.5615432263111672
13663,0.6146035570827338
13664,0.8355189721794136
13665,0.672271158611789
13666,0.40840153628356035
13667,0.8876893750392758
13668,0.2787911716989831
13669,0.8057482549938806
13670,0.48698039765904694
13671,0.3076386081070781
13672,0.4778709997289645
13673,0.23988242352881928
13674,0.5192662958945656
13675,0.7422549144217244
13676,0.8479345125448141
13677,0.7907357056357831
13678,0.7290202684573838
13679,0.2829594970516295
13680,0.8866912748356341
13681,0.8726881376394711
13682,0.5755648081187642
13683,0.4736238359308099
13684,0.40915281730759717
13685,0.4317431255176207
13686,0.46731229201295665
13687,0.6310955759304562
13688,0.5763703314848895
13689,0.3000856704368385
13690,0.7721716490207144
13691,0.7206679759668692
13692,0.37963633707330663
13693,0.23941670423421127
13694,0.41146096938552157
13695,0.5363215783318602
13696,0.830164562913652
13697,0.16369873178325745
13698,0.41698030333719915
13699,0.8263561373758983
13700,0.672412318787402
13701,0.10301174013777803
13702,0.43368616477483996
13703,0.8436806060813327
13704,0.539044606982572
13705,0.8022242370422844
13706,0.6783876336158219
13707,0.27740464762687933
13708,0.49357638984606006
13709,0.16673090936654358
13710,0.7490725747391986
13711,0.40677900370473674
13712,0.6804073788992732
13713,0.733753215889973
13714,0.4697868548742721
13715,0.808157824834979
13716,0.6020531174465438
13717,0.2538725990397482
13718,0.2425454758780519
13719,0.7460649925498575
13720,0.8845800146363938
13721,0.4877009844383884
13722,0.1517491506256399
13723,0.15806860156081168
13724,0.5830413163808094
13725,0.16583386576944087
13726,0.733970538182617
13727,0.6821563800794882
13728,0.8809331451675911
13729,0.6150659969090887
13730,0.8059617261566759
13731,0.7829882071379564
13732,0.8560823399508563
13733,0.7313138032190113
13734,0.6281324814906043
13735,0.15343640481522303
13736,0.32751028928375
13737,0.7827699336571325
13738,0.8733334741877845
13739,0.8476087273921115
13740,0.7910886190237572
13741,0.588084207499605
13742,0.540851468600418
13743,0.5300606718277815
13744,0.8957793833617358
13745,0.21630708536657478
13746,0.5821121544728497
13747,0.4973059559408385
13748,0.21498293784144745
13749,0.6526593339401168
13750,0.4268122872879779
13751,0.6146796863911909
13752,0.7120385681360849
13753,0.8341691001266396
13754,0.8192271124625103
13755,0.7451721009894333
13756,0.8389073860621594
13757,0.7532189974975028
13758,0.5107355309452474
13759,0.12200369460330901
13760,0.8456309074294539
13761,0.6069488209116024
13762,0.8303839778575968
13763,0.7079207327799217
13764,0.3747918162302792
13765,0.1931840171944249
13766,0.27818077464420493
13767,0.7562367643546968
13768,0.8470779947447966
13769,0.17628421445230227
13770,0.2271915231490177
13771,0.23412403123298012
13772,0.8152170932815603
13773,0.8871365949688967
13774,0.8414725917529086
13775,0.7104253530646396
13776,0.34526006804296316
13777,0.7943973661567063
13778,0.23703683357052557
13779,0.23183909611319425
13780,0.3686541788530942
13781,0.19319785479643636
13782,0.4820842778828711
13783,0.8504243794505817
13784,0.21784778692606452
13785,0.821366699442285
13786,0.5587108674756941
13787,0.6837914163645584
13788,0.7752168729467047
13789,0.1956505237565253
13790,0.6098826715054878
13791,0.49421104848035224
13792,0.6377263242961585
13793,0.8556396436110535
13794,0.8034287369621392
13795,0.41332796656722914
13796,0.5618848554450697
13797,0.316343092830995
13798,0.425597024660585
13799,0.45332477767348034
13800,0.6944592365411728
13801,0.5392288161036792
13802,0.14760467645749087
13803,0.6525373910299989
13804,0.7115038866555901
13805,0.25737596764142373
13806,0.5084005101482444
13807,0.16907318219468587
13808,0.5260876834089397
13809,0.7487025326890789
13810,0.5674994107663968
13811,0.1681390608641132
13812,0.7526062069575545
13813,0.7635580397787738
13814,0.23973030959901873
13815,0.5529361496714638
13816,0.7886293779821352
13817,0.8453130046186991
13818,0.8497622304318713
13819,0.8787842844641502
13820,0.8443037278212004
13821,0.39102728016596106
13822,0.4562443370770078
13823,0.7999560134296613
13824,0.7583391139197683
13825,0.8258156238067884
13826,0.5945004254266341
13827,0.6001194143746681
13828,0.23287888827458111
13829,0.3640481203821913
13830,0.20286720391015706
13831,0.8346003798276881
13832,0.586598008511527
13833,0.13067957460885002
13834,0.4096771359985859
13835,0.7733105701930991
13836,0.4739398371243995
13837,0.38559664609674077
13838,0.1618517347799097
13839,0.8881753289184948
13840,0.13788117490341373
13841,0.6801316889975564
13842,0.24222405811928982
13843,0.49013923869664433
13844,0.46487465226533137
13845,0.6918295566871573
13846,0.81390588249051
13847,0.4378134517501028
13848,0.8329679218145043
13849,0.15093957989147738
13850,0.17037210777180012
13851,0.7798095597482427
13852,0.8691104359859623
13853,0.8670821130496741
13854,0.8443814904865157
13855,0.8654909287174262
13856,0.8673135630097497
13857,0.3138927416438974
13858,0.6596595533398614
13859,0.8604116555957765
13860,0.5568486061632759
13861,0.16377051406176113
13862,0.45763133179402615
13863,0.14528097553471084
13864,0.3131018199647846
13865,0.8351518383152705
13866,0.4283086673961549
13867,0.7350044899429423
13868,0.2939205574138538
13869,0.5239252620378236
13870,0.5147985297955615
13871,0.812387583126893
13872,0.5798777655014776
13873,0.41991651212426556
13874,0.7757880183951534
13875,0.26675561998985414
13876,0.14635996706418933
13877,0.6029278383495943
13878,0.3620638140908083
13879,0.18394382301622172
13880,0.8186378038390072
13881,0.1572918876750193
13882,0.8616595979446309
13883,0.7364833603615544
13884,0.5743735263320118
13885,0.47039586302457026
13886,0.6695522819206046
13887,0.19261108928593784
13888,0.60367002639222
13889,0.11594324684253085
13890,0.6892546470326733
13891,0.13632480076779094
13892,0.29787367897918404
13893,0.3279544561205527
13894,0.6331350487918328
13895,0.7237738759052957
13896,0.5204763029683143
13897,0.29718116050951543
13898,0.650611604255532
13899,0.8248743843789175
13900,0.6411118400005699
13901,0.7425214190397944
13902,0.6631478059822992
13903,0.8178299339017978
13904,0.8205841144603941
13905,0.20704573611274577
13906,0.23089898182027163
13907,0.17481570462366688
13908,0.8056146183510686
13909,0.4149353471578749
13910,0.35027398298086787
13911,0.19903625351569948
13912,0.30550635786624336
13913,0.3756449634843614
13914,0.7488050762518842
13915,0.4069233802317895
13916,0.13384636072897788
13917,0.209511056418664
13918,0.40425332580966233
13919,0.6374097292652147
13920,0.44734987661865677
13921,0.18778281749471284
13922,0.4925944990839659
13923,0.40878986546319485
13924,0.1662448328410215
13925,0.49138067470614083
13926,0.8023944772336369
13927,0.3167870778255543
13928,0.2142374330741705
13929,0.5656494170439307
13930,0.18198480059440675
13931,0.6465197117242235
13932,0.5796789708236799
13933,0.8123799815701213
13934,0.37230604276568474
13935,0.8217578418575886
13936,0.4759581966738988
13937,0.8233174478378958
13938,0.8247167544385081
13939,0.7235879514764675
13940,0.7795457175631068
13941,0.4215996464377393
13942,0.8360235865853812
13943,0.5485603037109134
13944,0.3393578309668163
13945,0.6869966577636207
13946,0.6276433851110186
13947,0.9073620833257019
13948,0.5607530839062024
13949,0.8105778795084375
13950,0.5689447373409813
13951,0.25377417386188145
13952,0.7213405971916572
13953,0.661629046129412
13954,0.6153640383778899
13955,0.11452253751196999
13956,0.6346802186192343
13957,0.5567622795230207
13958,0.33421288780972963
13959,0.8663456983164664
13960,0.8319873745173212
13961,0.3964228768800092
13962,0.7183102468825091
13963,0.4075295085459879
13964,0.8408954048020781
13965,0.8075938948889616
13966,0.3204147450487577
13967,0.8357835955134505
13968,0.45412105742203224
13969,0.7960394694078718
13970,0.15068357388145817
13971,0.8575960768552711
13972,0.756593979842798
13973,0.2125088316115866
13974,0.8409969187641866
13975,0.12686854393774538
13976,0.2961069401962541
13977,0.6848224195265311
13978,0.8385378443934809
13979,0.3886231387331602
13980,0.7801621253586064
13981,0.7287665424078164
13982,0.5084447560004809
13983,0.7806210073684079
13984,0.4572052215005116
13985,0.5296857976193078
13986,0.8194386164154839
13987,0.6690998936977227
13988,0.17235855820579804
13989,0.9069131179794098
13990,0.23887306638316494
13991,0.10948673325357544
13992,0.20720458356250127
13993,0.678435291966904
13994,0.8127036099495921
13995,0.878632545628993
13996,0.1629500322093411
13997,0.7283683870186742
13998,0.826397936855532
13999,0.19548568706815939
14000,0.545937940460511
14001,0.482543883066029
14002,0.8743254915369403
14003,0.8061204492502916
14004,0.16774919249122527
14005,0.8393931362943162
14006,0.7761211106118138
14007,0.5781312653566829
14008,0.4423006407894522
14009,0.22051236179051234
14010,0.828766398751917
14011,0.8110319310615193
14012,0.2978745096513828
14013,0.10707572301700234
14014,0.38509697105667695
14015,0.863637651044783
14016,0.8457663207608663
14017,0.2674835922901738
14018,0.19617809446697104
14019,0.26861879585854026
14020,0.17721154644753281
14021,0.206689573100117
14022,0.11787768952415381
14023,0.8459116698975346
14024,0.7559647495240902
14025,0.5947506609827856
14026,0.40766179340506853
14027,0.663016332483092
14028,0.8211507801372455
14029,0.8094236824989132
14030,0.38719039002843936
14031,0.8572219757018537
14032,0.17696471974890574
14033,0.8911002992492696
14034,0.8334935514860196
14035,0.3942233712339489
14036,0.23981621182251833
14037,0.7157519539237436
14038,0.8123152751018452
14039,0.5722350292621464
14040,0.7484061667763499
14041,0.7427985435565378
14042,0.7822220366965831
14043,0.8480152330206263
14044,0.8542233589954175
14045,0.443577873998221
14046,0.8134146053488089
14047,0.34767588042226083
14048,0.3466695569429832
14049,0.8364739070636205
14050,0.3114200361728128
14051,0.510595465521027
14052,0.8471517508952142
14053,0.47750731116019696
14054,0.6115813403158105
14055,0.5818510849044706
14056,0.5232247169844542
14057,0.8979500715748443
14058,0.7599278284316441
14059,0.18309854897728559
14060,0.3224896584116917
14061,0.11715150186006777
14062,0.5935597437896011
14063,0.8722458217177855
14064,0.26230084057622205
14065,0.16097615287460612
14066,0.17797253232021004
14067,0.5111396911905131
14068,0.4398266665716825
14069,0.7827751731426792
14070,0.24651298361112312
14071,0.2107534988409998
14072,0.4505349868226171
14073,0.39635499392451334
14074,0.6397045413679009
14075,0.7990683440886861
14076,0.2527108539182629
14077,0.4858778255916303
14078,0.8179928200323338
14079,0.20552281714110676
14080,0.6369512497133193
14081,0.2674989450154867
14082,0.8571262898466514
14083,0.24314779618891894
14084,0.822432902147885
14085,0.7918966157393496
14086,0.524811181224423
14087,0.6329687467281082
14088,0.7119153808996649
14089,0.7696737229500688
14090,0.6577014648010829
14091,0.6616551773669476
14092,0.16837349342646454
14093,0.27093318029784713
14094,0.8372459781563225
14095,0.24704869894708867
14096,0.34126757601984453
14097,0.23309784672036143
14098,0.499725384599755
14099,0.7361198201217652
14100,0.8518186877734784
14101,0.33152749649484364
14102,0.28614484645636357
14103,0.2589513456002117
14104,0.6268297307575886
14105,0.5220049785372219
14106,0.7911570610124334
14107,0.8895269156217158
14108,0.7131780892013365
14109,0.5217842685907453
14110,0.5921432948497674
14111,0.3485103094246504
14112,0.6215260988160938
14113,0.4252508562069729
14114,0.1553316968330533
14115,0.3086561141742003
14116,0.6675419423907484
14117,0.4540055782507932
14118,0.17052014481293856
14119,0.8174165747781157
14120,0.5438276771911348
14121,0.6948949019483249
14122,0.8924681124726543
14123,0.5664130082032296
14124,0.20084987009253494
14125,0.7442056371559592
14126,0.7923393016363813
14127,0.6964273960977616
14128,0.7028029280998119
14129,0.623436336187502
14130,0.6388785816817412
14131,0.25755770825156793
14132,0.8110965700274197
14133,0.2595440166846163
14134,0.5570356387935887
14135,0.7983306491800164
14136,0.3406211276705043
14137,0.8841271667287367
14138,0.4654433073011417
14139,0.8065123820893393
14140,0.4618473532170502
14141,0.631873623192657
14142,0.3346316524020259
14143,0.8025342279219385
14144,0.719037381813607
14145,0.42474580930184624
14146,0.2762354117729294
14147,0.7149219827082953
14148,0.22413410640383408
14149,0.39098696735534205
14150,0.41861237697580944
14151,0.6281080962576419
14152,0.4634732052184794
14153,0.3384734499069261
14154,0.22597492476500697
14155,0.5579875800159153
14156,0.7595113956501967
14157,0.8687726433782719
14158,0.1531183743235009
14159,0.5080573877395049
14160,0.7607191429634003
14161,0.7762724280148806
14162,0.5986761631393436
14163,0.14602450446157522
14164,0.812889713897355
14165,0.17460115391538708
14166,0.7390520274482787
14167,0.6434984871467936
14168,0.7245659445985314
14169,0.8849945484096777
14170,0.720886845763142
14171,0.6767483491372416
14172,0.519786731036796
14173,0.8205771462425531
14174,0.3057169221841443
14175,0.8291495651776399
14176,0.7600469256128981
14177,0.7617228519775527
14178,0.5230853138750476
14179,0.5173002992423479
14180,0.601313006787163
14181,0.592720502628424
14182,0.5842277239476174
14183,0.7669715509004221
14184,0.2022678534609996
14185,0.394750520362485
14186,0.8381625970264279
14187,0.13307352327142208
14188,0.3837562786221163
14189,0.1943558668326696
14190,0.5608918846217653
14191,0.7023928699711627
14192,0.6376202930649657
14193,0.6112852025547268
14194,0.790785537823492
14195,0.16343329289030642
14196,0.32810483293674353
14197,0.7808053935216099
14198,0.6739521295621477
14199,0.8497521225402038
14200,0.25311502237520145
14201,0.47102032688215867
14202,0.8803682265770498
14203,0.7302114906706729
14204,0.7827502395217194
14205,0.8183810159389573
14206,0.7419487212761862
14207,0.17507545453774648
14208,0.19078009226589054
14209,0.16338063695665142
14210,0.6098581698957076
14211,0.14137808495428633
14212,0.673835797649563
14213,0.31628664910155097
14214,0.22749433695632895
14215,0.3678108616438338
14216,0.5070752881988746
14217,0.24356574765026967
14218,0.8163585727820317
14219,0.3894488917460421
14220,0.19862322488664236
14221,0.7381781119986114
14222,0.6819035979864719
14223,0.2945131496380321
14224,0.5892873946199246
14225,0.5685361269118705
14226,0.8352169314412152
14227,0.7895821374599705
14228,0.6039590984159072
14229,0.7302654609168092
14230,0.1763302354777821
14231,0.6704874975799806
14232,0.8035236734564568
14233,0.4981688609199889
14234,0.2688983451242302
14235,0.8224208260658533
14236,0.6825069656228089
14237,0.5698025454614755
14238,0.5237355656068202
14239,0.4178068341862984
14240,0.140980790249531
14241,0.7944261493967137
14242,0.5813839045945702
14243,0.7794735368220389
14244,0.6430943057068955
14245,0.8281401293994081
14246,0.20854250196045987
14247,0.16943167054195848
14248,0.6526952754647053
14249,0.6257809524104466
14250,0.3001125040351743
14251,0.7970144453285086
14252,0.8309635868808407
14253,0.23206513869810275
14254,0.22118110782681072
14255,0.34081842284706876
14256,0.6008423899889827
14257,0.4398823373138957
14258,0.3076868982937917
14259,0.8249015529506026
14260,0.6381356249001663
14261,0.8977377110839471
14262,0.17032559174273218
14263,0.3113783478622834
14264,0.8689024523549312
14265,0.17195219467763484
14266,0.4224251783997378
14267,0.49314933957306817
14268,0.6623657473171124
14269,0.506450174357785
14270,0.8049505730396935
14271,0.24155489496042676
14272,0.7933050769024972
14273,0.42533016309268024
14274,0.27707122919047056
14275,0.8301680522128665
14276,0.18622353447001314
14277,0.27311185617172823
14278,0.32753659355767184
14279,0.1599363907118302
14280,0.25097782003496344
14281,0.376081472560405
14282,0.5147166292789264
14283,0.8320839156518626
14284,0.7937100327819462
14285,0.7874237680654519
14286,0.30926582892949345
14287,0.2675807988098216
14288,0.2842902834080632
14289,0.207802962535611
14290,0.43720128744129466
14291,0.7476133779516928
14292,0.2905213980531917
14293,0.8169519046824392
14294,0.8763759811742822
14295,0.218655534958225
14296,0.7489534013551261
14297,0.6318359760598348
14298,0.39674435175278916
14299,0.8500181924147863
14300,0.1938970479732299
14301,0.6431655780442259
14302,0.28283009584402874
14303,0.46471952302986597
14304,0.7688162890160115
14305,0.6061177467849282
14306,0.78803183418743
14307,0.39269085671639475
14308,0.48601671748024866
14309,0.7811140158434742
14310,0.41369203592698733
14311,0.8172669696534214
14312,0.6229964605430459
14313,0.8555818395563415
14314,0.5580581186652246
14315,0.7039666948178811
14316,0.8197716310363081
14317,0.3484352529896348
14318,0.3086624211894602
14319,0.7778280819485757
14320,0.6479322137705412
14321,0.1563090792386696
14322,0.6467595933654624
14323,0.11742174662886311
14324,0.7757908614564555
14325,0.7742718575761083
14326,0.5574059369905363
14327,0.32444044268809974
14328,0.7525755143729691
14329,0.22379751930444955
14330,0.4279322027746322
14331,0.21014720681099605
14332,0.7476699864241229
14333,0.4679507096982365
14334,0.7708266746666712
14335,0.8201476995820729
14336,0.35890962318417263
14337,0.638124136729422
14338,0.6522245709548163
14339,0.21892677971892804
14340,0.5066834859750067
14341,0.22626243770813892
14342,0.37199366810872037
14343,0.7710206563255699
14344,0.7291744754105971
14345,0.15068803700661051
14346,0.8286936732837571
14347,0.2760673304932055
14348,0.5422753283002636
14349,0.6510594758559011
14350,0.5850748857599559
14351,0.2583226111670459
14352,0.2619377524487906
14353,0.3549021435122389
14354,0.28763530110198193
14355,0.7715552657697139
14356,0.2020255644647349
14357,0.5122918526554232
14358,0.6090924655668688
14359,0.7540919146427197
14360,0.8071407352643389
14361,0.5176198635247634
14362,0.3588493786444246
14363,0.728481635187962
14364,0.5342865308503157
14365,0.452685018526957
14366,0.5912063923216775
14367,0.3638406708887009
14368,0.20873313582735048
14369,0.6869957486668091
14370,0.7961428832369715
14371,0.8094496635357515
14372,0.7418983500916867
14373,0.7575895840822466
14374,0.7414667370820359
14375,0.3227094934555203
14376,0.8056593543070649
14377,0.47927304337377047
14378,0.7626688586808439
14379,0.8352319829256483
14380,0.5973233606297466
14381,0.6637774928506057
14382,0.7907959353416217
14383,0.2605321881040338
14384,0.7565641081765372
14385,0.48652913901487044
14386,0.5563127190888947
14387,0.4470153472819651
14388,0.716519675813703
14389,0.24635588909156933
14390,0.40601682943371814
14391,0.16284635519767282
14392,0.5060394142716755
14393,0.5845145461252791
14394,0.797648131075323
14395,0.7002070351370598
14396,0.4720531111551264
14397,0.7717322826344494
14398,0.2699050893324279
14399,0.877421251637821
14400,0.12249105251143057
14401,0.5765511964684527
14402,0.4127627866658367
14403,0.7190798986991715
14404,0.6361788068148151
14405,0.818014434367867
14406,0.5538603908730411
14407,0.5607879980125863
14408,0.4511643343756566
14409,0.2443372416940301
14410,0.7056019507593942
14411,0.3706530008354682
14412,0.6942053355845634
14413,0.387157142272673
14414,0.6144291973866521
14415,0.8885439072095564
14416,0.4409733533534406
14417,0.58520210531747
14418,0.1732935119014606
14419,0.6933858160410067
14420,0.2421446335126558
14421,0.42454885055178293
14422,0.4818453616646733
14423,0.6736087994379397
14424,0.2650548268922844
14425,0.26057684728988856
14426,0.7908539130960457
14427,0.3159067956903403
14428,0.8278187316101107
14429,0.8925281103889792
14430,0.17927451489036356
14431,0.3121587023832705
14432,0.1425729116599169
14433,0.15354266649615272
14434,0.622643863956853
14435,0.8203307863813702
14436,0.19940323109005562
14437,0.1356052399120175
14438,0.7723610878182818
14439,0.6282985835884938
14440,0.6098068276853102
14441,0.3774471266743726
14442,0.17398433564147764
14443,0.3255540368295476
14444,0.8457768526949874
14445,0.7105906117645294
14446,0.17892944340295472
14447,0.6892255922496858
14448,0.178984746081529
14449,0.16838838066559567
14450,0.31091668901701236
14451,0.7975723597466444
14452,0.3994547707339714
14453,0.8303736271696371
14454,0.7945048590191004
14455,0.5620159962874417
14456,0.30400827056494195
14457,0.30657586800547415
14458,0.8343770843563618
14459,0.15348233013018445
14460,0.17882944349192262
14461,0.8311819492860774
14462,0.5503464980557282
14463,0.8246559552383197
14464,0.8267853591166331
14465,0.21181636720622654
14466,0.6312622910448328
14467,0.18120532697062203
14468,0.5848875528889222
14469,0.3341344809478559
14470,0.6525758694863223
14471,0.4464803601144674
14472,0.7785852179741694
14473,0.22094396742671346
14474,0.7880751372690733
14475,0.7383942237861875
14476,0.5727143011790664
14477,0.12590444619536212
14478,0.31284967858228085
14479,0.7442151372951525
14480,0.8467819814640365
14481,0.6458740782745989
14482,0.37677507021452905
14483,0.15353006263491345
14484,0.2729399908755229
14485,0.8883506418367644
14486,0.2800206320344499
14487,0.8385982127399674
14488,0.22542129247006315
14489,0.3629934510104567
14490,0.17977009888837903
14491,0.865480117082043
14492,0.5158108942153771
14493,0.21457025126620005
14494,0.21433586580328015
14495,0.7462805534680322
14496,0.544226183950653
14497,0.8031072026697237
14498,0.25274659230354773
14499,0.8088872772740312
14500,0.7465893673433209
14501,0.7870981495752061
14502,0.684308165869988
14503,0.8512776463128067
14504,0.2558996225256964
14505,0.19975548672305776
14506,0.6057668072835404
14507,0.3858359026777641
14508,0.6310769880321895
14509,0.8915851291350667
14510,0.8405219647814001
14511,0.3154351067289934
14512,0.18062331981542007
14513,0.4219758546335252
14514,0.25284230082625014
14515,0.38627539510276654
14516,0.6547646965657773
14517,0.701721752636867
14518,0.7645380208149003
14519,0.5857722670604867
14520,0.6187668098706667
14521,0.42511307160215844
14522,0.3761935456899126
14523,0.4307411152056015
14524,0.8475653872886075
14525,0.36817528135141464
14526,0.8154583827408691
14527,0.8412726864254558
14528,0.49116403283657195
14529,0.7198957378357584
14530,0.13607717664932573
14531,0.8072091349351327
14532,0.8176071151319628
14533,0.3510994235569511
14534,0.72009441410185
14535,0.8398421570566561
14536,0.8189685836308764
14537,0.6340637785255167
14538,0.7434701921500627
14539,0.11896859303906476
14540,0.37210196407279666
14541,0.7526172436832939
14542,0.8134209935479033
14543,0.2962000008023435
14544,0.7172541915062527
14545,0.19967732910909705
14546,0.3865239213197016
14547,0.734985173823464
14548,0.10891763373636253
14549,0.8365227027603244
14550,0.24811838477753084
14551,0.6965027088144903
14552,0.7214039051437978
14553,0.17333818412861982
14554,0.6329307877891491
14555,0.16790002356744257
14556,0.7903747442695521
14557,0.24881443894438438
14558,0.8030746613479005
14559,0.8658395533075973
14560,0.4682159172224145
14561,0.8160334230464177
14562,0.8905567284945997
14563,0.7026575492032198
14564,0.39315158761679847
14565,0.7498110333659117
14566,0.8980421360896613
14567,0.5332177820846825
14568,0.28706513870603373
14569,0.19191818952401318
14570,0.3207962651281519
14571,0.8723151394387946
14572,0.3102582617226993
14573,0.4566105643971996
14574,0.17165823675228636
14575,0.6107893790411141
14576,0.7757970416389037
14577,0.83641981524364
14578,0.8071903800228342
14579,0.14247878976954265
14580,0.7263595898509675
14581,0.46735503457834554
14582,0.8355266262720114
14583,0.5571723627073856
14584,0.2120572179164523
14585,0.7176189461324852
14586,0.2241183084336674
14587,0.1530002749963309
14588,0.6691881434675451
14589,0.15099107662182204
14590,0.2836506666616392
14591,0.29137966314258396
14592,0.8746636563453933
14593,0.7850442431760565
14594,0.6766541727016641
14595,0.21392282537751992
14596,0.7321900997007068
14597,0.33495986427047114
14598,0.38479047963589486
14599,0.14117910051797541
14600,0.6428789679070599
14601,0.46931264919187243
14602,0.5986418346417138
14603,0.6809432518896174
14604,0.7813620809666922
14605,0.2993998280193439
14606,0.41454314154850913
14607,0.20248324215354438
14608,0.8195040611269111
14609,0.8591496013496034
14610,0.7899954127635427
14611,0.15459585945288348
14612,0.7560124409747537
14613,0.9019877764359676
14614,0.20828067196544964
14615,0.2530028097722186
14616,0.827608693255348
14617,0.7348189246423321
14618,0.7886144190559388
14619,0.8426689203848885
14620,0.24334404770625306
14621,0.8311477409930025
14622,0.8244947752875429
14623,0.3424701191365292
14624,0.84610893082372
14625,0.7842803349885273
14626,0.4562553475835887
14627,0.6585517550239489
14628,0.6855019032397177
14629,0.19244815602034437
14630,0.815644897362634
14631,0.8192536080443338
14632,0.5722872568820587
14633,0.7197886826954081
14634,0.7454845020716824
14635,0.47217755427918645
14636,0.21879500834175838
14637,0.6771594624805821
14638,0.8763635077781728
14639,0.7685858534650459
14640,0.7243891776998553
14641,0.49697976130426547
14642,0.1747183246712209
14643,0.7183180371466026
14644,0.2684805975090349
14645,0.8483494491883719
14646,0.5256444494272595
14647,0.7616098745403208
14648,0.5917357741626027
14649,0.5885844620720473
14650,0.6341078082901094
14651,0.39831621338387774
14652,0.8534857483844076
14653,0.15409643219858138
14654,0.5647407130028607
14655,0.5509592784934834
14656,0.6124458388573233
14657,0.5862040213270229
14658,0.5612984936980885
14659,0.4595106392865599
14660,0.8480121559121735
14661,0.7692170408393776
14662,0.23295857580923185
14663,0.6035740786170843
14664,0.7589440162473956
14665,0.24722009989894217
14666,0.6469181015052358
14667,0.28030811768100367
14668,0.7425814960559419
14669,0.7476087553201718
14670,0.12704303751627594
14671,0.7854665703302209
14672,0.1600850580986176
14673,0.24850880995268115
14674,0.7981400272505534
14675,0.800266836483258
14676,0.3148092235672176
14677,0.19749856878399522
14678,0.7493803114982124
14679,0.8292764128717083
14680,0.7541686047666889
14681,0.17875438118257603
14682,0.8378295075364944
14683,0.1761786805581195
14684,0.18272977997805406
14685,0.7921442108018915
14686,0.785157901964607
14687,0.6703978093992679
14688,0.24977845630742873
14689,0.558523373475503
14690,0.5118119095518731
14691,0.6914334326428807
14692,0.848773084004534
14693,0.17000828154941497
14694,0.8241398139643594
14695,0.1773766551649102
14696,0.23433525139409744
14697,0.29386807967099865
14698,0.12612528034949022
14699,0.7109039268316053
14700,0.2677918510093848
14701,0.835565529968957
14702,0.3966138594024471
14703,0.36839920886814864
14704,0.8938088690142526
14705,0.20575837712115075
14706,0.7790393944961359
14707,0.2535472049467406
14708,0.8673777810704841
14709,0.6921498816497103
14710,0.5538636759372401
14711,0.3236041942974196
14712,0.5772203726709404
14713,0.3643701014846676
14714,0.34195257352534275
14715,0.5449839641219351
14716,0.7259734575362392
14717,0.28559835295097935
14718,0.806477602764174
14719,0.8730524056476842
14720,0.6589863747648663
14721,0.4860021884950412
14722,0.8627187977499047
14723,0.7101086370992022
14724,0.6505496179265643
14725,0.5023125753394435
14726,0.20054474854939602
14727,0.8212264651046906
14728,0.320415391501043
14729,0.1712976855488803
14730,0.7540361916552588
14731,0.7853996516197869
14732,0.30449143029508824
14733,0.5076826754592725
14734,0.3357175733920123
14735,0.8729561684718551
14736,0.38281838779123667
14737,0.39968197082682744
14738,0.824315611839972
14739,0.4302617315324176
14740,0.49502713080239913
14741,0.20480068098289916
14742,0.41771297338075275
14743,0.3869320115841234
14744,0.8142132181088999
14745,0.581083173392548
14746,0.814662370490674
14747,0.69002453454209
14748,0.5557666146671889
14749,0.6992875289401325
14750,0.2239093816524773
14751,0.5992929842918527
14752,0.4327260432746691
14753,0.8402544567385465
14754,0.8586655481868632
14755,0.6222035540550035
14756,0.649366695324315
14757,0.32276791537317434
14758,0.2442571577649209
14759,0.5436736044288673
14760,0.32491077815706726
14761,0.23153618631347458
14762,0.8696633210449088
14763,0.8799567556099444
14764,0.8580908116250283
14765,0.8520526550575269
14766,0.39437744395791996
14767,0.6018758963601339
14768,0.3056550869992229
14769,0.8757311629524536
14770,0.8963266348913658
14771,0.3761837488713895
14772,0.2679504064890143
14773,0.3344951031980313
14774,0.4210654584191759
14775,0.8340045564225853
14776,0.6529629245884839
14777,0.833209102886136
14778,0.8612138616332402
14779,0.7291121793603672
14780,0.7815460743611772
14781,0.7052765884372657
14782,0.1969048785949468
14783,0.6182044576198452
14784,0.8485032353675274
14785,0.33438146754386433
14786,0.5513659150797794
14787,0.5986296867779534
14788,0.4560194925509189
14789,0.33646570578004364
14790,0.4325309480109671
14791,0.14768481183197257
14792,0.4026250321092756
14793,0.18541139758194217
14794,0.8916337492742787
14795,0.6534807232668773
14796,0.8805410927017425
14797,0.7722764252385881
14798,0.6146605705974993
14799,0.82965583477183
14800,0.1176639297029277
14801,0.6043642073711358
14802,0.4875068063141551
14803,0.21583186894890527
14804,0.29849352024032505
14805,0.30788210513418524
14806,0.54467297517918
14807,0.840935859341001
14808,0.3016109088044715
14809,0.3802738797016802
14810,0.8830031804250973
14811,0.5818686752051482
14812,0.16442959260193693
14813,0.1824043012258457
14814,0.32552103966882795
14815,0.709642187016775
14816,0.3064581345269663
14817,0.3650188451417555
14818,0.5438121094241564
14819,0.8209934270361716
14820,0.802180946318983
14821,0.2391610006074309
14822,0.7815046081288428
14823,0.31909576973383946
14824,0.5498321791846018
14825,0.6710799087241818
14826,0.3826354911256511
14827,0.1891631607182559
14828,0.7342295915525646
14829,0.673045619297315
14830,0.6503334804077244
14831,0.7792213147758875
14832,0.2570805669906291
14833,0.1835136059667192
14834,0.8258615943472893
14835,0.17454942782966956
14836,0.8021764117875048
14837,0.7384133803469032
14838,0.7566935413040814
14839,0.8042991448326844
14840,0.36686748604370645
14841,0.5340147382937492
14842,0.5182357781411487
14843,0.7662899355032127
14844,0.8796576323843847
14845,0.295328859101996
14846,0.2359257447584058
14847,0.46839338456696644
14848,0.6112864357872285
14849,0.2699974504001174
14850,0.5370762203410236
14851,0.2712775922742943
14852,0.3028435314444368
14853,0.3417010884352109
14854,0.5864675730491548
14855,0.5468919899188738
14856,0.3337193940231823
14857,0.25191441305197093
14858,0.22778723359238373
14859,0.7178706233387065
14860,0.6018413021976167
14861,0.8785654414433985
14862,0.20698025559917205
14863,0.3554006858155657
14864,0.3365069876751634
14865,0.16768968263978246
14866,0.4772088785563946
14867,0.4095980091462608
14868,0.7245929537701591
14869,0.5878375037243737
14870,0.1599467229082374
14871,0.3125261630938412
14872,0.2038574881478818
14873,0.8343042087391804
14874,0.6784190302313586
14875,0.8389086733526412
14876,0.13109789330475952
14877,0.24584991869746572
14878,0.6417215753379186
14879,0.8761776008051705
14880,0.4498196512336524
14881,0.30716762092465444
14882,0.34815217765018297
14883,0.48166710207309565
14884,0.5923336014486107
14885,0.7899593540488667
14886,0.8722191047164283
14887,0.8318963180699339
14888,0.6438486441792094
14889,0.7945320972919977
14890,0.5197274477870452
14891,0.880168461516214
14892,0.525099040425359
14893,0.2523029367958922
14894,0.4215610083952813
14895,0.7905081708920326
14896,0.6021756797138726
14897,0.6879285212268534
14898,0.5192323763378957
14899,0.24806735649350226
14900,0.7835105054833726
14901,0.844554874088533
14902,0.8531959218957083
14903,0.7830365406522861
14904,0.8164248899679007
14905,0.4367934628368231
14906,0.751560748041999
14907,0.3708589977708168
14908,0.7740469493246257
14909,0.7577690249970239
14910,0.7653764960076905
14911,0.6861377355894245
14912,0.3681175906451269
14913,0.7311697504972176
14914,0.8269610328038621
14915,0.13710062465634773
14916,0.281800466435229
14917,0.7618900892692784
14918,0.7498856426222419
14919,0.8168533835979507
14920,0.3481862699002512
14921,0.802808325914772
14922,0.3892315438713309
14923,0.881358806862294
14924,0.8497379791178727
14925,0.8477079517160858
14926,0.7565846705738615
14927,0.5086752216175362
14928,0.4708083703688083
14929,0.5666738843397984
14930,0.7732873778153193
14931,0.7448683763765725
14932,0.7510156315133845
14933,0.6494373874282892
14934,0.7106523818751399
14935,0.1745775039817077
14936,0.42972696067287963
14937,0.8334247558087162
14938,0.8146828518444962
14939,0.24464240037477153
14940,0.5221855568002404
14941,0.6112087591699985
14942,0.8079560935521897
14943,0.5736980410540561
14944,0.6256634589016468
14945,0.554904240891089
14946,0.22045593627336416
14947,0.7372261138326126
14948,0.30383800551672413
14949,0.6970291159583929
14950,0.768122601968761
14951,0.7056675142197208
14952,0.34846259113151523
14953,0.22185352652077767
14954,0.7402999012580355
14955,0.7971198360582011
14956,0.24243820632798502
14957,0.24862782574632128
14958,0.49487650603499367
14959,0.8548686284860603
14960,0.18047953883576703
14961,0.7780075555748611
14962,0.20140525051713468
14963,0.5912607522017168
14964,0.8681077378672706
14965,0.2218554643813174
14966,0.2237242478946848
14967,0.7963107551182548
14968,0.733104492644613
14969,0.6034646611870917
14970,0.8471639187866365
14971,0.7808506882776052
14972,0.8634861932831546
14973,0.1310636885682141
14974,0.8168862671997672
14975,0.8545734804908894
14976,0.8404589971784191
14977,0.21988846487866193
14978,0.33702126332025917
14979,0.8040795014922449
14980,0.6027326421671608
14981,0.13988521413656982
14982,0.594044286283219
14983,0.7654965611638831
14984,0.5398945975973448
14985,0.6881641137200573
14986,0.21780829925129205
14987,0.4256749345065998
14988,0.6911595196928761
14989,0.23950954716994388
14990,0.12380713654054801
14991,0.33235178367929546
14992,0.4480550228395947
14993,0.462715275064121
14994,0.2673140239861531
14995,0.7837040426287432
14996,0.864263128478802
14997,0.3997012344263271
14998,0.36308635598070504
14999,0.2838292646698084
15000,0.5643141329651236
15001,0.18202462911653158
15002,0.1698387083744946
15003,0.8201118036704913
15004,0.4907249539488673
15005,0.8005918438469208
15006,0.21343002077856538
15007,0.19905549095232442
15008,0.2580506538988507
15009,0.21269334278442892
15010,0.20229196143102215
15011,0.5714014651025936
15012,0.7898741926070699
15013,0.8423405031415703
15014,0.7989394161183886
15015,0.8201864641752332
15016,0.8003001015052897
15017,0.12592162564540965
15018,0.644607172851716
15019,0.6984609672454334
15020,0.7057767611499788
15021,0.1837752965813287
15022,0.4298332994543374
15023,0.8785424963513537
15024,0.15751734066846515
15025,0.444445743397906
15026,0.17647428669656426
15027,0.8807736902148366
15028,0.34247186927245193
15029,0.5524564621689894
15030,0.420151333619747
15031,0.2519429942716676
15032,0.4199949903120774
15033,0.26245205303595964
15034,0.61334287487419
15035,0.34886499062025106
15036,0.336727909139394
15037,0.4501721512711389
15038,0.15591799719671573
15039,0.3373097111518647
15040,0.3309080843776902
15041,0.2593102751567625
15042,0.38339860681662413
15043,0.7304187871176823
15044,0.6663914494523656
15045,0.867963629466219
15046,0.714510894313557
15047,0.7565864825859396
15048,0.8805952396468664
15049,0.7396565574744626
15050,0.18109447310810814
15051,0.31211177678233626
15052,0.21858301825208387
15053,0.7924208296693988
15054,0.8649084802601545
15055,0.7781669767843842
15056,0.40166834530768714
15057,0.40089919322724504
15058,0.5112898779594364
15059,0.8082293193387509
15060,0.7104328452169548
15061,0.5352177887075151
15062,0.8487352567490974
15063,0.1452395636773392
15064,0.5682298412803958
15065,0.594548784326887
15066,0.7689420371936171
15067,0.7707374263087368
15068,0.338056453556468
15069,0.4761426866660202
15070,0.7866853517775041
15071,0.32104994362487166
15072,0.30277546480808964
15073,0.7296365934095992
15074,0.2189790243030572
15075,0.6907930211766735
15076,0.36331195984663917
15077,0.3950950776443254
15078,0.6954450327890221
15079,0.18971468309920664
15080,0.39527441429068677
15081,0.19572239885429613
15082,0.22422240341515154
15083,0.17595826466417458
15084,0.692407492589538
15085,0.4116392227210625
15086,0.8386644195511118
15087,0.2624807781798543
15088,0.8602785246250794
15089,0.8918561687949624
15090,0.8605540531836393
15091,0.2889170032950665
15092,0.5333228156902129
15093,0.8117116168798015
15094,0.8227947935779933
15095,0.16388375968043178
15096,0.7907980690872827
15097,0.8699335100703756
15098,0.8443030078798388
15099,0.21651805082309603
15100,0.18294824998543038
15101,0.8348143222685744
15102,0.7744036484607493
15103,0.2668880788578145
15104,0.8044349983860508
15105,0.432307179435097
15106,0.5315890492974725
15107,0.8610761386270909
15108,0.10794434277079652
15109,0.09712331683463685
15110,0.7905027569061023
15111,0.27362526497770295
15112,0.7710274441229259
15113,0.38099103647865584
15114,0.7115392738764651
15115,0.8047649873454956
15116,0.6054629867346423
15117,0.3760116081228937
15118,0.8619228913878161
15119,0.8419831819514993
15120,0.2656875100655188
15121,0.10877445851580493
15122,0.32069966633904007
15123,0.2884646822744564
15124,0.2657783176884956
15125,0.862148775460956
15126,0.3074722675741058
15127,0.8088819644639864
15128,0.6499820808740625
15129,0.626286687503613
15130,0.3205359515347679
15131,0.689590870526794
15132,0.35689449035742593
15133,0.25906440411376386
15134,0.8122243483392318
15135,0.5629374671980594
15136,0.141155811695571
15137,0.18274245845982795
15138,0.7618924263525213
15139,0.5843622309352505
15140,0.22802254434795807
15141,0.7200630812005191
15142,0.11271805590010249
15143,0.12220868626062055
15144,0.81961830421025
15145,0.21309110628089872
15146,0.8369285752372153
15147,0.6584582406829188
15148,0.2461580989035883
15149,0.7565949678529424
15150,0.8893865118209571
15151,0.46051712680597084
15152,0.22655086887506498
15153,0.7759872255153342
15154,0.6532514178447872
15155,0.7347720407421278
15156,0.4756550740387877
15157,0.5685615083326891
15158,0.6262143959545144
15159,0.19174968182190774
15160,0.38213481493516577
15161,0.8593989346598199
15162,0.8561771656100601
15163,0.8303191866637256
15164,0.3213109267701373
15165,0.2767140719713092
15166,0.567367141122919
15167,0.4241259029839465
15168,0.19879904587602332
15169,0.5773807308332167
15170,0.28668750759247796
15171,0.8177912631847866
15172,0.10746780988807647
15173,0.8828771849286836
15174,0.1355923123613129
15175,0.3778819872691504
15176,0.5253005500318635
15177,0.7136796228147125
15178,0.2636968048316436
15179,0.3065201128978757
15180,0.705890177548977
15181,0.7351430293187106
15182,0.358890620113241
15183,0.6634513031036823
15184,0.31849180929713605
15185,0.6826561962975989
15186,0.3842394268434047
15187,0.8262184145993222
15188,0.39858299857141544
15189,0.6590135631045614
15190,0.7977101599766154
15191,0.4020026539016192
15192,0.837811803177333
15193,0.28944377362338836
15194,0.16313952211432994
15195,0.6167270591070856
15196,0.6155849586532324
15197,0.8432270754058246
15198,0.8769205414778951
15199,0.15316063423227602
15200,0.4722164637160372
15201,0.5885519421870683
15202,0.4924257144658316
15203,0.636483506984621
15204,0.31542396391401273
15205,0.5949823133109123
15206,0.3215355619346801
15207,0.8304980677742211
15208,0.6366973264507876
15209,0.6530814157574749
15210,0.6676819872599006
15211,0.6589775112555247
15212,0.2327909698714338
15213,0.1261996044240499
15214,0.6494458046586058
15215,0.8195708470219667
15216,0.32891896150198613
15217,0.36884451493837583
15218,0.274447871671654
15219,0.8305642418095689
15220,0.7991146186519165
15221,0.6468570559424874
15222,0.8278963020963873
15223,0.7264713601936786
15224,0.5480445000367286
15225,0.881682249786329
15226,0.7340164749585867
15227,0.1772581900959578
15228,0.6974314502631753
15229,0.6997144847517417
15230,0.15068774434768645
15231,0.8035983246381313
15232,0.6608168463365326
15233,0.2925207166296048
15234,0.8407762673393573
15235,0.42347871247854707
15236,0.1854618784714807
15237,0.536238044560973
15238,0.25758970700558037
15239,0.17250032393796583
15240,0.36817000343069245
15241,0.18680577900238585
15242,0.7708664834185792
15243,0.8424440559477124
15244,0.7710917458655684
15245,0.3595469495853027
15246,0.2458956753313128
15247,0.7378674746000023
15248,0.5918716831057498
15249,0.567830017811926
15250,0.8570861457020349
15251,0.13545567308884077
15252,0.8054103127802419
15253,0.8501915821655717
15254,0.6064017762155028
15255,0.6737349064681816
15256,0.5170775728045562
15257,0.5601348440996915
15258,0.6183510142937745
15259,0.5715417637317416
15260,0.852536932829526
15261,0.8306235671365907
15262,0.4315486990178695
15263,0.33646481800324496
15264,0.20247511284259187
15265,0.9107202297142505
15266,0.539564880780994
15267,0.13918381152974377
15268,0.5632640313085723
15269,0.8680659859775833
15270,0.23585673856752004
15271,0.3425834748229351
15272,0.8566179792951518
15273,0.4226016383447992
15274,0.667303106920825
15275,0.4237958492069822
15276,0.8457007683360047
15277,0.7622268754298174
15278,0.31974608911028835
15279,0.23919563880669048
15280,0.8057531904162145
15281,0.3567971819563455
15282,0.37739324508196426
15283,0.6545937176861695
15284,0.14643985373990626
15285,0.7167287780842251
15286,0.8029072576763527
15287,0.6848809591493156
15288,0.8573921653108568
15289,0.4696383388633137
15290,0.183239267721611
15291,0.10610283380408012
15292,0.15037685079869514
15293,0.4802436654454384
15294,0.14136984952941573
15295,0.17062938819219675
15296,0.725602146266264
15297,0.7269975912935261
15298,0.39981656047663616
15299,0.7120668613617893
15300,0.7071290017502282
15301,0.10399961511400667
15302,0.8419320447537068
15303,0.535491490945316
15304,0.7733043388639427
15305,0.16288081466977472
15306,0.6334876266716176
15307,0.23948145938759302
15308,0.8197457592155509
15309,0.1760785272175187
15310,0.30757994598470567
15311,0.8033823921536196
15312,0.750685059487814
15313,0.7557993334471373
15314,0.7678202888288697
15315,0.8524871397688575
15316,0.4375905295832409
15317,0.6782241206079916
15318,0.5278398939570924
15319,0.18133217669886315
15320,0.38853197944241846
15321,0.7315149016974037
15322,0.1890334873729181
15323,0.8594409539938769
15324,0.8183567817029389
15325,0.44979091858770576
15326,0.882034961971927
15327,0.40213219940047085
15328,0.8219862243894924
15329,0.32479336427338523
15330,0.4126043436366992
15331,0.16691903845968079
15332,0.8302946933157659
15333,0.4931086506286226
15334,0.3948987626862467
15335,0.8213996680479072
15336,0.8040991463714022
15337,0.6907401192915434
15338,0.29280330154835243
15339,0.28441544275800196
15340,0.49217796060594
15341,0.1485231281965493
15342,0.7102622554941219
15343,0.5827583932842256
15344,0.5955148078692155
15345,0.25293513094357495
15346,0.20794490146990566
15347,0.671135042493736
15348,0.16704920530039416
15349,0.6797397460582236
15350,0.7326450973396377
15351,0.7158809916149259
15352,0.43062709400224974
15353,0.7004492272311466
15354,0.5797407225233523
15355,0.16130751379596459
15356,0.625955568193173
15357,0.658808132993539
15358,0.17115978450622302
15359,0.8332347507779378
15360,0.44376307008077587
15361,0.12390432841705656
15362,0.6361406593101399
15363,0.35196513365502596
15364,0.13455432094927303
15365,0.22664865611440305
15366,0.841045753335079
15367,0.8301899891159126
15368,0.11563978809824922
15369,0.22646167164156167
15370,0.1794847158949428
15371,0.6721080350890626
15372,0.36087834137874125
15373,0.4812178448439953
15374,0.8557037791552359
15375,0.21606270002663183
15376,0.2841320053988445
15377,0.7411986925818616
15378,0.17326150156667308
15379,0.8234147850201314
15380,0.3619818165635678
15381,0.2574906739782078
15382,0.3757364779902894
15383,0.8295950628896416
15384,0.32081810572144404
15385,0.4467988049040964
15386,0.7575051204889117
15387,0.7758994803504495
15388,0.2483351756471341
15389,0.710721984950343
15390,0.11375489713340531
15391,0.7965022844013359
15392,0.8632944947170238
15393,0.7678445062095853
15394,0.7549218174294752
15395,0.25272943732488756
15396,0.3314843690244426
15397,0.22706290040629534
15398,0.6332936705800122
15399,0.865739982159377
15400,0.17637225944918958
15401,0.8433274545267395
15402,0.14969649406118324
15403,0.7970757103423569
15404,0.2711152740656629
15405,0.5723552144951667
15406,0.22399530962110165
15407,0.8784386176693134
15408,0.5861734077955719
15409,0.6417648904003986
15410,0.42346771809355604
15411,0.5775879832585884
15412,0.401654504169366
15413,0.5789320728137416
15414,0.26710923901299716
15415,0.7937696927691951
15416,0.28201467842169703
15417,0.39293329375782365
15418,0.672415974844916
15419,0.43822316139688255
15420,0.8106420636051076
15421,0.6052960457652037
15422,0.14679532284928576
15423,0.2805039464473905
15424,0.28796653568487746
15425,0.5167121355674031
15426,0.32837747055027655
15427,0.8885992210179637
15428,0.17597287670383907
15429,0.41809519126686534
15430,0.16840581498124557
15431,0.7181202736185337
15432,0.7698673461352327
15433,0.531118834944334
15434,0.7006606446925335
15435,0.8769751193702979
15436,0.13623809575992787
15437,0.8380773527792424
15438,0.7649550671641747
15439,0.6532343008767388
15440,0.4949416818954152
15441,0.21039511227113336
15442,0.7235758360606316
15443,0.572202475262762
15444,0.46625107770962737
15445,0.13775250499160194
15446,0.17630761227666786
15447,0.1538216511275575
15448,0.3213152151345102
15449,0.5854909185460497
15450,0.12719689344998408
15451,0.2346064323433255
15452,0.6085124489640162
15453,0.16888462370409213
15454,0.46349886916988664
15455,0.1998880829464461
15456,0.8233363332909018
15457,0.21625645808963873
15458,0.25362678192273047
15459,0.3891719204403332
15460,0.1663948339759427
15461,0.7766526430312435
15462,0.7360855563165455
15463,0.3572583500592422
15464,0.7907034128768577
15465,0.7405993571149804
15466,0.313029129188409
15467,0.12313745190129309
15468,0.3182214668881712
15469,0.7662660897503913
15470,0.15291281621490946
15471,0.21163553621063005
15472,0.7686652448988702
15473,0.44340040378608375
15474,0.7898932650583539
15475,0.13899254860442872
15476,0.5195982482723647
15477,0.6691764799967904
15478,0.8188409106050271
15479,0.525378163514736
15480,0.7698197332922078
15481,0.28901611053301357
15482,0.5852996175105905
15483,0.33672013487679797
15484,0.6429909880756225
15485,0.19968445198573787
15486,0.8508700524573735
15487,0.4404267102558704
15488,0.1930389294409149
15489,0.315660233416793
15490,0.7875563691757679
15491,0.8522370383815456
15492,0.23533356323874682
15493,0.41767493386811694
15494,0.10729636153508719
15495,0.8093451912080706
15496,0.14133641721704696
15497,0.6802188575264944
15498,0.1652815186507201
15499,0.21811178027751482
15500,0.8283808536407234
15501,0.5077650867099869
15502,0.5469201980495954
15503,0.6407203113207386
15504,0.6931051284021603
15505,0.7961554085738687
15506,0.1664693608110748
15507,0.14926214439717023
15508,0.168302198221246
15509,0.5756423109327379
15510,0.6190034499773581
15511,0.7173597890391129
15512,0.8472191247268004
15513,0.8738046415828684
15514,0.7555034505407671
15515,0.7344689164232238
15516,0.7802712031419579
15517,0.7638960426637162
15518,0.31555556896754317
15519,0.6884660572005188
15520,0.7089759030102324
15521,0.7204138481081969
15522,0.8665386267683991
15523,0.557056441713573
15524,0.13405213331838445
15525,0.8774687611080085
15526,0.8720927668847602
15527,0.7926710647051936
15528,0.42969528932154655
15529,0.7317676061032564
15530,0.6977282346126435
15531,0.7046630998888573
15532,0.47061287332907187
15533,0.3909133059228731
15534,0.6597838054752522
15535,0.7755470635716355
15536,0.48957330608251803
15537,0.5452310901438318
15538,0.452867525388356
15539,0.1697953136198099
15540,0.19085106689029607
15541,0.764601243048368
15542,0.8216335859797332
15543,0.13085400268021005
15544,0.685242507164502
15545,0.8462724174919738
15546,0.37329097520113097
15547,0.7114282667380196
15548,0.8386589205601702
15549,0.48172750855322255
15550,0.7910217765145277
15551,0.45166966608162484
15552,0.27694465872628143
15553,0.2961852134035127
15554,0.7242655771783316
15555,0.4502082667186996
15556,0.7546807406720769
15557,0.7238530805883591
15558,0.4536192398256047
15559,0.18085355589688631
15560,0.3714768243515168
15561,0.5208775168788741
15562,0.8434449800782977
15563,0.33519176119987854
15564,0.4274959144414749
15565,0.8775734227037449
15566,0.4678117158396806
15567,0.7394593593576225
15568,0.8095775287682447
15569,0.8248596719656269
15570,0.35109887823327673
15571,0.6160281867467564
15572,0.732337206091849
15573,0.3139613985587047
15574,0.27470367561032133
15575,0.35918353423491806
15576,0.424073708721461
15577,0.6600973929541586
15578,0.7117312301914827
15579,0.20188856305058042
15580,0.1537114782091428
15581,0.7298969172206905
15582,0.23840656920841397
15583,0.8230306292148969
15584,0.4217716424409962
15585,0.584309636139506
15586,0.6589296326273241
15587,0.5111739314667328
15588,0.41012564585809264
15589,0.7469030668107706
15590,0.7675544882710983
15591,0.6539271138152545
15592,0.4178652154249237
15593,0.3042838361416554
15594,0.25559484246734526
15595,0.6800580197507696
15596,0.8186010987276848
15597,0.5688703198234917
15598,0.4072774766381213
15599,0.19765149978017937
15600,0.6539859301602517
15601,0.27151824260733254
15602,0.5784395014846448
15603,0.6299415943021497
15604,0.48718314150198144
15605,0.11079298489760146
15606,0.1778934050916528
15607,0.11008799296997464
15608,0.43503434785946654
15609,0.615182526586299
15610,0.2505002412622733
15611,0.42512472791656275
15612,0.2651039941764711
15613,0.2010257458520645
15614,0.16011346576865165
15615,0.6841088151199173
15616,0.8611550362248914
15617,0.453159586388695
15618,0.4510948128016743
15619,0.5820484511447515
15620,0.19874721189437738
15621,0.1612176232054699
15622,0.7854084465263905
15623,0.18774350921379185
15624,0.4440223277887245
15625,0.1617970173903137
15626,0.48229575916561584
15627,0.4656261739074497
15628,0.7845502767856325
15629,0.14713509311310624
15630,0.13332579836449357
15631,0.17412404342873328
15632,0.16786681735671244
15633,0.6581760277781601
15634,0.5786889945384963
15635,0.6558628622132626
15636,0.6581416006455414
15637,0.25626845195994846
15638,0.7684357775473021
15639,0.8497832028004586
15640,0.3290329121131539
15641,0.3651442286772213
15642,0.8408837386416359
15643,0.27588617482236005
15644,0.8992027198358421
15645,0.22696932482925544
15646,0.24506753823278155
15647,0.29771034380874145
15648,0.33686903331187523
15649,0.6847929449409086
15650,0.733309128670602
15651,0.7005801219368427
15652,0.6478900074772109
15653,0.41355298572065435
15654,0.37949360060533444
15655,0.8273759185409826
15656,0.6139473255336481
15657,0.5210684283805302
15658,0.5025837301679738
15659,0.783070077397314
15660,0.1614311591878794
15661,0.8669026415377121
15662,0.11387962475195432
15663,0.8116784940278707
15664,0.6573270718188989
15665,0.4816298411692834
15666,0.19621004375199277
15667,0.5187389806342013
15668,0.847287569770018
15669,0.8555149113185663
15670,0.7787906820984534
15671,0.8251628998515355
15672,0.8266514747818193
15673,0.8098175199916847
15674,0.8445806389414324
15675,0.14087793016814626
15676,0.8704316063256656
15677,0.7809332280057661
15678,0.8709372197254981
15679,0.5094668577436482
15680,0.6345772573550049
15681,0.2094629310398021
15682,0.8401424973555256
15683,0.7093114442685076
15684,0.22451012373837057
15685,0.7946630102941956
15686,0.8222911534490832
15687,0.6798182956105264
15688,0.8131373123363087
15689,0.7353883848561459
15690,0.3698782239777621
15691,0.4651841593962579
15692,0.1960147908816077
15693,0.1557407603057053
15694,0.8512802615856947
15695,0.5838309828777365
15696,0.8125293945263312
15697,0.3126189994989933
15698,0.33449730012674567
15699,0.21066521644314196
15700,0.15143537623172112
15701,0.7276124347692162
15702,0.7618149062593592
15703,0.1778240823662741
15704,0.7522504998547961
15705,0.790209812133019
15706,0.2608152307210037
15707,0.15981365763928795
15708,0.8315118349004647
15709,0.7350086081369314
15710,0.75210408333236
15711,0.265563382211024
15712,0.6445128661437102
15713,0.209499344385011
15714,0.5583461864822494
15715,0.7913538915538514
15716,0.5916520996184962
15717,0.49720408458469784
15718,0.1288236948697904
15719,0.5367736803007493
15720,0.7817768890341994
15721,0.7179383009653711
15722,0.8172045637774259
15723,0.8435560048005087
15724,0.6952040335715787
15725,0.663244842725137
15726,0.7219351515592286
15727,0.8082229479495268
15728,0.33794320909923053
15729,0.28229269620340763
15730,0.6523903781032476
15731,0.12607805378094095
15732,0.5306369182160897
15733,0.2590122792617171
15734,0.3779915314844596
15735,0.14240043830892868
15736,0.7755637520135249
15737,0.6654570096232492
15738,0.7309877663200707
15739,0.43237404345788677
15740,0.5430676717523124
15741,0.19323428900002232
15742,0.8042974375885572
15743,0.7117190320300507
15744,0.7774550800003761
15745,0.4068288565483792
15746,0.8558510200668894
15747,0.7110204888882066
15748,0.4233214257695319
15749,0.45978427154807017
15750,0.25803194165203863
15751,0.845100111003715
15752,0.8547539644066923
15753,0.693916708115817
15754,0.7525405252585379
15755,0.7265294955473317
15756,0.8136941209159668
15757,0.8343595500061891
15758,0.4243255109233031
15759,0.3920678496051616
15760,0.7813774670948765
15761,0.3906357746986432
15762,0.8436651127408986
15763,0.4697657755217551
15764,0.7869908578425674
15765,0.1593374576714748
15766,0.2052796024143427
15767,0.8314266363433517
15768,0.7251875910469129
15769,0.8799084177151832
15770,0.8147505910700669
15771,0.2757590002525136
15772,0.2833675940477737
15773,0.8615843164979664
15774,0.7438204369409342
15775,0.6983431359316723
15776,0.8055543216084275
15777,0.11754771051345597
15778,0.4226810697982315
15779,0.15285932474689654
15780,0.706111219355242
15781,0.23267685912111977
15782,0.8521105657177164
15783,0.1870196756374991
15784,0.7572438995002043
15785,0.8154464650640223
15786,0.17081771828709694
15787,0.3720740105781684
15788,0.7286293196044256
15789,0.6617064321416135
15790,0.10893278209797606
15791,0.3159037214229641
15792,0.5962044604973219
15793,0.8763690555407233
15794,0.827588296757527
15795,0.2956459860773824
15796,0.47850488977682976
15797,0.15257728142189236
15798,0.8615914316097086
15799,0.675042654136088
15800,0.25528841794176876
15801,0.7977527318564315
15802,0.6496867697499725
15803,0.6089631751520453
15804,0.7793101286919445
15805,0.20742774116696322
15806,0.34860070374454677
15807,0.6170283083129156
15808,0.18896955716469246
15809,0.7203062419137624
15810,0.20176677360435907
15811,0.8555156956984578
15812,0.8961056994865889
15813,0.6800398908380214
15814,0.8378351914576643
15815,0.6897221585808716
15816,0.1268717970095372
15817,0.7916027112332558
15818,0.21354589521527206
15819,0.2436814313667595
15820,0.12274609843720581
15821,0.13403321405767368
15822,0.7597588753939984
15823,0.6319885753710603
15824,0.2175952539078324
15825,0.16939854236127255
15826,0.3457911113389635
15827,0.15709873057238122
15828,0.3954539653372408
15829,0.8914623663759575
15830,0.13226815717471116
15831,0.26972814661550437
15832,0.6301524926626384
15833,0.28716877240827493
15834,0.12023827525108136
15835,0.2924630697731726
15836,0.5996764142817398
15837,0.7093698035824318
15838,0.7052481456485467
15839,0.8122534650158273
15840,0.5317636211226976
15841,0.20151897406377478
15842,0.7350296681644514
15843,0.27839973044250627
15844,0.20400826812833642
15845,0.2805349668826406
15846,0.6114812487920837
15847,0.5382982592514313
15848,0.8000367491530265
15849,0.7507433321996169
15850,0.7898023336899556
15851,0.9058123565510249
15852,0.6232614793794238
15853,0.45779505466174875
15854,0.8972162134424477
15855,0.7070476642308862
15856,0.5082973143999032
15857,0.8315818629953038
15858,0.7573559159503401
15859,0.8764109020912557
15860,0.37501045553902596
15861,0.77943438396867
15862,0.48548125443268075
15863,0.1938428208619448
15864,0.8358062435959352
15865,0.3064212692720237
15866,0.1919084468352617
15867,0.10868689482224449
15868,0.7471878831382476
15869,0.5148963920711106
15870,0.8345921337709913
15871,0.663148434505124
15872,0.4766168923160933
15873,0.8848280527524671
15874,0.4770580941174591
15875,0.416981586949644
15876,0.1754212853865528
15877,0.7078502065697381
15878,0.5286332597908837
15879,0.6733705566350786
15880,0.37740841337186365
15881,0.7919518603364273
15882,0.8595454682688238
15883,0.3723254969876871
15884,0.8348201550561628
15885,0.41221347935239894
15886,0.43927587483002206
15887,0.15445790371113957
15888,0.7289148595311222
15889,0.6968165759631098
15890,0.16025346324271922
15891,0.5272328353972506
15892,0.7826208266329965
15893,0.8197516564943518
15894,0.7727112482500709
15895,0.8548915244117036
15896,0.17217252522724485
15897,0.5083478104987401
15898,0.24022575159246445
15899,0.8597825187041208
15900,0.6633613670731062
15901,0.4453710780257381
15902,0.83467224880419
15903,0.6801767704343802
15904,0.45583830321624275
15905,0.7809966763395457
15906,0.8448919916080955
15907,0.3418582283299738
15908,0.754912262079804
15909,0.35075573202368343
15910,0.6518897392415293
15911,0.8888991141659428
15912,0.18117274199052652
15913,0.7546901301916729
15914,0.7494839898095449
15915,0.13549962934307036
15916,0.5050077350751871
15917,0.7838817111878809
15918,0.6407249630389779
15919,0.32173876096385523
15920,0.685248422153662
15921,0.6781773585484192
15922,0.19148783416979695
15923,0.516912616865857
15924,0.6030817174833545
15925,0.41583441341926264
15926,0.48647273178832906
15927,0.21925192109306693
15928,0.11640909314769189
15929,0.11655933537863374
15930,0.8260845171542741
15931,0.6221251645942101
15932,0.1497854409930788
15933,0.3679127301389798
15934,0.7820292067817229
15935,0.7706644335963444
15936,0.6049591626606309
15937,0.1575331076986226
15938,0.21527053751872544
15939,0.21087970681194806
15940,0.1541346683192328
15941,0.8370152337786603
15942,0.12230976110730388
15943,0.8386497067709986
15944,0.8907415727920345
15945,0.70730587619987
15946,0.396851696907461
15947,0.15522143375869374
15948,0.6927033593876434
15949,0.4352173997397428
15950,0.42217903352369623
15951,0.2069915626677831
15952,0.73184146106338
15953,0.47568626738330083
15954,0.5083399617548745
15955,0.6614301101993155
15956,0.29401241946873974
15957,0.4499962892303758
15958,0.7924599357145435
15959,0.12955900112398774
15960,0.5872993149164825
15961,0.2947124517978989
15962,0.35771105618225585
15963,0.8921138078900414
15964,0.4735953296615217
15965,0.8765477982811798
15966,0.30011691334429547
15967,0.6844251960063042
15968,0.8027243610688373
15969,0.4250616770431645
15970,0.15611230999931272
15971,0.21226193982739858
15972,0.19494357647574373
15973,0.7715268775251672
15974,0.8349473441704799
15975,0.8313663868804589
15976,0.7113800281941566
15977,0.6375595912608734
15978,0.504015229026716
15979,0.322213600858162
15980,0.7720232133240019
15981,0.8410274126700243
15982,0.5542317313406898
15983,0.363357489740066
15984,0.3627166069758404
15985,0.8157592899691943
15986,0.7511363800021352
15987,0.345909560397291
15988,0.7888269906453913
15989,0.203063643160597
15990,0.7729587380709211
15991,0.16796353939088726
15992,0.367381371905659
15993,0.7102066046003722
15994,0.3376837513111101
15995,0.4754439329715673
15996,0.2550441271014381
15997,0.263998157927683
15998,0.7904545816258127
15999,0.8548427940086805
16000,0.43726674302828134
16001,0.21424313868100986
16002,0.40577287897056413
16003,0.4561098696765338
16004,0.2832639475880322
16005,0.787823874652998
16006,0.3658032049204228
16007,0.8002293480296556
16008,0.31096284309067646
16009,0.29372606700241777
16010,0.24230828805740495
16011,0.8396589353388583
16012,0.5102364163910514
16013,0.2235697737529806
16014,0.6456196621228388
16015,0.29175279472625715
16016,0.7643927764823122
16017,0.7579861782935928
16018,0.7013698706787458
16019,0.8575690011017955
16020,0.7563929455119134
16021,0.876062656534436
16022,0.15452489441607356
16023,0.28773219215350226
16024,0.8154299703926589
16025,0.1783188733634273
16026,0.8154092861382924
16027,0.4323045311225091
16028,0.23563933440600066
16029,0.32192574290536147
16030,0.88748730980479
16031,0.49508702799471616
16032,0.7480149035937137
16033,0.1061685560311554
16034,0.41120678306011993
16035,0.4231282579369489
16036,0.6691300790742482
16037,0.6259808890403001
16038,0.5919273617893773
16039,0.1197933957131807
16040,0.1825443595299987
16041,0.14243617399230454
16042,0.8958104757764367
16043,0.37976219137828054
16044,0.14736899576468854
16045,0.27922931287400077
16046,0.28407950520450614
16047,0.13335733635970431
16048,0.17237313640287127
16049,0.7753890304366162
16050,0.6172356887676113
16051,0.7164742830711934
16052,0.8818437165063875
16053,0.7001717532819115
16054,0.8708823169160134
16055,0.7932737199921559
16056,0.834601965392505
16057,0.1450146731525406
16058,0.805004207870442
16059,0.7586489099154736
16060,0.17035197235815497
16061,0.11236841730459815
16062,0.15931514481789036
16063,0.8474739827715517
16064,0.7081112642889883
16065,0.2522552415747833
16066,0.1474899875309881
16067,0.38802982587797535
16068,0.5762271652979517
16069,0.6944087307304466
16070,0.486266121482076
16071,0.8582023795861917
16072,0.27249232760659853
16073,0.5703523028581456
16074,0.5271145459095681
16075,0.32283472983740374
16076,0.5719929624861793
16077,0.16505299014236463
16078,0.18971081140282706
16079,0.3060680395898699
16080,0.8073792160706396
16081,0.24455262719220722
16082,0.6274158253920492
16083,0.6838339383640268
16084,0.3194113981863641
16085,0.5116353511735908
16086,0.5574037554891235
16087,0.7877913408710848
16088,0.8097690612604538
16089,0.8050163639987098
16090,0.5201725033745236
16091,0.4158529570759799
16092,0.4104219330130481
16093,0.7537967957905212
16094,0.8412113898313551
16095,0.7829357754428559
16096,0.395921572158112
16097,0.7760576570937765
16098,0.3414694687523667
16099,0.7192605834016111
16100,0.8402618225374019
16101,0.44657169349947956
16102,0.2508006950122263
16103,0.26230814366210026
16104,0.6065080598196236
16105,0.7729483801438028
16106,0.7674119765428333
16107,0.1430990542229584
16108,0.7304847743758102
16109,0.6306800419089262
16110,0.2343063310478955
16111,0.39864655547541367
16112,0.2962100571574785
16113,0.6526620707017897
16114,0.24995019407737337
16115,0.855472353459694
16116,0.5456376160386145
16117,0.3455879275297634
16118,0.7633336727561935
16119,0.30865669582211097
16120,0.23314664947863334
16121,0.4609846164943219
16122,0.3251748627099032
16123,0.13924884872201043
16124,0.17576499324652162
16125,0.23740699214847544
16126,0.8397385351885951
16127,0.22754655960837183
16128,0.12963624014786246
16129,0.6684166359382029
16130,0.7944338903939857
16131,0.4869764681040766
16132,0.39866312431546885
16133,0.47880514972414734
16134,0.2399349485998517
16135,0.1445057540204831
16136,0.4119573161804415
16137,0.17039135600708494
16138,0.6727041930366174
16139,0.20408498585816048
16140,0.3394364659608838
16141,0.7703532747901694
16142,0.45954627870748443
16143,0.434619766039419
16144,0.5528877511456098
16145,0.7494366043391988
16146,0.7397713789088036
16147,0.29454814345411984
16148,0.1919659340440943
16149,0.13540370697041856
16150,0.725918088686668
16151,0.8344812634591837
16152,0.1791162466022276
16153,0.49610117337447623
16154,0.6620854730487654
16155,0.21189183297793165
16156,0.6377090967230535
16157,0.2672124883598838
16158,0.3517454570341873
16159,0.8142381870700459
16160,0.55484599879764
16161,0.6142212992159076
16162,0.2939089809997107
16163,0.18288972153472205
16164,0.3173507150742746
16165,0.7023580134856411
16166,0.7975922782300969
16167,0.2051983990362314
16168,0.8206755914437303
16169,0.2943934539229946
16170,0.5025221478239345
16171,0.3081048830673784
16172,0.2705357767234179
16173,0.3165631093169785
16174,0.6292112392864466
16175,0.8268230198668318
16176,0.7277081581174573
16177,0.2770647679132184
16178,0.906690124526849
16179,0.6736015475946106
16180,0.8942038151245151
16181,0.6648557227928393
16182,0.7398727749486886
16183,0.8606053854017768
16184,0.5345968454013732
16185,0.6123791128664428
16186,0.7676275318044583
16187,0.8378814261592745
16188,0.649601637214318
16189,0.8599257558922737
16190,0.5337863622010119
16191,0.8070726330407806
16192,0.8662729858071472
16193,0.6848377795306454
16194,0.21078120168919104
16195,0.134372023492458
16196,0.23345915009452256
16197,0.6982722353494689
16198,0.19534485993602682
16199,0.6461823848578921
16200,0.7533198715296465
16201,0.4633993169181202
16202,0.4515288552128605
16203,0.7733434490068845
16204,0.5233414868109328
16205,0.14729049699134342
16206,0.8057876177189559
16207,0.38741788378190756
16208,0.8640534082875067
16209,0.7454317908315712
16210,0.7426865417246538
16211,0.7782498429349418
16212,0.11553297671952555
16213,0.6082482999712416
16214,0.7383870845605163
16215,0.3947621075380692
16216,0.6576989573651478
16217,0.1304823950088653
16218,0.4314766111349092
16219,0.7871838977450341
16220,0.20560911229448922
16221,0.5216288444520167
16222,0.81575064037675
16223,0.25621884324286226
16224,0.6990450679661657
16225,0.12614527134471903
16226,0.36670222516324724
16227,0.3861890260934397
16228,0.3670201934318053
16229,0.7902707515952248
16230,0.12321124859813286
16231,0.36385085342202345
16232,0.7805017195135407
16233,0.7141819578220379
16234,0.35235336973540027
16235,0.725907634163756
16236,0.2725228817228631
16237,0.6002528632014169
16238,0.8667261631739243
16239,0.36880933944099936
16240,0.6977491572007516
16241,0.10588105610301866
16242,0.713101074351219
16243,0.17002292576561975
16244,0.8904200063715748
16245,0.17657618879990714
16246,0.7821619518752927
16247,0.7793275663490995
16248,0.4111286693974546
16249,0.35996332499137945
16250,0.7739834666920159
16251,0.7958980677778867
16252,0.3381703205308792
16253,0.7462176006003072
16254,0.5606878194476734
16255,0.7672166017501638
16256,0.796120008641964
16257,0.7747589675772077
16258,0.3310659744523474
16259,0.7684972740320001
16260,0.7893114426420287
16261,0.6373200667599063
16262,0.4135865875797987
16263,0.7669558194191227
16264,0.6317918563486578
16265,0.8086686530185523
16266,0.20560867229295038
16267,0.25210390388834697
16268,0.26173432262954827
16269,0.6741589221042587
16270,0.21196310894159598
16271,0.8123071603444554
16272,0.3334078458610514
16273,0.6992736358575369
16274,0.7504636012050833
16275,0.7712320193149276
16276,0.6559787514180285
16277,0.4660059485092958
16278,0.7817354613824974
16279,0.23397352336803667
16280,0.7231213596642253
16281,0.35673978472847007
16282,0.27775823151326645
16283,0.8023335368893181
16284,0.11466906796605807
16285,0.2693544739663493
16286,0.8405250387057142
16287,0.44573161185771404
16288,0.20987313684184544
16289,0.20923634888983558
16290,0.2713485029637221
16291,0.14988873885718193
16292,0.5923091189390443
16293,0.6400798075957392
16294,0.7871556721404027
16295,0.20491520454513865
16296,0.5036619245859775
16297,0.7935248502509221
16298,0.8005483659706503
16299,0.558560001225974
16300,0.6041193205987848
16301,0.788900679414385
16302,0.15071555291172142
16303,0.8111796217149341
16304,0.18956749775696438
16305,0.2936587321042706
16306,0.40678489109088745
16307,0.49795835212158185
16308,0.18914513134711705
16309,0.6096234185192966
16310,0.14906092830995912
16311,0.6064547596889438
16312,0.8622520221868187
16313,0.778376538701783
16314,0.7980678301304958
16315,0.19391636176245144
16316,0.7030273605614603
16317,0.8716857704630794
16318,0.7399451575578168
16319,0.5520816292481131
16320,0.8807463997551079
16321,0.25938753990170926
16322,0.6176676654981893
16323,0.26656403574904897
16324,0.26385185630409463
16325,0.7047669234061017
16326,0.5807015829217678
16327,0.47615454074384134
16328,0.783565008024901
16329,0.8764565215170237
16330,0.16780287723844775
16331,0.4145340765929421
16332,0.6158861015470711
16333,0.883650638481233
16334,0.12804777908814782
16335,0.8848272524224732
16336,0.7320021917677922
16337,0.7850626643912448
16338,0.15317807454161786
16339,0.5178469630086199
16340,0.7777246335704016
16341,0.27611858947755513
16342,0.6889511370054334
16343,0.5963308655119426
16344,0.6463507752004995
16345,0.5444982114055392
16346,0.5428069934399312
16347,0.8423465954171273
16348,0.8157810113495311
16349,0.7368973507511402
16350,0.7585346989662416
16351,0.11806393745368679
16352,0.8576260197963728
16353,0.6369408896014896
16354,0.8597487599616804
16355,0.3975577894557114
16356,0.8392386869867412
16357,0.8632493912654964
16358,0.468669698606929
16359,0.5823712889261865
16360,0.5572306767947192
16361,0.7580632953541189
16362,0.19688025562852304
16363,0.8777268620501271
16364,0.3653285296192395
16365,0.7750292840559457
16366,0.7556221170988258
16367,0.8259979032279837
16368,0.8448872279839434
16369,0.8120723455508003
16370,0.6736582374190904
16371,0.8365241918428777
16372,0.5088710406938127
16373,0.79137947091825
16374,0.25107279703961366
16375,0.3880626986415181
16376,0.26256996376580716
16377,0.2387170170481196
16378,0.4338280961081741
16379,0.691482639893395
16380,0.2905087994052468
16381,0.3336449375353658
16382,0.159692320118741
16383,0.5982773623303925
16384,0.5701938317936188
16385,0.6827436528100487
16386,0.27207250880823697
16387,0.7811230998205068
16388,0.3983893166466134
16389,0.4020076593475189
16390,0.6828122607569131
16391,0.7834043018100751
16392,0.8877522942135824
16393,0.4653769889861855
16394,0.7392704353583733
16395,0.742882703481392
16396,0.5835544976595515
16397,0.4961379544427405
16398,0.6581840507046194
16399,0.6237464087471628
16400,0.43174891794966486
16401,0.6691429876282634
16402,0.6354292883325631
16403,0.20283004045551173
16404,0.5101579343176695
16405,0.7532626834069567
16406,0.8615646239071524
16407,0.8598591751831088
16408,0.7252401736035653
16409,0.6763745238883864
16410,0.787712855355262
16411,0.7070749864681238
16412,0.6577604715831439
16413,0.23380237223192687
16414,0.7491167947183518
16415,0.8043008213054041
16416,0.8154389163766014
16417,0.8723699218624571
16418,0.745005008731162
16419,0.8070766946150361
16420,0.49071804685099396
16421,0.41162913119381017
16422,0.7278368510743752
16423,0.15127863857616589
16424,0.5377504506802301
16425,0.7072814972372597
16426,0.7499980043656244
16427,0.726351075918584
16428,0.8409315713979285
16429,0.7336355902472734
16430,0.171660430161086
16431,0.19056108969647934
16432,0.7093815247451475
16433,0.8006025296753161
16434,0.8499685426211891
16435,0.8431366011105612
16436,0.785892504292099
16437,0.7317638224820823
16438,0.8066109325246759
16439,0.23012709687776733
16440,0.5977638493765464
16441,0.19287435376197104
16442,0.18959005830913503
16443,0.3663722796332087
16444,0.6625098674009754
16445,0.6104934916490319
16446,0.1619794627943302
16447,0.20977684865936225
16448,0.7611602008804004
16449,0.8312387128241084
16450,0.2759823500745255
16451,0.2470448910031302
16452,0.5204439740613204
16453,0.2395771915292334
16454,0.6736092520264011
16455,0.21460982182556818
16456,0.5012963393645294
16457,0.3749275559902128
16458,0.8282328799653358
16459,0.8211525798379751
16460,0.8239087838025076
16461,0.7360877928468622
16462,0.4988835577066725
16463,0.6917282891524016
16464,0.8540678718545776
16465,0.6406011962675964
16466,0.21443575317734254
16467,0.8387017024187602
16468,0.7855981240322762
16469,0.209634618755449
16470,0.6425876727937228
16471,0.37686785742425016
16472,0.3945246103017393
16473,0.1213759260818788
16474,0.7426251985938915
16475,0.1433505966949344
16476,0.17576445429485418
16477,0.8015970806667505
16478,0.2962953746347223
16479,0.17754721637253115
16480,0.8349066514268928
16481,0.5903202117545349
16482,0.1484785333172101
16483,0.4738731490578091
16484,0.745740846399065
16485,0.28461960181984924
16486,0.3121835882110071
16487,0.31971719611186383
16488,0.46116704512605283
16489,0.5882533946890914
16490,0.8084872547598733
16491,0.5877639524549149
16492,0.5667233684756486
16493,0.7616671656245675
16494,0.44045510734168625
16495,0.8664435914408584
16496,0.8966271481159547
16497,0.12245134322190691
16498,0.7911649533402101
16499,0.8858587071525345
16500,0.43973298193039423
16501,0.84846408920025
16502,0.7954825604514636
16503,0.5255094830446515
16504,0.24986796446331316
16505,0.43663172514433074
16506,0.8178838569507566
16507,0.8424319467419068
16508,0.1997915241850429
16509,0.6325055873601871
16510,0.33167737033577915
16511,0.7954873585402333
16512,0.7841351187180674
16513,0.7897623710002186
16514,0.37537519521493484
16515,0.840133577118981
16516,0.712595021317336
16517,0.7094937745146442
16518,0.2512828254992437
16519,0.6494213777899537
16520,0.13295853799214072
16521,0.41895262994500404
16522,0.7781632801087712
16523,0.807392773695695
16524,0.2702534658783216
16525,0.14486594218561252
16526,0.6941367132886062
16527,0.6026648062092436
16528,0.8236379470138528
16529,0.3618480891483657
16530,0.8342097475394799
16531,0.8166448352834239
16532,0.779350782010279
16533,0.23648942254163674
16534,0.7005155355795749
16535,0.8860127197157224
16536,0.851251686629555
16537,0.7474583851480393
16538,0.7890238485236063
16539,0.2749121673357677
16540,0.8145807153916391
16541,0.35452371952939243
16542,0.8162862490395073
16543,0.4002503627274683
16544,0.6326678381315359
16545,0.5608165890588632
16546,0.32602341324777995
16547,0.4370193952333826
16548,0.46078109586119
16549,0.4883046809194445
16550,0.21784251143021904
16551,0.8231601428345938
16552,0.8658926922139698
16553,0.19719393265670027
16554,0.15429920959093865
16555,0.21363048446637647
16556,0.2606899776519897
16557,0.7527012322654826
16558,0.799159202487506
16559,0.4656791434793677
16560,0.8488248848149624
16561,0.5580821216773872
16562,0.22721140459469896
16563,0.7656248532328724
16564,0.7055947572882838
16565,0.1952504488822443
16566,0.43025677128089995
16567,0.7959218176802871
16568,0.38746998824383305
16569,0.5755079569534067
16570,0.16720121629633103
16571,0.8513391745666615
16572,0.6392196237077427
16573,0.20577295163676612
16574,0.4153340058615191
16575,0.8112384480982058
16576,0.42964660042916386
16577,0.8505907158571996
16578,0.6817969611443491
16579,0.5585592788808903
16580,0.577511416631288
16581,0.16187020419410397
16582,0.12378902339735007
16583,0.590754699003622
16584,0.49241288719755133
16585,0.8500688459577098
16586,0.8735901214228892
16587,0.8890104517692383
16588,0.6919043034296264
16589,0.8593179082488012
16590,0.5245082681455259
16591,0.43760464644451424
16592,0.33589528689949105
16593,0.8344809574710341
16594,0.6402164976576848
16595,0.8144095492306667
16596,0.7776547109401544
16597,0.4127962981711529
16598,0.5287155754431607
16599,0.8485162297595276
16600,0.6631343738333019
16601,0.47106361336884767
16602,0.5354476249029555
16603,0.16432170563475804
16604,0.3985268389922614
16605,0.5550429682281542
16606,0.37203402281772774
16607,0.8429384138880268
16608,0.8574162986402389
16609,0.19049733181827908
16610,0.5568282147901783
16611,0.180013340919063
16612,0.5633105519788852
16613,0.5628417133221153
16614,0.43880709036179016
16615,0.673247273872831
16616,0.3598252093098308
16617,0.1791802821843777
16618,0.12511761388652737
16619,0.5310768461486616
16620,0.16178567418181314
16621,0.2152277281006947
16622,0.12150831792902111
16623,0.6862506365216151
16624,0.8951242963910917
16625,0.8266365373695419
16626,0.2972770975168041
16627,0.20484476010143707
16628,0.24230860609711752
16629,0.7317221444241754
16630,0.8142907162068038
16631,0.7804861040065008
16632,0.4822504047749763
16633,0.42661092831818
16634,0.7830418903025818
16635,0.853339536529625
16636,0.7974792221680547
16637,0.5666936504665633
16638,0.27830851819334806
16639,0.33465843788542043
16640,0.5011259500988635
16641,0.8706288855196254
16642,0.5731890547918106
16643,0.4442554289383812
16644,0.6959437686947392
16645,0.8527147959345427
16646,0.4745282745772048
16647,0.5715787659341512
16648,0.7722837342087069
16649,0.6679107970723058
16650,0.8417134375793967
16651,0.8248171677825655
16652,0.6233364888019841
16653,0.13333345232655835
16654,0.648595900439867
16655,0.7608492983743753
16656,0.2530271003060424
16657,0.36876899421854004
16658,0.29898216276041517
16659,0.3852883640194573
16660,0.2015602992338143
16661,0.6591110913457816
16662,0.6579672392910705
16663,0.21645827555278846
16664,0.6607773214611566
16665,0.09948147606096465
16666,0.3061227240032037
16667,0.6779886174992383
16668,0.7039051848723942
16669,0.8132569039254521
16670,0.1882072291052509
16671,0.2438934064693302
16672,0.7391201975411549
16673,0.5110458815828514
16674,0.6432879958511866
16675,0.8855980499577738
16676,0.16956908136443527
16677,0.7376715198937664
16678,0.12618368394611187
16679,0.47222294254395314
16680,0.5412342007638732
16681,0.5806551790636685
16682,0.1846451441236766
16683,0.863432359071892
16684,0.16659339233936252
16685,0.5823682505162947
16686,0.8669597954692757
16687,0.38423200019306564
16688,0.7927005902230984
16689,0.8831335621818572
16690,0.12927730691448525
16691,0.4460386794508837
16692,0.7264914590628889
16693,0.5184979204961168
16694,0.2475085519643404
16695,0.8197664105963609
16696,0.5964992704131206
16697,0.4290859730752735
16698,0.5556936466793988
16699,0.3567999308096434
16700,0.876937522445415
16701,0.26632801460461814
16702,0.6884164722423085
16703,0.8569837723972105
16704,0.6127206449366112
16705,0.1189680427988245
16706,0.6898195371172419
16707,0.41507488830801365
16708,0.7405133767814108
16709,0.6384037726526405
16710,0.8176658849672485
16711,0.7515887160528315
16712,0.33229023420995274
16713,0.48618746573586447
16714,0.7862938114275575
16715,0.32944812253931666
16716,0.4730444871747256
16717,0.7159244287404839
16718,0.6805376821496477
16719,0.729333728045464
16720,0.12361880991526986
16721,0.6935761446914313
16722,0.799214752087301
16723,0.880043863319512
16724,0.8731861573061395
16725,0.225169611593565
16726,0.3564483665273319
16727,0.3821992997237386
16728,0.20814810340769468
16729,0.8574953193525758
16730,0.3636056432907311
16731,0.7508245236106177
16732,0.43552714391856306
16733,0.8035337595631589
16734,0.8594104245241413
16735,0.4321409470199255
16736,0.8556002914001082
16737,0.4858830773932396
16738,0.4963631540207783
16739,0.8537956160908496
16740,0.7764244989921905
16741,0.5958266776100825
16742,0.741908628956759
16743,0.7449428717116539
16744,0.27401171721924283
16745,0.7621937855566856
16746,0.881331140639178
16747,0.7423619482263443
16748,0.23960688186549586
16749,0.455265408586759
16750,0.1583429504130673
16751,0.42440250271910335
16752,0.5383237258170693
16753,0.2422924690718583
16754,0.6975558614183461
16755,0.44318202850564126
16756,0.7299105931280029
16757,0.6730091993929913
16758,0.2200710876356824
16759,0.5948126632039582
16760,0.6938562136781036
16761,0.35523940794497655
16762,0.6593018786308456
16763,0.1297266503214761
16764,0.6888779140067124
16765,0.6046467798963046
16766,0.7138735680216918
16767,0.6234441379450052
16768,0.40386364056158564
16769,0.12338476333761475
16770,0.7335302333478744
16771,0.17567583198758052
16772,0.8522793246451059
16773,0.6313253716664621
16774,0.6513891353842406
16775,0.8291637772963603
16776,0.5643673116664872
16777,0.5689713219405107
16778,0.4173195120021728
16779,0.674371785511304
16780,0.6929536983021983
16781,0.8965347748174353
16782,0.8021727036735711
16783,0.7978998824421497
16784,0.7581969624050111
16785,0.5092726457319788
16786,0.7554938216507902
16787,0.4661061226602855
16788,0.3661651464729775
16789,0.6827358866656336
16790,0.7041972524242263
16791,0.2908660269745943
16792,0.44297707733042613
16793,0.2686732283340119
16794,0.5229575463088364
16795,0.3316862874780365
16796,0.8390466119442288
16797,0.32307757155299494
16798,0.6955433893506938
16799,0.8317003807862221
16800,0.8524120467754422
16801,0.8610591133263401
16802,0.6227423219605559
16803,0.8872198250052435
16804,0.33405757535427083
16805,0.5762585034580221
16806,0.1547409638187585
16807,0.8136572115911369
16808,0.6277375745685888
16809,0.5699100103814009
16810,0.21040941151499887
16811,0.7958657495594391
16812,0.6514141856094268
16813,0.7138679585125
16814,0.16417054007206022
16815,0.33458126432418756
16816,0.1618622091325381
16817,0.4053765320788965
16818,0.6195623529997798
16819,0.7402546369912374
16820,0.177435467819701
16821,0.5491385727615238
16822,0.8255168682372542
16823,0.3985602502031651
16824,0.36387227942065736
16825,0.6512839979818588
16826,0.20601998020572132
16827,0.618779965655407
16828,0.3285342486716543
16829,0.72028244201428
16830,0.4110570000037126
16831,0.8594884757496016
16832,0.861531962786506
16833,0.8250530723000078
16834,0.37515532606083235
16835,0.6726798301926844
16836,0.8532535942485406
16837,0.6915074491135993
16838,0.5705360733941885
16839,0.8463632572744518
16840,0.8665942378460207
16841,0.7436466613485578
16842,0.799556860892414
16843,0.3916651585038985
16844,0.8486443862871704
16845,0.5388419035029671
16846,0.8631920455583804
16847,0.7305968971584418
16848,0.841002811484215
16849,0.3248897291131236
16850,0.37442214175433447
16851,0.7416891299606391
16852,0.42002985362794004
16853,0.7919468628521649
16854,0.7278132296200767
16855,0.8258793938835625
16856,0.18346700497000515
16857,0.6708950225505385
16858,0.8197999412269938
16859,0.19993760023781473
16860,0.5543372187035529
16861,0.8830029208346931
16862,0.4292386708690399
16863,0.6441616197952736
16864,0.563445385203568
16865,0.33904538695992187
16866,0.5348443075935935
16867,0.8504186078143945
16868,0.46149468905102314
16869,0.5174435318356457
16870,0.6006717491681896
16871,0.5427298838690152
16872,0.4509963469260224
16873,0.35929285140421807
16874,0.7964269977079084
16875,0.5180049681257473
16876,0.39152921943352414
16877,0.174075586571476
16878,0.49914285075956955
16879,0.2582677585307919
16880,0.17885944377469273
16881,0.36567027073083075
16882,0.6248845230796691
16883,0.48319620763844623
16884,0.1252320311836425
16885,0.5956437650229276
16886,0.752333507362078
16887,0.443963228555012
16888,0.6743946477001922
16889,0.7154413295209087
16890,0.6365557810171144
16891,0.2886179707895927
16892,0.14326197731470078
16893,0.8186888228802331
16894,0.7273270884217563
16895,0.7877552916314607
16896,0.6542069652546773
16897,0.8912655116016961
16898,0.36939605734410436
16899,0.5236083532996723
16900,0.5731247178976574
16901,0.44862353461249105
16902,0.5848571008362617
16903,0.35997770051747735
16904,0.5445274490323506
16905,0.6550531786171455
16906,0.8557076612759196
16907,0.5724928608905185
16908,0.7753884287930746
16909,0.7963895706263933
16910,0.8709596803271871
16911,0.6810650456258943
16912,0.7332474792831961
16913,0.40707850081510233
16914,0.8596238720726453
16915,0.6703873760491607
16916,0.632754302546335
16917,0.20223260802189721
16918,0.10704018524910486
16919,0.8131707924808572
16920,0.8478990151514665
16921,0.43664943233914266
16922,0.6181234408515003
16923,0.851055085672545
16924,0.3766454498198156
16925,0.5976322971981868
16926,0.6769735101224096
16927,0.6882741300173202
16928,0.5047516255792625
16929,0.15646699373373363
16930,0.8291567791956802
16931,0.5803923439522408
16932,0.1531170232752782
16933,0.5624016684842624
16934,0.30265981432670835
16935,0.7691921273672907
16936,0.6411471417022354
16937,0.1786628425626222
16938,0.8531808873485605
16939,0.8214438474949177
16940,0.7377483900145908
16941,0.6969489283721505
16942,0.19791264718022156
16943,0.8106228108675607
16944,0.18007364557244732
16945,0.1407921615974505
16946,0.8301577040728395
16947,0.11727610740382448
16948,0.18242180882536646
16949,0.7410066952133785
16950,0.16332788911779408
16951,0.48618880499998024
16952,0.48592951616419505
16953,0.5943541610212622
16954,0.8495665802493451
16955,0.34152818052211636
16956,0.8468757834148892
16957,0.47501391384852754
16958,0.7802808391633964
16959,0.45777466486937357
16960,0.8931057988061035
16961,0.7581762917898122
16962,0.1963390595222344
16963,0.4604160835701815
16964,0.8169361773970774
16965,0.27821413584643484
16966,0.6191059995536485
16967,0.7156280659767263
16968,0.841142631668848
16969,0.7439275853860974
16970,0.4526345723310439
16971,0.2782758036331874
16972,0.62143749163995
16973,0.3168651458924311
16974,0.7443711011474322
16975,0.5169824343919697
16976,0.875180929543909
16977,0.8601060450208933
16978,0.4695188704223409
16979,0.22150433729732272
16980,0.4187917319868125
16981,0.8311055204606128
16982,0.8715111578739612
16983,0.23469574109776814
16984,0.734921838106855
16985,0.6683849735064016
16986,0.8139094829874004
16987,0.4514430810422037
16988,0.33300703632964024
16989,0.20747572849546592
16990,0.4201276986071022
16991,0.8747505488269423
16992,0.2183667884893855
16993,0.28340735714143
16994,0.6939835914760467
16995,0.8021218115562061
16996,0.603734226279091
16997,0.8416853567390602
16998,0.55885693210469
16999,0.519125073766354
17000,0.8518161749490035
17001,0.4505196436089467
17002,0.4872062247840422
17003,0.12907674610711667
17004,0.32475736052471116
17005,0.16926786489890527
17006,0.5617463727316624
17007,0.9025324768009167
17008,0.48442068645269803
17009,0.83861428473752
17010,0.398091554014876
17011,0.302057893404404
17012,0.24838015726986068
17013,0.8097595310150935
17014,0.6819876103965395
17015,0.8519606876310164
17016,0.6996251118314067
17017,0.7787881434455137
17018,0.7501722103478226
17019,0.6350456616232718
17020,0.21160840333418038
17021,0.6169712627387575
17022,0.7118158215532404
17023,0.6114514130142213
17024,0.6527816144044408
17025,0.6587055928176322
17026,0.852442673073162
17027,0.43944807379341017
17028,0.8130264252229156
17029,0.3976869549147015
17030,0.7152865788039381
17031,0.7956448886876281
17032,0.2097291828827975
17033,0.47507860716154765
17034,0.7174864498043355
17035,0.8450524608982781
17036,0.2984610092754529
17037,0.4791628748999386
17038,0.3999279798436878
17039,0.779308931073081
17040,0.7636364606154376
17041,0.7338545406653051
17042,0.8179546169459926
17043,0.8702273581696868
17044,0.27629130029857935
17045,0.7195757632272801
17046,0.324727059222875
17047,0.5604821056905057
17048,0.784811764284836
17049,0.859572462812398
17050,0.7843631913805642
17051,0.6028591324993627
17052,0.23534341361288644
17053,0.2335006211502315
17054,0.3281384148775547
17055,0.6963114531107898
17056,0.5230623640518598
17057,0.5568755532504105
17058,0.6986221729090379
17059,0.7807050819495149
17060,0.8267275741026614
17061,0.6718033220746059
17062,0.86179171259152
17063,0.8569158644834426
17064,0.5234992787274834
17065,0.24910167377922027
17066,0.157488973238223
17067,0.8248810076049261
17068,0.8207263640013749
17069,0.16589733146880625
17070,0.32004965371790595
17071,0.7207776277887293
17072,0.22017281760709478
17073,0.6063514548463848
17074,0.5974899967360391
17075,0.8813067397876035
17076,0.5392536286273911
17077,0.21605811069717337
17078,0.6426026919851185
17079,0.3019660237955251
17080,0.2540319466197908
17081,0.8587228088146364
17082,0.3666355387220716
17083,0.6353904204113935
17084,0.568360944322961
17085,0.4988645178624976
17086,0.8320571554480909
17087,0.3272145026913568
17088,0.7931764488995179
17089,0.40997267410663085
17090,0.2147845656014937
17091,0.4125505852356366
17092,0.18113798082330412
17093,0.8728300979632706
17094,0.5916440894920783
17095,0.8127699708011713
17096,0.1307998373651861
17097,0.7644711106826416
17098,0.7545540909675412
17099,0.8555791264033634
17100,0.7130989405977972
17101,0.5344133323311117
17102,0.7954743891781231
17103,0.12227334743063913
17104,0.5550840137874732
17105,0.6017866368572775
17106,0.3162734209380214
17107,0.4674270230388484
17108,0.41991567608955627
17109,0.7784304182069055
17110,0.42707736976305544
17111,0.21491180093743573
17112,0.8481344669560476
17113,0.825621874201289
17114,0.32076670299416854
17115,0.8334710497557123
17116,0.7034875058165754
17117,0.6541235721872836
17118,0.6867269806763342
17119,0.27540994542697045
17120,0.6426510762527812
17121,0.6506937563118141
17122,0.30849430689637075
17123,0.8033722011897942
17124,0.557076929649983
17125,0.4156200631591853
17126,0.4350617374277965
17127,0.7957846920255542
17128,0.3899566536025958
17129,0.19706538939727294
17130,0.2135754121457949
17131,0.2788917402472684
17132,0.22567223113773505
17133,0.2449773708760358
17134,0.24288233935204806
17135,0.6725320202957624
17136,0.7083105450866453
17137,0.14540333697460386
17138,0.8607969144994773
17139,0.6495997967573747
17140,0.6617641245960093
17141,0.702740699171902
17142,0.7723115487187187
17143,0.8102908414375218
17144,0.8441588883976587
17145,0.8143887030398592
17146,0.3810654302577289
17147,0.8457425382063444
17148,0.13384801323727638
17149,0.3559543235921406
17150,0.374628826660608
17151,0.8252560038896369
17152,0.8589413000283586
17153,0.7865613127440778
17154,0.2949101267171503
17155,0.1358141438932779
17156,0.24525703084971953
17157,0.23695962794770822
17158,0.41847089841828733
17159,0.15569650295859383
17160,0.7342196226475911
17161,0.8446580212849631
17162,0.2929170462743241
17163,0.31263696808498154
17164,0.1986300706823504
17165,0.21708244752386982
17166,0.3089580989832233
17167,0.648348244204228
17168,0.16315222947708968
17169,0.27621489994326215
17170,0.5154939273071414
17171,0.15972937581541813
17172,0.389170168445031
17173,0.527592354152826
17174,0.6485800783131955
17175,0.7976640208358974
17176,0.46436422967152735
17177,0.8085205369243789
17178,0.8023107110501435
17179,0.8506600250399012
17180,0.13176790575582367
17181,0.8211701640228393
17182,0.5691205015214091
17183,0.8091114143767439
17184,0.8032116656102948
17185,0.8633429945443192
17186,0.17396553868193493
17187,0.810725249670762
17188,0.6032759601714232
17189,0.15235734459083924
17190,0.11098615712875753
17191,0.36164987795672815
17192,0.36489173235972283
17193,0.7343012300120956
17194,0.821513407050525
17195,0.36592749057274915
17196,0.6767321971097661
17197,0.26210179865011585
17198,0.2893322583376278
17199,0.8862415110285997
17200,0.8354852715748594
17201,0.23846244044679613
17202,0.7565686912489457
17203,0.7444471986146015
17204,0.40242592089523443
17205,0.2852010777085555
17206,0.13658666173787018
17207,0.8308861938472447
17208,0.18786148364142197
17209,0.8371814778417948
17210,0.7054159364780085
17211,0.6556529005564867
17212,0.22158330235400137
17213,0.8983310741862753
17214,0.8057420206387811
17215,0.30579531004892857
17216,0.16257754517120063
17217,0.6040289966861486
17218,0.4822900796882605
17219,0.2836599911252665
17220,0.770736038828939
17221,0.8761228875346075
17222,0.2506206904682208
17223,0.28296994076026355
17224,0.2524174412391324
17225,0.6716437017008908
17226,0.18663277758815408
17227,0.6054341071671183
17228,0.40890648860284723
17229,0.4321874481124576
17230,0.44436432127843073
17231,0.5687409578012074
17232,0.7562689668200644
17233,0.14680542116124617
17234,0.3573833345350151
17235,0.7991841953725114
17236,0.8494646697969573
17237,0.8288887736412178
17238,0.8002156516066514
17239,0.3815598030468298
17240,0.2033341152710012
17241,0.5960677370949096
17242,0.7024989814813986
17243,0.1361392512721521
17244,0.6257918011548275
17245,0.4374491531180215
17246,0.4895197124023329
17247,0.6926035958012378
17248,0.5633319673741016
17249,0.19388449030311963
17250,0.8467979083990358
17251,0.23474186133914468
17252,0.7328691229329959
17253,0.7568144739046858
17254,0.3849879995423719
17255,0.6387105611748946
17256,0.1700264800528658
17257,0.8740709653591139
17258,0.4489938001744175
17259,0.7657383763567862
17260,0.28810799805583626
17261,0.8231214917861551
17262,0.7870322944454253
17263,0.7830053838119575
17264,0.18581406705942172
17265,0.3516275109157341
17266,0.23165065968837942
17267,0.8528974792464517
17268,0.8584134314239369
17269,0.20837591723275078
17270,0.6400690695853125
17271,0.2887535943693941
17272,0.7464511912508249
17273,0.6168130779750169
17274,0.6010172057491103
17275,0.8453262080169651
17276,0.7132138064388781
17277,0.6343863277429714
17278,0.41621511100729397
17279,0.7515312662578192
17280,0.770650434314381
17281,0.39487707409482553
17282,0.7211230738195734
17283,0.43663857893833385
17284,0.6151346009692151
17285,0.7873722269158918
17286,0.2997200297117647
17287,0.7902027873607425
17288,0.8091921934666517
17289,0.10644198060194866
17290,0.7639256111212047
17291,0.7082115572685738
17292,0.36991390274653596
17293,0.4471496370418361
17294,0.7356563189375972
17295,0.5954217743297227
17296,0.34643665497048953
17297,0.28840680080963244
17298,0.7802397594490298
17299,0.1595145338902655
17300,0.8179961480695142
17301,0.8100162750508199
17302,0.2507377925857769
17303,0.8498797397267803
17304,0.8564474399718478
17305,0.1230369829689628
17306,0.5473784786983008
17307,0.3234681567125064
17308,0.6886851269148507
17309,0.12275021529063278
17310,0.8322932697915495
17311,0.6226190806064354
17312,0.852341327972217
17313,0.44392614126756014
17314,0.7105781669337968
17315,0.6519273726780104
17316,0.8558878180579528
17317,0.5186722171897626
17318,0.1159244154428243
17319,0.3124602546335692
17320,0.8339889809406733
17321,0.49361071912369825
17322,0.7441665557377303
17323,0.630151682708563
17324,0.20634750867318244
17325,0.7487713163306614
17326,0.1943480957472899
17327,0.5665415997830657
17328,0.1531264796759187
17329,0.3230952858919696
17330,0.6815333654471076
17331,0.4972682648209584
17332,0.1475296899367817
17333,0.6867055966834074
17334,0.2119451037775889
17335,0.29897177583369094
17336,0.3245476541987007
17337,0.6593163657706576
17338,0.7027122776433331
17339,0.5548009642386185
17340,0.6936444168476833
17341,0.7860534837915231
17342,0.3166764981098537
17343,0.45069937244125424
17344,0.59845390297962
17345,0.692538922381226
17346,0.4537979828166613
17347,0.15001863501896284
17348,0.26367080808462456
17349,0.3212090319089881
17350,0.8260255101041911
17351,0.1342218266713492
17352,0.4290349276338978
17353,0.11547689781200408
17354,0.300432469795981
17355,0.6767817556307709
17356,0.8041185563100006
17357,0.8317959256260201
17358,0.3464094246306582
17359,0.1428423887732567
17360,0.28502734313830214
17361,0.8099572739902972
17362,0.36399513910626546
17363,0.224362972085827
17364,0.647143433080264
17365,0.5164376328933743
17366,0.2882234364548771
17367,0.14298394362207045
17368,0.2489675764936452
17369,0.6270330501874317
17370,0.20123184555268767
17371,0.5476386594181
17372,0.4235190306776625
17373,0.38517923558082773
17374,0.4758861527266005
17375,0.19481870628187303
17376,0.8013663938453719
17377,0.4026719760242413
17378,0.5221619744040403
17379,0.7703274273434777
17380,0.3921811275751785
17381,0.44334238427685335
17382,0.783815335834486
17383,0.739261908576904
17384,0.4773290399469836
17385,0.11750725381778845
17386,0.5994984305361735
17387,0.2501520021359931
17388,0.8278181098720354
17389,0.4043791305954898
17390,0.4863910168137692
17391,0.6636944070933456
17392,0.7633372767043809
17393,0.47242929646601645
17394,0.403766166939127
17395,0.6536650292975563
17396,0.681703925716456
17397,0.8616443204897031
17398,0.8523188827762241
17399,0.713345047861128
17400,0.15279692548613066
17401,0.5265622871002403
17402,0.2320483120887846
17403,0.4157869190015923
17404,0.14430389930925577
17405,0.39996030799442334
17406,0.7240567472363432
17407,0.7990023859675504
17408,0.8474341013722184
17409,0.6377176911621685
17410,0.7413844445829352
17411,0.13371874673436834
17412,0.4214915507828706
17413,0.8625659931943603
17414,0.7810241756377332
17415,0.2539142671037208
17416,0.35465038090462025
17417,0.828284170780977
17418,0.5618016104396418
17419,0.21010498014120996
17420,0.18607895515500975
17421,0.8351957497975895
17422,0.699647913289854
17423,0.25336997074690376
17424,0.8048101961132965
17425,0.17600098975619363
17426,0.24516638087598264
17427,0.23532198666859408
17428,0.48363300606079956
17429,0.18432106409944096
17430,0.31203545111212777
17431,0.8076136658787052
17432,0.8885139371432089
17433,0.10888100745671389
17434,0.8838827965814862
17435,0.6498896447786005
17436,0.19097874751714253
17437,0.5328920833237062
17438,0.554585703883909
17439,0.19077914526178927
17440,0.7332948175414259
17441,0.8660911277195515
17442,0.201736768642146
17443,0.5227211847569351
17444,0.49551196257911867
17445,0.21687575785197225
17446,0.524774129539653
17447,0.40820492176497014
17448,0.7970598063915715
17449,0.7423619367456751
17450,0.8878250264228335
17451,0.6067426832591819
17452,0.1405898799802118
17453,0.8265091800452143
17454,0.20532391447683532
17455,0.8359879833987757
17456,0.26109501716505235
17457,0.6578552418261817
17458,0.8690938719589292
17459,0.8503834339360146
17460,0.6893899823159867
17461,0.7218245551022583
17462,0.13021222660892665
17463,0.15864431319498545
17464,0.8723875783157855
17465,0.3970809197811084
17466,0.5701143702985954
17467,0.2974883002730109
17468,0.8463294788204768
17469,0.8235670483740868
17470,0.7793719366986047
17471,0.37018382612279843
17472,0.788624931875449
17473,0.8746969194849565
17474,0.829932335086923
17475,0.5852994025390945
17476,0.6634294305726413
17477,0.5757727812793666
17478,0.3429492457302784
17479,0.6338055494511688
17480,0.8418427293264777
17481,0.3617638954023074
17482,0.7993230737999121
17483,0.1455295816013388
17484,0.37417510586091424
17485,0.35742238326213166
17486,0.8527933176235967
17487,0.868794096931217
17488,0.15376660390590194
17489,0.6658825102809119
17490,0.663866253532918
17491,0.6594247838869262
17492,0.3625435347427767
17493,0.8062608834713635
17494,0.2237702034939358
17495,0.2059411880299815
17496,0.3582671092176147
17497,0.658867135344858
17498,0.2937543020355928
17499,0.8364105974306468
17500,0.5598842952866075
17501,0.7531327326827408
17502,0.1409875048358218
17503,0.25214358436852924
17504,0.3736557813491283
17505,0.647548985842322
17506,0.5292778120135248
17507,0.5008138707090101
17508,0.7235967292567472
17509,0.1777585844191471
17510,0.5933175336238853
17511,0.4003836156291692
17512,0.7579099945408247
17513,0.45217033662383727
17514,0.7256503974219215
17515,0.7825741375078256
17516,0.6531530978389457
17517,0.16854725066716317
17518,0.542028788683356
17519,0.84135339747999
17520,0.19628535513202505
17521,0.8759868930866317
17522,0.4933793988421174
17523,0.5842847537582051
17524,0.26202421372714707
17525,0.8150332994175482
17526,0.8572011573179935
17527,0.850862802060945
17528,0.6469451234658987
17529,0.8286907259064606
17530,0.6490088088781172
17531,0.8906278801937548
17532,0.5245505558304745
17533,0.8158125040174565
17534,0.2791217499792575
17535,0.5190948699026413
17536,0.4002857917068576
17537,0.34626926439592987
17538,0.8540899365375876
17539,0.1408041608787671
17540,0.6146678830195336
17541,0.15000760368887983
17542,0.6303204203754323
17543,0.8578157724508234
17544,0.8086818038620337
17545,0.8780074083155565
17546,0.8122464088837732
17547,0.6927600909001072
17548,0.8540038394215903
17549,0.5057192631517144
17550,0.41414977683244647
17551,0.5104607257619528
17552,0.8197523897243371
17553,0.8487881232398271
17554,0.12120186395729234
17555,0.1878549150004203
17556,0.8229471167049298
17557,0.5746569354469123
17558,0.8061321572681426
17559,0.3147783902913986
17560,0.4391371917189065
17561,0.5675678486674627
17562,0.22501275236208304
17563,0.7486101524232991
17564,0.15753670971392497
17565,0.1754469089878672
17566,0.30643185574021464
17567,0.6620350823839107
17568,0.7654157870200504
17569,0.44408878225550663
17570,0.8064339028404042
17571,0.8419682592190754
17572,0.28816070399167404
17573,0.5196541308999661
17574,0.8215278691734664
17575,0.25366814896019657
17576,0.7841740844844378
17577,0.1614864636469065
17578,0.24844856936203835
17579,0.7598395208418905
17580,0.8253294864594175
17581,0.18366504137277093
17582,0.7000661089957895
17583,0.44899136664215267
17584,0.5561060612792041
17585,0.891377238715053
17586,0.7762459958153178
17587,0.47149847927917654
17588,0.7420590006661766
17589,0.41957213035759083
17590,0.7145074223080614
17591,0.2017999293741855
17592,0.7290213072895552
17593,0.17636718684457142
17594,0.21519552438913872
17595,0.2116253692490778
17596,0.37090809823146575
17597,0.28508370766109653
17598,0.7392703752287143
17599,0.7951243982615182
17600,0.6518354369686515
17601,0.6079942575910436
17602,0.8800958016767308
17603,0.7848569760629697
17604,0.7079309153218009
17605,0.8036249886081371
17606,0.774607194482277
17607,0.8921029159098186
17608,0.7462032182323848
17609,0.5212460550910141
17610,0.7098421164178065
17611,0.7875673474595353
17612,0.8692668709748839
17613,0.37280812567151705
17614,0.5489042555333533
17615,0.4140482825250807
17616,0.31975078027630854
17617,0.8387284733782729
17618,0.7987718611003725
17619,0.7894602849728843
17620,0.42437313847455704
17621,0.8162092705421932
17622,0.629939316907501
17623,0.3104673686459611
17624,0.7498000792189227
17625,0.3664579210107784
17626,0.8559269944060219
17627,0.34380442269624845
17628,0.4531996127350384
17629,0.5560142915583942
17630,0.8610781813006447
17631,0.8586748525021879
17632,0.5104311580571036
17633,0.7887691926662832
17634,0.780037979065934
17635,0.8278951235432219
17636,0.3780572638352752
17637,0.1687000567464524
17638,0.5229532575720276
17639,0.7929579224427334
17640,0.6941439827499919
17641,0.2925895823952197
17642,0.8577489388328565
17643,0.6753080864135942
17644,0.8206858190077766
17645,0.8566799787148078
17646,0.7939458646846114
17647,0.7493264547248654
17648,0.8305653510492176
17649,0.44896612678885695
17650,0.7742592558493246
17651,0.8845563269604539
17652,0.14885522473273274
17653,0.6355504617159006
17654,0.8617388640117499
17655,0.36796503606472186
17656,0.1583032906949981
17657,0.21970911262060133
17658,0.46733265886520586
17659,0.14451153921801424
17660,0.6833139989233424
17661,0.12763811463872815
17662,0.7136945166385852
17663,0.16102233590827905
17664,0.27649323454726316
17665,0.8464735041719984
17666,0.839798493118474
17667,0.34053775286403276
17668,0.777497210206619
17669,0.8961805241003948
17670,0.8226605501517241
17671,0.34140093519593023
17672,0.8228171655516977
17673,0.6662233178989992
17674,0.8490293369436406
17675,0.11519005051367967
17676,0.5666172521578072
17677,0.7619665233864218
17678,0.5951803114365126
17679,0.20948804535628546
17680,0.6801558797370246
17681,0.315145642446868
17682,0.221121856583183
17683,0.7379926179348147
17684,0.3010236666722439
17685,0.7335339175118122
17686,0.5256494020500623
17687,0.36854315432261864
17688,0.6659814459000367
17689,0.1635424700215632
17690,0.36262219133252993
17691,0.5148695910941435
17692,0.8226698906802069
17693,0.2949183738157111
17694,0.5433002104009507
17695,0.18036241993346824
17696,0.8359139581262371
17697,0.6738718026569032
17698,0.7786793376640059
17699,0.8662424652335803
17700,0.23829694392012818
17701,0.41818157417480556
17702,0.8715993638015282
17703,0.5815387194693417
17704,0.4209287922019039
17705,0.32880507559484096
17706,0.21318108758978593
17707,0.29897827791448967
17708,0.26933643003866586
17709,0.8252348419396213
17710,0.6178605028530283
17711,0.5904939598881644
17712,0.7843288750152406
17713,0.5796261302132337
17714,0.5005720589183655
17715,0.7993199533243058
17716,0.6891078007047368
17717,0.46456648798541283
17718,0.5665993855253674
17719,0.5819974831568685
17720,0.6075953634575625
17721,0.28506577496382485
17722,0.5351090760027759
17723,0.8810838141060392
17724,0.5701995629208957
17725,0.6008441724132765
17726,0.41032975480583755
17727,0.7815454330424032
17728,0.39250744131822224
17729,0.6472543554662699
17730,0.7224596217602798
17731,0.21091637833041166
17732,0.6684128145954623
17733,0.1773039449051989
17734,0.501879923377622
17735,0.549103597406581
17736,0.6625741444712524
17737,0.8110509866947131
17738,0.39583894803922964
17739,0.31740551768905695
17740,0.6954212298402644
17741,0.30723490883321525
17742,0.7232105315002523
17743,0.47409170689170804
17744,0.2738335279517377
17745,0.1988454288098924
17746,0.25805871890478427
17747,0.4155642802058186
17748,0.187415296475791
17749,0.30328139368403473
17750,0.8118834029881181
17751,0.15169774514865594
17752,0.8169410398320447
17753,0.7421935968636274
17754,0.12600686697499253
17755,0.7079421929206932
17756,0.20421062115917618
17757,0.8008650710564329
17758,0.8226319416739487
17759,0.1564278712248624
17760,0.4410985870013484
17761,0.8353263959769732
17762,0.3397509618352856
17763,0.8363362080989029
17764,0.7047339069818752
17765,0.24721507341894539
17766,0.3298304813093207
17767,0.8160020779251553
17768,0.21276409936585103
17769,0.36805947322870686
17770,0.5065657263463506
17771,0.30400308912533897
17772,0.6946590153544671
17773,0.3886811962064729
17774,0.4052579805059237
17775,0.857037033455923
17776,0.4179360185033919
17777,0.888727827740558
17778,0.7854607313857366
17779,0.8911136919017542
17780,0.3651415960329188
17781,0.3535846372162806
17782,0.796802429307826
17783,0.24767878649031133
17784,0.29937407688919204
17785,0.8401152663265462
17786,0.1223616410109819
17787,0.1607479762994151
17788,0.6833688210069491
17789,0.2948010263783956
17790,0.8406086243851216
17791,0.4335881873054652
17792,0.6498221189780673
17793,0.48923512320569457
17794,0.13701612414076036
17795,0.6955265418381649
17796,0.5370256839942232
17797,0.20774357758009326
17798,0.4358124139188517
17799,0.3644639405793363
17800,0.34936663822188646
17801,0.25511100607145765
17802,0.24781492673947933
17803,0.3148797426339542
17804,0.2327142911611891
17805,0.5182397107609905
17806,0.7228430627392394
17807,0.30162846903339324
17808,0.8718662090196829
17809,0.292692499575385
17810,0.5391003267645466
17811,0.8174562995520422
17812,0.2381839638394228
17813,0.8343717630970424
17814,0.1864693069727376
17815,0.21141919435587062
17816,0.22712944140045277
17817,0.80711008445534
17818,0.23529104367864734
17819,0.8367953492526807
17820,0.8454048444194717
17821,0.5527384902020563
17822,0.7000413726453311
17823,0.3948612958835026
17824,0.12700836093444284
17825,0.6145937399162458
17826,0.7240246257965238
17827,0.28079208954265994
17828,0.7874318179926183
17829,0.8541199756357458
17830,0.8605938846213019
17831,0.5816281989400046
17832,0.3542206599360757
17833,0.705915323874518
17834,0.3146980631798907
17835,0.13466536278609129
17836,0.3452962529466479
17837,0.4923863547042412
17838,0.6390435109452787
17839,0.7933196245882588
17840,0.6378204198855179
17841,0.8133424541326273
17842,0.5386313588359765
17843,0.8465785703975783
17844,0.8824523095558138
17845,0.7863169278334841
17846,0.8319646060185666
17847,0.25860392899447765
17848,0.42947365169896196
17849,0.5328095952600197
17850,0.4028726900216682
17851,0.27585077922815876
17852,0.6881058638436839
17853,0.7695044361737207
17854,0.37655726443209947
17855,0.7285766858032731
17856,0.1901130361127283
17857,0.8097969289624758
17858,0.7384670745400153
17859,0.700705038091218
17860,0.45157192063993057
17861,0.34795279990135763
17862,0.8410786954294729
17863,0.7925737423618057
17864,0.37044053847119607
17865,0.7903045020267282
17866,0.8030796287479942
17867,0.7938887155122131
17868,0.5575323642840548
17869,0.830697124547731
17870,0.762725790743215
17871,0.26265960988247194
17872,0.8258903043402468
17873,0.6539035459661634
17874,0.4080305285227095
17875,0.84118383340532
17876,0.4629571309827051
17877,0.3353035710994227
17878,0.845741440727791
17879,0.7656735777905235
17880,0.7148507674666954
17881,0.553078866279071
17882,0.3437660450168353
17883,0.8718239261744127
17884,0.12638117466008125
17885,0.7759968862867928
17886,0.12866601656289173
17887,0.22883459669950512
17888,0.7937033769935145
17889,0.5391346767939201
17890,0.30327299091797233
17891,0.3833254888852667
17892,0.38105186718786477
17893,0.18286853208602785
17894,0.8004294330407544
17895,0.6750854643540068
17896,0.304628509636711
17897,0.12146635266945792
17898,0.8091032465535056
17899,0.8677444098461216
17900,0.7636364655084434
17901,0.1853947704731917
17902,0.3413890551265046
17903,0.37625407848164094
17904,0.6892620726959117
17905,0.7615554402994843
17906,0.9045441081879542
17907,0.3850561072435535
17908,0.29268571026538387
17909,0.39532812627927505
17910,0.14518240986702197
17911,0.4877500363506441
17912,0.541478901294067
17913,0.2175936013830797
17914,0.3873809299596855
17915,0.784857678279731
17916,0.86418781948353
17917,0.5775265704219106
17918,0.7649718888915168
17919,0.6681509125243529
17920,0.7141492662616408
17921,0.8587553097444974
17922,0.16430499175534927
17923,0.8876119516400756
17924,0.7034251906496017
17925,0.20203392697448033
17926,0.6040924977036017
17927,0.17889496015046324
17928,0.5825830054187963
17929,0.24843770371775314
17930,0.2792868681687391
17931,0.4112737118279057
17932,0.2370484959734191
17933,0.6594809398501217
17934,0.1299934935137164
17935,0.1172510431655735
17936,0.19822229787291676
17937,0.46669851498588255
17938,0.7686260091361603
17939,0.2223082680214492
17940,0.4823219139459478
17941,0.24320158032906558
17942,0.16733415885544956
17943,0.7536503113094128
17944,0.4114665144895833
17945,0.7327922060793751
17946,0.8086589172969645
17947,0.29607759632680547
17948,0.8673914941761833
17949,0.8221674238341798
17950,0.8557648741260155
17951,0.7049199867834625
17952,0.4650382139440584
17953,0.8360426570045865
17954,0.4889186832169614
17955,0.5768888592710132
17956,0.7499080648356913
17957,0.8018984847207098
17958,0.40773206215683067
17959,0.7631779977263674
17960,0.6083035722959447
17961,0.84532134036999
17962,0.1691577012040108
17963,0.1635857424245672
17964,0.3205059966739598
17965,0.8548225751010969
17966,0.6594966893560014
17967,0.1183918238607966
17968,0.33038048055879826
17969,0.8699350820529776
17970,0.29862072727952993
17971,0.8630971631115194
17972,0.33171086866071553
17973,0.5972058633803484
17974,0.511800194003336
17975,0.4910671996837655
17976,0.27769197027451115
17977,0.8265158976914322
17978,0.382527269681092
17979,0.11798927847550522
17980,0.678333810231987
17981,0.1400083275300352
17982,0.5771377703108346
17983,0.8704647735720223
17984,0.7845284459417088
17985,0.12967718765937244
17986,0.8321668333056789
17987,0.6842330864572493
17988,0.45732359781341275
17989,0.23820682973278312
17990,0.2067176929511163
17991,0.6170271645648884
17992,0.7928352351502556
17993,0.8167078152426861
17994,0.6553265412600959
17995,0.7662015178071925
17996,0.6997140246547674
17997,0.402499124761762
17998,0.8259740815501713
17999,0.8718764428879342
18000,0.4194848575621813
18001,0.1269137937645396
18002,0.8406230769191791
18003,0.2601287554539262
18004,0.6304489069897348
18005,0.6304549578179353
18006,0.39703832373630643
18007,0.6908394985180949
18008,0.400439163787186
18009,0.3161211228162214
18010,0.1259126317281992
18011,0.44175282076289035
18012,0.3141016504898168
18013,0.42837046784275123
18014,0.8399906835363871
18015,0.29099916207789633
18016,0.22086703616049386
18017,0.40236731439301326
18018,0.867574183297753
18019,0.2216753790866317
18020,0.832142491280291
18021,0.6641504387335554
18022,0.8344795549443649
18023,0.7088706620183565
18024,0.8458803104261976
18025,0.5793340170601952
18026,0.8055121553910354
18027,0.8459107355762461
18028,0.18693459119730912
18029,0.6768679094212147
18030,0.20589972306889492
18031,0.6968696434691001
18032,0.8734361761801622
18033,0.6475543682119208
18034,0.7979527542252578
18035,0.31947715014270195
18036,0.8250753445828909
18037,0.33697059712271454
18038,0.42292982272550594
18039,0.5754078212974741
18040,0.4805301056695741
18041,0.3676785814542246
18042,0.7991063447732663
18043,0.15223454835970268
18044,0.8640111580986549
18045,0.2032669290105529
18046,0.6815650207367994
18047,0.6913563895774144
18048,0.23056279674696042
18049,0.11919811539972253
18050,0.2547868646612539
18051,0.8657201514480617
18052,0.9033408783204584
18053,0.13385433310449227
18054,0.32987448789715446
18055,0.1568926354507671
18056,0.3528995979915132
18057,0.726727744234077
18058,0.41332983279599483
18059,0.6755735261781719
18060,0.2369890184503587
18061,0.35778881692486814
18062,0.8904396110966131
18063,0.23674019155327355
18064,0.6786288103257195
18065,0.3776499508836641
18066,0.6447091209760912
18067,0.40684393867694413
18068,0.7269490613082568
18069,0.2126783429779812
18070,0.23318561392597123
18071,0.8127401403564362
18072,0.1726280482466023
18073,0.18343970749054597
18074,0.7900876326055091
18075,0.1856178402290307
18076,0.49598492923080095
18077,0.6719966053911849
18078,0.8483719465074483
18079,0.16369186907976566
18080,0.3508867302505399
18081,0.7988540366668686
18082,0.22160045294638367
18083,0.7050484874680282
18084,0.42933573544492265
18085,0.6916918597040218
18086,0.13975826378627662
18087,0.8235200661300526
18088,0.8465721915197042
18089,0.6573414953176879
18090,0.5619521818139263
18091,0.22506708465550873
18092,0.6140721759701787
18093,0.7575084658290434
18094,0.7838868427583405
18095,0.8351184713982336
18096,0.46872896874050357
18097,0.6779580292782869
18098,0.40583846116624145
18099,0.13476715011751395
18100,0.8222045569622575
18101,0.6411905281028489
18102,0.3309503781049194
18103,0.4673701245300486
18104,0.40778203922549205
18105,0.4222218654435349
18106,0.14001028162142815
18107,0.5405355307521278
18108,0.3055977822984342
18109,0.6985718158545363
18110,0.6310123013613739
18111,0.15846533982678412
18112,0.15506476310225056
18113,0.7802116703358621
18114,0.7929263324122042
18115,0.11099326471701623
18116,0.1658276652743317
18117,0.7391697108402268
18118,0.39259019294505537
18119,0.3595567361376502
18120,0.1498421209308705
18121,0.6875196065290063
18122,0.5621888232385678
18123,0.8315608890348549
18124,0.683847844166156
18125,0.3562420057662252
18126,0.641254502111735
18127,0.8179745758055226
18128,0.12369492517040603
18129,0.7887251301125544
18130,0.8228755247106972
18131,0.38569809001768235
18132,0.22683010474590798
18133,0.8925837871704172
18134,0.847653845631567
18135,0.7686238133550501
18136,0.4359112681352068
18137,0.8827381705410522
18138,0.397354679811939
18139,0.6377793444652234
18140,0.8587285697706253
18141,0.787006874441146
18142,0.5915444778322573
18143,0.6568324346862325
18144,0.8126399988982936
18145,0.8372258296422304
18146,0.6409358766607327
18147,0.4045352341254883
18148,0.15646162944185985
18149,0.8241423232451929
18150,0.28808992044795895
18151,0.19465802394955753
18152,0.6587049763041098
18153,0.20855636243095962
18154,0.8613877002967385
18155,0.715010469555898
18156,0.3496577469322271
18157,0.6996996940569984
18158,0.5599778422590777
18159,0.18789636474834753
18160,0.4883340554723934
18161,0.8345854369805052
18162,0.3548007452512698
18163,0.6288006034248435
18164,0.5606680660675191
18165,0.3242927479956562
18166,0.7082442263734503
18167,0.8617496069432726
18168,0.14988563536731728
18169,0.6982293583146694
18170,0.12685375568581805
18171,0.8807824524876944
18172,0.2731181661804263
18173,0.26279042692374394
18174,0.7750569928928019
18175,0.26061973000788563
18176,0.8145584222966445
18177,0.15757645143724336
18178,0.24857623505269083
18179,0.8039793691852408
18180,0.38181380460703684
18181,0.1847597779556576
18182,0.7197996045081851
18183,0.48189206774188276
18184,0.8792667090613102
18185,0.8971319886233825
18186,0.5956497788134213
18187,0.5226629796993933
18188,0.47765909930268663
18189,0.48562339421319156
18190,0.46081000402530653
18191,0.10977069603735339
18192,0.32015309578955453
18193,0.11603866847881131
18194,0.4557967127279126
18195,0.2230015873244787
18196,0.7317071998280558
18197,0.3930151387737706
18198,0.11258100883833015
18199,0.8866858238972914
18200,0.8043774465319589
18201,0.8683209135448848
18202,0.35168393803792786
18203,0.3205171319398254
18204,0.12279589325494984
18205,0.6442541677454163
18206,0.8258968540146352
18207,0.3350587592725312
18208,0.34113450249248534
18209,0.12513989337357645
18210,0.18906218372628766
18211,0.8022513584686686
18212,0.856048198737578
18213,0.7079561955027611
18214,0.6134054326575639
18215,0.15760269046216313
18216,0.6796674881301462
18217,0.7277789689150086
18218,0.47787002531646194
18219,0.7999586495366227
18220,0.32174358390675817
18221,0.8270672018233791
18222,0.27126822086464086
18223,0.316883376509446
18224,0.7840743658029434
18225,0.29859990636533523
18226,0.7717215955218708
18227,0.8021093362645544
18228,0.8219228761513477
18229,0.1512801063464293
18230,0.8433350466333571
18231,0.756455073465494
18232,0.6079050216987535
18233,0.6176863817166515
18234,0.8876091004691609
18235,0.7705346917694449
18236,0.48313867269799377
18237,0.22453110945929633
18238,0.8116268939953755
18239,0.8400454221260918
18240,0.8074830524822045
18241,0.6117274764862185
18242,0.11318637139309791
18243,0.30212175373902833
18244,0.8443027115346331
18245,0.17323787775210858
18246,0.755081721533821
18247,0.42346914142046554
18248,0.34502302539280566
18249,0.27777847526329025
18250,0.2694489224145067
18251,0.6242778459128798
18252,0.6943870797961736
18253,0.4877334456660857
18254,0.645603743838464
18255,0.1938797396037894
18256,0.7404420288420419
18257,0.7542435497033831
18258,0.5699155719799244
18259,0.6368209104776771
18260,0.8305474387339983
18261,0.4348979031068479
18262,0.16104448414630823
18263,0.5945877651383312
18264,0.37908292516605646
18265,0.12283942833268105
18266,0.21506827519033045
18267,0.774484041371015
18268,0.1338887147482351
18269,0.6923915897297305
18270,0.2686767026462857
18271,0.12461016506956288
18272,0.30106044010074273
18273,0.295439361837351
18274,0.44364943753707364
18275,0.3952968634624343
18276,0.3159395463817958
18277,0.50059513436026
18278,0.66566844626509
18279,0.41225459304554135
18280,0.16049606158062465
18281,0.5754756523650383
18282,0.14217656320792876
18283,0.2019015800086127
18284,0.46562562815664243
18285,0.45559129282962885
18286,0.750114687091612
18287,0.3886015631406635
18288,0.540530105606006
18289,0.5375338779360866
18290,0.4360764347631921
18291,0.7856658236915486
18292,0.154625225144892
18293,0.8643331550339117
18294,0.20482430005491684
18295,0.6759925177121464
18296,0.35905930447808015
18297,0.859930915953327
18298,0.13679693933254433
18299,0.3843923462341075
18300,0.6617043334933423
18301,0.5030527045800534
18302,0.26407113281055694
18303,0.395146713345945
18304,0.23380385545047833
18305,0.45749130300226615
18306,0.600383652701031
18307,0.7290289526777671
18308,0.7629438337982198
18309,0.18843579214474138
18310,0.5634978002357417
18311,0.14992791513423365
18312,0.42065094813254106
18313,0.7141994893556266
18314,0.319902128935675
18315,0.632409686073291
18316,0.18403121220927335
18317,0.5428956268917008
18318,0.848916667478457
18319,0.273593028979929
18320,0.8790960936755828
18321,0.21106495516538598
18322,0.18996839184103026
18323,0.47252955359256443
18324,0.8467861052040251
18325,0.5639126315834174
18326,0.81762436974027
18327,0.5567161254612413
18328,0.803586905289202
18329,0.24120498981513022
18330,0.8779928981481399
18331,0.3318079850658322
18332,0.8026569139463211
18333,0.7326019787270334
18334,0.28691434115181236
18335,0.8441247117376312
18336,0.3721798991226767
18337,0.17426285577836523
18338,0.24898928589797933
18339,0.8020346020636833
18340,0.16328543819986388
18341,0.2872978546139962
18342,0.27030312320911726
18343,0.8026650022662873
18344,0.3782541067372125
18345,0.6155812021264007
18346,0.7589384827373173
18347,0.872159658338411
18348,0.8284150918403301
18349,0.6749780776594184
18350,0.7533434891478452
18351,0.3166381359556255
18352,0.6859153018752131
18353,0.5501290130889083
18354,0.7389274549283339
18355,0.8399506352305951
18356,0.24132694903484353
18357,0.21742092205669147
18358,0.8626870893490466
18359,0.14311809823254631
18360,0.707067724345963
18361,0.5880897831592569
18362,0.8013562537153358
18363,0.7101825685468257
18364,0.8622878658741534
18365,0.8674637841257268
18366,0.7558616173833637
18367,0.16160232068321373
18368,0.8241640968562596
18369,0.8285288976015062
18370,0.1776880446750784
18371,0.20379058352265023
18372,0.21868246692443274
18373,0.21554000741542573
18374,0.3703851865805683
18375,0.6631522794736809
18376,0.45667146010778825
18377,0.5335338615309282
18378,0.3612852345139313
18379,0.8059329841596007
18380,0.6119375251024135
18381,0.6013433231245556
18382,0.5460589893878841
18383,0.41601908364444184
18384,0.8615897167798185
18385,0.5099509285274202
18386,0.7090178113561846
18387,0.8217512548257367
18388,0.6125914220629138
18389,0.5074962140686115
18390,0.2243072183177832
18391,0.7496053068686002
18392,0.34030984887434923
18393,0.49536606699964647
18394,0.20655075111685334
18395,0.20216543114516622
18396,0.5033847386049759
18397,0.10772289077271015
18398,0.5734153427056384
18399,0.8201531943244382
18400,0.3594564963234883
18401,0.6387252732261688
18402,0.7478622780137354
18403,0.2717651700957451
18404,0.7020722846816333
18405,0.12552810518311353
18406,0.8817608269564923
18407,0.8400881776568854
18408,0.16221092794295452
18409,0.833946218025784
18410,0.12183732688738237
18411,0.22986832767721396
18412,0.8549796783150598
18413,0.3622567599919198
18414,0.36035731616697203
18415,0.8496952774078378
18416,0.10332061372312097
18417,0.8461297955666007
18418,0.16532667558456918
18419,0.11673219775170436
18420,0.27697275565109547
18421,0.2649451810406351
18422,0.7958979877490889
18423,0.520056291467788
18424,0.8319256291217161
18425,0.7348790815308276
18426,0.8537308066376396
18427,0.7721435068037559
18428,0.18212102865088925
18429,0.25832180222424334
18430,0.45560119749113714
18431,0.4428430758750975
18432,0.19976745863390633
18433,0.8153849177997079
18434,0.4328882898053979
18435,0.5667588573680835
18436,0.6390954460902151
18437,0.7184260116313332
18438,0.10633622196043775
18439,0.17223950918389477
18440,0.8617427417194325
18441,0.4959760386371034
18442,0.22926125130209565
18443,0.5913417890149545
18444,0.17081872489609948
18445,0.8428986443059998
18446,0.46742187070162783
18447,0.262534333827185
18448,0.8021961453029575
18449,0.34828054285822624
18450,0.6105032394670541
18451,0.7385008462026149
18452,0.15191996677361383
18453,0.8370186875161927
18454,0.8156748676836982
18455,0.6945885657381732
18456,0.29452884775590293
18457,0.8111877758909083
18458,0.4202327366837242
18459,0.40538296124178574
18460,0.21718056308690598
18461,0.8981879505359368
18462,0.8532770793917146
18463,0.3249595560892715
18464,0.6061304819433825
18465,0.4502665660451425
18466,0.4984641988294964
18467,0.7295753758274177
18468,0.2989372135375356
18469,0.7929667762480587
18470,0.3947574795951896
18471,0.6763566095307557
18472,0.620449811774677
18473,0.6793531082044035
18474,0.1523332649427806
18475,0.7490180328003617
18476,0.6287520748143011
18477,0.18192443207832754
18478,0.4941083479653191
18479,0.491521394495942
18480,0.29640532857006247
18481,0.7283043386644295
18482,0.8775585919993818
18483,0.8203686264073626
18484,0.28182120451525955
18485,0.4220541242688288
18486,0.20350621372175812
18487,0.21623225582305708
18488,0.8000026772572078
18489,0.5351345402651647
18490,0.6806925192432237
18491,0.8531655785076646
18492,0.8674243659308055
18493,0.7590313262577606
18494,0.7821953529921577
18495,0.19435469064719707
18496,0.12078792110024543
18497,0.7578137343673641
18498,0.6865173294822146
18499,0.7525465568592573
18500,0.6454625918937485
18501,0.1966447143732525
18502,0.7952964857710815
18503,0.6892770750110636
18504,0.1314377523464788
18505,0.6668738891708224
18506,0.3522638653394618
18507,0.3663827512060835
18508,0.8072253536809981
18509,0.6241036978223214
18510,0.8947144268536894
18511,0.7941446484230662
18512,0.5288846801109137
18513,0.754419656018495
18514,0.7367960741701114
18515,0.8333702411429695
18516,0.8765093786918069
18517,0.8311374840909151
18518,0.17444025604014624
18519,0.7868559896894095
18520,0.601948986555135
18521,0.5390618604886044
18522,0.4361062471105263
18523,0.25280700744853074
18524,0.5118129739123923
18525,0.18136143954825404
18526,0.28258299263568865
18527,0.25217341751350364
18528,0.5196773917216888
18529,0.1985694800089689
18530,0.43428349597347515
18531,0.10731134464933019
18532,0.17908103121576113
18533,0.8009348408912051
18534,0.8084035347333774
18535,0.7650663153712044
18536,0.8216318620056926
18537,0.24078061015765143
18538,0.4039695818363092
18539,0.7588449055154205
18540,0.3534594558959655
18541,0.5837195739736647
18542,0.12226579575702076
18543,0.43269042061756524
18544,0.7729341268964287
18545,0.8425742619261958
18546,0.5044901235916783
18547,0.7536250116763523
18548,0.8628828396043635
18549,0.871306838219531
18550,0.32603675533287263
18551,0.7398257980726042
18552,0.7479586603642295
18553,0.28189870331437333
18554,0.45932365996009916
18555,0.4979005773240326
18556,0.13129548604731975
18557,0.5546598645139332
18558,0.5606374908561967
18559,0.6399821375872992
18560,0.5131318356940594
18561,0.16819384039218324
18562,0.8197915240101445
18563,0.32090585331560006
18564,0.1587337871687843
18565,0.7963090961522028
18566,0.17904995799470252
18567,0.8738087720801566
18568,0.8380089249124285
18569,0.6786746612913722
18570,0.803943201057288
18571,0.3554882516739274
18572,0.19386747333057555
18573,0.2978936783386264
18574,0.7106392627310949
18575,0.7373972919495873
18576,0.3314528328187308
18577,0.8573201180491357
18578,0.762203122647504
18579,0.7807730403973943
18580,0.8342746278681404
18581,0.19822444353322963
18582,0.6604574486901474
18583,0.818384468586028
18584,0.45100776225687267
18585,0.33325988909812015
18586,0.16001650907766235
18587,0.4580474784150701
18588,0.35129013324228925
18589,0.1697738061401335
18590,0.3419908064816175
18591,0.15912605453123904
18592,0.7900206808396479
18593,0.25321655700020435
18594,0.11566762891443902
18595,0.23725731629236022
18596,0.4666741278039507
18597,0.8559845974685296
18598,0.27865468199891213
18599,0.5773279434738071
18600,0.3179582590347601
18601,0.8557914807267486
18602,0.3447619088237173
18603,0.7232244376075753
18604,0.7532051967974753
18605,0.852855089667478
18606,0.6483366103005613
18607,0.6588638293515034
18608,0.7597150422524698
18609,0.3889271360951375
18610,0.8475884212344904
18611,0.5205499932457723
18612,0.17107190311964923
18613,0.5393124848021719
18614,0.532050593448565
18615,0.8033106877664422
18616,0.812791257688551
18617,0.37744326881929363
18618,0.7640675906481886
18619,0.8345543180045489
18620,0.5418150199083157
18621,0.785306706192992
18622,0.7967268674279424
18623,0.33704456677234806
18624,0.8474922900977262
18625,0.3009215407193207
18626,0.8518287204839522
18627,0.19376375656883915
18628,0.3450877436290849
18629,0.22641880589494107
18630,0.5922265864579855
18631,0.4536537518384317
18632,0.3248726910080118
18633,0.716772368923343
18634,0.4743093205757347
18635,0.10708945898228503
18636,0.37975183052683026
18637,0.8548380584331761
18638,0.2415764130450367
18639,0.6989374051923383
18640,0.15541572725616934
18641,0.5289904140386191
18642,0.14971212355651004
18643,0.3056831424176728
18644,0.8516993577736536
18645,0.8600481084109097
18646,0.8098840230128008
18647,0.8506714907067602
18648,0.6509010405106203
18649,0.43253462543052795
18650,0.7184725865919903
18651,0.4535633682654716
18652,0.3933552687520885
18653,0.17027483463967955
18654,0.7819243934713433
18655,0.3327215936128523
18656,0.1496631659590937
18657,0.6503255511938638
18658,0.8180945359433223
18659,0.6821853316560095
18660,0.3029154330706055
18661,0.18049450849152507
18662,0.3780055176716382
18663,0.36961119117493557
18664,0.7340505935944569
18665,0.1601465017768717
18666,0.33147873654578985
18667,0.8465975102125467
18668,0.3562300567452955
18669,0.2689169885663752
18670,0.6707678898319265
18671,0.15726747253476484
18672,0.827535738576231
18673,0.7567876381570147
18674,0.5881466093601179
18675,0.7960628795152057
18676,0.5488346952959989
18677,0.26461467191093735
18678,0.6014494691475689
18679,0.6594470210780244
18680,0.8186572543583883
18681,0.7221522629539732
18682,0.8128728234230985
18683,0.7418055415889071
18684,0.19103417388555194
18685,0.7252259622992475
18686,0.485007754249839
18687,0.3185234306377955
18688,0.6164617373893232
18689,0.5362849304070022
18690,0.874366458472305
18691,0.7621647816302881
18692,0.5815608690770471
18693,0.8213650962554477
18694,0.8901453494632149
18695,0.8145192915974575
18696,0.41117856723002233
18697,0.8213072767861203
18698,0.564308782597354
18699,0.6743916121890091
18700,0.19674182407191054
18701,0.18213236135573596
18702,0.8202642571206036
18703,0.7981845257831621
18704,0.27739960936852087
18705,0.4063687962073662
18706,0.4702100632329122
18707,0.4633172097767932
18708,0.6141466705111279
18709,0.8780905286861967
18710,0.29349329382505007
18711,0.7959499610449423
18712,0.7165328260934442
18713,0.7413142363560803
18714,0.7719413774909549
18715,0.22921185592774015
18716,0.8310610072051545
18717,0.39117524235100476
18718,0.32552225615143177
18719,0.8575550881062324
18720,0.5137376291526718
18721,0.3453451350087304
18722,0.6007442732243562
18723,0.13578182758303722
18724,0.5803816510106155
18725,0.6033335978170308
18726,0.41635947610455093
18727,0.2109732497973317
18728,0.4975648257351566
18729,0.7487705222462984
18730,0.8594828613020251
18731,0.7221544672998713
18732,0.5148778808358124
18733,0.63125546633774
18734,0.6414869552791271
18735,0.21282998645657597
18736,0.31836991171743395
18737,0.5997234808414462
18738,0.3441347447113502
18739,0.5408203500950879
18740,0.8382514401902041
18741,0.8398036251881289
18742,0.8030872214367297
18743,0.7853464944826294
18744,0.7102400865291433
18745,0.6741398494802263
18746,0.6476788914108365
18747,0.7987005621457997
18748,0.12609283399873464
18749,0.4239381529621822
18750,0.7480092079498528
18751,0.1974532357284654
18752,0.6981840333217942
18753,0.6434924792168882
18754,0.5247045883922639
18755,0.5318136280473156
18756,0.39508621492099405
18757,0.5645399213094927
18758,0.49789462269425533
18759,0.16614458347609173
18760,0.6879328254714003
18761,0.8701187162714694
18762,0.7593066752728171
18763,0.8021878301964018
18764,0.23658742388372975
18765,0.1781560887078687
18766,0.2170824760418103
18767,0.4405618293350025
18768,0.2675028211989001
18769,0.6485808703852419
18770,0.71255385558425
18771,0.31572315183490646
18772,0.18093680275841237
18773,0.4972094885274623
18774,0.7241490598518938
18775,0.14714293345900617
18776,0.18913025017235668
18777,0.1951877841506537
18778,0.17920763158049893
18779,0.17231859110196604
18780,0.34350648963807073
18781,0.19938974547298216
18782,0.7967340179585325
18783,0.8363127738048253
18784,0.4207031831154342
18785,0.9036767654115205
18786,0.3094014059072588
18787,0.7086491825663789
18788,0.33590410775681706
18789,0.657581214494217
18790,0.21209830767520396
18791,0.39995255427023463
18792,0.8440595708383553
18793,0.4210974589252966
18794,0.31574327212956305
18795,0.37383844182757814
18796,0.7695736550173192
18797,0.8482674197779789
18798,0.6143965167117479
18799,0.8224780900100732
18800,0.3296553296028572
18801,0.18921614443299448
18802,0.7030363000748681
18803,0.20160294963110037
18804,0.16586437727339384
18805,0.6232671553906725
18806,0.4719426568329861
18807,0.6397818298217757
18808,0.8585590816733805
18809,0.7836937085382425
18810,0.6054136784968136
18811,0.4840943823524162
18812,0.5680251850770627
18813,0.7851631776209778
18814,0.7059426704740123
18815,0.38703458701835686
18816,0.2539029178484239
18817,0.47435084586073417
18818,0.8587027484505732
18819,0.14600095996348753
18820,0.1979464616352868
18821,0.8027821373315746
18822,0.40512768262002785
18823,0.5456558638460898
18824,0.33970262011856794
18825,0.2243204776358437
18826,0.8287537382091277
18827,0.870138904503112
18828,0.32753124087351837
18829,0.18132103614433412
18830,0.1747694751766045
18831,0.8325758349481274
18832,0.25948978278715934
18833,0.5239533905224406
18834,0.44519506934623715
18835,0.3880687624358663
18836,0.8050875277934133
18837,0.21702534241188048
18838,0.6670633808256352
18839,0.12329637449662086
18840,0.32461771152608404
18841,0.47909681920204433
18842,0.42749666291938315
18843,0.37345269183522684
18844,0.884375532226203
18845,0.1564588501725019
18846,0.16420351900755695
18847,0.8646793118364076
18848,0.637682271050787
18849,0.6566799418626617
18850,0.5552912284427393
18851,0.3076578309024921
18852,0.8410536880399678
18853,0.34534247878757923
18854,0.8202900644764761
18855,0.5300283730671665
18856,0.7105486679357804
18857,0.1750003107855345
18858,0.7534912629785637
18859,0.11491999933159631
18860,0.7178160930589753
18861,0.46445707276356196
18862,0.2995515737156613
18863,0.5264884623852872
18864,0.7225120936544883
18865,0.1253601984487958
18866,0.48003925266483466
18867,0.4817024937350297
18868,0.6744955891871645
18869,0.6634217337996665
18870,0.14027323288173973
18871,0.3662660470729369
18872,0.7148651110619998
18873,0.17779027991173346
18874,0.19419378212688404
18875,0.2947008550614188
18876,0.1166117343021938
18877,0.28183921505744186
18878,0.8051637542944885
18879,0.4827655661200463
18880,0.3381453842552539
18881,0.6137606843602322
18882,0.3744173275284561
18883,0.36600479982059236
18884,0.656538203395563
18885,0.5089772887113139
18886,0.42663010530814405
18887,0.861728351501704
18888,0.6234388548557143
18889,0.8309610738988289
18890,0.16107467182885052
18891,0.8482612491019323
18892,0.4475450756677884
18893,0.5325802665344394
18894,0.7795114287196292
18895,0.8369007119490368
18896,0.7886388517032754
18897,0.12570417681703433
18898,0.3392857395750966
18899,0.7466291721044841
18900,0.8055415898678727
18901,0.5169565462834343
18902,0.8224139104080862
18903,0.755579404133131
18904,0.15976048095236212
18905,0.7338483515346181
18906,0.8917379133165446
18907,0.7734134477948218
18908,0.7793234982578847
18909,0.17843821729763143
18910,0.8335786074466327
18911,0.25297530695499293
18912,0.7992981512639977
18913,0.6928272718110001
18914,0.30939319866188514
18915,0.49222236379007644
18916,0.827077786431959
18917,0.4847554813407836
18918,0.782372481663111
18919,0.5489952908169013
18920,0.5356226251874595
18921,0.6761811083713244
18922,0.2236689791165943
18923,0.26863050870331395
18924,0.7213009873066488
18925,0.7144093078752486
18926,0.38613460676036776
18927,0.7242027719137241
18928,0.834312141108094
18929,0.15849373803012404
18930,0.7519202243943399
18931,0.8759281429229977
18932,0.21112122028646527
18933,0.22538292810520577
18934,0.7176669709721383
18935,0.7187797069549761
18936,0.469780879778714
18937,0.5189577020149732
18938,0.7383145804854863
18939,0.24475757317284552
18940,0.7618092142669664
18941,0.26551771180070555
18942,0.44699995844714946
18943,0.17939291568533916
18944,0.6031789408804339
18945,0.518085988302252
18946,0.8432708660330162
18947,0.46722990618458504
18948,0.7507671273156695
18949,0.7735690748033117
18950,0.800685080629933
18951,0.4172819932552322
18952,0.23602801509997756
18953,0.3828393228094894
18954,0.14322516066219101
18955,0.6807825044979643
18956,0.2527583099091958
18957,0.6047914151351333
18958,0.6921340409039246
18959,0.888886964306745
18960,0.6271119752849957
18961,0.7563425633526817
18962,0.8186640034413246
18963,0.8697255274312746
18964,0.819885470199536
18965,0.7837831368827374
18966,0.7323211708545817
18967,0.15622688830555656
18968,0.20623791816855153
18969,0.8419119208147005
18970,0.4552187673599425
18971,0.8600110513146495
18972,0.739878257513193
18973,0.49976767704742076
18974,0.4089491604828037
18975,0.4944002819205056
18976,0.7098986200934941
18977,0.8343216930352062
18978,0.47882885452065027
18979,0.1935253638247961
18980,0.8118799429882979
18981,0.532378246931726
18982,0.7602328058717306
18983,0.8297159540218568
18984,0.6469809937105383
18985,0.20769923128485265
18986,0.19670261295069968
18987,0.8377716412166845
18988,0.7943778760860807
18989,0.5270055826784025
18990,0.4873433733020214
18991,0.23933013533690445
18992,0.8234999620671705
18993,0.8087608983298877
18994,0.7234468298643624
18995,0.13165111567834434
18996,0.22542845885224144
18997,0.14097798620697682
18998,0.8248355217707491
18999,0.8146389972009702
19000,0.6486725544394752
19001,0.7316355206673
19002,0.29082369156010923
19003,0.7312434374425568
19004,0.6843924037434961
19005,0.8665103457169175
19006,0.8346667233119469
19007,0.2817402125013703
19008,0.56728312285925
19009,0.5147605626409103
19010,0.14982505341518865
19011,0.3357424904475456
19012,0.24220699411148
19013,0.19497906600284648
19014,0.4003776952013357
19015,0.7821141574165378
19016,0.7529388801437276
19017,0.7632079348564861
19018,0.5533413051590355
19019,0.8823602757092792
19020,0.6486114775493891
19021,0.13627263172782422
19022,0.412536762528187
19023,0.20644878213107654
19024,0.7886649932628098
19025,0.7103655356162005
19026,0.6719279467434801
19027,0.2802426373032179
19028,0.7275891027866203
19029,0.8024579673133312
19030,0.8517811989987971
19031,0.17216972565521016
19032,0.3206508939556423
19033,0.517300133880205
19034,0.21428574290661156
19035,0.4471675227069113
19036,0.2706705879433049
19037,0.6210987243206384
19038,0.6552922059216847
19039,0.8662548604940015
19040,0.5353273354012599
19041,0.6362882799873539
19042,0.1899871415755158
19043,0.2561043259103458
19044,0.41438722632504327
19045,0.6681970723606118
19046,0.384473908230765
19047,0.36644769877747474
19048,0.6755291492693873
19049,0.8474969778543586
19050,0.8160643554955478
19051,0.32039947135617847
19052,0.8719022151412132
19053,0.24521746158468452
19054,0.8368129534190347
19055,0.39151480512846376
19056,0.7702508091290797
19057,0.8716272256638418
19058,0.3163981252317743
19059,0.2992112962677696
19060,0.1382112141531404
19061,0.21070431545510093
19062,0.7358721588184687
19063,0.8471452412155995
19064,0.47575042421528935
19065,0.30755755875289975
19066,0.8225439585336879
19067,0.4825472158042998
19068,0.8097273756950958
19069,0.29615392247506883
19070,0.7830352422444702
19071,0.8922182910791647
19072,0.31537919468005104
19073,0.8418644069145522
19074,0.8342875205267964
19075,0.27828185859641585
19076,0.6176217952874549
19077,0.21864580930866967
19078,0.6843309318536659
19079,0.7993845470586277
19080,0.45660794615238826
19081,0.2822113023970091
19082,0.48508746064924746
19083,0.19496618861421813
19084,0.7768428804961478
19085,0.5014845325992789
19086,0.8145915399095676
19087,0.2478010810918377
19088,0.8760201166406847
19089,0.8015914839883505
19090,0.584415454215907
19091,0.23081753147584874
19092,0.36637394524554884
19093,0.8853228807729607
19094,0.6358889948328018
19095,0.48631965034644775
19096,0.18946523280572627
19097,0.31435826389176463
19098,0.8595717474755821
19099,0.27259545201154173
19100,0.8348586125540067
19101,0.6403960162997652
19102,0.15067412880414632
19103,0.518964624772683
19104,0.5074583743934287
19105,0.8626370020456855
19106,0.4898686969662822
19107,0.6861759193977671
19108,0.19489549372299586
19109,0.36324688801799493
19110,0.2439725160797014
19111,0.8868244037583244
19112,0.11790286610867241
19113,0.49356515455390826
19114,0.44080417162519425
19115,0.7021548171398563
19116,0.824176417418312
19117,0.4939150249837627
19118,0.176797925629405
19119,0.3864697560664971
19120,0.32121465224094725
19121,0.6277708147010747
19122,0.7106239501172327
19123,0.16063587458072706
19124,0.7400410641447487
19125,0.5263435758307169
19126,0.29330621120928396
19127,0.4289459682277631
19128,0.803221590593886
19129,0.14564262389676275
19130,0.5523584984318006
19131,0.7482173722647261
19132,0.826284564050476
19133,0.21313463644139563
19134,0.26101075984411365
19135,0.28160722710251945
19136,0.5500535060967715
19137,0.2282731991957476
19138,0.7412514994912188
19139,0.45005421386184374
19140,0.17159643321066262
19141,0.8256317114139584
19142,0.43705710334109504
19143,0.8652027879441623
19144,0.8132083203132221
19145,0.6399937995397629
19146,0.604446310669789
19147,0.4026661802966581
19148,0.8583197579924489
19149,0.5626550266780932
19150,0.8158615230925613
19151,0.19226331223719292
19152,0.2806689410787362
19153,0.23735759561450245
19154,0.1869179276797408
19155,0.27367539819266906
19156,0.34919559081884294
19157,0.7546613756111701
19158,0.15262722417411492
19159,0.8212425760956503
19160,0.7795290024222827
19161,0.1455921280319774
19162,0.1592861236064017
19163,0.7557579053413495
19164,0.8296332965939932
19165,0.7873606282772581
19166,0.37966284332877487
19167,0.2668590812519494
19168,0.26060749349448675
19169,0.6697800668800064
19170,0.3334132703798083
19171,0.5095801972077795
19172,0.41898042216456854
19173,0.8131203802542262
19174,0.16676212737858434
19175,0.7114379564127081
19176,0.5389218505372587
19177,0.8559671496953738
19178,0.750485083687948
19179,0.8124520127129772
19180,0.23948101191644483
19181,0.5539345377804783
19182,0.2767057853877888
19183,0.3576892500845884
19184,0.3749148025080398
19185,0.65927930038977
19186,0.5901139840585542
19187,0.30663254562632747
19188,0.7940538326117192
19189,0.5213148942034747
19190,0.3573057688843589
19191,0.3289387513346937
19192,0.7981995837995486
19193,0.843795468706055
19194,0.2663023230477936
19195,0.2803653607054457
19196,0.3755739754690276
19197,0.15068719011698498
19198,0.22908945536305816
19199,0.6849235922666773
19200,0.2393091936658494
19201,0.25399288645617435
19202,0.7579231744789077
19203,0.6917179794443516
19204,0.20055277583445902
19205,0.594693331155187
19206,0.8149838630242
19207,0.17773494886767852
19208,0.5758698265830964
19209,0.5501154803160703
19210,0.5347139157898437
19211,0.8483087276517289
19212,0.3386500170651528
19213,0.48563125669596857
19214,0.1717836324768639
19215,0.7236056501952209
19216,0.8687350729867873
19217,0.2599844635290489
19218,0.8457574199490652
19219,0.11750067842465944
19220,0.8954809671836252
19221,0.6568904107942034
19222,0.10964971971371223
19223,0.3000377338226516
19224,0.22096830836281992
19225,0.6141821117184179
19226,0.753317947983855
19227,0.2367372167050354
19228,0.21735757094468464
19229,0.3750833189167449
19230,0.8121118637509012
19231,0.6657253503694506
19232,0.7774278967461332
19233,0.8509651596250138
19234,0.752237968262921
19235,0.7770913123862481
19236,0.5791521896687956
19237,0.28774153437714317
19238,0.37434764330269216
19239,0.33054716539433354
19240,0.8963509464266454
19241,0.23947549669891488
19242,0.32334364071966754
19243,0.5364440224311855
19244,0.6642580025530394
19245,0.3242072053821495
19246,0.26598098695772315
19247,0.28509483212822834
19248,0.5008334606067338
19249,0.5414975823774663
19250,0.5127963568125516
19251,0.8437044283047272
19252,0.69436989781231
19253,0.2211057599850187
19254,0.6846460584747079
19255,0.8789147380770663
19256,0.2727530457922838
19257,0.5492208973568363
19258,0.690733146254713
19259,0.3577313372376359
19260,0.8444429040619857
19261,0.1824248769114105
19262,0.6381932660636942
19263,0.6802814482608016
19264,0.7610974157890131
19265,0.2554459580765232
19266,0.5272371717542883
19267,0.8532532434704011
19268,0.7562887669285164
19269,0.4327255418832708
19270,0.1401101912666639
19271,0.6600912839557735
19272,0.8518468009079655
19273,0.6437031593227596
19274,0.5968040303792045
19275,0.21352817383087708
19276,0.7141028908610006
19277,0.36823861362433136
19278,0.824459496765569
19279,0.8233238598746695
19280,0.7538193436457254
19281,0.6659389621023696
19282,0.6374596485361047
19283,0.7244614323601327
19284,0.5826023854671482
19285,0.252273753628166
19286,0.6745528117902723
19287,0.8692249351080432
19288,0.28462045923577056
19289,0.15267150813512823
19290,0.1356409838024141
19291,0.18920268194904238
19292,0.1620718062513905
19293,0.21898311267078166
19294,0.6207117262910858
19295,0.5331314961718172
19296,0.6134484231509302
19297,0.5091399436251519
19298,0.7237817876295082
19299,0.8459510426402443
19300,0.7643000302075265
19301,0.3901181578600327
19302,0.5089806584830383
19303,0.5646452898161436
19304,0.4237665660627903
19305,0.1711674521711352
19306,0.6879464260248281
19307,0.3182981212961184
19308,0.1610788033705067
19309,0.7510988700521042
19310,0.8330533117513713
19311,0.43216288063850916
19312,0.48903001185038975
19313,0.6121472565802869
19314,0.191903313858088
19315,0.14925753977706582
19316,0.8768930858293045
19317,0.8145129374112142
19318,0.6458962560218278
19319,0.5726903525552264
19320,0.8507365133194571
19321,0.822217713700284
19322,0.7351036496685436
19323,0.2473135717674422
19324,0.7477524872802815
19325,0.14830983117424246
19326,0.8188609111480084
19327,0.8430754253680186
19328,0.33361643381970485
19329,0.696332564266362
19330,0.8181677797054367
19331,0.6852592055308757
19332,0.1547522551191412
19333,0.6273519841189851
19334,0.24825101959697102
19335,0.6993508885464429
19336,0.4346793895460209
19337,0.6271578216483852
19338,0.4393992313012137
19339,0.6040447005897728
19340,0.34186132739787894
19341,0.6117468243796187
19342,0.18397707055798596
19343,0.1462406152602013
19344,0.1575191064036765
19345,0.5235005833759017
19346,0.8347722927275323
19347,0.6847762431593737
19348,0.3925336256538261
19349,0.2671294214838931
19350,0.4156942682622228
19351,0.8388683271558843
19352,0.8547312556616511
19353,0.3876846614134922
19354,0.34014989980516314
19355,0.8028569155317882
19356,0.12085650018328185
19357,0.7555757326092871
19358,0.11992452435376869
19359,0.7786408098333799
19360,0.26609544403283114
19361,0.2137579790021971
19362,0.8436338077552377
19363,0.6120844400917954
19364,0.8889558908378159
19365,0.4411431012334964
19366,0.19354691465815238
19367,0.338259992179968
19368,0.20335460871183234
19369,0.8728371752597345
19370,0.3383391307899378
19371,0.7051303620891517
19372,0.15916679251271576
19373,0.8252672695300489
19374,0.3817579644357602
19375,0.780479434147257
19376,0.38631949026042983
19377,0.8418879501106744
19378,0.28036852275155477
19379,0.44928524956884985
19380,0.7946232116477686
19381,0.816620916202166
19382,0.20087759213059894
19383,0.45610449556046434
19384,0.6299388777669707
19385,0.17335003594701534
19386,0.16699052693239982
19387,0.21008488990268406
19388,0.6728724224252428
19389,0.4068947398378388
19390,0.5990848931669347
19391,0.7412563640782547
19392,0.5723259673679063
19393,0.3317968859917819
19394,0.5414090122520483
19395,0.8075057197621891
19396,0.4202023739115519
19397,0.2066208550738605
19398,0.6478652301160127
19399,0.4794614712591254
19400,0.11805804025164851
19401,0.8101082749455
19402,0.8625497625639178
19403,0.6433163943201933
19404,0.7192962633391206
19405,0.8785352362310546
19406,0.8006996200396905
19407,0.6627883177859516
19408,0.5347848757271274
19409,0.5504329330026979
19410,0.27800663838903944
19411,0.9109570362298507
19412,0.1674096008567063
19413,0.7918421065164509
19414,0.832637921774463
19415,0.39364150791893016
19416,0.669265334815831
19417,0.571364799527451
19418,0.7715545145082842
19419,0.32683999854345214
19420,0.7837815831059117
19421,0.4981394894214664
19422,0.705762057075077
19423,0.2994197261478333
19424,0.22305693845510094
19425,0.4557601981760196
19426,0.7849713061436178
19427,0.18984869923004616
19428,0.22050154917224285
19429,0.6366524505142636
19430,0.752719621836851
19431,0.1652547729683563
19432,0.7029605025359993
19433,0.7220272566404538
19434,0.3311332950327312
19435,0.8156909935535223
19436,0.8015888314130843
19437,0.8359924920973175
19438,0.18981441492516962
19439,0.8141091546071737
19440,0.834305069022208
19441,0.8528906986427961
19442,0.7420073044237382
19443,0.3704762302982523
19444,0.5405991061286098
19445,0.21734563729156822
19446,0.8264062849766611
19447,0.5285122083632829
19448,0.8308526009639086
19449,0.8206642660564403
19450,0.8281794601850796
19451,0.10736355735995874
19452,0.6965739343085383
19453,0.18979606771733334
19454,0.12521950408635407
19455,0.49821316369973023
19456,0.833289098337141
19457,0.7123363640589704
19458,0.11568960474454802
19459,0.8422806923850552
19460,0.0915680914446313
19461,0.8483556074991636
19462,0.7747123553609208
19463,0.6318345862029072
19464,0.4476106712810914
19465,0.6824397960455909
19466,0.5913885001687141
19467,0.2907057839325314
19468,0.7584534220775927
19469,0.5826306195502274
19470,0.7463720841996696
19471,0.1939509956525935
19472,0.3356839531933029
19473,0.6635535384734231
19474,0.6803340501813729
19475,0.5297172176255259
19476,0.47184549545953486
19477,0.7722182360028755
19478,0.2745692941682754
19479,0.7771552252228
19480,0.7179600696391991
19481,0.7184776011017716
19482,0.8328205242680038
19483,0.29496175340867065
19484,0.8686813911292293
19485,0.7476428723416593
19486,0.4670293156696804
19487,0.7235313742332198
19488,0.8798797195611141
19489,0.7992417369770006
19490,0.7373827032486059
19491,0.3212740894927327
19492,0.541825665238797
19493,0.2850512888211585
19494,0.819297225141558
19495,0.7845244692521203
19496,0.8144172853793482
19497,0.49752480165682966
19498,0.29098536936024005
19499,0.8167140628812996
19500,0.7566823098197595
19501,0.5998643906632398
19502,0.6596046796640836
19503,0.735266745594299
19504,0.11666898795142462
19505,0.4274924017803425
19506,0.4835768404971912
19507,0.8485942680904253
19508,0.7540587424465435
19509,0.5143440964316897
19510,0.7685752468437097
19511,0.3464969331005685
19512,0.22034111466484185
19513,0.3080858277052014
19514,0.4478270103657157
19515,0.23367645595496533
19516,0.1409702303098354
19517,0.5349436959825095
19518,0.8672037731917028
19519,0.3069513181164696
19520,0.8317937194852474
19521,0.2333632465383351
19522,0.372983848366348
19523,0.5508406844191437
19524,0.7030686813939669
19525,0.15735305193791677
19526,0.8232368272644897
19527,0.3567130131760824
19528,0.637358795664065
19529,0.40591137923740866
19530,0.5518976066062008
19531,0.6480283562879189
19532,0.7862441108512408
19533,0.47945793674868303
19534,0.5578526797931501
19535,0.780995776134732
19536,0.7203012556524245
19537,0.8639258607262903
19538,0.44242537327984005
19539,0.4233979652615459
19540,0.5251251136261815
19541,0.3802633750086726
19542,0.34986522552245575
19543,0.6866070564293544
19544,0.6044110342725258
19545,0.34938660315658193
19546,0.1553768301553663
19547,0.2862572391834489
19548,0.8067771542478149
19549,0.8215469957265122
19550,0.8720223876534408
19551,0.5203038090650618
19552,0.10754861934698733
19553,0.8303143917972666
19554,0.6376208146751425
19555,0.18359311062270375
19556,0.6841404083519579
19557,0.7325950713814879
19558,0.7542130841041641
19559,0.688712090836866
19560,0.7647337262201988
19561,0.2467910682076444
19562,0.8252193740083544
19563,0.5056798423790941
19564,0.6646475862020351
19565,0.39640458801902084
19566,0.3134018449389367
19567,0.591528829471305
19568,0.6381337317515065
19569,0.8414386102016299
19570,0.6494852661808498
19571,0.3709463070218266
19572,0.19688795546548957
19573,0.7982464166054841
19574,0.8508382431565871
19575,0.8421844997449965
19576,0.19596282131706402
19577,0.6937876923816847
19578,0.69691984844656
19579,0.6988480177084578
19580,0.5598598443076771
19581,0.8180335234755867
19582,0.5581330796789884
19583,0.2071799470247106
19584,0.24167350852935787
19585,0.8002912577859613
19586,0.2861559335742602
19587,0.20181028853304184
19588,0.6828032214818431
19589,0.7590120222015514
19590,0.506257843194574
19591,0.26967866553483405
19592,0.7774744835534677
19593,0.8013234377938339
19594,0.2656206394447715
19595,0.7372293759510475
19596,0.1499799844424344
19597,0.7743397321289374
19598,0.4376715781153382
19599,0.6394774204120134
19600,0.7781382341995597
19601,0.15150220190395824
19602,0.13478997210442967
19603,0.6173662883442568
19604,0.835070601625302
19605,0.38248308534077774
19606,0.14833808923790592
19607,0.5135115837042806
19608,0.14061077488919296
19609,0.6998410180774689
19610,0.6252589226995827
19611,0.6953598740818993
19612,0.1495854323908023
19613,0.7942501245273961
19614,0.826929331835447
19615,0.42672196117914657
19616,0.2795810250828159
19617,0.30926739952885113
19618,0.7379291270273812
19619,0.6857214298064995
19620,0.8030779254932894
19621,0.15849936055740535
19622,0.36129482136686175
19623,0.21158295452310508
19624,0.17197280330081943
19625,0.31459955311228777
19626,0.5883653590610486
19627,0.6190037541085752
19628,0.542562416984676
19629,0.5182686296544095
19630,0.7798701627637743
19631,0.6778235487358876
19632,0.8167998991062234
19633,0.7568050781275276
19634,0.24691211256872148
19635,0.26074096412860026
19636,0.8613706187592384
19637,0.8281375503765551
19638,0.8815629619168981
19639,0.29899948735308096
19640,0.23121105175310958
19641,0.7990438716029198
19642,0.617474271109138
19643,0.5134246311668816
19644,0.32325282902923236
19645,0.8320409292771234
19646,0.4479850419467997
19647,0.12453482147265285
19648,0.23390667081596123
19649,0.5488274256633506
19650,0.7524315882086174
19651,0.23989718456781778
19652,0.823868422384751
19653,0.3836814867899152
19654,0.7866474997454618
19655,0.22686698679152822
19656,0.7816787312293486
19657,0.8022422306735613
19658,0.8515724641228166
19659,0.7728336748376872
19660,0.7207767426068448
19661,0.4843576319178772
19662,0.4205199843384598
19663,0.21842645813599593
19664,0.15930558576846163
19665,0.3906504957457811
19666,0.7526046460357908
19667,0.2470841790685326
19668,0.7803981526048521
19669,0.16462489808955072
19670,0.2087701384005963
19671,0.1350104823906232
19672,0.739449462022212
19673,0.3987103919722333
19674,0.36487442858827224
19675,0.3903487661456853
19676,0.7438810855597077
19677,0.8716152112957758
19678,0.7641487351927618
19679,0.8044152848123955
19680,0.20465339158445572
19681,0.8512708347769238
19682,0.37423377295316473
19683,0.5139276375755287
19684,0.7905358541033709
19685,0.3419172513824075
19686,0.814146971947413
19687,0.1577363000150383
19688,0.8185558810787344
19689,0.5901225796344013
19690,0.8366098123866836
19691,0.3246087156118461
19692,0.4916594325444933
19693,0.635316641499463
19694,0.8605320878469285
19695,0.14606369727249474
19696,0.32278337926988393
19697,0.219462486001339
19698,0.18581987470399156
19699,0.5620904714568214
19700,0.16941107459394647
19701,0.6493510919148694
19702,0.280529460066531
19703,0.19786159972108197
19704,0.3529677368704586
19705,0.5859668115466898
19706,0.3276124771849504
19707,0.7307833647805336
19708,0.44032082609407963
19709,0.5387527258505042
19710,0.4465078455641571
19711,0.23291339551006085
19712,0.8648474357578021
19713,0.7180987978639913
19714,0.8097549724343859
19715,0.5693242862678479
19716,0.81441533433112
19717,0.8810115611170664
19718,0.27712161350648795
19719,0.655680673394651
19720,0.682619183106936
19721,0.6657990420885351
19722,0.21807128597342926
19723,0.14564283602908984
19724,0.24235886755800956
19725,0.7968157096272164
19726,0.27931660141113074
19727,0.21195105107938642
19728,0.7746730837083278
19729,0.6134473510493645
19730,0.5606685538155358
19731,0.886126980246011
19732,0.748788094028901
19733,0.11648423976761335
19734,0.5716786728209055
19735,0.8036789982301833
19736,0.4463445324338242
19737,0.5312956259486107
19738,0.7159322857681921
19739,0.5453385378845378
19740,0.8036562793663817
19741,0.8423532018963351
19742,0.30328567978124626
19743,0.4204114784671218
19744,0.2280054877679782
19745,0.8242956916770543
19746,0.2116840847434533
19747,0.6744619866383198
19748,0.6102530087337965
19749,0.3575330138027325
19750,0.1804265748911649
19751,0.1175494357752294
19752,0.4148404454322892
19753,0.597994873850319
19754,0.8506699568956635
19755,0.765442298068824
19756,0.877276067749996
19757,0.3922313879052497
19758,0.24183109745708414
19759,0.1734021994347692
19760,0.593241776043061
19761,0.36418537856193783
19762,0.46113666894634886
19763,0.2632561912757014
19764,0.19530843973538678
19765,0.5928661267490553
19766,0.46450353727068305
19767,0.8336283981820682
19768,0.6388532560774209
19769,0.8276467612969778
19770,0.7705268617568295
19771,0.34376704208277004
19772,0.1569158505006141
19773,0.8820185724201653
19774,0.812098491107254
19775,0.1267709274853881
19776,0.40810535433111916
19777,0.2846250499275623
19778,0.8693657732488588
19779,0.6361183215752025
19780,0.843522553891534
19781,0.5190129424198583
19782,0.49333536989189875
19783,0.23568346560317374
19784,0.1868853262830339
19785,0.860499285815137
19786,0.7222774886950719
19787,0.20173911548216591
19788,0.7491595776345955
19789,0.39695882895116924
19790,0.8265740153740275
19791,0.5025695748140763
19792,0.4414285015687657
19793,0.5116291809376459
19794,0.2589932027073812
19795,0.45882990697304427
19796,0.10279952296430075
19797,0.7136917466057106
19798,0.8067211630225165
19799,0.3108243987692792
19800,0.6636977676609259
19801,0.7356537278049154
19802,0.5209219165241571
19803,0.35673843103703523
19804,0.6767997236264346
19805,0.10801141034513331
19806,0.6083466535832042
19807,0.7165283372618253
19808,0.694782626875333
19809,0.47775222083343283
19810,0.8663282901687432
19811,0.6006151286554481
19812,0.40249699768673675
19813,0.16797520420978912
19814,0.7478954121972993
19815,0.5856522567394148
19816,0.3858804685967805
19817,0.40237188397551127
19818,0.8312310119466053
19819,0.3103115052406372
19820,0.1888640863583075
19821,0.18523911959844205
19822,0.8003655957888485
19823,0.41696117331007376
19824,0.3500274136577836
19825,0.3409798456692876
19826,0.7040446093047218
19827,0.7361659394421122
19828,0.6525296141340716
19829,0.895245460944053
19830,0.5470084518547272
19831,0.3816480459525577
19832,0.5807791766323187
19833,0.5824889354791982
19834,0.216089727655231
19835,0.8207657402247392
19836,0.16238602189925794
19837,0.5117567592782688
19838,0.8030226576841109
19839,0.4170625990970558
19840,0.8039882564224515
19841,0.20168662574285207
19842,0.19376836235419972
19843,0.8498877041351887
19844,0.8340423339973384
19845,0.7699925645316475
19846,0.8084454105695942
19847,0.7831261436113002
19848,0.5266350902613877
19849,0.3149749739123337
19850,0.24473567997236007
19851,0.14684647842840534
19852,0.6255070534579957
19853,0.35872546263098465
19854,0.8111127123422217
19855,0.278814996146312
19856,0.6355134666471419
19857,0.8070001125954367
19858,0.12758416505661715
19859,0.3154439933410791
19860,0.8439854388382169
19861,0.5883461151695162
19862,0.8004088679153227
19863,0.17316556509668987
19864,0.7669607019198801
19865,0.2430689779973888
19866,0.38300281900627364
19867,0.23965678412443875
19868,0.6772820802487963
19869,0.5209107327084482
19870,0.1305636572599255
19871,0.6564172953632853
19872,0.1636542827865594
19873,0.14418307841364517
19874,0.8113799862858607
19875,0.8358582896021383
19876,0.8689301427700815
19877,0.7140032151439241
19878,0.19172651969315851
19879,0.3031191496032862
19880,0.49515353268582074
19881,0.44959359374455765
19882,0.38861233612911145
19883,0.6664195694839844
19884,0.6025252275491653
19885,0.6489004901310181
19886,0.7771061299832449
19887,0.26124923057421634
19888,0.6549443936129995
19889,0.6541884759643567
19890,0.2885100790050206
19891,0.33845872351035505
19892,0.8173537353406476
19893,0.5496301083926279
19894,0.24746453384797068
19895,0.2583281480474963
19896,0.20340699003414242
19897,0.8774657492971336
19898,0.5369529938207954
19899,0.3615709945115853
19900,0.6698815140910698
19901,0.13863163472888054
19902,0.6743675589135034
19903,0.674485117481647
19904,0.44888945852469186
19905,0.7724275315466388
19906,0.7654302804292783
19907,0.7526396528491256
19908,0.6784291076824637
19909,0.6290298731954415
19910,0.7667731940811335
19911,0.8175924149156828
19912,0.823407400168505
19913,0.33685981757850253
19914,0.6094512313837154
19915,0.8061630917235753
19916,0.22909015155254633
19917,0.31611210474452317
19918,0.45009028398126794
19919,0.741743531522259
19920,0.707856056481979
19921,0.8578331983100371
19922,0.29750637648819794
19923,0.7301508286042441
19924,0.7085920323095214
19925,0.808500356312917
19926,0.6080634936391394
19927,0.7202372823354589
19928,0.7727387773783864
19929,0.35886551717071813
19930,0.43757425261232047
19931,0.7953199512133917
19932,0.842287810523249
19933,0.5222638879492147
19934,0.8703906547944347
19935,0.7937923901555042
19936,0.18885902646470654
19937,0.8264829756896768
19938,0.12530147216401236
19939,0.8095013653075374
19940,0.18333886384543974
19941,0.20002382602255914
19942,0.8777246906755001
19943,0.8261128231874527
19944,0.80763829874318
19945,0.5014107555499682
19946,0.7618213619600136
19947,0.8361955770856354
19948,0.8077561117094791
19949,0.22241727475263587
19950,0.8125211634392779
19951,0.8801213871868601
19952,0.8515523865145166
19953,0.7239640900106502
19954,0.5622922731378017
19955,0.829416890148628
19956,0.6605614191420959
19957,0.7135531682236685
19958,0.3668239111363973
19959,0.8297703353487123
19960,0.6304846215482813
19961,0.1756463188532102
19962,0.2542025019049754
19963,0.5782754995086391
19964,0.8152895438284513
19965,0.8577767622743625
19966,0.726224901001059
19967,0.13461007916097148
19968,0.17319254438029635
19969,0.34445063381818736
19970,0.2695784059086309
19971,0.8298017891322984
19972,0.44461224865575133
19973,0.15078857462789963
19974,0.8046467579310583
19975,0.6124904109687134
19976,0.7802742820355656
19977,0.2811523955078761
19978,0.7436034230284644
19979,0.8692933418447905
19980,0.319298194572923
19981,0.2461900022928787
19982,0.7756360556641497
19983,0.286720895850563
19984,0.7737005834500834
19985,0.3080886713260112
19986,0.7976452659659723
19987,0.775785653865473
19988,0.7598092955953392
19989,0.5094328054554805
19990,0.5518673228826497
19991,0.7902975499857178
19992,0.6878510317313137
19993,0.12097278934251329
19994,0.8518338697990022
19995,0.5249165028220805
19996,0.8652585901266165
19997,0.19175247046082117
19998,0.8340814738713068
19999,0.539486643173236
