id,target
250,0.9999933964428401
251,0.9506403978033552
252,0.3622382104194191
253,0.5256590352999413
254,0.04604349551489809
255,0.9615743902070385
256,0.30775009390311425
257,0.6903521219717771
258,0.8597000295881574
259,0.9917675233165201
260,0.32174560021666065
261,0.6604182836042667
262,0.9329147535615981
263,0.00014688897341414174
264,0.9904912780799348
265,0.0027332233853655592
266,0.838920371116405
267,0.9632066213004938
268,0.005695096520554809
269,0.006296572105090245
270,0.999821802605373
271,0.3176349099669278
272,0.011356508828948602
273,0.969009265400131
274,0.7359075846080882
275,0.26751600507370804
276,0.9048345947535594
277,0.9990769387175504
278,0.5844740956003387
279,0.21198951998980994
280,0.9435366856011034
281,0.9368614830828355
282,0.9928410969992698
283,0.6825436692185542
284,0.09151951143246688
285,0.1523205787356787
286,0.7789824830247676
287,3.3227266260781976e-05
288,0.9996251372218798
289,0.9999488857288624
290,0.06866869404891045
291,0.20339493029684555
292,7.170777878281617e-05
293,0.5436085314824952
294,0.591375632797386
295,0.7922135717340383
296,0.007506228517472934
297,0.9999742072857624
298,0.9991487788529556
299,0.9839407485193805
300,0.30009526185378743
301,0.9963348086507889
302,0.594185678945539
303,0.767670230982427
304,0.2858494827503025
305,0.09726172483012023
306,0.15433415880102888
307,0.9305772101598005
308,0.990840757315572
309,0.41676614861770656
310,0.8808026330217839
311,0.010465292210070793
312,0.20594979583314837
313,0.9613356316255423
314,0.025590864721057507
315,0.9830966098888961
316,0.21375027915407202
317,0.9789603252037609
318,0.7632821613353483
319,0.009642677237553606
320,0.9620901659280965
321,0.038784447730987354
322,0.007217943792705379
323,0.9107961422759802
324,0.04278119701583775
325,0.002608480140067329
326,0.14336633149195638
327,0.011283382072889788
328,0.09574957936407696
329,0.027929308828727878
330,0.42927724349940677
331,0.07507761994390615
332,0.046500143501250764
333,0.7267040578412222
334,0.12185911842822753
335,0.9993399067522728
336,0.010499093464341693
337,0.1967084247665807
338,0.9982653354550292
339,0.4303461779616048
340,0.7001623615251201
341,0.18460736772172548
342,0.046337583652241277
343,0.9694476114302738
344,0.002538146420114895
345,0.5479373145077832
346,0.2073112686333945
347,0.9822246349021764
348,0.00019646137632003762
349,0.9452738496809054
350,0.4449443875005459
351,0.10648643341997273
352,0.019239922385941778
353,0.0012578506492706173
354,0.9862297491656518
355,0.0027455377771499158
356,0.9867825889177961
357,0.03966809461440197
358,0.9814808842320356
359,9.027681707285332e-05
360,0.850659503076785
361,0.9799071591523784
362,0.0003277588551608928
363,0.4331587393420944
364,0.026601835925292153
365,0.9762540125661261
366,0.9395125752624187
367,0.999664689412127
368,0.5340487637141257
369,0.9976412773540432
370,0.4780303480137854
371,0.9992830692028947
372,0.34131961391453414
373,0.019715148499927157
374,0.0011014735379601085
375,0.24883403599757503
376,0.9980821442669134
377,0.9999742957737384
378,0.45602892919268395
379,0.018575221276439752
380,0.5578366424624518
381,0.19207693403123138
382,0.24066696397053283
383,0.005719213598787774
384,0.8971316516592771
385,0.999207044622722
386,0.4341707368164464
387,0.9915221010527536
388,0.004129948942304645
389,0.521843002472944
390,0.6234299273831733
391,0.947128974967689
392,0.7602568150157966
393,0.9998284089802594
394,0.06059849233161339
395,0.9994216987911988
396,0.023178029537910618
397,0.016211560206836964
398,0.2571585991296307
399,0.2023625096427202
400,0.030937306953146122
401,0.9929999802986077
402,0.9999906408291007
403,0.048843911305816785
404,0.9780570871470893
405,2.310228299689923e-05
406,0.8181855827385669
407,0.419219307146254
408,0.9979295884471054
409,0.9050401985199376
410,0.02285751912818804
411,0.05279176527304407
412,0.7184836994279177
413,0.00022224013679415983
414,0.8535278642320859
415,0.9754083359968151
416,0.9907550388238144
417,0.025122931306575166
418,0.31738542388088503
419,0.5779023958549815
420,0.0006383779385247056
421,0.9022633851673275
422,0.459527552168905
423,0.00901623333827653
424,0.5085526526826679
425,0.9993168089351211
426,0.21648566098142902
427,0.18554987680867993
428,0.45410705546875824
429,0.1238542672543182
430,0.896882657311602
431,0.0013219643510482821
432,0.7671119414219633
433,0.9996752559537153
434,0.46293334243554596
435,0.127860314143797
436,0.15626507204265516
437,0.9918011865898008
438,0.8165836962112988
439,0.7904770155765652
440,0.0007139574535826201
441,0.9936847526632568
442,0.46686652320926525
443,0.9589031483146404
444,0.999516950179154
445,0.8001556495322893
446,0.3551640129376508
447,0.000934014332644878
448,0.4601853862346516
449,0.891398143053149
450,0.42544201213331234
451,0.9992518308458321
452,0.9762624069755248
453,0.8782604998780996
454,0.5458191675219641
455,0.7850524817460868
456,0.9725297965663611
457,0.9959848154708731
458,0.001255911598349746
459,0.6406313204877635
460,0.9993200688465682
461,0.9997174587027375
462,0.8859628446974672
463,0.9206247947018291
464,0.7807699815822348
465,0.12090182876404919
466,0.996381157623582
467,0.32817910186467
468,0.0023323878555870166
469,0.040519891873516435
470,0.9966900494762696
471,0.4697650926339129
472,0.045366464925845826
473,0.9999991809068566
474,0.9971173062694887
475,0.995055437805614
476,0.7616559114425046
477,0.980400398418195
478,0.06367044071002881
479,0.940954223373884
480,0.09948891577081413
481,0.008189042919925327
482,0.0049109950050136315
483,0.02001024627304372
484,0.00218596651070601
485,0.16906352580643066
486,0.0010690929161938708
487,0.9898394341377974
488,0.27462674614950694
489,0.3376818246747544
490,0.5297505229331675
491,0.6698684292011341
492,0.0008151504836772595
493,0.9853066922487582
494,0.6531966951235112
495,0.24944146131938727
496,0.08575540909040057
497,0.3329182450619185
498,0.01395267336757807
499,8.187885114498172e-06
500,0.013249637335316306
501,0.9995828449549411
502,0.6219351184452407
503,0.001755292749859328
504,0.9972830376723474
505,0.006332899166772436
506,0.9993887617099938
507,0.4923300551635547
508,0.29083111012746704
509,0.9794469111524607
510,0.05984390941712716
511,0.8173971308533926
512,0.34375419906299914
513,0.0760194485796559
514,0.9783199928002988
515,0.1951932117756124
516,0.8238631012610181
517,0.24610188916461806
518,0.9391924552984796
519,0.7937661422284967
520,0.03266695198591426
521,0.003109642207266714
522,0.9874776117757231
523,0.9906621667499388
524,0.02418256706598395
525,0.9998491993161179
526,0.47877418835263735
527,0.9965252697191035
528,0.0668666666313494
529,0.0005283920848368561
530,0.9989734183580592
531,0.9974646181817919
532,0.593887328572297
533,0.8834305500086576
534,0.9995458559031309
535,0.011495163633446957
536,0.0024978907687141475
537,0.583708232501101
538,0.9508576465014109
539,0.37256187084042275
540,0.6557659535554817
541,0.03178973331058967
542,0.004470476374907433
543,0.7198893445743328
544,0.8705780165451281
545,0.9857635042447623
546,0.17597642591155133
547,0.9274665581878883
548,0.09768800747591748
549,0.0001774842647369707
550,0.004742639310461969
551,0.9997944792981689
552,0.9680660376709321
553,0.9878811686047484
554,0.9969854934759195
555,0.9807460320559498
556,0.14201770875757325
557,0.9995623907918663
558,0.1997716850079916
559,0.06624784843197479
560,0.34715769259819107
561,0.6478234466712227
562,0.0016071082109513795
563,0.8483893656295014
564,0.009534514090307856
565,0.18180173338171438
566,0.988059216402239
567,0.8954257581110396
568,0.9934686769074799
569,0.9703675792722992
570,0.9874214876691003
571,0.9246026016339957
572,0.8359556845666025
573,0.4027287161524096
574,0.6905893394801151
575,0.9282697530045627
576,0.9784605805745868
577,0.08038718908522732
578,0.0016942756256841036
579,0.8582490293428879
580,0.27637822105656673
581,0.9422416540954187
582,0.14749959918621447
583,0.7380652466186686
584,0.977088650047968
585,0.15079807823152386
586,0.999975150947574
587,0.9903671031641103
588,0.5893267845053838
589,0.0872728499497422
590,0.28960029344585536
591,0.9999084883207114
592,0.9744816882528025
593,0.2503024527508216
594,0.38435175237549607
595,0.9014894098383346
596,0.0010717904731567854
597,0.006965126318793579
598,0.5313265844385707
599,0.9999564550035039
600,0.31138111145650094
601,0.9852468052940787
602,0.5162919012043435
603,0.9945810591551569
604,0.9435398451707233
605,0.9997277999079943
606,0.0358923838273556
607,0.052808669912730276
608,0.9243794201059868
609,0.9989866933376771
610,0.9960883892582798
611,0.9995276547805987
612,0.9876662215339499
613,0.3505466670970677
614,0.01870225954398122
615,0.9884090877818712
616,0.9551256528278163
617,0.6405594429714978
618,0.02373134810503505
619,0.15469789331504738
620,0.6742737844605303
621,0.06314473999037515
622,0.007167672624332614
623,0.9737269695391498
624,0.9957487325018339
625,6.322473014157367e-05
626,0.8701898561409712
627,0.1506830639232708
628,0.9937293747964969
629,0.020737526243963977
630,0.581847363210577
631,0.39773636957696057
632,0.38486995124462564
633,0.44092959566762463
634,0.20270894619056834
635,0.06232359608381015
636,0.9337508344045264
637,0.37991457627790687
638,0.008977817548427042
639,0.018773128016728192
640,0.03997348925879935
641,0.9970278767513853
642,0.9485878203202973
643,0.19404794708672424
644,0.9688610394964348
645,0.9194876668706219
646,0.002722909201691103
647,0.9999559911031501
648,0.0006686812667023377
649,0.9680665441211211
650,0.7626391726706649
651,0.2673635525412581
652,0.00032515271992515865
653,0.12280216378810911
654,0.004663849864197037
655,0.14471544960279295
656,0.9750157643899096
657,0.8699569115873429
658,0.06281704523070455
659,0.0006216671020851886
660,0.9660150020089108
661,0.6600684495800636
662,0.9999046187875551
663,0.10561377261396776
664,0.9855150472172498
665,0.987879393389292
666,0.8278024549898803
667,0.9715015054362206
668,0.01084036296395674
669,0.007768015963029779
670,0.001747010412677186
671,0.7768037116954087
672,0.03482287870761711
673,0.810106393409475
674,0.00013950794518845515
675,0.9791418503797383
676,0.9989663226296612
677,0.06567476827465725
678,0.9999401698910643
679,8.218428874328138e-05
680,0.002460468499260666
681,0.1625529420105159
682,0.9982766065223221
683,0.050060597875071514
684,0.18656964849808655
685,0.1610331961236984
686,0.00551182216906936
687,0.13301496717764769
688,0.0023678796960063123
689,0.6216223278237083
690,0.04541070234740432
691,0.9988944049050944
692,0.0741068300846159
693,0.9985467427785476
694,0.003222465069697273
695,0.9719527698805585
696,0.013810800340838885
697,0.9164107809126095
698,0.9780833715545347
699,0.04163403962815677
700,0.9996721730445951
701,0.9995394917352983
702,0.055006842247561624
703,0.799923646626363
704,0.9878571108794444
705,0.3573523936072017
706,0.00317472605397853
707,0.04227840162926597
708,0.0005518902670498414
709,0.23024837087820116
710,0.3719205612712612
711,0.002664431919478317
712,0.9733535774812794
713,0.8858709421322687
714,0.03669071658371619
715,0.9997144654588243
716,0.0007302777548492057
717,0.8606367000540669
718,0.9995113628134665
719,0.1273261427072849
720,0.2698972214115917
721,0.005807479220766905
722,0.9972055362238837
723,0.9960203485219407
724,0.006501472601505324
725,0.04108447962946302
726,0.0857491662775417
727,0.9274951717089488
728,0.8060985931163048
729,0.5939052087481083
730,0.754789213945603
731,0.995055437805614
732,0.3581780916051597
733,0.6071288098550035
734,0.9563355689443203
735,0.03334987394326287
736,0.9665403857552888
737,0.6082841908011714
738,0.7167231923711396
739,0.013793652747495201
740,0.9436043031265481
741,0.25826980957459883
742,0.774486050862263
743,0.48163350515695375
744,0.9050703130867236
745,0.00017238745670184415
746,0.0037549983822929693
747,0.98990826823385
748,0.03497799406652108
749,0.4130161333301112
750,0.999891736283142
751,0.7917646611238796
752,0.913110366407015
753,0.005496658611810676
754,0.0676562401441264
755,0.9971840708324033
756,0.011533783128705306
757,0.5637414000952615
758,0.19446760876831495
759,0.00545033272336923
760,0.012570844067798258
761,0.30862862377410216
762,0.02591430014265393
763,0.37452375175728986
764,0.8829195584531739
765,0.999590257708682
766,0.928336925729023
767,0.14678943715577566
768,0.9793440389893819
769,0.15679157020721798
770,0.03708975337256637
771,0.9858241714786481
772,0.9998116811364393
773,0.8663063781156878
774,0.638566321344704
775,0.4471974669650507
776,0.9962503785863404
777,0.7955304776899127
778,0.38522942780213637
779,0.9817416170098612
780,0.002891996613257902
781,0.9989612298882911
782,0.9725142360350587
783,0.776870829670796
784,0.003555255288178806
785,0.9380340082388873
786,0.7620999875369826
787,0.03990354627443122
788,0.01947089116274825
789,0.958735488665825
790,0.26195282655880314
791,0.554420285810141
792,0.9097356912511834
793,0.9959171552588336
794,0.9997038224351613
795,0.9828179680647771
796,0.0373322846494575
797,0.8888460131024443
798,0.8025218968748287
799,0.14043576060333285
800,0.6847055503400596
801,0.9117852151567016
802,0.8087344920572953
803,0.6293471752551808
804,0.9295248809813225
805,0.0005604237746651213
806,0.9215885414098264
807,0.8528898990471497
808,0.006026596699830065
809,0.41376965528638077
810,0.3372985663209044
811,0.05693060023254398
812,0.5694928331710272
813,0.9796203991676915
814,0.590632833529043
815,0.018619027745512055
816,0.16039569626340516
817,0.00025210963243034673
818,0.029563544126907104
819,0.2656494473106373
820,0.597655117695325
821,0.9133346572116013
822,0.29866172960308973
823,0.8917995589284882
824,0.0038606619583909643
825,0.9789945100836152
826,0.02934189704046459
827,0.07445941574777645
828,0.6998119049969531
829,0.012629022217080522
830,0.017113635246521392
831,0.08544803182652276
832,0.9983978833783124
833,0.020001844656715152
834,0.9998879653658717
835,0.02906134253548458
836,0.6643488795162782
837,0.3500128585892249
838,0.3961115888788135
839,0.9999129196344537
840,0.9977311312190682
841,0.6495638118096897
842,0.9921477695699359
843,0.4011929438059475
844,0.004962790463514926
845,0.004797539451966504
846,0.8944105395851935
847,0.0008741106146878909
848,0.9682558760008715
849,0.0017134377118098326
850,0.932987258505577
851,0.15667180036695205
852,0.5802891182396649
853,0.3133418277457761
854,0.4166143848229999
855,0.9674656509452496
856,0.9868071219279014
857,0.964896582480272
858,0.9970727360854033
859,0.0014464146841539412
860,0.002746574448055255
861,0.0020157352013083244
862,0.5793725476827155
863,0.7511882436440487
864,0.999747269846018
865,0.9983585883886646
866,0.9998319061197405
867,0.3810378070958128
868,0.9164082076403385
869,0.05467230014168879
870,0.08652962517595185
871,0.8612537215985745
872,0.02004747411225423
873,0.9830083513892941
874,0.001223194554406382
875,0.9934453840210079
876,0.2650742735990263
877,0.0399818777028063
878,0.9994078049400721
879,0.010545293069258135
880,0.9562239622508426
881,0.5580609171448861
882,0.991471587735546
883,0.9739816766300083
884,0.025987637625163696
885,0.977654429368494
886,0.9998316959726766
887,0.8427559860698065
888,0.8149244003297542
889,0.5987637041625034
890,0.0018294356571110706
891,0.23088631915991614
892,0.9930659970701481
893,0.08003004983385309
894,0.9888689779408285
895,0.035969089562159245
896,0.5252433042247836
897,0.9685219323972949
898,0.970980072365724
899,0.00837879731812021
900,0.9060706997331648
901,0.8705284054279149
902,0.07361305260472714
903,0.24523169682918372
904,0.0028651010925282413
905,0.9975565228035603
906,0.9817111752042107
907,0.38514181774073064
908,0.8371684520267852
909,0.04894569348018186
910,0.9597295067136262
911,0.1258226031172373
912,0.021837870440533886
913,0.9986524379394265
914,0.0012323997006233442
915,1.6375012450255943e-05
916,0.28631339318400734
917,0.9982040394810962
918,0.4939337737864472
919,0.6030159082714328
920,0.48251985038167666
921,0.4933244677651314
922,0.9436292208442617
923,0.05017441155715379
924,0.8447642354919831
925,0.9894292320475045
926,0.030185715246293952
927,0.3456769120727503
928,0.9889765511154148
929,0.0375772998800048
930,0.7855442766601611
931,0.8247979771068222
932,0.9999917107629869
933,0.9896986735146099
934,0.5360740248976564
935,0.9583814907668087
936,0.9969732609692052
937,0.5620632740060955
938,0.9362859773509579
939,0.009075854455522107
940,0.0060792997375916326
941,0.05966327833076798
942,0.9942262666697174
943,0.5737688079580809
944,0.9337978971211783
945,0.006512144545274549
946,0.6280478461482917
947,0.8083342922199395
948,0.016042471278685817
949,0.034868398626819
950,0.9151535894529528
951,0.9802977714515895
952,0.8430914472113852
953,0.024645039638674038
954,0.9830826600875054
955,0.8510566981723601
956,0.855833086373355
957,0.09851812821268455
958,0.22554990928584115
959,0.19376221093286908
960,0.986520778654061
961,0.3291700943562709
962,0.9999739412680952
963,0.9914764968471088
964,0.9974226283930395
965,0.856180690498697
966,0.06995264626825659
967,0.6301874287690202
968,0.8041779329603461
969,0.7628059893830237
970,0.0013832577241682138
971,0.9999638144796619
972,0.006513189761454477
973,0.9901167046397381
974,0.3764115404627487
975,0.8934975800974065
976,0.9248027636968943
977,0.9886607056227773
978,0.8043914772616164
979,0.9885974848004098
980,0.00045707086663630104
981,0.9203321526142945
982,0.014438781854352772
983,0.28757442694861113
984,0.07462666270727124
985,0.300453430745131
986,0.290057527531845
987,0.006525778175605223
988,0.9987277411120599
989,0.01859721877243835
990,0.47089289888750907
991,0.7814560699761958
992,0.946947634707345
993,0.12552910848190243
994,0.3599555695279584
995,0.8186503808698791
996,0.2460730729617901
997,0.8330152688245326
998,0.002415758117877266
999,5.228984413327248e-06
1000,0.9946259283676836
1001,0.9976980848413317
1002,0.9969444605013902
1003,0.14474598264871194
1004,0.8400059296955771
1005,0.02661815109909038
1006,0.12307265524994698
1007,0.2594277878455841
1008,0.9739813403103181
1009,0.017248957503747952
1010,0.7560644737775406
1011,0.03729591841031541
1012,0.21696093720588874
1013,0.18373365009514409
1014,0.4511931259556906
1015,0.34631805875187327
1016,0.029302151813415434
1017,0.09437297092489061
1018,0.16499432569347905
1019,0.1631537568144556
1020,0.008485820526752013
1021,0.8238856389731941
1022,0.23572033596618683
1023,0.006609638893358793
1024,0.9664212617740277
1025,0.735460135277574
1026,0.9484348057552167
1027,0.7290256523026455
1028,0.6265560201306142
1029,0.019418951297294575
1030,0.03440856826389595
1031,0.785930762077279
1032,0.611345273377434
1033,0.9927733072149062
1034,0.7984239982511421
1035,0.9999082193744331
1036,0.049410822052975444
1037,0.14179131024946368
1038,0.00877770643885187
1039,0.1748597086179322
1040,0.4816101295729787
1041,0.13981532343095557
1042,0.9897036459079086
1043,0.09740443640093804
1044,0.9981925270361328
1045,0.00045622402248574414
1046,0.4463252457756619
1047,0.03391786660017014
1048,0.9975034328059241
1049,0.16404696882124695
1050,2.2491641501016745e-05
1051,0.02486012251950899
1052,0.15861428355268756
1053,0.0005856968485501745
1054,0.16039443936371164
1055,0.008362690265089675
1056,0.0006178560574885089
1057,0.9965807013170679
1058,0.09665675065907359
1059,0.00015950561768918864
1060,0.002365310782386032
1061,0.7185471557432045
1062,0.7740794016833176
1063,0.8370632962831682
1064,0.7265398653563934
1065,0.04963700128533988
1066,0.9997673402202415
1067,0.01155046236879859
1068,0.04722197041350108
1069,0.1349396176630939
1070,0.012400473808115623
1071,0.0003875994228949346
1072,0.8771808316212225
1073,0.9253149796691984
1074,0.16289994865895055
1075,0.9997239601669909
1076,0.9989599850529979
1077,0.15454811817468467
1078,0.9282847741466042
1079,0.0019939803706874788
1080,0.007224641927127364
1081,0.0434559404537722
1082,0.5430364259298256
1083,0.27748542674015875
1084,0.4361733209064377
1085,0.9998729469710393
1086,0.44036396912446696
1087,0.021137479274837247
1088,0.8223808837504564
1089,0.2960296145502461
1090,0.3159841782088451
1091,0.9992205989188262
1092,0.7458706085550889
1093,0.9999229608489402
1094,0.01350115770922243
1095,0.999895984478005
1096,0.0606633091131107
1097,0.9650958804400357
1098,0.13683377862334725
1099,0.02280238950092744
1100,0.2714322039326395
1101,0.5262119183113202
1102,0.002109712710532774
1103,0.542260205230788
1104,0.036475342162834205
1105,0.992678928677445
1106,0.8516638641757734
1107,0.028810701482702237
1108,0.19167680218917027
1109,0.07938506027866704
1110,0.03700329299321688
1111,0.10379104680834819
1112,0.00646768977761303
1113,0.643054548144887
1114,0.0009414695360219072
1115,0.7834424107606258
1116,0.02326848852419424
1117,0.19707672585137803
1118,0.9994223417406621
1119,0.9311171331914467
1120,0.9908802565502025
1121,0.16636035638243088
1122,0.00220292080791616
1123,0.0033679113452363208
1124,0.8966386938982264
1125,0.3692207944192812
1126,0.991088563583844
1127,0.999905703893647
1128,0.00818831368510119
1129,0.379985731961285
1130,0.004517457082208947
1131,0.7013676671970183
1132,0.0004410308883165215
1133,0.9506107944219135
1134,0.973358272485642
1135,0.965939376916932
1136,0.0003664348739114744
1137,0.08756040533442919
1138,0.3160697236835355
1139,0.5108194780585043
1140,0.5411370574993282
1141,3.159568217183691e-06
1142,0.9702449694383971
1143,0.9902801295802398
1144,0.0006674785153605347
1145,0.22715049550896432
1146,0.6269606443116755
1147,0.9786397657327222
1148,0.9957661101544288
1149,0.6928584873461866
1150,0.004013536095291932
1151,0.47555706647411383
1152,0.8154713059528846
1153,0.003953773544870891
1154,0.7038032601043399
1155,0.9284216265337566
1156,0.446952412629567
1157,0.8350700542761055
1158,0.6705385119366815
1159,0.5945601685710543
1160,0.5533710742665721
1161,0.6539483176907622
1162,0.9929453400459042
1163,0.9873382212850228
1164,0.19985280044640985
1165,0.4317152396533463
1166,0.8038800574277716
1167,0.09282254250458354
1168,0.9633296594680878
1169,0.6386137018257074
1170,0.11600633450699167
1171,0.9637058739936568
1172,0.4821581326611421
1173,0.13144946892345133
1174,0.8712160347590532
1175,0.006863163839389268
1176,0.02439117083147205
1177,0.7361606818829479
1178,0.9987029602954979
1179,0.677344944740235
1180,0.010279876723854692
1181,0.9301446279761935
1182,0.005881945077069834
1183,0.07606502250038531
1184,0.9644770481120677
1185,0.019452749228185306
1186,0.011019099667569929
1187,0.3790817634629566
1188,0.8475438973370817
1189,0.5149851778173489
1190,0.39048858279163295
1191,0.998408919606865
1192,0.04516272793423356
1193,0.002764103331245186
1194,0.8997930380437448
1195,0.6043578578196779
1196,0.9963879958028696
1197,0.8811254630856896
1198,0.6048402067175501
1199,0.9821017059779032
1200,0.8578870388544313
1201,0.5553680104596955
1202,5.085079799096309e-05
1203,0.9639185748164546
1204,0.7794582430772603
1205,0.9618287297126654
1206,0.9963984756250766
1207,0.998029167973017
1208,0.9089690760908149
1209,2.7836855615268e-06
1210,0.026569293824968077
1211,0.9991860950916591
1212,0.30958009584050183
1213,0.6875096324159146
1214,0.9888473404670053
1215,0.02700689488502519
1216,0.8031412720008436
1217,0.9994192068071446
1218,6.621200735448162e-05
1219,0.948676329290154
1220,0.12872457348410649
1221,0.8679947708518843
1222,0.7841548109429194
1223,0.29676278154100766
1224,0.9633157863102656
1225,2.978137440266675e-05
1226,0.034947390640194094
1227,0.06411783000397836
1228,0.985419178725306
1229,0.05665994388497954
1230,0.3274880034785847
1231,0.0009943620821450216
1232,0.9357129584619811
1233,0.9389110132489613
1234,0.2020658442109941
1235,0.09171088086798107
1236,0.0013051086084469876
1237,0.9962862715752302
1238,0.05470805393813734
1239,0.9625532572706651
1240,0.8362027966448337
1241,0.9207276861358078
1242,0.7087654220265539
1243,0.3598415622166643
1244,0.9980123482392649
1245,0.051580569294020606
1246,0.0007929768706279012
1247,0.16806388719635262
1248,0.8981041234572462
1249,0.2895747607197852
1250,0.07733507240262497
1251,0.9806768574184259
1252,0.9649493422205857
1253,0.1291709116223695
1254,0.0006992904210547591
1255,0.7559979592321806
1256,0.7087568824819582
1257,0.0003118515357072415
1258,0.0036062970339271697
1259,0.2369812012222823
1260,0.835363104612575
1261,0.004186293299384536
1262,0.8056625491086754
1263,0.9984592643982144
1264,0.17880268234682187
1265,0.9603183064720039
1266,0.00822274926834594
1267,0.064992983164424
1268,0.7567236185608498
1269,0.013585969950516665
1270,0.001155991557729546
1271,0.0010869056718840816
1272,0.9912729920629323
1273,0.09190299944373333
1274,0.917424826630907
1275,0.9969333508306583
1276,0.0020033296370899623
1277,0.7905790018361838
1278,0.9863322468589614
1279,0.5892351639363789
1280,0.13077997221737084
1281,0.2942235276790729
1282,0.25914446153125004
1283,0.9999927835233422
1284,0.9670667491289382
1285,0.6387208728094137
1286,0.07131266730993117
1287,0.9730305280228947
1288,0.9768133926713615
1289,0.5302634358553444
1290,0.6704621173349735
1291,0.01088766138491266
1292,0.8314508576010167
1293,0.9032137996441968
1294,0.023074519957471614
1295,0.000508678043109546
1296,0.012002713662137047
1297,0.8371946264093395
1298,0.0012135792831888454
1299,0.6080397785664384
1300,0.905315881082148
1301,0.8625143108950786
1302,0.620425143783155
1303,0.294459257380378
1304,0.027210426414001575
1305,0.0004638030101540194
1306,0.31613214877171963
1307,0.9278731836002144
1308,0.10137823175461914
1309,0.5940524151716535
1310,0.6570563327714477
1311,0.2665184422754375
1312,0.2523973560005705
1313,0.39947781911623237
1314,0.8510458154290949
1315,0.9747116324716486
1316,0.9542675143654434
1317,0.8429085920962888
1318,0.8373424512065255
1319,0.33138504514207834
1320,0.8927525305546447
1321,0.9997856170566922
1322,0.0003884904653430809
1323,0.1282462198514045
1324,0.9990090535743182
1325,0.9932342473809005
1326,0.1592993463065688
1327,0.960283490528542
1328,0.26990075618274595
1329,0.000590222435878807
1330,0.9348189669247663
1331,0.9443309542929316
1332,0.9987059536630225
1333,0.4181843118249174
1334,0.03862767545547906
1335,0.8667031983536505
1336,0.2182868666670304
1337,0.4259345337892933
1338,0.10190078810865086
1339,0.002502975771684041
1340,0.0013904681171373683
1341,0.18679221596378354
1342,0.005756667974616485
1343,0.9971752484635866
1344,0.9456595924007477
1345,0.5515521701489182
1346,0.8077434626957798
1347,0.03242435693321985
1348,0.07138113830930014
1349,0.8917291947969197
1350,0.1766712224863737
1351,0.06137109463525919
1352,0.9733747440931246
1353,0.5555464834428365
1354,0.01736640635716147
1355,0.9566431293980457
1356,0.9956433847111572
1357,0.9782093271157403
1358,0.5028338134820908
1359,0.9993917349772002
1360,0.8221875480842544
1361,0.7883121429598757
1362,0.9549618079040622
1363,0.03526777449676704
1364,0.959813047341739
1365,0.9975567300413349
1366,0.4854407649526059
1367,0.9728698444721826
1368,0.9828059037037252
1369,0.0014859755540891507
1370,0.9990503701072544
1371,0.9901741223599211
1372,0.16124896458190102
1373,0.3174021596655366
1374,0.9946122764163277
1375,0.0010006866559346729
1376,0.9848266437675429
1377,0.35671217299857777
1378,0.8512465663200883
1379,0.9336221832971864
1380,0.9547339854114427
1381,0.021767970201613144
1382,0.2936784073742904
1383,0.9971183852298585
1384,0.01609379435628854
1385,0.0779999520783914
1386,0.3441908327809138
1387,4.0259721955628766e-05
1388,0.7656053401660972
1389,0.0005377345112937775
1390,0.02252352856952767
1391,0.009923665750831655
1392,0.21037731689233857
1393,0.5372998594233879
1394,0.9566470469826978
1395,0.9874008986305066
1396,0.4828693139005317
1397,0.8743199922175315
1398,0.6642668895186252
1399,0.10941863193627228
1400,0.29143146653189383
1401,0.12324520032152551
1402,0.9988240820642503
1403,0.013958204943283843
1404,0.8967329128830518
1405,0.0980404253004892
1406,0.9413922984738875
1407,0.8917279134519192
1408,0.9962180004314625
1409,0.0002488623942705027
1410,0.57660124997281
1411,0.07024255402881102
1412,0.415116456391706
1413,0.9657757493693686
1414,0.02483343779648552
1415,0.6812733619763941
1416,0.8815983494108716
1417,0.9749384129401877
1418,0.7813599388161236
1419,0.43215650901088626
1420,0.9998204395811068
1421,0.980884050308236
1422,0.00034804119294693897
1423,0.8252458779477982
1424,0.9884115642377188
1425,0.6426891471408044
1426,0.4660321903661187
1427,0.879603459660082
1428,0.9989966167071669
1429,0.9606778622868308
1430,0.9856830650532507
1431,0.8572751993568986
1432,0.002696355977945145
1433,0.9984743533896876
1434,0.1455745937213478
1435,0.1846148904270896
1436,0.8067446297048408
1437,0.9942027903022386
1438,0.0007070324841648383
1439,0.4336338952245902
1440,0.29421235292137243
1441,0.7249777810592242
1442,0.8967610994065504
1443,0.16365248001270008
1444,0.693997121812317
1445,0.833090714141648
1446,0.9961998650321194
1447,0.9980734664637027
1448,0.45140766801169
1449,0.7886109228038185
1450,0.030551782403936828
1451,0.8347700076387868
1452,0.04460306984454767
1453,0.19118012920396169
1454,4.155791484453448e-05
1455,0.10637077923424539
1456,0.00010818159520318828
1457,0.9985691262834382
1458,0.7662352160550923
1459,0.06513423815021271
1460,0.9119538885885049
1461,0.9258479431060171
1462,0.4706933678051797
1463,0.7386573974018623
1464,0.8119708190080188
1465,0.001443360536799536
1466,0.7218528754905473
1467,0.09544792357332141
1468,0.7054117749466566
1469,0.18250662364674552
1470,0.9911049559764421
1471,0.00025836596742778104
1472,0.9815409292954914
1473,0.12308301773847434
1474,0.04251572635048934
1475,0.6914303022051694
1476,0.098678240649828
1477,0.47219511473615877
1478,0.09535280787295379
1479,0.9997439271917234
1480,0.9982810296860692
1481,0.03978270257131727
1482,0.9933840681106421
1483,0.9433131310615248
1484,0.02438936974202305
1485,0.8823184814059701
1486,0.8305085936106542
1487,0.7937637150113493
1488,0.9999980233713519
1489,0.0685333871252634
1490,0.9754573408422809
1491,0.46748749659363636
1492,1.115281165643902e-06
1493,0.04049237686651929
1494,0.11936651141210441
1495,0.7942276701928669
1496,0.2837422820086836
1497,0.006465212428535764
1498,0.9982167032216909
1499,0.005438942023441534
1500,0.041809643314504125
1501,0.14254551894870007
1502,0.941932481672511
1503,0.9959253925993238
1504,0.5126896070368341
1505,0.0016366064098297295
1506,4.800672957390959e-05
1507,0.00013456520912738786
1508,0.11394703016471304
1509,0.8883101558855585
1510,0.29039422173544016
1511,0.3831533902630511
1512,0.13201057097397037
1513,0.9669606098153014
1514,0.6000447315729531
1515,0.005968899086851825
1516,0.03804148657233254
1517,0.13860808565211755
1518,0.945762582751624
1519,0.9791031105324811
1520,0.023446849289565218
1521,7.933189812916978e-05
1522,0.9446787117479675
1523,0.9554817636160793
1524,0.9984540322681094
1525,0.06986631770884869
1526,0.3104349386451294
1527,5.6388002405057676e-05
1528,0.33903678020021794
1529,0.19394396181773743
1530,0.4050795101478844
1531,0.1333433166489823
1532,0.00860644474648101
1533,0.999169381233194
1534,0.32554362450840246
1535,0.03350469535080704
1536,0.9915735956710314
1537,0.025771266819260442
1538,0.24225571217114292
1539,0.9793248300778254
1540,0.9987831852281015
1541,0.0288235244528209
1542,0.2756560460391709
1543,0.8224728724720105
1544,0.8579329949011556
1545,0.010345624141583201
1546,0.03505672377392718
1547,0.0007454924310976029
1548,0.779688812382207
1549,0.7836600395281137
1550,0.46855869218198976
1551,0.6786742636498294
1552,0.8821082456467584
1553,0.186860280252149
1554,0.005624231113237567
1555,0.9940169766202424
1556,0.9928066516402261
1557,0.000657088867051502
1558,0.854453345768549
1559,0.5517002429358983
1560,0.08916909491440315
1561,0.9795308542241064
1562,0.09226412662663644
1563,0.7495873421097506
1564,0.8672923827825524
1565,0.410798229127281
1566,0.957023998322581
1567,0.2557743638943591
1568,0.9289953663043785
1569,0.015012099625367857
1570,0.011824034857929367
1571,0.9255910125493976
1572,0.0019318219113021986
1573,0.5185778684657465
1574,0.01002932282873952
1575,0.6419113973911003
1576,0.04709006644842545
1577,0.14309362610289414
1578,0.9955143337817626
1579,0.6567055370252023
1580,0.12812331563887683
1581,0.3050578417264008
1582,0.5090313706558565
1583,0.14319530091289717
1584,0.9905226543721232
1585,0.00010904725574816642
1586,0.9987406822938507
1587,0.9992495123440885
1588,0.9999932817797716
1589,0.9988595008456896
1590,0.9933151071388634
1591,0.8866124572046751
1592,0.02100123364180082
1593,0.9572509701383779
1594,4.950229695863762e-05
1595,0.00016045398082432464
1596,0.00996367811116113
1597,0.0018053656781759732
1598,0.17530612876758658
1599,0.997248981035067
1600,0.9867109928266727
1601,0.34491798386731054
1602,0.3412552105050659
1603,0.9927930987095817
1604,0.5780585146909347
1605,0.9863373393443052
1606,0.2407945067771389
1607,0.34318198284918267
1608,0.2691898224236606
1609,0.00013204055807450058
1610,0.9945980657944798
1611,0.8068748070090725
1612,0.6139303811128012
1613,0.00015236907501688216
1614,0.9795447469648054
1615,0.9790168097523229
1616,0.15400305531733088
1617,0.7866127025258263
1618,0.19023662299785496
1619,0.9959617067045213
1620,0.0629116322479445
1621,0.9563816995373071
1622,0.2898518314260031
1623,0.9736591308766885
1624,0.9550109653925178
1625,0.43354400719694974
1626,0.005954670679658706
1627,0.9886277562080416
1628,0.99924375687536
1629,0.016049261592623314
1630,0.012547728403595538
1631,0.9633245570191953
1632,0.9845008149657244
1633,0.573598147417467
1634,0.9957746182180167
1635,0.003354894298402993
1636,0.549701345458184
1637,0.0013626804546233535
1638,0.011803568813694286
1639,0.0021963321180131033
1640,0.007919757766206816
1641,0.7292860093203491
1642,0.7223764950065661
1643,0.9943386024257337
1644,0.992912859357861
1645,0.09376758571548487
1646,0.9922120920559234
1647,0.06572368541045844
1648,0.7725017772623176
1649,0.8352164176467363
1650,0.3833008013416601
1651,0.01618531475984223
1652,0.6340657318242736
1653,0.01542098384877521
1654,0.28899703633547846
1655,0.9999405044703117
1656,0.007322698079571531
1657,0.9269784480175209
1658,0.36626171998836815
1659,0.09064619547765233
1660,0.9934633012632457
1661,0.12404080978322338
1662,0.9992573882039156
1663,0.07306070020002935
1664,0.9696602108863931
1665,8.608080233830165e-05
1666,0.642611355715823
1667,0.9999550152894408
1668,0.7070129149771534
1669,0.06166324016310277
1670,0.8208393234963888
1671,0.9991074599566007
1672,0.9915278532486701
1673,0.0003040146827554038
1674,0.14594206453430508
1675,0.9584505829926178
1676,0.3553381385713915
1677,0.019440558458525627
1678,0.5460972125499052
1679,0.9797227453584478
1680,7.956933326882883e-05
1681,0.45440370616324455
1682,0.9169732441952124
1683,0.01342526010923702
1684,0.9414357366995776
1685,0.9985583043785495
1686,1.3484647499127933e-05
1687,0.931301338645042
1688,0.8906299432369105
1689,0.9951493047803776
1690,0.5447101997729916
1691,0.03857122229396064
1692,0.7441291632617519
1693,0.3655856640062101
1694,0.5075142113716149
1695,0.9677582838454273
1696,0.00027327780028567886
1697,0.0025015945584115034
1698,0.9984350906312085
1699,0.9966692609901839
1700,0.0009807948695232784
1701,0.11363611532517771
1702,0.06353056531338032
1703,0.5918273036272057
1704,0.004223729405081115
1705,0.9900812082862932
1706,0.9848546587027901
1707,0.5133863580665091
1708,0.021152585297834287
1709,0.9407149052995722
1710,0.9208084340384232
1711,0.015645605356597918
1712,0.007476879703653084
1713,0.008179614859038526
1714,0.997671578750414
1715,0.0018822619742204186
1716,0.18092966648342518
1717,0.23458685741155028
1718,0.39791381709557216
1719,0.9859893664902378
1720,0.9999428354872038
1721,0.9999456122990787
1722,0.32580468482295677
1723,0.9918801270284479
1724,0.06036567973306959
1725,0.8810765616517011
1726,0.17356521861930088
1727,0.7625437758556339
1728,0.8676388634712253
1729,0.8984436973004685
1730,0.00012004759667480314
1731,0.9902196888952637
1732,0.4127639105570718
1733,0.848505688943644
1734,0.006706467035541448
1735,0.9893335678366082
1736,0.058148205955380734
1737,0.9700074926331851
1738,0.15177734280836652
1739,0.9512390551469705
1740,0.00048681104108315367
1741,0.0010100059463210998
1742,0.9915514843485456
1743,0.012571289400995778
1744,0.9797665665273944
1745,5.522237685569105e-06
1746,0.014603457006390918
1747,0.1525254821795359
1748,0.8084434701785799
1749,0.9801207187855665
1750,0.9174185583207236
1751,0.0005997308619481474
1752,0.13350820400593072
1753,0.9333697235907927
1754,0.5511818459450647
1755,0.7668736836009091
1756,0.9958728423034556
1757,0.988045118347663
1758,0.08880499366238427
1759,0.47687475687751724
1760,0.9723088370914967
1761,0.32723054054351286
1762,0.955045428480055
1763,0.0002673943563540232
1764,0.9999996710453872
1765,0.9972324602312894
1766,0.5410639904157581
1767,0.017855300761680477
1768,0.4719961178877406
1769,0.15034643993006924
1770,0.0008816076921575497
1771,0.03051587572873999
1772,0.25925836158600024
1773,0.1780431642565107
1774,0.18909492533861263
1775,0.6557099189616471
1776,0.13332843555292329
1777,0.7554358441423682
1778,0.9446253303212035
1779,0.7825418721966676
1780,0.8824324650409724
1781,0.7163466676084802
1782,0.9957267659449481
1783,0.6194023996607048
1784,0.0005442707218436566
1785,0.9871017400184933
1786,0.7966078186333136
1787,0.9031708732995168
1788,0.9995899609305078
1789,0.6181039265523766
1790,0.9701957375976438
1791,0.0012866839562877214
1792,0.12369012634649218
1793,0.9990805616632494
1794,0.9989989354231179
1795,0.9926666375143709
1796,0.10352517789129952
1797,0.9011693258583794
1798,0.16036080542914208
1799,0.5373784519051231
1800,0.7506812329407092
1801,0.954440518914683
1802,0.999578770454662
1803,0.0023480766083149667
1804,0.9982237380713451
1805,0.911258822167525
1806,0.11604588335512558
1807,0.9980146601648466
1808,0.20261939343868432
1809,0.031180567890824743
1810,0.00021299896968994054
1811,0.9949474339003761
1812,0.6393825410143432
1813,0.9219578154116309
1814,0.00020981283010866763
1815,0.9986816721653237
1816,0.9979920501121862
1817,0.3196746099248208
1818,0.11486549167459738
1819,0.022178067324636695
1820,0.6840323073374972
1821,0.014877932482211682
1822,0.9381656770407125
1823,0.06976442832657306
1824,0.04188155841176326
1825,0.34478642733519677
1826,0.32986765436480514
1827,0.0016047528893160822
1828,0.010746765162666474
1829,0.9853676568077302
1830,0.4444621349432645
1831,0.09773095193961828
1832,0.0012207282220450433
1833,0.7989246513650973
1834,0.8512349993314955
1835,0.9999996156743227
1836,0.9999848470163039
1837,0.0021720283218475416
1838,0.5130552408719387
1839,0.7756918962830518
1840,0.027156718204039178
1841,0.20118869551538746
1842,0.07528015280147055
1843,0.9705910648087178
1844,0.19750220335089005
1845,0.9999904139410913
1846,0.8497150409964884
1847,0.9999670613641336
1848,0.9837331715344979
1849,0.010555584279862671
1850,0.9882861968670222
1851,0.9997233468803898
1852,0.010052389265970324
1853,0.999021859788916
1854,0.07622881762507021
1855,0.9983505835668037
1856,2.4146251782646187e-07
1857,0.015632628450350416
1858,0.9519770118596794
1859,0.07966445414703499
1860,0.96719012687681
1861,0.8835019102271636
1862,0.9299275013184198
1863,0.9117162554514681
1864,0.19922881892486102
1865,6.643127783397981e-05
1866,0.9956327271850891
1867,0.6266272459678592
1868,0.00306830036885607
1869,0.7451583121524489
1870,0.6117031446379548
1871,0.7861906539225619
1872,0.7219982858827905
1873,0.2504430910471242
1874,0.13126662528242175
1875,0.988343410404085
1876,0.9969601511035434
1877,0.8590740157313551
1878,0.9990336676192796
1879,0.6108692807842128
1880,0.9423634054496198
1881,0.15946468364545816
1882,0.05269333728944834
1883,0.7516502822884307
1884,0.005212304560176541
1885,0.1633246556872054
1886,0.0896011170059416
1887,0.6284047945362029
1888,0.07365841670880527
1889,0.9773349833181048
1890,0.00048538207390659126
1891,0.01380913124111728
1892,0.22806699946903808
1893,0.0011892046840027831
1894,0.5686741836072772
1895,0.0009696920052928406
1896,0.9954331752235406
1897,0.8845686381138929
1898,0.22666181310346803
1899,0.25257310532518257
1900,0.00015773283859973918
1901,0.18417292726954496
1902,0.6173235116260949
1903,0.08559795963779755
1904,0.0251063821446378
1905,0.9277042721837868
1906,0.17558661902297437
1907,0.703998315352198
1908,0.15505036045093373
1909,0.07112256321175041
1910,0.9984856770544098
1911,0.993807150298437
1912,0.3342522661669288
1913,0.2496923076362353
1914,0.9666947790684328
1915,0.43125187690369843
1916,0.27923836946989355
1917,0.03014703001980396
1918,0.000746539202821531
1919,0.9182292103434996
1920,0.2864022372338884
1921,0.0019001264439128763
1922,0.5136788447298362
1923,0.9750039916922455
1924,0.8452284784063503
1925,0.9998779059671512
1926,0.11248716699804816
1927,0.00984882120283342
1928,0.9590911076196855
1929,0.9997798118534807
1930,0.0032671938598842804
1931,0.8953531528311264
1932,0.6737261748468232
1933,0.26195569313141465
1934,0.005232636811933768
1935,0.7736552762900903
1936,0.02685997566198987
1937,0.10082075969985105
1938,0.9274958483363386
1939,0.9952588221400412
1940,0.8376245067032994
1941,0.9475103252625957
1942,0.05954515043559038
1943,0.19351297381911944
1944,0.5524838955523954
1945,0.4996944893023721
1946,0.9785909574438788
1947,0.4811064063025513
1948,0.9562110527792353
1949,0.9989851253192044
1950,0.007079662068834378
1951,0.19652274985344415
1952,0.9985195832682666
1953,0.964512171077654
1954,0.7464827878222676
1955,0.9948210141436213
1956,0.037125311138470986
1957,0.01832415689277473
1958,0.1563508181994513
1959,0.9962461571490543
1960,0.9904260714594789
1961,0.1353983915477872
1962,0.2925750879681008
1963,0.12310324120603529
1964,0.0026531474934324397
1965,1.2202423568881724e-06
1966,0.9518348982445316
1967,0.021823153489120718
1968,0.9979541181987359
1969,0.7790852709901749
1970,0.9925387310931703
1971,0.9933193503296421
1972,0.009877429182527432
1973,0.3752413432703412
1974,0.5627965038809968
1975,0.9619918267281388
1976,0.9924603592519862
1977,0.43934624211238865
1978,0.007080523622318954
1979,0.6258562552916017
1980,0.45539989937619724
1981,0.49348191116740037
1982,0.6832128704344861
1983,0.9799365065058101
1984,0.98812022874706
1985,0.9781415903683606
1986,0.0005063787593737249
1987,0.3797047807319403
1988,0.9804836916402611
1989,0.007671656782778542
1990,0.6521996536240992
1991,0.9772221694555158
1992,0.9963167873016778
1993,0.9855722852637301
1994,0.8280482065973032
1995,0.0152921846902174
1996,0.485076372296391
1997,0.000326055912778213
1998,0.4260946668003862
1999,0.8952595816455899
2000,0.9997009420446729
2001,0.4336877779578112
2002,0.9995087322412478
2003,0.7182109660436384
2004,0.4161367694835255
2005,0.0003938697985008782
2006,0.24331298627577883
2007,0.4470623906250205
2008,0.7462630774957711
2009,0.36828744344821185
2010,0.7586605137112266
2011,0.03779288116379699
2012,0.44084223611729195
2013,0.0374886509090934
2014,0.9677211460123034
2015,0.9643735977965293
2016,2.199891473201982e-05
2017,0.9999673133998558
2018,0.8905881941836702
2019,0.8793073036018833
2020,3.038127672462966e-07
2021,0.016561915474107455
2022,0.9920891280972303
2023,0.027218361936698073
2024,0.9552863963689345
2025,0.8672367620043138
2026,0.017001870488972132
2027,0.3690390285952669
2028,0.7311163687952391
2029,0.3442865143458567
2030,0.9984098492755293
2031,0.021956984240959154
2032,0.00021939277816435715
2033,0.9711928308381189
2034,0.9999030124187224
2035,0.7813978069994507
2036,0.10925308244586258
2037,0.9800264523429211
2038,0.9524266902686072
2039,0.47719839702032
2040,0.05782961340736442
2041,0.028135663912035064
2042,0.21391363493946397
2043,0.9953305985757296
2044,0.000294676094456719
2045,0.42549561756886434
2046,0.6794412890474939
2047,0.97521299561524
2048,0.000369107588019434
2049,5.929691681254212e-05
2050,0.95322359334759
2051,0.7149625723860701
2052,0.9796505927769691
2053,0.12782280019470996
2054,0.9542863478019501
2055,0.19755639031087424
2056,0.9978331112924709
2057,0.06641921957261045
2058,0.980941263824635
2059,0.979739470355194
2060,0.0017786048311818107
2061,0.815548461907227
2062,0.00028779081516091474
2063,0.8778907262095399
2064,0.28528161810184155
2065,0.0248940726472735
2066,0.8425809957486977
2067,0.9855279215143863
2068,0.0008819879740725057
2069,0.9982761203642614
2070,0.6042652811845239
2071,0.5549730456699729
2072,0.9670151527337912
2073,0.08536943723503075
2074,0.767702387665414
2075,0.012760082592129789
2076,0.007709875506439262
2077,0.9575770454259259
2078,0.9919798406171115
2079,0.5876104209752939
2080,0.935492351464738
2081,0.9993126959456554
2082,0.11470100603869877
2083,0.0585365018597281
2084,0.9986725708165263
2085,0.8835183760070467
2086,0.0348742820254135
2087,0.018993844599165047
2088,0.0026032521641782018
2089,0.805627351523561
2090,0.31537395362594567
2091,0.019995128706569314
2092,0.6277908971952821
2093,0.7129005651392276
2094,0.13029450021046987
2095,0.99582609775139
2096,0.7078731526888575
2097,0.022081114238182053
2098,7.266850904030787e-05
2099,0.6308956777125838
2100,0.998967677405097
2101,0.04555808172657415
2102,0.9832240536876369
2103,0.48778988519348504
2104,0.0014311913235058944
2105,0.2366570265714328
2106,0.995201770218741
2107,0.3034412585498723
2108,0.8919998923439654
2109,0.22067713321844776
2110,0.2293636396459624
2111,0.9506826835625581
2112,0.010109531504222195
2113,0.19273915323040894
2114,0.07309035888446344
2115,0.8721045864147922
2116,0.6489370696589462
2117,0.006277013484988749
2118,0.8861522094903246
2119,0.036816394160565764
2120,0.901697512999105
2121,0.5228058356887658
2122,0.28169059988496087
2123,0.7957289801097949
2124,0.007994935256316522
2125,0.5030724604154534
2126,0.572587546475601
2127,0.8192247909773513
2128,0.2689761307869974
2129,0.011510118288760774
2130,0.145335925279896
2131,0.0005213997217830631
2132,0.9999639589661895
2133,0.4872768108443557
2134,0.15046014292611826
2135,0.5018335667986
2136,0.0029566682650735837
2137,0.006075857498050629
2138,0.2679703564264263
2139,0.19263060585473335
2140,0.03444154407024631
2141,0.8991377487905664
2142,0.017795650791951046
2143,0.02127959665475128
2144,0.1816929647631944
2145,0.8351850494923804
2146,0.09361295954672573
2147,0.1806645802819501
2148,0.5619441600942204
2149,0.9946475094249496
2150,0.7359966213802853
2151,0.996387299055077
2152,0.9881684451685951
2153,0.4770028961231086
2154,0.2457394484837681
2155,0.05686279052572822
2156,0.6152502874698794
2157,0.035593264924129876
2158,0.9999305867940718
2159,0.9618099545082186
2160,0.07480879241865437
2161,0.9244039139123966
2162,0.8219495009124335
2163,0.0367703633187461
2164,0.08896403688641757
2165,0.022422874796588253
2166,0.9916255447947877
2167,0.8332310055040222
2168,0.6172543629550485
2169,0.8416337667467098
2170,0.8221858352644366
2171,0.7845263412521454
2172,0.9058500563392651
2173,0.9627669404860324
2174,0.470786906644656
2175,0.2653459347161476
2176,0.013004304477063782
2177,0.9998103890312141
2178,0.2828845498013757
2179,0.04421258335456039
2180,0.9990001789396441
2181,0.9822016987667788
2182,0.018997975564968444
2183,0.994375658503281
2184,0.9987082253616979
2185,0.01993817361744038
2186,0.6481234568575477
2187,0.014638857559440896
2188,0.11094199889379752
2189,0.025215335565620646
2190,0.10817375763128015
2191,0.006888224897220029
2192,0.9734934928962626
2193,0.9809440510755674
2194,0.06234983161725505
2195,0.8683922469815266
2196,0.31719319022049725
2197,0.24619922276740985
2198,0.43988274668673605
2199,0.008351331828007635
2200,0.06027268352197486
2201,0.010091940600146699
2202,0.0037698255916614083
2203,0.9998826728917157
2204,0.933785833032836
2205,0.20007506960251095
2206,0.9193858506102194
2207,0.8645544292029853
2208,0.0522930411798325
2209,0.24961335377699617
2210,0.9956757503895918
2211,0.9063376711487748
2212,0.06181375917915814
2213,0.4691884831445899
2214,0.014066941695271661
2215,0.9999713632472254
2216,0.9967430131123681
2217,0.0032042617853752452
2218,0.8228635620658376
2219,0.9980293951525634
2220,0.9922520991952638
2221,0.21113580767261816
2222,0.18722999671301097
2223,0.9826336708053851
2224,0.9691517900623303
2225,0.46898281130107994
2226,0.9936668637455868
2227,0.12865674689348894
2228,0.7869731728549505
2229,0.06792877813037373
2230,0.2006692366486236
2231,0.10794039703142906
2232,0.006761158099976358
2233,0.0213857805335257
2234,0.9927697111537335
2235,0.5583488845216794
2236,0.993935410603719
2237,0.00031370859516083695
2238,0.6500148013818059
2239,0.0001362604226625538
2240,0.8049119332076939
2241,0.952702178181465
2242,2.8252275937426456e-06
2243,0.9972756188938
2244,0.003929163719305216
2245,0.5237943880510276
2246,0.8541119036769429
2247,0.006389259461744289
2248,0.014953706636982457
2249,0.07853686785384396
2250,0.9202404822534103
2251,0.000996847929922342
2252,0.18595091152968873
2253,0.998640442745087
2254,0.8640975051296163
2255,0.6005007806547156
2256,0.9846376850544909
2257,0.9913218380002082
2258,0.1681603865871901
2259,0.0012580291124884714
2260,0.1854553019078291
2261,0.8697167153158418
2262,0.0010831326016988952
2263,0.4733593460244414
2264,0.22438439952724834
2265,0.11820915708752862
2266,0.0816686814217795
2267,0.01664531684464242
2268,0.9985896118965022
2269,0.988243977739149
2270,0.9973739190238272
2271,0.01102697911624776
2272,0.9829414445529434
2273,0.18309733949167173
2274,0.9341284325559162
2275,0.0009452079944805132
2276,0.005335085348248564
2277,0.003470321611267545
2278,0.9894800198777366
2279,0.9915295314835405
2280,0.5387721856459595
2281,0.049389306008516994
2282,0.00018362004043615782
2283,0.1639764414805615
2284,0.0030744663984997446
2285,0.9864334495592622
2286,0.9628827443871129
2287,0.9950736575970397
2288,0.9522170579461243
2289,0.856568161629146
2290,0.9532153449809744
2291,0.9875154098515211
2292,0.4272385849653589
2293,0.9646184045772946
2294,0.015149111644773434
2295,0.8703638927088442
2296,0.6845412304476599
2297,0.004846890207505516
2298,0.9501703588984106
2299,0.9773961612928276
2300,0.9913902960701233
2301,0.023423037309582107
2302,0.9983816118263527
2303,0.37354713178131055
2304,0.8108958312521706
2305,0.9938984119958851
2306,0.002562517204137409
2307,0.9721991134237055
2308,0.01952638910847019
2309,0.9899542942094312
2310,0.004076222403374836
2311,0.39944973713542065
2312,0.9649291408190861
2313,0.37418408804490183
2314,0.027585246350200418
2315,0.05545837476369724
2316,0.377581353556636
2317,0.00020720192615416872
2318,0.7522009286454322
2319,0.3887570587557214
2320,0.8308087765518258
2321,0.18281415679905874
2322,0.9979417912934051
2323,0.65649064264318
2324,0.07103000918649327
2325,0.011943424513833028
2326,0.00949372010861988
2327,0.021493812773461643
2328,0.11884933931334969
2329,0.4820817373382094
2330,0.005172240972391269
2331,0.8895808847390336
2332,0.298502343853727
2333,0.13541045687912928
2334,0.010056506969182952
2335,0.25566724797576207
2336,0.5650090874301653
2337,0.8819338569526708
2338,0.960090703981259
2339,0.8133337590146205
2340,0.10305222781730457
2341,0.12116613989051071
2342,0.2940746000849636
2343,0.999096462773657
2344,0.9571862102623784
2345,0.9945322574454555
2346,0.5026948807041317
2347,0.8715590347050407
2348,0.038518200475134746
2349,0.011285872742191042
2350,0.42454817177533233
2351,0.037235459204911926
2352,0.2700064404820458
2353,0.18313236026136356
2354,0.2932723400312346
2355,0.5163205648627819
2356,0.0010053535293891636
2357,0.7040134396072972
2358,0.11389439583241105
2359,0.00011445666706495428
2360,0.8559900862447154
2361,0.23999391407014214
2362,0.0002972694369484565
2363,0.00608968897725984
2364,0.34480757921452243
2365,0.10549623397308701
2366,0.4535995773763277
2367,0.041773914892328554
2368,0.9993635967900183
2369,0.04402173472810178
2370,0.5148543665481129
2371,0.9152400958818467
2372,0.998448212852487
2373,0.9639539303409128
2374,0.0031699275784382794
2375,0.9988166197711918
2376,0.9944551814452917
2377,0.9456735077359667
2378,0.0001530172119715123
2379,0.08257072470884119
2380,0.009696404118008409
2381,0.9300417048735068
2382,0.0014536636179343211
2383,0.002400653484316003
2384,0.08261732890414226
2385,0.9527162439195545
2386,0.01701019539424442
2387,0.2859478091425456
2388,0.02850609871455228
2389,0.00246008349264765
2390,0.001240061377122752
2391,0.9355073729809483
2392,0.8157131420155337
2393,0.7542576231290956
2394,0.016021809966108084
2395,7.44176790514461e-05
2396,0.041861454874606255
2397,0.0017429600096188205
2398,0.979642436971054
2399,0.9554826589648752
2400,0.7716228031593333
2401,0.048089358354534914
2402,0.47458907066990774
2403,0.7948087539211589
2404,0.006608152897769569
2405,0.999983648638875
2406,0.9943887745574604
2407,0.121747655523468
2408,0.9959277927096407
2409,0.07317051290942607
2410,0.1975826248133827
2411,0.7812785893415485
2412,0.9226079754072485
2413,0.4725380886203194
2414,0.700594127485032
2415,2.2254428487833178e-05
2416,0.006517160784216639
2417,0.9999875322266009
2418,0.008702145047782201
2419,0.00464419826542123
2420,0.9795848085310812
2421,0.9997650260690881
2422,0.5125371067529798
2423,0.7959662564672306
2424,0.5958233852372948
2425,0.9554333967042691
2426,0.47024613484707073
2427,0.5864213128113572
2428,0.02013566743710416
2429,0.0008346173674527391
2430,0.9922509711896373
2431,0.640391745010542
2432,0.03955003779984478
2433,0.9896216041607696
2434,0.00831330498286121
2435,0.7443041925416043
2436,0.8769087861700597
2437,0.005747775579884762
2438,0.5210972049004622
2439,0.006891461395155214
2440,0.3141495172169821
2441,0.9862654578967579
2442,0.01269819615473828
2443,0.9047211468316104
2444,0.08542692706353289
2445,0.8920303435809828
2446,0.0003642072518975939
2447,0.0060506116798449035
2448,0.12848551445831105
2449,0.027018239581111367
2450,0.8653444767033837
2451,0.9980537564220769
2452,0.019681431890481358
2453,0.12593185182843888
2454,0.16990886250823484
2455,0.999988942798651
2456,0.9704040524577555
2457,0.29484778576620646
2458,0.3516865842735534
2459,0.672871818410624
2460,0.03910697891212671
2461,0.18098242178751528
2462,0.9997723662635218
2463,0.0700810299377363
2464,0.8236238641177666
2465,0.0029283843303943417
2466,0.001095475736569879
2467,0.9596623312635374
2468,0.11311152704743985
2469,0.9975813070260762
2470,0.00044850663816403376
2471,0.8942269952578624
2472,0.06974493056718843
2473,0.7921410934787224
2474,0.55493199547287
2475,0.9999960983058679
2476,0.9959463389335392
2477,0.09128530698644231
2478,0.9914442335760245
2479,0.5672449684331241
2480,0.975063958370624
2481,0.13277948194122688
2482,0.6504161817550023
2483,0.043873859767367365
2484,0.8751299876350901
2485,0.7627274695969298
2486,0.49127172317634576
2487,0.0047719677319630225
2488,0.7223528521418159
2489,0.9942565172556093
2490,0.9833477924524416
2491,0.8738291704135457
2492,0.9998000850171321
2493,0.39532243623664404
2494,0.9907574478898515
2495,0.03804748573214232
2496,0.9967539842687613
2497,0.988798677642102
2498,9.772741515817166e-05
2499,0.9991358582578398
2500,0.91654180918074
2501,0.015651882087563174
2502,0.8156382689623523
2503,0.0017239450578918469
2504,0.23745024728351158
2505,0.0005374631457616441
2506,0.5041768734998381
2507,0.9988856720588813
2508,0.9898710371370671
2509,0.9916641602987669
2510,0.00590535054178933
2511,0.021623637173397995
2512,0.5256064767491625
2513,0.7131851662578583
2514,0.15116448082748019
2515,0.020608372270588947
2516,0.0065659741882990045
2517,0.03866674096447991
2518,0.0827642192479639
2519,0.04483390936909553
2520,0.9704264166078836
2521,0.005985162632639038
2522,0.0009423693289428894
2523,0.6260355366247723
2524,0.011517820615416716
2525,0.44994138877708684
2526,0.970018959135593
2527,0.7182645142707985
2528,0.5538311380446356
2529,0.0007557983488065409
2530,4.6121788297460085e-05
2531,0.9924240780221156
2532,0.11989032120807856
2533,0.4540842311656405
2534,0.1907664897789962
2535,0.1921074588383426
2536,0.6882915489464251
2537,0.62682626676461
2538,0.0003073888168081869
2539,0.9886646337860523
2540,0.7685416694434637
2541,0.15846225719706894
2542,0.99203691813198
2543,0.9951740904448964
2544,0.9851402781641354
2545,0.7319213376574097
2546,0.9205626585792085
2547,0.09751263753829799
2548,0.9926570395758433
2549,0.0069732613106898165
2550,0.08532903957279218
2551,0.9993518025389454
2552,0.9928431881700437
2553,0.9535630705433675
2554,0.9748016514310269
2555,0.07890833516913026
2556,0.9152815662932419
2557,0.14725106661365098
2558,0.5146664210569534
2559,0.005695114137666714
2560,0.12057526697889505
2561,0.03992625002028967
2562,0.019993064546158103
2563,0.06660182374947954
2564,0.00011393110953720364
2565,0.9716946469382272
2566,0.03393303620949618
2567,0.03707768356289528
2568,0.25715158782173203
2569,0.004464092650867741
2570,0.8524227267812924
2571,0.042133258158905576
2572,0.021844358467461536
2573,0.9889570727284382
2574,0.00047806750776609375
2575,0.9950424403581573
2576,0.1336308724824684
2577,0.999387407015516
2578,0.6270214363776576
2579,0.7403770366307822
2580,0.003972834378517315
2581,0.15051871787623444
2582,0.9021853739173826
2583,0.8781861273975134
2584,0.35767026584545886
2585,0.000774462977157089
2586,0.09499017959223452
2587,0.11945121253029387
2588,0.4380471521690141
2589,0.9512822286440598
2590,0.9677276553269086
2591,0.27562486935146213
2592,0.8739624115135023
2593,0.050156561609390325
2594,0.30599406194250517
2595,0.998945987472656
2596,0.6730003190307461
2597,0.5676382905140824
2598,0.8935485204430526
2599,0.49350922728466506
2600,0.9364717455569519
2601,0.9678686468834603
2602,0.027341787484169926
2603,0.00019717312920366966
2604,0.641318024781062
2605,0.46369629554166036
2606,0.10130885496489753
2607,0.02150818155982264
2608,0.13087174555449685
2609,0.9887178343132914
2610,0.41096317057947207
2611,0.46454911779703284
2612,0.9605085875761189
2613,0.9875072082075139
2614,0.996559985625918
2615,0.9859288121107543
2616,0.9999995698409517
2617,0.42876749090768634
2618,0.0073954813014141954
2619,0.3716339841545918
2620,0.9952813906836765
2621,0.06723629176860368
2622,0.9905854265185206
2623,0.5368690488046071
2624,0.939095965353531
2625,0.8874078045303669
2626,0.014078161109203142
2627,0.9964920467679755
2628,0.9910634629069969
2629,0.9010667391089829
2630,0.9872161965857622
2631,0.9215054162559221
2632,0.19361312513884027
2633,0.9722379476235473
2634,0.9850171166412565
2635,0.12039230866042942
2636,3.6574238353873706e-05
2637,0.03069096047864908
2638,0.6409426760165101
2639,0.0004419033080773183
2640,0.9966514826556805
2641,0.8838786512248872
2642,0.9322712813790353
2643,0.012226340661139288
2644,0.21485780457834544
2645,0.05747036550991269
2646,0.9958617209369234
2647,0.4787790529907864
2648,0.9987870466294018
2649,0.01841266795215873
2650,0.03941044854612531
2651,0.958140822482478
2652,0.0018352860167288767
2653,0.15035930124668742
2654,0.07056228951933
2655,0.002226081523217922
2656,0.1253112107349366
2657,0.990923153914629
2658,0.02099932367800831
2659,0.0005852095714859807
2660,0.009712659110922296
2661,0.9829463517425369
2662,0.1348452528504388
2663,0.9108983818570983
2664,0.8400722199875451
2665,0.9386306471695868
2666,0.9934177068453895
2667,9.379104149245708e-06
2668,0.7168399697561263
2669,0.7442587448328992
2670,0.895543370942961
2671,0.00022606012467988622
2672,0.3829158129305657
2673,0.00010760260070967885
2674,0.9993076148305076
2675,0.024364661422662744
2676,0.9772461847718297
2677,0.11520702083077176
2678,0.04921548848720914
2679,0.42457107021981766
2680,0.05425883179013766
2681,0.33921573397945165
2682,0.09289000187797616
2683,0.11152884640979506
2684,0.31381174884592516
2685,0.707858143815716
2686,0.015875605111721036
2687,0.8379241922268869
2688,0.001104396478141334
2689,0.9022801800908764
2690,0.9928711754467959
2691,0.5656159666820784
2692,0.9989813046161781
2693,0.90281553470991
2694,0.17123434240150534
2695,0.09195714792731563
2696,0.9987535124000247
2697,0.813732431881872
2698,0.047919814193739155
2699,0.12819997566744382
2700,0.04875608591007312
2701,0.5626991216461693
2702,0.0024588673009286422
2703,0.9791101206026375
2704,0.0005059187447906293
2705,0.9883017834242899
2706,0.9988134797363882
2707,0.36019620111746636
2708,0.3193397744863914
2709,0.9974325917570402
2710,0.9538853734306101
2711,0.009263859895769895
2712,0.09945011230663425
2713,0.9966048544141333
2714,0.9418972087550345
2715,0.9999385944842649
2716,6.409387096247609e-05
2717,0.004518152339574953
2718,0.9964852353010188
2719,0.12798718067444717
2720,0.8644779077344021
2721,0.6501980322810935
2722,0.539137206258838
2723,0.7137696641939107
2724,0.15672409780300667
2725,0.013501219863813044
2726,0.4166202569238699
2727,6.709413713190904e-05
2728,0.9965495420624592
2729,0.5021332877844547
2730,0.000711060332994835
2731,0.9652229168139089
2732,0.7045489333570086
2733,0.2460168900850644
2734,0.9996085131638242
2735,0.9989852202398651
2736,0.5443762600882895
2737,0.041946945041932665
2738,0.9974813317693585
2739,0.9368341912083761
2740,0.9848790655489538
2741,0.047412464898031935
2742,0.018457244048044052
2743,0.05861328866966814
2744,0.7458080275655427
2745,0.22845543742361582
2746,0.7420645054571787
2747,0.2927854629203264
2748,0.004825998508486169
2749,0.9975194663380584
2750,0.989356968059614
2751,6.481065617989168e-05
2752,0.11770540616558905
2753,0.0042725589534077036
2754,0.005696347255634224
2755,0.005875221622441392
2756,0.707434088427061
2757,0.9991028521204002
2758,0.9979501207340775
2759,0.017026177021731103
2760,0.0994677291735417
2761,0.99968434489589
2762,0.9091954528820907
2763,0.20857666532079375
2764,0.0673095613360895
2765,0.642943993311681
2766,0.10080497897342036
2767,0.10461575058898438
2768,0.14713701387571163
2769,0.9824100940616325
2770,0.2665442253226283
2771,0.03161016207880672
2772,0.9703382971504494
2773,0.9957796400263219
2774,0.5069829667500572
2775,0.5031795879806039
2776,0.9971644613615624
2777,0.9999917570755907
2778,0.03375565268855128
2779,0.38212231085760395
2780,0.8117967704276299
2781,0.02203163257599297
2782,0.01547476129358486
2783,0.8971313645469379
2784,0.5886573187324537
2785,0.9824660906631842
2786,0.014768221489832199
2787,0.050246924925547526
2788,0.48480323081308235
2789,0.0013902936371022185
2790,0.28590733283638453
2791,0.004094075725157385
2792,0.9560601711851285
2793,0.23097504027934188
2794,0.8543870300268773
2795,0.09604341795621199
2796,0.9408369372466933
2797,0.8164662965003505
2798,0.6877438562810604
2799,0.009189474254320956
2800,0.6034995643011515
2801,0.02238960289343544
2802,0.0006853103754568652
2803,0.001076387396171172
2804,0.9997096126941909
2805,0.09798736073716745
2806,0.7732022611290115
2807,0.01788827749403678
2808,0.00015543996630831882
2809,0.7191883982354528
2810,0.6569428708989102
2811,0.0006100920532162435
2812,0.9850591515839039
2813,0.99970577648745
2814,0.6568535087422797
2815,0.8888515651789574
2816,0.1450029088161264
2817,0.8895871686150237
2818,0.9209303247076329
2819,0.08286839015391909
2820,0.0005068364589699575
2821,0.08229843029251542
2822,0.9991471508496059
2823,0.9132544897833026
2824,0.8792614002832182
2825,0.00394440623434822
2826,0.6981176363712699
2827,0.809567522205441
2828,0.9566643947857587
2829,0.079053917032249
2830,0.6373025175354968
2831,0.857247592109836
2832,7.929029970535901e-05
2833,0.9998255635978172
2834,0.40576533533438847
2835,0.9939110042074293
2836,0.9823819760909515
2837,0.1387038193825323
2838,0.9411746592707055
2839,0.06018048403618911
2840,0.7874509336973053
2841,0.8797960088799601
2842,0.7069422483852578
2843,0.2609157698260783
2844,0.02567648732976772
2845,0.9845358514440737
2846,0.5464779426627645
2847,0.1351267816875118
2848,0.3648858928031165
2849,0.2635817809446254
2850,0.033344288971000516
2851,0.4695127509925438
2852,0.00043661363926304606
2853,0.11655914254609151
2854,0.05181011828504941
2855,0.20279752250827707
2856,0.8959838615644529
2857,0.16668980516308782
2858,0.1554914032976827
2859,0.0073681887601307425
2860,0.021726970383282165
2861,0.17286232609984392
2862,0.5439652221931074
2863,0.9874917725529416
2864,0.3143972959090323
2865,0.9996805269201295
2866,9.77221566732399e-05
2867,0.004244531347543117
2868,0.07223788917839014
2869,2.377501799484316e-05
2870,0.9921130082169031
2871,0.00037104829943057784
2872,0.9997624604621187
2873,0.297396830535994
2874,0.3918976709689591
2875,0.006228706379313962
2876,0.9915685790359376
2877,0.483987382514477
2878,0.04250206571255374
2879,0.688623193543718
2880,0.9104959790195394
2881,0.884631826710584
2882,0.053680420425447184
2883,0.6681213188063174
2884,0.0749887777761085
2885,0.957636870164898
2886,0.09297474664083426
2887,0.016760577690550733
2888,0.69231138985313
2889,0.0023023306323143844
2890,0.5655624686762666
2891,0.40364115870115685
2892,0.012904877509162957
2893,0.362090718798454
2894,0.008771793200872522
2895,0.4837462563496939
2896,0.9989134897950331
2897,0.061335942748987765
2898,0.9927073726930069
2899,0.020757555443276
2900,0.8346739534448487
2901,0.0930436877448575
2902,0.29142581466805667
2903,0.9910829437306908
2904,0.055104135939501905
2905,0.3741003752175459
2906,0.37917877835034336
2907,0.986241044584717
2908,0.999838637318587
2909,0.9608916053129983
2910,0.012615616770588573
2911,0.9694376689588239
2912,0.03451533961181277
2913,0.05385177242422958
2914,0.036099339600488875
2915,0.5467775797790673
2916,0.7884230994774689
2917,0.0005557995345925274
2918,0.9762137546917633
2919,0.004431135153069047
2920,0.003909694543422954
2921,0.0018855055449931552
2922,0.0010041548213397021
2923,0.9962601279335834
2924,0.15549047763042764
2925,0.022279941894095167
2926,0.04560650453529882
2927,0.9440587330733043
2928,0.8567829396919924
2929,0.0010622718715399548
2930,0.9967668762378651
2931,0.17295464513698242
2932,0.9863423028998708
2933,0.4571394021528464
2934,0.01332322236133418
2935,0.9996335999374536
2936,0.00017194675498076627
2937,0.9998505183437043
2938,0.2294113842687463
2939,0.05494224554518334
2940,0.48643868813192026
2941,0.9148760205693907
2942,0.6069120701141042
2943,0.7863371761198069
2944,0.9908681872693132
2945,0.009733567186214553
2946,0.1449695288005113
2947,0.6221879977384489
2948,0.0005231656315107398
2949,0.05063438373612653
2950,0.00047414912623960323
2951,0.04774115018742259
2952,0.01127812372804401
2953,0.7599206250915499
2954,0.05459030502249072
2955,0.13549271840824384
2956,0.9706342349089638
2957,0.0033723550475722734
2958,0.002581419486578857
2959,0.9464106140510647
2960,0.9973166779978335
2961,0.08743202672050643
2962,0.8029304049669944
2963,0.6288898643616514
2964,0.21832389908496322
2965,0.02580014959070316
2966,0.779195410128098
2967,0.6040888837069104
2968,0.15189726389419736
2969,0.985530660012908
2970,0.6895230803344219
2971,0.8782916254378085
2972,0.7502978561193335
2973,0.0013188034694298217
2974,0.0350974886229333
2975,0.011860196058844263
2976,0.6415304086609821
2977,0.5168244351556575
2978,0.14343305674899115
2979,0.6595524858299489
2980,0.13594418608731404
2981,0.9879497716996932
2982,6.350455116648419e-05
2983,0.8841066182679174
2984,0.003182642696593411
2985,0.956607666310222
2986,0.9744194638114474
2987,0.0028669257633695718
2988,0.8560751246615211
2989,0.013795691035272695
2990,0.2409717785489687
2991,0.5351947349490388
2992,0.06345639697888442
2993,0.05808390222572559
2994,0.8781970634475192
2995,0.98942701090786
2996,0.9136277419928418
2997,0.9830469247191029
2998,0.4217977124248247
2999,0.9999029848636742
3000,0.09322452357747385
3001,0.03971147040846644
3002,0.21463272963206015
3003,0.6987446640403793
3004,0.9033268043511576
3005,0.14665155697658092
3006,0.0007637156733794697
3007,0.00035620756254218464
3008,0.8527860559193203
3009,0.9679549022302584
3010,0.048972806257052956
3011,0.7384123137684733
3012,0.904346932122045
3013,0.9523519042695989
3014,0.5380658838939931
3015,0.9793482544648016
3016,0.004722381962444145
3017,0.5903493435979789
3018,0.00010483735637256632
3019,0.39351289167652964
3020,0.9562572438365411
3021,0.21288367749155349
3022,0.012241724509956208
3023,0.99981346675275
3024,0.999380455587723
3025,0.39084273913711093
3026,0.98580326784825
3027,0.06997341890589925
3028,0.002067404011358043
3029,0.001747914568207125
3030,0.8966356572577272
3031,0.9990478088914065
3032,0.9972646880213379
3033,0.14658182701252576
3034,0.9772741640263665
3035,0.08674203268425262
3036,0.0010681455978906785
3037,0.8243717668674089
3038,0.6746797703596261
3039,0.0002585781640696146
3040,0.11788045081303551
3041,0.1558222396334629
3042,0.11990078068247695
3043,0.8447908430006967
3044,0.9999829495230055
3045,0.10568597594414789
3046,0.009316475823921932
3047,0.9175905989881451
3048,0.4784072237333182
3049,0.5027561561065329
3050,0.9851373074641095
3051,0.2494965562306183
3052,0.000437937355031851
3053,2.5889262031738723e-05
3054,0.43676138415503407
3055,0.5177120274880588
3056,0.9702397186771708
3057,0.3287358942500795
3058,0.04611094438031252
3059,0.9737632477020145
3060,0.8905611149575728
3061,0.0005177948995619927
3062,0.9923397008916565
3063,0.9929117663036212
3064,0.9943694475214766
3065,0.999871216086898
3066,5.849505875821654e-05
3067,0.9937715436756513
3068,0.00011934407719950825
3069,0.38036389600998843
3070,0.9998467824754727
3071,0.007557603151700581
3072,0.012754596687276893
3073,0.783539850317223
3074,0.8303223821263135
3075,0.9958772864245888
3076,0.01754389941061475
3077,0.0013894756604800186
3078,0.9849880362402871
3079,0.8575893015078606
3080,0.5515913564543334
3081,0.32892005731219276
3082,0.665849813900313
3083,0.9634053548225271
3084,0.7449188547278945
3085,0.28780619458321505
3086,0.998034411682345
3087,0.9996013655575495
3088,0.12162360795248865
3089,0.14353128692765582
3090,0.9956728794187869
3091,0.540955648007858
3092,0.998011067274329
3093,0.3291780164967524
3094,0.014507318853550243
3095,0.9995812627828349
3096,5.5410681051054534e-05
3097,0.9988386359964956
3098,0.0001695244129636782
3099,0.002916380217344879
3100,0.13257962854642885
3101,0.3559518476046092
3102,0.9911467585041543
3103,0.9876034322883146
3104,0.36984673017054315
3105,0.8624247772553184
3106,0.19945031872075583
3107,0.18924793461538014
3108,0.028868327854341465
3109,0.966151090793955
3110,0.008265392737371096
3111,0.9934303067892567
3112,0.6483402385156729
3113,0.09624759177200254
3114,0.5661710790608538
3115,0.020824774819156375
3116,0.9776615384788441
3117,0.9952880025786391
3118,0.24653892948728975
3119,0.9643827945347665
3120,0.02039774309949145
3121,0.34030587429620174
3122,0.023412148840036083
3123,0.21034567843866792
3124,0.870666729431218
3125,0.09128330285225286
3126,0.9813968356479302
3127,0.14513727694755682
3128,0.05069535474213218
3129,0.914101637209621
3130,0.8388464203042472
3131,0.005331027943326445
3132,0.622499313721867
3133,0.8122714184972329
3134,0.03682713542190501
3135,0.999946366700639
3136,0.9984170365745269
3137,0.9963856717965389
3138,0.5311524289995202
3139,0.005697107799977765
3140,0.4126874618055457
3141,0.00024388879241754943
3142,0.6863093753966334
3143,0.7864372201291016
3144,0.3248386104241734
3145,0.007404253095662832
3146,0.0034689668395343565
3147,0.13965525056827993
3148,0.6742868100892393
3149,0.9848947964751563
3150,0.059622566058335554
3151,0.7590337519990307
3152,0.4944853522025729
3153,0.9930553845332175
3154,0.7243261419128069
3155,0.0011817150025043997
3156,0.005579386228941912
3157,0.9994126966596472
3158,0.7806088098682629
3159,0.0024581456476645016
3160,0.9995946410593938
3161,0.038520051313389446
3162,0.01458371260616585
3163,0.8626989548873473
3164,0.015771153696228443
3165,0.6774483114074614
3166,0.9872354700459565
3167,0.5612127342199794
3168,0.011591133890681652
3169,0.9980043549946456
3170,0.04481328937877587
3171,0.9970430183043609
3172,0.9998921613089518
3173,0.006739157649068342
3174,0.3804970874627668
3175,0.9165744636672004
3176,0.5169515111094107
3177,0.8970336463130585
3178,0.463387875886131
3179,0.8135815458337612
3180,0.9799195266415139
3181,0.0034326976333454357
3182,0.010910043790508509
3183,0.20227571459520968
3184,5.340402742993508e-06
3185,0.9972303891242704
3186,0.9496075946701743
3187,0.010559734735001537
3188,0.8972154042626228
3189,0.9985217104936063
3190,0.9634158372190251
3191,0.9999379893691895
3192,0.9953833864764126
3193,0.49636200928353413
3194,0.9989832813206868
3195,0.9982657923340241
3196,0.9820917557551235
3197,0.0020956605209069045
3198,0.9683133553496027
3199,0.9027982119427563
3200,0.42511902552013175
3201,0.009816728836763511
3202,0.6792848624230545
3203,0.9881922491149434
3204,0.8106620797527008
3205,0.9705130746843211
3206,0.6239022051572729
3207,0.579677046453904
3208,0.06421804210386212
3209,0.9944342807763789
3210,0.7540648708033871
3211,0.9999418247369461
3212,0.9923424534760631
3213,0.9876780254359607
3214,0.031208756885504788
3215,0.42314548151809894
3216,0.05331597546527447
3217,0.883729635430776
3218,0.9975617664117562
3219,0.1327917080119204
3220,0.011951956933478464
3221,2.0032347125963255e-05
3222,0.44377246713860324
3223,0.9622086143536458
3224,0.1831038690278182
3225,0.11683544011580123
3226,0.28597681364556776
3227,0.999888971690888
3228,9.239431669747849e-07
3229,0.6158851393668447
3230,0.9581302711876208
3231,0.7995408584658611
3232,0.04040800135109962
3233,0.9974125820513817
3234,0.0013830669599443075
3235,0.9959528851302442
3236,0.9810792857969473
3237,0.0065152759787047085
3238,0.09705235041035043
3239,0.3656135362363695
3240,0.9958831148165331
3241,0.0019407457355780163
3242,0.0013318971830095301
3243,0.9753976418831037
3244,0.7950250787871169
3245,0.960238037164405
3246,0.9905876753957105
3247,0.9469345745780687
3248,0.33087280440741906
3249,0.0013101768010997578
3250,0.40913388151026525
3251,0.9973646743961267
3252,0.9896554285089922
3253,0.9997810105232587
3254,0.00020168723768750543
3255,0.9992378372831706
3256,0.17848245290896297
3257,0.010566799236207947
3258,0.8799497868783897
3259,0.046439306028142585
3260,0.02619530038203824
3261,0.86136812692744
3262,0.07006129512262026
3263,0.04173131965769557
3264,0.25820581791013225
3265,0.5373730133843412
3266,0.08145012570727034
3267,0.01552249670512219
3268,0.17695887991211953
3269,0.34698788524878715
3270,0.0645269516715552
3271,0.9972820412767902
3272,0.5361751568961459
3273,0.9915914007588482
3274,0.6713744603047784
3275,0.11680595820726383
3276,0.002161581920637668
3277,0.004296347698776604
3278,0.040354162635798815
3279,0.964660576125324
3280,0.0003962472338696419
3281,0.7750157930375967
3282,0.08449088430496259
3283,0.04847798558716526
3284,0.9993256964020238
3285,0.9899967203454731
3286,0.9955686538145401
3287,0.9381921609715669
3288,0.9993456208780451
3289,0.0007016687956373139
3290,0.01400293345216819
3291,0.13575991185437045
3292,0.9862659972090557
3293,0.003031462309562682
3294,0.8020569867106928
3295,0.11906702431310258
3296,0.9822444392262893
3297,0.3290232607828612
3298,0.9979343099353529
3299,0.7261844338579586
3300,0.25344702350775217
3301,0.05157087200052664
3302,0.9999618609559133
3303,0.6063331727525941
3304,0.7230628521303045
3305,0.9871719896514531
3306,0.8502805220497546
3307,0.9962781909647717
3308,0.15391287952113572
3309,0.011854324760160493
3310,0.8225612975589085
3311,0.9999639622580828
3312,0.6027354002671014
3313,0.12532609914341847
3314,0.29215634281045266
3315,0.0001872785600642029
3316,0.8634167642137568
3317,0.00909924580139676
3318,0.022524318442532172
3319,0.9989838393128735
3320,0.9946316619817963
3321,0.9989317017880824
3322,0.011152795175924003
3323,0.9931632420351884
3324,0.1091722055148905
3325,0.9079604198477226
3326,0.9513755085266925
3327,0.7742190087019355
3328,0.9133324330629795
3329,0.9986002646314739
3330,0.024819945293229742
3331,0.9574453562238068
3332,0.10315414803382783
3333,0.0018622987961208171
3334,0.9125346335961791
3335,0.9109715256187504
3336,0.026066130449151872
3337,0.9986872201069117
3338,0.006634567531588476
3339,0.9765459244592481
3340,0.07983200929152491
3341,0.9963009049461067
3342,0.767697099253384
3343,0.29715599316820057
3344,0.052913089343564514
3345,0.0456934906597896
3346,0.8369559631560358
3347,0.9665070997361598
3348,0.9996777330222407
3349,0.43896637488035456
3350,0.18168205086236613
3351,0.12985844789142276
3352,0.3972280963539591
3353,0.9963665549415378
3354,0.00026725417197548233
3355,0.18850342364311223
3356,0.23414398568542172
3357,0.2923444251653899
3358,0.070507067042165
3359,0.9765305808188248
3360,0.7830396904722694
3361,0.40347826619305993
3362,0.9022409450984358
3363,0.9823633373764116
3364,0.9357382198628088
3365,0.15594898598450976
3366,0.018955326855784656
3367,0.9820394178502417
3368,0.0023104056991112083
3369,0.9998867700488661
3370,3.3954375203712765e-05
3371,0.3498093869247856
3372,0.17207438517142906
3373,0.46627266751666013
3374,0.00040665100900108206
3375,0.9929670572138599
3376,0.1263473285305914
3377,0.9448800799597529
3378,0.919814691551903
3379,0.21327813814604135
3380,0.6173714453918433
3381,0.10214978935322629
3382,0.9843178535295992
3383,0.9904820551903266
3384,0.9990522447299349
3385,0.0009994802553317395
3386,0.9999602728609355
3387,0.05722066345740813
3388,0.9969461933606117
3389,0.9990522935205883
3390,0.3766118099405528
3391,0.6701719873264765
3392,0.14961028101197518
3393,0.004617778441473176
3394,0.9048008498771252
3395,0.5318929424247223
3396,0.37472801720794763
3397,0.7660289314533765
3398,0.04720329072590848
3399,0.7866873724832509
3400,0.9806115497880243
3401,0.5879402509656614
3402,0.003368561167229571
3403,0.7469066411969798
3404,0.08632144215952163
3405,0.95394418669982
3406,0.9990207455622918
3407,0.9245366258588373
3408,1.0520260246280408e-05
3409,0.007428558389942904
3410,0.18776402514753193
3411,0.4260643174687813
3412,0.8867550346222903
3413,0.9905195469723711
3414,0.9270897437828323
3415,0.9694324400986363
3416,0.0044382479656751165
3417,0.9810877601473755
3418,0.9462447786217356
3419,0.5714626139471533
3420,0.00012405770710948588
3421,0.6294757164801505
3422,0.907391488647304
3423,0.3866543455144178
3424,0.5839703328281267
3425,0.7295719238687468
3426,0.9941516594961516
3427,0.0066636183522252685
3428,0.8556435462433889
3429,0.8671625143156397
3430,0.6018559046807491
3431,0.00032243770132590275
3432,0.021350997847673626
3433,0.0012098818633560042
3434,0.45217593958102936
3435,0.9994196646882265
3436,0.6448062711416291
3437,0.996223348973434
3438,0.8320715818540202
3439,0.09383658675038807
3440,0.04306388204589429
3441,0.001367420747872267
3442,0.8685243985300614
3443,0.9537654659049083
3444,0.28079390058316434
3445,0.12708219395033926
3446,0.9916900132056139
3447,0.018516488120647323
3448,0.39089811091306514
3449,0.15304571151410112
3450,0.0015265776008082563
3451,0.8162837597378886
3452,0.1298088863555394
3453,0.15708507390004947
3454,0.013669938916324178
3455,0.9229341045792404
3456,0.0080430616604569
3457,0.9750579223796367
3458,0.00841653451046471
3459,0.5902604260476896
3460,0.07944777227967943
3461,0.4291678637584117
3462,0.0018166141408129857
3463,0.986711996122095
3464,0.005284941444131999
3465,0.07047638653604485
3466,0.5996239306685698
3467,0.7870189715017359
3468,0.9986914764272596
3469,0.00516652917657801
3470,0.011626411309099742
3471,0.9743562729715889
3472,0.785102656834143
3473,0.1587885309412403
3474,0.003317861942266393
3475,0.9920683464974246
3476,0.9461229572285017
3477,0.24070933396428362
3478,0.7736555486863007
3479,0.9168947694403008
3480,0.0005843013218947976
3481,0.02306669142827547
3482,0.3665056208321233
3483,0.994022409810061
3484,0.19691966227179972
3485,0.9986919597894508
3486,0.06724260612988718
3487,0.04189844528022535
3488,0.1281423235362918
3489,0.05040741440882879
3490,0.9200649972496289
3491,0.9454001777842584
3492,0.13644510908382818
3493,0.006035173290052792
3494,0.030134457726395843
3495,0.21534816600278495
3496,0.9743256360224049
3497,0.030068736047425455
3498,0.11355594535131092
3499,0.20865669120401095
3500,0.13050781563671726
3501,0.6684917746601482
3502,0.055472568184626335
3503,0.9556117319857744
3504,0.15661220347470453
3505,0.6230631773251737
3506,0.1576815058315742
3507,0.054136998111467514
3508,0.02266231502354278
3509,0.8767614392546058
3510,0.006345466249686385
3511,0.0005946901599731643
3512,0.004603027481148309
3513,0.18293499226814422
3514,0.9949371626908313
3515,0.9279399154579607
3516,0.9999837366173269
3517,0.9669748704160129
3518,0.13137507507462498
3519,0.5445936623991575
3520,0.0016945013473343693
3521,0.02593454205419951
3522,0.08132395797939981
3523,0.8241923496468825
3524,0.2935720431295402
3525,0.21969234580481664
3526,0.8966092475335921
3527,0.17697866307090923
3528,4.168916304603773e-05
3529,0.9745372387463037
3530,0.969912130662283
3531,0.9265573498675046
3532,0.9689104314893946
3533,0.017309276215614608
3534,0.21287452167810614
3535,0.9565335060489315
3536,0.8367834437147514
3537,0.3493537975294259
3538,0.9847733775678118
3539,0.38941440516253206
3540,0.8896012013008137
3541,0.08079110052212954
3542,0.9978186046507891
3543,0.008034571288862966
3544,0.00068444548485312
3545,0.03671610652207841
3546,0.10020089132726502
3547,0.4871145484309347
3548,0.7745348515684359
3549,0.04965674068394851
3550,0.0666430812443814
3551,0.043579431203777476
3552,0.9856972013646118
3553,0.9901091550909052
3554,0.07512598187830018
3555,0.07235656864263397
3556,0.9121866914901868
3557,0.9986481211615219
3558,0.9803287872904287
3559,0.0458707006987986
3560,0.6548576080549439
3561,0.8563053941331891
3562,0.9706389956183504
3563,0.08557261024333093
3564,0.2595201695147876
3565,0.12985244955192685
3566,0.9978203520983209
3567,0.0054187294110158634
3568,0.9948245760273914
3569,0.7594362610000067
3570,0.7409292362762023
3571,0.8428744855027136
3572,0.9998119583989767
3573,0.08817133357859437
3574,0.0011168858775134779
3575,0.35744076252847173
3576,0.0002902209800298098
3577,0.5569473694151595
3578,0.3178325464079934
3579,0.9975366250089461
3580,0.3832281100565599
3581,0.9981864881659076
3582,0.8655264555221042
3583,0.0009785275898647416
3584,0.9275623794631899
3585,0.0006408676108066147
3586,0.6651012422184172
3587,0.00020022783961505847
3588,0.8891884853298618
3589,0.8478161071692457
3590,0.21050817941822367
3591,0.5662418251307658
3592,0.5103300996361873
3593,0.6567402012777769
3594,0.7668139535705841
3595,0.9837398649740485
3596,0.32338145797366447
3597,0.9425211679754677
3598,0.9615994450184572
3599,0.0072142921966155005
3600,0.9997913438321429
3601,0.06106274554447037
3602,0.8778955831013414
3603,0.9934435385702256
3604,0.008596081666834577
3605,0.05973430351195534
3606,0.4370672817083419
3607,0.007108531925862974
3608,0.9930348074415924
3609,0.9969852307709077
3610,0.8159401897213285
3611,0.8311267134389312
3612,0.3738131181383023
3613,0.9675163478749972
3614,0.9971291304463095
3615,0.38743061301641973
3616,0.0017358391063343598
3617,0.21228292080049205
3618,0.9362113920114556
3619,0.26444628695297767
3620,0.748462209393782
3621,0.3950045390233486
3622,0.9992252275357829
3623,0.8336318160312265
3624,0.4315988153141858
3625,0.8917644569579144
3626,0.027119480846244166
3627,0.3546973986109209
3628,0.5780548982719822
3629,0.7669301965879273
3630,0.10969389573999602
3631,0.9909594275151912
3632,0.022127697990501856
3633,0.11051965282232565
3634,0.1816459666457407
3635,0.07433138528523027
3636,0.00020830194709147337
3637,0.5918348428408552
3638,0.9711132131094947
3639,0.4322549545043267
3640,0.7841388232765255
3641,0.5998943024345285
3642,0.6477883648766668
3643,0.037454022224981974
3644,0.9786445617224905
3645,0.00040162768687282364
3646,0.5735328460060706
3647,0.9710003442622065
3648,0.47706422578942553
3649,0.8526546948104676
3650,0.03601667467718683
3651,0.3280235574889051
3652,0.03575760443359785
3653,0.9654810654673093
3654,0.10756877862302572
3655,0.852018998142298
3656,0.41446107595338655
3657,0.00037412489831113016
3658,0.9995757131537975
3659,0.5603750921089302
3660,0.0022939298886455266
3661,0.9851956286173081
3662,0.018473865927256593
3663,0.0018333352180694162
3664,0.9804535729163735
3665,0.9998062413604777
3666,0.83473888639746
3667,0.6452648578067998
3668,0.003666137144280098
3669,0.9944119012789782
3670,0.3706236474265015
3671,0.9996007159181607
3672,0.022822121192993223
3673,0.7066098299834078
3674,0.6724151587627565
3675,0.04188196612455174
3676,0.04730002997153379
3677,0.9423508569307536
3678,0.9999584537541669
3679,0.23501206049733855
3680,0.9948885437701055
3681,0.9999918104708302
3682,0.3574549315964628
3683,0.91898543075279
3684,0.47311845383061146
3685,0.04507519158354898
3686,0.9984723890388716
3687,0.5077805139458413
3688,0.9072843874251861
3689,0.9810303817158254
3690,0.07212722312077241
3691,0.9994204708629945
3692,0.831109627696494
3693,0.17314989537402195
3694,0.022594420476624043
3695,0.9998459389549053
3696,0.8947628157252232
3697,0.024055086575422362
3698,0.011668175666561796
3699,0.9988551407588931
3700,0.9999675289805875
3701,0.9940872802816769
3702,0.28219610615201934
3703,0.3755647343129086
3704,0.3867594934329257
3705,0.9909658030386651
3706,0.6454522561719073
3707,0.9999559779100704
3708,0.5992970789809148
3709,0.9967757838588344
3710,0.7948841096682521
3711,0.8305815414242868
3712,0.9986395331868717
3713,0.015016693657587005
3714,0.0957839852651093
3715,0.7003918874084316
3716,0.031988631360244435
3717,0.2668547166112688
3718,0.3273580601848421
3719,0.9044930816822455
3720,0.0009655518058950031
3721,0.19098938031548643
3722,0.007843167407032484
3723,0.3277617440881104
3724,0.08359249623144846
3725,0.8629893715690364
3726,0.9907711109267832
3727,0.6125849046682186
3728,0.9827099080991107
3729,0.32704738682613566
3730,0.06537695829839317
3731,0.6983048044511452
3732,0.06030523211398787
3733,0.5869437130182892
3734,0.983013864697391
3735,0.00229080227851877
3736,0.4066731933771111
3737,0.47512472022398
3738,0.013080614864618978
3739,0.9661070301485474
3740,8.991903297498505e-05
3741,0.0004251851412006338
3742,0.002060590518888379
3743,0.01681192729638849
3744,0.9711893583705021
3745,0.8499362866901761
3746,0.350564253467766
3747,0.993452353371591
3748,0.6198284690151037
3749,0.9971715325474643
3750,3.684621210303666e-05
3751,0.0013563634347755957
3752,0.9804511644707354
3753,0.9999598175613906
3754,0.9878650669842554
3755,0.04170735231799807
3756,0.9998370866334915
3757,0.004975514758097356
3758,0.6282930516486389
3759,0.6655831745246009
3760,0.9337664763097937
3761,0.03509999934509049
3762,0.20796222181779309
3763,0.7425197609939919
3764,0.0002816345597328881
3765,0.7687540384617184
3766,0.16576605803530173
3767,0.9561332363823908
3768,0.9957822993811579
3769,0.30773529453063003
3770,0.579302731190272
3771,0.051816638399239674
3772,0.020113195271262468
3773,0.28145484981341284
3774,0.3127974437242101
3775,0.12705838670606692
3776,0.0319051323494261
3777,0.000750669595620119
3778,0.14156615829449223
3779,0.887646776373523
3780,0.8478778350961597
3781,0.8063992687624189
3782,0.6479393728320889
3783,0.9592544862771667
3784,0.010422964753550661
3785,0.8426002484574291
3786,0.014250432952971655
3787,1.6342069215028427e-05
3788,0.22787398576153792
3789,0.9465709120896674
3790,0.5417699981700702
3791,0.058795173871274156
3792,0.05541382787548281
3793,0.9999421765607173
3794,0.17415728614782633
3795,0.9998706620945959
3796,0.6755835187591072
3797,0.032980236069525805
3798,0.3244927410136005
3799,0.001106660011762788
3800,0.025451177208417337
3801,0.998552738154771
3802,0.6102191287535542
3803,0.5251348927685292
3804,0.16188908966601523
3805,0.005003135312373071
3806,0.11181433329968159
3807,0.9576031647725741
3808,0.24584522082378318
3809,0.9303218240182405
3810,0.4224226032920673
3811,0.9343648676111774
3812,0.8831913637319952
3813,0.12521601731992027
3814,0.8048299266930319
3815,0.21039028662956072
3816,0.9813603058199698
3817,0.4393654733192447
3818,0.025965281135572282
3819,0.06822009377525491
3820,0.08678087455255347
3821,0.9814625591008643
3822,0.6005985304062974
3823,0.6676708276788124
3824,0.9823917948600781
3825,0.9941830116945504
3826,0.05391384847023977
3827,0.5047136564433532
3828,0.3495906935519938
3829,0.9615200176635336
3830,0.0001895402132586333
3831,0.235101322908192
3832,0.4437921227021359
3833,0.08401843036107456
3834,0.10354162419593822
3835,0.9784188562724933
3836,0.9989465880611231
3837,0.9655613302260359
3838,0.5598868024560076
3839,0.8189279850704121
3840,0.990166996796082
3841,0.7044899441733575
3842,0.15364807289071972
3843,0.9865619740399113
3844,0.1721028516012545
3845,0.9970114557460772
3846,0.7961258076127276
3847,0.9862072479380624
3848,0.9905542638007283
3849,0.8916860019518765
3850,0.00447466086833678
3851,0.03687484020019641
3852,0.00039268167201035543
3853,0.15056443492805197
3854,0.3519163789461332
3855,0.30036731357779206
3856,0.10641033687816948
3857,0.40821489129630484
3858,0.8052463312964762
3859,0.8884821939422244
3860,0.9577771176980618
3861,0.9619451653306827
3862,0.035508481147354214
3863,0.005332981736615485
3864,0.9998577885537178
3865,0.025675473079277675
3866,0.6797492591020322
3867,0.11774156869194286
3868,0.9689636425039467
3869,0.00022529983753506594
3870,0.13742421978075542
3871,0.999991502479957
3872,0.9860532718872772
3873,0.9999437347317145
3874,0.3258640158874884
3875,0.400438988653134
3876,0.8811273419729237
3877,0.5305150008640199
3878,0.7886231597171536
3879,0.8276983956617451
3880,0.6571133142894868
3881,0.022472786735644516
3882,0.967469335330517
3883,0.0070559816781037695
3884,0.37233692856334827
3885,0.9559455263944462
3886,0.999890504052213
3887,0.12391797467478276
3888,0.9326018765858907
3889,0.7372630263638643
3890,0.017447563033368082
3891,0.8101963198134564
3892,0.30301973179505404
3893,0.9766257765654662
3894,0.00238374545860732
3895,0.000763981975219604
3896,0.8954658005036255
3897,0.9943766494216066
3898,0.04376812457300843
3899,0.000278928470577909
3900,0.009957012772691027
3901,0.6833370220389678
3902,0.9249405767733898
3903,3.3016645958801284e-05
3904,0.28631307532652017
3905,0.999695204730787
3906,0.07771157433739302
3907,0.3241603969583906
3908,0.7210196238652921
3909,0.5231748437398182
3910,0.0107469977383029
3911,0.9963349339795577
3912,0.004596780321300874
3913,0.9962560396453211
3914,0.02640110730789288
3915,0.909283309677735
3916,0.0009759351308337951
3917,0.9462701829218776
3918,0.9893065743878819
3919,0.9882740735209208
3920,0.028263364569531536
3921,0.11728511584781039
3922,0.9276871007779134
3923,0.04564504767253752
3924,0.9997012252047012
3925,0.8033682494466419
3926,0.36898886152091165
3927,0.04277780886122476
3928,0.44014584052432604
3929,0.8394616847111044
3930,0.004760659925582008
3931,0.003499223965117188
3932,0.9879230171966521
3933,0.989753350820496
3934,0.7245231119347144
3935,0.9999817432794517
3936,0.9990237959953644
3937,0.2151531636123669
3938,0.998362506745914
3939,0.017926040986479746
3940,0.9999702833570061
3941,0.9946234743242042
3942,0.016971710448418425
3943,0.9606422277144848
3944,0.9710478261082036
3945,0.4887859001053444
3946,0.0002549677225264202
3947,0.979100394986511
3948,0.9874111683013402
3949,0.9723544465844527
3950,0.9494866622074196
3951,0.9775636519538621
3952,0.9857063871120418
3953,0.11790715927394267
3954,0.0014655803451563028
3955,0.8512488377363514
3956,0.0028175750947898857
3957,0.9336656578133034
3958,0.6126732640422118
3959,0.6818608472142875
3960,0.10196195075271554
3961,0.026455551531325748
3962,0.5113581895477209
3963,0.36243695075679505
3964,0.012915759851807946
3965,0.8601149883657017
3966,0.0007699993508129422
3967,0.602971428997519
3968,0.9958796828395902
3969,0.4834528867017412
3970,0.5755440710834167
3971,0.05730565296508802
3972,0.9998114714506414
3973,0.001998592677180031
3974,0.36121279866865674
3975,0.00882571441551538
3976,0.296053361753725
3977,0.01324151714466611
3978,0.29077395261067124
3979,0.934069189000693
3980,0.9264752440128868
3981,0.9920730991219298
3982,0.0825688318616292
3983,0.9316151338582573
3984,0.9992853454233356
3985,0.06865396822563245
3986,0.000431202519694099
3987,0.8621451362394994
3988,0.8030552434086075
3989,0.4428543989071113
3990,0.16193823522086265
3991,0.7293924819670308
3992,0.010688750226904615
3993,0.9995561204297329
3994,0.42370439475732996
3995,0.21459957640762076
3996,0.21296020162198942
3997,0.011139262304248389
3998,0.32121948796434346
3999,0.6794927976389182
4000,0.02638885060654887
4001,0.9335460068396991
4002,0.9219924017062228
4003,0.35900374811038177
4004,0.03976877899748984
4005,0.009837957687065272
4006,0.025234701281865033
4007,0.7030261925699198
4008,0.7320542459164728
4009,0.2877082937048814
4010,0.3737959354847168
4011,0.01527870861836573
4012,0.16354299561202826
4013,0.36835173178543296
4014,0.9485361782298747
4015,0.997989273365335
4016,0.8479491949935215
4017,0.23090447409253223
4018,0.02147194063296667
4019,1.613195194770155e-06
4020,0.07589443108792025
4021,0.8335306857572
4022,0.2187080448332924
4023,0.8374563821687797
4024,0.8151577299477354
4025,0.05110663653346756
4026,0.9925283303786884
4027,0.24727200914285968
4028,0.011049456667947126
4029,0.9755444750158555
4030,0.10323852257844257
4031,0.06122387150213897
4032,0.8417761406618164
4033,0.6841274502648066
4034,0.9997827429939931
4035,0.05795762889972356
4036,0.7443921310543836
4037,0.026971310352562058
4038,0.08922864106645303
4039,0.49220071382262687
4040,0.8753297859922319
4041,0.015138180286391209
4042,0.029395965082203542
4043,0.08755666129462322
4044,0.9896383141492694
4045,0.012735160713041961
4046,0.010727298432367856
4047,0.04814734891907112
4048,0.8768615158309375
4049,0.015163150279671083
4050,0.9946880756083307
4051,0.8125888912068149
4052,0.013945759432671985
4053,0.21404899610475905
4054,0.9114631173196245
4055,0.404427344575742
4056,0.995304519609289
4057,0.9999953538192364
4058,0.9939184774354973
4059,0.9991484654793843
4060,0.5223739143920606
4061,0.1902345785786946
4062,0.9996041732323496
4063,0.994503511199123
4064,0.008623297305760344
4065,0.021305345575046614
4066,0.7129812418923132
4067,0.077093257312716
4068,0.7417775520299493
4069,0.4851722987920171
4070,0.34648099757650674
4071,0.04779703380230776
4072,0.8397463360310209
4073,0.8068190919798801
4074,0.8835162097371057
4075,8.181752062618067e-06
4076,0.0006532325121664003
4077,0.9256616202502908
4078,0.14524364608256607
4079,0.0007325911010986593
4080,0.6624120532938654
4081,0.7863376988177133
4082,0.29289473111535436
4083,0.9993648297187349
4084,0.9577653087141401
4085,0.031234987576392467
4086,0.46389118009002805
4087,0.7285070914451716
4088,0.13586920455876525
4089,0.012401993838223291
4090,0.1000446969258039
4091,0.9325554009782495
4092,0.03512729103009139
4093,0.012803339699472713
4094,0.9041089967359105
4095,0.411267606491057
4096,0.9195473947966961
4097,0.5969251582141069
4098,0.2650158833698318
4099,0.47008240658463385
4100,0.9997768962023545
4101,0.03624081208079799
4102,0.00025168741149464343
4103,0.905534443853077
4104,0.00017890996314842158
4105,0.0002564473144444517
4106,0.8490180890576389
4107,0.004959565331276168
4108,0.0007263959940343919
4109,0.5178638368410505
4110,0.9994960523479152
4111,0.00019582369576169083
4112,0.0013201611536414854
4113,0.8250146610630558
4114,0.07766520824969915
4115,0.17325798891911526
4116,0.024442172393168766
4117,0.9878538331997022
4118,0.08500307877896464
4119,0.00016229355749486658
4120,0.004021575307894355
4121,0.9286862381141302
4122,0.17611354287179826
4123,0.02396525807356482
4124,0.03860478373383521
4125,0.04225183029998539
4126,0.9988001170316817
4127,0.4179568069650476
4128,0.1655321755892535
4129,0.7950123556446748
4130,0.0353361178035828
4131,0.8678517872583598
4132,0.16298479897082627
4133,0.058438588635106
4134,0.004199208422654304
4135,0.9918960287930477
4136,0.10267831383086806
4137,0.9426245532476053
4138,0.025743863986634877
4139,0.9560149979447782
4140,0.01576779835889733
4141,0.4753906391217143
4142,0.672353947676016
4143,0.9926373568691166
4144,0.9753307597761546
4145,0.1077590274762942
4146,0.1441280866512185
4147,0.8689477157473701
4148,0.9941057362509227
4149,0.9700628076171836
4150,0.9932956010025341
4151,0.02371207828093318
4152,0.04075002285382083
4153,0.00023666911850381723
4154,0.8776090531658552
4155,0.5533101099707249
4156,0.0023138754565309454
4157,0.06638859077231335
4158,0.1456624797445463
4159,0.9930908756348464
4160,0.5401305977360014
4161,0.1743914778672343
4162,0.09359190031100671
4163,0.9039410407363827
4164,0.0004116645526984313
4165,0.14516991688182262
4166,0.9782152318217359
4167,0.00386192897495022
4168,0.6737563732148052
4169,0.9247402610935728
4170,0.9872751958302038
4171,0.9930502257122226
4172,0.8536955311495534
4173,0.6843739976773109
4174,0.791047464111133
4175,0.9444781627926091
4176,0.9534579890700623
4177,0.13905237505627696
4178,0.9672287949393119
4179,0.9999174207134649
4180,0.2489957217070336
4181,0.08308130775154432
4182,0.6195836270671524
4183,0.018546655702119243
4184,0.7294088128021655
4185,0.036991752474439143
4186,0.004170554430457509
4187,0.9619355348865724
4188,0.03173154972839803
4189,0.04783605557520567
4190,0.9324273010721345
4191,0.9527365623551726
4192,0.017675608622759867
4193,0.19447041879055788
4194,0.8039815657476859
4195,0.8923057795734798
4196,0.9660090309513926
4197,0.003081970995813963
4198,0.41498701783236724
4199,0.01260843393550741
4200,0.7426245103274983
4201,0.9928171683384804
4202,0.6400427730180623
4203,0.0683172538140371
4204,0.7440526176060462
4205,0.9514096910609599
4206,0.00020162492165741878
4207,0.04833998474767864
4208,0.31407635933388284
4209,0.013021748265422175
4210,0.02394948913067079
4211,0.0024335256043481208
4212,0.07160248394044874
4213,0.0010994160897832908
4214,0.9817568192591823
4215,0.00034250416644271544
4216,0.8170052354177789
4217,0.02990655647898502
4218,0.5134668887403109
4219,0.008299288680814629
4220,0.059986663869083176
4221,0.01969000187838889
4222,0.9980272493818675
4223,0.06458756888361432
4224,0.9998239444683258
4225,0.000896907077377518
4226,0.3864057797145317
4227,0.9317081145839566
4228,0.34615039187325314
4229,0.13967907175417188
4230,0.8418798647524377
4231,0.08270800524670416
4232,0.16030689697928674
4233,0.9955089698907316
4234,0.9874201109479029
4235,0.022951552769142326
4236,0.09467292668367178
4237,0.37147322701168184
4238,0.9919577776196546
4239,0.5166203537964255
4240,0.5717919363158268
4241,0.10418697572228817
4242,0.8600993940796087
4243,0.8742587403841899
4244,0.019992956905635566
4245,0.7500076066820968
4246,0.9812434976489222
4247,0.10301190607706105
4248,0.00025087559341339233
4249,0.8201492129938963
4250,0.0008466579936403512
4251,0.5944288189175185
4252,0.00016035909563474754
4253,0.2568295112969759
4254,0.6384301227005122
4255,0.00846197499994186
4256,0.5160593475595907
4257,0.8921016634179372
4258,0.0003609693235521422
4259,0.0014822786815731582
4260,0.9686140378928745
4261,0.9876308960171507
4262,0.6257378157845523
4263,0.3408798140844353
4264,0.13223576285025498
4265,0.027369242572214125
4266,0.00025779240765066096
4267,0.9999692915101763
4268,0.05458458490677083
4269,0.007536305040165596
4270,0.9915252695083533
4271,0.8194625667916681
4272,0.17367127045309935
4273,0.317072995334729
4274,0.002293842328395839
4275,0.9999631777314486
4276,0.9997065468791215
4277,0.10663714020700234
4278,0.6752578821393579
4279,0.004529389762118584
4280,0.8062217797350302
4281,0.9919879774289236
4282,0.8341587760689979
4283,0.23950336685192292
4284,0.0018167854271415927
4285,0.04314961969111342
4286,0.7322350300262351
4287,0.07368776785094579
4288,0.26205801984578997
4289,0.07890714446184238
4290,0.0032492669140428646
4291,0.009722469152538374
4292,0.0005644493697716659
4293,0.7590437458673496
4294,0.06991715905505722
4295,0.20932393234473273
4296,0.9988052928284593
4297,0.9594391151697567
4298,0.8240011348852766
4299,0.9657527290958445
4300,0.22419265888576448
4301,0.17695604078473906
4302,0.0427457953201367
4303,0.6369255369108183
4304,0.00020867649233296151
4305,0.9713215239576879
4306,0.027018013375814443
4307,0.5615225485452082
4308,0.7140763799209336
4309,1.3231273436618684e-05
4310,0.9134572171786306
4311,0.9998061823795056
4312,0.4096928983448075
4313,0.9200292263174249
4314,0.0003306731718395925
4315,0.9975123274839122
4316,0.9675081774951819
4317,0.04898273093485072
4318,0.06767456162710628
4319,0.7348476833929747
4320,0.0016764805603623751
4321,0.8678186669507808
4322,0.3157448414427305
4323,0.7940690527737615
4324,0.7324899199803575
4325,0.9933178378161844
4326,0.47787064828022124
4327,0.44682565354806497
4328,0.6333123569348218
4329,0.4814632018798603
4330,0.015012653129607138
4331,0.8090119116039618
4332,0.0011763963438524972
4333,0.9189058387484927
4334,2.010851383998059e-05
4335,0.004890834968995073
4336,0.09572471538088888
4337,0.19997877432461986
4338,0.0019959586345206603
4339,0.07171604466075995
4340,0.04175464073151398
4341,0.5660548945187353
4342,0.7378471409820414
4343,0.9991604594718506
4344,0.9078131609324565
4345,0.02723587151018915
4346,0.005319124886967959
4347,0.9503206666522235
4348,0.986532678921896
4349,0.12605597299082222
4350,0.9604408499613826
4351,0.9995285166696125
4352,0.9980505484755166
4353,0.0528580392916939
4354,0.6619982425441525
4355,0.00570520935418291
4356,0.0020457633942063485
4357,0.9427884229402763
4358,0.1519962393883644
4359,0.558772300347648
4360,0.016341787996805048
4361,0.9952550416375981
4362,0.0163541011277731
4363,0.7783616730614815
4364,0.8927680756463338
4365,0.9729078088592242
4366,0.9997355825112393
4367,0.00190888931617254
4368,0.5099846620261312
4369,0.9998994367824571
4370,0.5502745316518451
4371,0.09880987646784707
4372,0.9888681185450784
4373,0.036564765011744486
4374,0.05848829968236338
4375,0.9298038071334586
4376,0.5811038789399481
4377,0.003846641991377386
4378,3.910889268899738e-05
4379,0.633149571555149
4380,0.9984589798155642
4381,0.11287761472172587
4382,0.9452673484879891
4383,0.04823657049113368
4384,0.06979933884726666
4385,0.5070057984903561
4386,0.00446277820556615
4387,0.9998201259739148
4388,0.01254752542042592
4389,0.6443898065340127
4390,0.9998514727104703
4391,0.999430643853184
4392,0.9698858316604176
4393,0.9801834617889901
4394,0.9997920162143296
4395,0.36187601860520247
4396,0.9999844906104223
4397,0.0038214185537165414
4398,0.11900006954006097
4399,0.08523490768577698
4400,0.9909895517729731
4401,0.41881322914037594
4402,0.7075306902654058
4403,0.07027625637311423
4404,0.3486105923532905
4405,0.9309018041755373
4406,0.47480570695088276
4407,0.4820263894753431
4408,0.0032012317069570473
4409,0.919039866825576
4410,0.6853643803630528
4411,0.0038783137821693423
4412,0.07917425087597232
4413,0.9935209536540869
4414,0.9898704580721512
4415,0.9926082005898328
4416,0.16107516836789032
4417,0.003068424387452645
4418,0.3900788388559849
4419,0.11537572482839384
4420,0.7838972175335108
4421,0.6609789176479193
4422,0.9273649912753559
4423,0.9537806430753913
4424,0.7839405810035665
4425,0.2977820486172624
4426,0.9660152062829755
4427,0.7521565529354535
4428,0.2344093337304107
4429,9.061551393998897e-05
4430,0.3616464133593732
4431,0.13927370554735594
4432,0.08415777713982052
4433,0.0025878082775497558
4434,0.5668105487380584
4435,0.08300665737462516
4436,0.9604246243224107
4437,0.6975135830000243
4438,0.018412527380612095
4439,0.02355453794959
4440,0.08348695854691696
4441,0.7661695023674149
4442,0.6417500798485016
4443,0.17750589808371303
4444,0.9981734892743049
4445,0.8906256103362271
4446,0.0008137048094890912
4447,0.44373566447062146
4448,0.9616182316447093
4449,0.8877249057641299
4450,0.7126287477395421
4451,0.9663615850949423
4452,0.9008454546637797
4453,0.07445828674674565
4454,0.6140794926101826
4455,0.04717331994672845
4456,0.2515550980393296
4457,0.0064913616506164454
4458,0.8550971941326639
4459,0.0636375023605581
4460,0.007744677648919278
4461,0.9887401461301658
4462,0.9948701328985549
4463,0.8617999522823422
4464,0.9789240088179885
4465,0.9989453767094572
4466,0.9796648727421926
4467,0.9897505796743511
4468,0.9517751029059699
4469,0.5750186549361966
4470,0.14389667829855282
4471,0.9467808496544184
4472,0.9973342065442129
4473,0.3802479981496446
4474,0.011442175253354761
4475,0.6839165728983411
4476,0.7315586697092126
4477,0.9802768357617109
4478,0.03513078427374399
4479,0.0030840245259182303
4480,0.9682326927525339
4481,0.5534447724003134
4482,0.021939959418442227
4483,0.46305308610153145
4484,0.0005371643039395924
4485,0.2595786734484805
4486,0.8210996274792725
4487,0.01337720955410714
4488,0.9792735622159211
4489,0.5015391067510033
4490,0.15088816227085244
4491,0.9583206136192894
4492,0.7673455687303091
4493,0.02180533214955946
4494,0.008565304360903763
4495,0.15835486858290454
4496,0.0002854656370640334
4497,0.5002890672360141
4498,0.2868508618869002
4499,0.5404851855040215
4500,0.008090215628816419
4501,0.4750301356530888
4502,0.09734193948865236
4503,0.8211126952091397
4504,0.9999317624308613
4505,0.011569236602819994
4506,0.9793556577874448
4507,0.013634549475710685
4508,0.9404585110112664
4509,0.9721390094121979
4510,0.9996036886793556
4511,0.1434619249441733
4512,0.8446962525780801
4513,0.007033492106367675
4514,0.0013653172609162398
4515,0.5175274654128137
4516,0.9245054706826425
4517,0.6652637867661254
4518,0.2775846556907637
4519,0.020387639353484303
4520,0.8845094866325649
4521,0.8880828155310153
4522,0.8664498765238475
4523,0.9338222114320636
4524,0.2967995900880514
4525,0.14658309803683314
4526,0.8325696412751231
4527,0.057625392289595304
4528,0.9035704848715248
4529,0.9968846463099361
4530,0.26669273014018724
4531,0.9333950090183692
4532,0.9460510168184565
4533,0.8722930427489705
4534,0.9879763100014919
4535,0.2817559775547054
4536,0.17055374048725938
4537,0.7467011956215388
4538,0.4363247886746958
4539,0.6661243263491482
4540,0.49854826288208776
4541,0.5273272325025974
4542,0.49692125674254173
4543,0.8290285515758907
4544,0.024583066760560233
4545,0.9772742331217473
4546,0.5159453081084248
4547,0.5672681551498493
4548,0.01627798295863469
4549,0.23491736083966308
4550,0.9600366264980187
4551,0.8231223586105109
4552,0.0003003516283542034
4553,0.00696314513491911
4554,0.04245228659371377
4555,0.9992248177316254
4556,0.3668333446922902
4557,0.8993133085761476
4558,0.5877358155547028
4559,0.2380764917383711
4560,0.8367184063969156
4561,0.08764244071316063
4562,0.14827153948438124
4563,0.9417916503757627
4564,0.023247104008766985
4565,0.6981046349187352
4566,0.7316288705349606
4567,2.3566300333081678e-05
4568,0.11129571433051123
4569,0.32452251438711194
4570,0.17113201492396268
4571,0.4900464989669339
4572,0.02424429369486072
4573,0.5472566563491567
4574,0.3303352512539001
4575,0.9602330328431843
4576,0.01518389967832313
4577,0.07366810964458205
4578,0.9936452094456761
4579,6.964040257242883e-05
4580,0.943049521140923
4581,0.027984097736028307
4582,0.09517002676956207
4583,0.9867046870903557
4584,0.9843279110566797
4585,0.005458246251558949
4586,0.998804466432521
4587,0.1397582588396862
4588,0.7228743139270514
4589,0.9045760522059304
4590,0.9923489515933261
4591,0.9913526390794186
4592,0.000733190215082268
4593,0.8551223343064336
4594,0.09024365240834858
4595,0.733619902392469
4596,0.007989223768941253
4597,0.1332756804103098
4598,0.034500671948214996
4599,0.007736104985963021
4600,0.780882320180636
4601,0.3045874360759004
4602,0.8643708794084951
4603,0.9948407063634732
4604,0.27408737015418483
4605,0.9984433181380441
4606,0.19026440024224373
4607,0.004252971985120918
4608,0.9572894114448077
4609,0.09544340324844486
4610,0.839343101418336
4611,0.9226360589965279
4612,0.9427186605927496
4613,0.05179819545394758
4614,0.9767326604918698
4615,0.8795576535506537
4616,0.999896267572995
4617,0.6872889059896494
4618,0.8025139767176883
4619,0.28960061347187677
4620,0.37981712188974887
4621,0.21019908752208166
4622,0.6728281801175754
4623,0.999302727400844
4624,0.0009097085732613436
4625,0.032451132430504175
4626,1.1802106389593177e-06
4627,0.10182488298292915
4628,0.9896605891945467
4629,0.2393873742483256
4630,0.21413343294866496
4631,0.004526803818081111
4632,0.9980543369808608
4633,0.00021485302961186262
4634,0.11599176842792638
4635,0.16423737631481725
4636,0.9809510969279546
4637,0.5490062923781
4638,0.10780285897206787
4639,0.28264836138897254
4640,0.013217744601082793
4641,0.9989163189818442
4642,0.007936849511233085
4643,0.10682049778929756
4644,0.0726834346646314
4645,0.9912663116693896
4646,0.195733302235836
4647,0.015870276473654205
4648,0.2263073715769904
4649,0.23277202323018667
4650,0.9951966609180825
4651,0.002683789476628812
4652,0.8234419170230637
4653,0.6170522299659913
4654,0.27764539302070235
4655,0.5854172496204673
4656,0.23837664588092167
4657,0.828423305729462
4658,0.8679974556489783
4659,0.888743789369237
4660,0.8405597691282104
4661,0.9636862673495581
4662,0.5470980699862965
4663,0.9556397657450099
4664,0.029127180181476146
4665,0.3034163418117504
4666,0.8604376418704397
4667,0.9998899816956893
4668,0.7271171493154859
4669,0.019847487287692023
4670,0.19008395968534153
4671,0.7452054456149707
4672,0.002275913442797592
4673,0.8774185294100736
4674,0.9874731517906052
4675,0.5468112388412247
4676,0.036548572959899585
4677,0.8639120561852421
4678,0.637940429321765
4679,0.8460060712721796
4680,0.8054154472420665
4681,0.4787490642345566
4682,0.008038659524668935
4683,0.008801283146968193
4684,0.9805303116355483
4685,0.8553552300123434
4686,0.177197285206414
4687,0.9011785043981155
4688,0.008446029812026728
4689,0.9693077798631269
4690,0.9008586327548493
4691,0.002434986936654018
4692,0.41681055605984635
4693,0.9999925771908685
4694,0.967373590965609
4695,0.9886670214108989
4696,0.4149064951765786
4697,0.9993242478925646
4698,0.2915950929709028
4699,0.4140618292438456
4700,0.9473707857040808
4701,0.03751747310275764
4702,0.8238564206604199
4703,0.8162475899160323
4704,0.03742887393883144
4705,0.9844991821880786
4706,0.9996143874436964
4707,0.33908978061000355
4708,0.6221105614906531
4709,0.9999968222948256
4710,0.15982700244869374
4711,0.0006477050399911281
4712,0.5021010942022124
4713,0.003998674123483942
4714,0.0010621981580375538
4715,0.6004035945397727
4716,0.9426405103257138
4717,0.3683651691066039
4718,0.9389577817912509
4719,0.2513517615330991
4720,0.9878907899084711
4721,0.9998771949603491
4722,0.622399703942515
4723,0.31298792123727187
4724,0.36184951458551895
4725,0.6741721216432806
4726,0.5230839007028525
4727,0.9223611071670191
4728,0.9611854747524403
4729,0.8242135019639715
4730,0.946750127341353
4731,0.02749878095537126
4732,0.4002452345233918
4733,0.9998378773010453
4734,0.7098774889178263
4735,0.7140207442914481
4736,0.48871900555727116
4737,0.0008793671517250391
4738,7.224798249476479e-05
4739,0.3320560677158783
4740,0.43020668928407296
4741,0.8990819562260847
4742,0.9997328675430684
4743,0.6865551780289552
4744,0.9974500739977612
4745,0.8564913309240846
4746,0.9948054800231392
4747,0.03278906739043279
4748,0.19431346847968012
4749,0.9840370720133379
4750,0.9869289823086489
4751,0.1656978479810419
4752,0.23526587124559978
4753,0.0009274711531371366
4754,0.0030491685003081557
4755,0.957235828758782
4756,0.998396646836423
4757,0.42753924677622746
4758,0.13211337147534605
4759,0.9996628050513934
4760,0.11762842775831929
4761,0.9737776224334477
4762,0.00022333631484590573
4763,0.0347366966490879
4764,0.5858816866572434
4765,0.0015437750101903768
4766,0.9683877768381045
4767,0.9949313443080465
4768,0.3345703746372276
4769,0.9887144033589423
4770,0.005059566089492994
4771,0.0002536888222244194
4772,0.001712651511585955
4773,0.21318570302993248
4774,0.03059254201931143
4775,0.9856203979646423
4776,0.9999969507946176
4777,0.13602782932076463
4778,0.00047461951726957214
4779,0.8740722523962355
4780,0.04411370271582733
4781,0.005758379123363071
4782,0.4144319125895986
4783,0.014765734007627962
4784,0.05588921853407528
4785,0.010530667822358807
4786,0.5985568368789933
4787,0.567820454816427
4788,0.8313022614504814
4789,0.0015318787579873033
4790,0.9992976887882692
4791,0.6936684790089457
4792,0.03266110735615844
4793,0.7246030260214334
4794,0.9457375534547422
4795,0.06846933772139456
4796,0.791939896102167
4797,0.9999164653429777
4798,0.6242783347404105
4799,0.17187342525654356
4800,0.6275705425054203
4801,0.9932711310168805
4802,0.004502066824334051
4803,0.9962776872940902
4804,0.9282036690753196
4805,0.974178197315983
4806,0.8660743205857496
4807,0.8655795934844693
4808,0.9809745065937473
4809,0.1733463299746377
4810,0.9531660990877503
4811,0.05384688067999637
4812,0.3558840355143776
4813,0.011332477480859474
4814,0.8672378366088174
4815,0.002476359086483597
4816,0.25214617201360273
4817,0.06048062905040402
4818,0.9275926364214774
4819,0.04008680824284854
4820,0.04048009601779489
4821,0.019933994317120233
4822,0.053763072902162236
4823,0.999975973488465
4824,0.757942930981661
4825,0.08046315772326267
4826,0.8229166926261062
4827,0.7044551688816073
4828,0.3205880829601423
4829,0.045357915843398544
4830,0.015035789906303842
4831,0.7669960395071744
4832,0.0310751783702803
4833,0.008503432782665559
4834,0.9897257345106459
4835,0.002289223856068148
4836,0.018293082034243038
4837,0.9987119398536817
4838,0.23029789905309878
4839,0.5532366119840809
4840,0.33487438408686065
4841,0.9660781874749852
4842,0.046747449657525794
4843,0.9596815123361209
4844,0.28150947678024213
4845,0.9198767885701306
4846,0.025999810185135815
4847,0.999952931431243
4848,0.1831119333069972
4849,0.9596438361548362
4850,0.6800545234539013
4851,0.23055839814559062
4852,0.9961759204422067
4853,0.793316769556918
4854,0.35268099499265126
4855,0.9943696924806549
4856,0.9976728041584346
4857,0.07598304978733872
4858,0.0004151658580743
4859,0.1562716611532841
4860,0.9918706226243379
4861,0.0002952701679662632
4862,0.6565654380436795
4863,0.5002229166114726
4864,0.9005524564232398
4865,0.15952212994501058
4866,0.000559611610039306
4867,0.010136038198321993
4868,0.06683521257699725
4869,0.9204694546614556
4870,0.7872129328227044
4871,0.5885486304597428
4872,0.9931684603589602
4873,0.9984892465070107
4874,0.00649267574048474
4875,0.9982959727122975
4876,0.9941355768245247
4877,0.9857853634417523
4878,0.08651025318111888
4879,0.16371829597956777
4880,0.013896535684014603
4881,0.5351219214886787
4882,0.8103948914467862
4883,0.42033431267047794
4884,0.0036573320595602826
4885,0.5117312803896323
4886,0.999373798147436
4887,0.43648144569692005
4888,0.8780126699588414
4889,0.4755794602000603
4890,0.998535553227108
4891,0.9658047100320489
4892,0.11259170486731485
4893,0.9981076850224891
4894,0.5097234788208274
4895,0.9999236104840271
4896,0.9917436671335497
4897,0.7620074305649468
4898,0.020646769074416052
4899,0.6252585875962204
4900,0.012966559650281895
4901,0.7038732214652937
4902,0.004071063937949938
4903,0.0445919280689868
4904,0.9967108442688254
4905,0.6442132540618892
4906,0.4067225302653286
4907,0.9812052748697987
4908,0.5532424035355039
4909,0.03366996186799677
4910,0.9994486428149941
4911,0.9936868636825439
4912,0.4618390131175863
4913,0.23688327350783286
4914,0.2706352206207789
4915,0.9997943613841985
4916,0.9766546068825375
4917,0.9977384944094463
4918,0.9070616963911056
4919,0.9248836036551639
4920,0.3335037234059723
4921,0.07661507180879837
4922,0.990717967138005
4923,0.9999712945223508
4924,0.00013508110586277086
4925,0.4531933509949573
4926,0.06502866104487398
4927,0.3418204504188612
4928,0.9977464903337955
4929,0.004030113279427408
4930,0.9755585856953519
4931,0.0032414095246015863
4932,0.026609456520431448
4933,0.7513395049125655
4934,0.001796347860163229
4935,0.7216299652932944
4936,0.08946495488318858
4937,0.024879260128198567
4938,0.10978700783789956
4939,0.02538649625342046
4940,0.02754747970321185
4941,0.9994428272256106
4942,0.6293881458342714
4943,0.0006773916375444914
4944,0.9981132244496645
4945,0.9991796656233018
4946,0.007034369811663045
4947,0.9993285736155305
4948,0.9995275003611579
4949,0.0008272891508944674
4950,0.989209804469745
4951,0.06285160892415735
4952,0.9997800639488389
4953,0.060486261710395194
4954,0.9513596538349245
4955,0.12063081073246759
4956,0.9829924250702172
4957,0.13255126414643598
4958,0.00207046760041933
4959,0.12469676823452976
4960,0.07196586929631967
4961,0.004316690575492731
4962,0.9968882803018624
4963,0.03574538736756819
4964,0.04469959569879005
4965,0.9934674058984914
4966,0.9091798552864991
4967,0.01060325015171158
4968,0.9936693733698814
4969,0.9751854337147132
4970,0.12754885626415444
4971,0.01657530768949787
4972,0.9879322706933733
4973,0.0024353984979148435
4974,0.26739978679474713
4975,0.8524277352980532
4976,0.9995210603415339
4977,0.007640866571917298
4978,0.05684868511259119
4979,0.7353925512940278
4980,0.8928312780761094
4981,0.9972642026309367
4982,0.34666517795196394
4983,0.9995226416699827
4984,0.9913829580261566
4985,0.19270527734493498
4986,0.0452990757330234
4987,0.033879777841309244
4988,0.08276025214155405
4989,0.9690670621439339
4990,0.8024125195713381
4991,0.9978202485877564
4992,0.35859269910386465
4993,0.4410423413542462
4994,0.11238302423808359
4995,0.999920645608867
4996,0.9842748656349267
4997,0.12895639393659733
4998,0.9173775679410366
4999,0.006233070828126636
5000,0.9055604810227513
5001,0.528335693721887
5002,0.9952685615562243
5003,0.9917541039421671
5004,0.9036080873219275
5005,0.9999711093302824
5006,0.0072139342733376615
5007,0.0006153731454252837
5008,0.9929582266566755
5009,0.023164478951051982
5010,0.07486018345790967
5011,0.0325761602952666
5012,0.9066006607415837
5013,0.9807590868822644
5014,0.9321100919658515
5015,0.0013910697515077878
5016,0.9513216784891392
5017,0.3066818914448238
5018,0.959993212014611
5019,0.9988846881055742
5020,0.16843822680969442
5021,0.40006723964335783
5022,0.002572848217370782
5023,0.7685111247283171
5024,0.0019699521375495877
5025,0.010137103507810476
5026,0.2075625327686384
5027,0.029545008692570998
5028,0.998795839122064
5029,0.791565641570273
5030,0.9999589081536042
5031,0.4088820021186351
5032,0.9885414333875662
5033,0.22090085698703663
5034,0.7739913390869756
5035,0.3964277343306194
5036,0.4206433868259198
5037,0.06776547924511721
5038,0.35044307122873736
5039,0.016074302778995787
5040,0.5732955307834062
5041,0.0005747001528636034
5042,0.041529427300442096
5043,0.9648682830501475
5044,0.7050427907331214
5045,0.0018144923427009367
5046,0.19137464960144895
5047,0.998857419975628
5048,0.2507670491685277
5049,0.07331314140702679
5050,0.11195797589614986
5051,0.048472332724341226
5052,0.012149030526301842
5053,0.12621341330775074
5054,0.9014159071344374
5055,0.011651894426368416
5056,0.0014418684245700792
5057,0.8202590274909527
5058,0.09256987374759483
5059,0.021696646965093786
5060,0.9325188659618805
5061,0.6620090765934126
5062,0.09749711749131663
5063,0.012574293735023927
5064,0.9953797911370168
5065,0.3169427005908129
5066,0.1838569480133211
5067,0.2808722601287305
5068,0.9975359594197493
5069,0.34859251034123034
5070,0.9900445627992328
5071,0.5434845910150385
5072,0.03970599452067782
5073,0.9992803407308168
5074,0.9622733609878525
5075,0.5635336681338151
5076,0.8564515131900564
5077,3.260202804222638e-05
5078,0.98818037606146
5079,0.09511842316448452
5080,0.13028530083997697
5081,0.25743378976522097
5082,0.014154766632453377
5083,0.806870913243369
5084,0.9852498794866034
5085,0.9807498495641056
5086,0.05498834264410304
5087,0.053237196091197925
5088,0.5706066282935192
5089,0.994606379821229
5090,0.9586075197660797
5091,0.003093205251292557
5092,0.025371341877312634
5093,0.01934468582062697
5094,0.18153483640725962
5095,0.19880701666550438
5096,0.9971662330067075
5097,0.8728647800188227
5098,0.9615201327716494
5099,0.8803579202192752
5100,0.797569544508004
5101,0.9997262344468058
5102,0.993704125016055
5103,0.0849341947801213
5104,0.03974946941608827
5105,0.08895265069996887
5106,0.9601976974250866
5107,0.0036053296004327703
5108,0.002270637705811673
5109,0.11600930082894335
5110,0.506185979582791
5111,0.9880198481669207
5112,0.2037025508368405
5113,0.6291863937312268
5114,0.9999668888162103
5115,0.05325990233784608
5116,0.6195282482060696
5117,0.9307724600696571
5118,0.10569128760559403
5119,0.022062666395185653
5120,0.9986727622698587
5121,0.9557812718325501
5122,0.006790511887600215
5123,0.9204995068119066
5124,0.9939671851660832
5125,0.005321049641817556
5126,0.9997346438829681
5127,0.585478448075276
5128,0.024055838694792695
5129,0.20305872767899644
5130,0.012355845223716277
5131,0.5146441996171597
5132,0.23424841862138268
5133,0.9998003631457542
5134,0.11834029466552876
5135,0.023531534070332778
5136,0.95330479141533
5137,0.0013107437402407006
5138,0.8672479113269652
5139,0.7583391005607552
5140,0.9978829007444834
5141,0.9490551958643971
5142,0.9813493649045194
5143,0.9624206887929893
5144,0.810563693511532
5145,0.9744041671360386
5146,0.7781954578059013
5147,0.03789684856862532
5148,0.9493580629491065
5149,0.0976677840390288
5150,0.006014993291987372
5151,1.9547791223032077e-05
5152,0.9294652358773177
5153,0.6021132495876311
5154,0.08407707432955122
5155,0.949753548325222
5156,0.8411718221766039
5157,0.5230587847616818
5158,0.8123045074211274
5159,0.9999918409305377
5160,0.33063126714002466
5161,0.9886776951016687
5162,0.1458207805775665
5163,6.605720860556815e-06
5164,0.01079194276189238
5165,0.004923208714687937
5166,0.6126112090495734
5167,8.102038877557954e-05
5168,0.3513253972855275
5169,0.006570389990113536
5170,0.007954335368359126
5171,0.43219174930122484
5172,0.9995399664551536
5173,0.2646538889675441
5174,0.14482484929108116
5175,0.9371976005050788
5176,0.012673911259256033
5177,0.3712633163843177
5178,0.013280369472218976
5179,0.03787966283335896
5180,0.04551974369140175
5181,0.990767541742186
5182,0.947332750061332
5183,0.4105073212406901
5184,0.7990167948419566
5185,0.7825908830542799
5186,0.9996483022905392
5187,0.12406184452618378
5188,0.4798115044811972
5189,0.9153100710048665
5190,0.11575084118240712
5191,0.009825700746093742
5192,0.0010714946758153192
5193,0.32356901482223627
5194,0.9994377820860334
5195,0.3758920796765497
5196,0.3694642371501571
5197,0.9756741754812257
5198,0.9601506266210207
5199,0.9995242737918243
5200,0.9999099020949214
5201,0.03320388697470402
5202,0.7675062001357542
5203,0.03951320129522552
5204,0.11548323340524148
5205,0.09212308708440556
5206,0.15544835706773746
5207,0.09900458989454523
5208,0.7484794061788437
5209,0.015886804244470008
5210,0.0987959730236319
5211,0.9960245757335197
5212,0.0017262302154747006
5213,0.6459408194497115
5214,0.5463965068781638
5215,0.03453318665628496
5216,0.879867888704658
5217,0.0006857349182730632
5218,0.9987544818027662
5219,0.010122404842240765
5220,0.010183827161108145
5221,0.1754693699759668
5222,0.01382604328791498
5223,0.9965421748660331
5224,0.8432779388738006
5225,1.414450202791137e-05
5226,0.9870257038255809
5227,0.058882097326642985
5228,0.9999078214581739
5229,0.1964915635275798
5230,0.983395884457597
5231,0.034148010520023274
5232,0.9852217105370615
5233,0.9967009161666385
5234,0.9920672286792218
5235,0.1494779530706225
5236,0.9859270139802823
5237,0.9993436742395211
5238,0.8137366907913081
5239,3.733607261054583e-05
5240,0.9982775475838066
5241,0.013039687494539322
5242,0.2422650197874788
5243,0.46402960098028756
5244,0.003916966249547904
5245,0.9996793781631085
5246,0.7284527441769962
5247,0.9881460112110672
5248,0.36832758360927365
5249,0.07913453664281933
5250,0.5413622713699637
5251,0.0009057875563313165
5252,0.001413694063256461
5253,0.9977725914858745
5254,0.8318781260428447
5255,0.3652578593819453
5256,0.9471436302552455
5257,0.04034999102235068
5258,0.9731574576731132
5259,0.973017374805485
5260,0.9751882286478547
5261,0.700295405967312
5262,0.986411045919628
5263,0.9991694453396145
5264,0.13875977929606392
5265,0.9992492172814694
5266,0.9781790588865037
5267,0.3982302778356203
5268,0.20935286671048156
5269,0.020941648356648607
5270,0.9798592455448675
5271,0.682577322575966
5272,0.06052690660382131
5273,0.04630996290758991
5274,0.0003270106208589912
5275,0.901498350323908
5276,0.17657836813634845
5277,0.0005429772233225401
5278,0.9624857040858937
5279,0.008727944968521693
5280,0.9998645424026884
5281,0.012256939148330658
5282,0.6450334494876087
5283,0.9669999130159115
5284,0.005247870377545364
5285,0.4874985288091695
5286,0.7467493174180299
5287,0.014540488384405817
5288,0.8755714053835827
5289,0.4636563043833861
5290,0.7179113637350205
5291,0.8810369776740105
5292,0.7985905353219607
5293,0.35874262021066805
5294,0.7108688233778204
5295,0.9960795992036863
5296,0.009248977963260234
5297,0.9785429740457208
5298,0.9508631888319147
5299,0.6108084263487488
5300,0.5566147154334178
5301,0.6827017867472747
5302,0.3976743037371778
5303,0.08439559693822803
5304,0.43090615033752117
5305,0.0002968484902978388
5306,0.5242672857835905
5307,0.3115270635376364
5308,0.938342078680189
5309,0.1438692700930975
5310,0.986351279687226
5311,0.04067095013383101
5312,0.0005450797282077866
5313,0.9528004938168935
5314,0.001424331804488122
5315,0.011658314153436737
5316,0.9937462248653121
5317,0.03726149053398434
5318,0.6318058477981774
5319,2.670160147789293e-06
5320,0.0013366982771046935
5321,0.114474593968633
5322,0.9999967329351994
5323,0.9920720920791687
5324,0.9859195931390239
5325,0.04027742493781957
5326,0.020589884844608275
5327,0.0032674302253021593
5328,0.0048347222340581406
5329,0.8868489797625878
5330,0.8318031138076806
5331,0.0016596027125795258
5332,0.9999318631212938
5333,0.08366241883912935
5334,0.2712832663731347
5335,0.8999358152341411
5336,0.9959007391533914
5337,0.08863334978173736
5338,0.9959061748068367
5339,0.9543071134932775
5340,0.3369641890532928
5341,0.5988713344556977
5342,0.9999716725657177
5343,0.9964565151593013
5344,0.9828395975362794
5345,0.492406141686901
5346,0.5293164909210741
5347,0.8730121338460024
5348,0.037350074168533705
5349,0.9963972877623573
5350,0.6876685906196562
5351,0.611839226236686
5352,0.034606101201405504
5353,0.575198516408122
5354,0.99987372810728
5355,0.9943109416204317
5356,0.7691340187617933
5357,0.03153271940009649
5358,0.995785091532154
5359,0.012457374651578718
5360,0.9568638742983891
5361,0.07389304504098715
5362,0.6018123249867345
5363,0.8310972422808962
5364,0.9905712210407033
5365,0.04018845091449753
5366,0.992056754446153
5367,0.3121516925088858
5368,0.2564170468842481
5369,0.8601994853491811
5370,0.9265754595590217
5371,0.236961590672088
5372,0.4193654547194145
5373,0.08718049959462762
5374,0.3007253405398569
5375,0.8017090327205824
5376,0.9605485975688804
5377,0.6836887360578616
5378,0.9323106037137276
5379,0.297913128237549
5380,0.9601436677219416
5381,0.08466027276144109
5382,0.6763291191502606
5383,0.9996557907787157
5384,0.5815761534156804
5385,0.20168226458878294
5386,0.9692387138802012
5387,0.0035807578671687235
5388,0.1428204007832653
5389,0.5858669195718152
5390,0.0018359653704685549
5391,0.9981361738793423
5392,0.9387616256441597
5393,0.36278440429851144
5394,0.13358126812938323
5395,0.10771836083685535
5396,0.028356680174811116
5397,0.6595573979881462
5398,0.45743539642096803
5399,0.9930609375308301
5400,0.7691672853606881
5401,0.0038394884372866898
5402,0.9646248763811945
5403,0.8648984641949311
5404,0.9542714283972523
5405,0.19911254124285058
5406,0.9257080682984498
5407,0.05014488569325326
5408,0.8468481995637598
5409,0.9999529374918995
5410,0.9932531721228818
5411,0.4722939318683967
5412,0.026712820084822318
5413,0.027490849162183237
5414,0.9998304770042323
5415,0.00010438593677350952
5416,0.013128858149087395
5417,6.204748341024064e-06
5418,0.000553257616614952
5419,0.5702304026455312
5420,0.08421031214823307
5421,0.7329255911738405
5422,0.08202631303830406
5423,0.15980950191479798
5424,0.005457267550483373
5425,0.009993581603747657
5426,0.6189144730440336
5427,0.0011340333319297632
5428,5.46182565996196e-05
5429,0.9076594076897102
5430,0.9829021492951948
5431,0.039817960296838734
5432,0.9167541172847853
5433,0.6797874930850096
5434,0.2183145741911552
5435,0.06265026479490622
5436,0.9804741004444594
5437,3.89072405960717e-06
5438,0.005938373838197178
5439,0.21862976330774128
5440,0.8601749826591627
5441,0.00030390652165598474
5442,0.0034138924833279536
5443,0.9639028272452219
5444,0.9773045153941815
5445,0.09247661070376392
5446,0.9962410512400058
5447,0.9528606550538891
5448,0.7442706253805477
5449,0.5767085219392358
5450,0.08371090301326539
5451,0.4619400851674695
5452,0.6349973849699945
5453,0.2886837433407492
5454,0.3106729212962391
5455,0.7070879312094411
5456,4.034362758128226e-06
5457,0.9991455384119904
5458,0.0034092853833142807
5459,0.19957497608951108
5460,0.12572296262230548
5461,0.8316570589666521
5462,0.9992836304013987
5463,0.9315393621385684
5464,0.9931550860751175
5465,0.007817443856803103
5466,0.9967532189749305
5467,0.001496307223530956
5468,0.8233832406298298
5469,0.2520332977857385
5470,0.9977409465371995
5471,0.00021874280400984523
5472,0.00027122260336720077
5473,0.9935792710715595
5474,0.9904064305561304
5475,0.9405073143796083
5476,0.999706365016565
5477,0.9967767493997194
5478,0.9851958448709983
5479,0.7400772958099682
5480,0.9995634298726156
5481,0.09208092478963478
5482,0.3206705415249818
5483,0.00010353618149104668
5484,0.5017566857612782
5485,0.07037332182259434
5486,0.027608162015112726
5487,0.015822996704273052
5488,0.5410775586164274
5489,0.5508392731615914
5490,0.585073938087413
5491,0.5832962178061564
5492,0.9896313403446889
5493,0.9967309774634426
5494,0.9766293219186083
5495,0.3077133394880945
5496,0.6806941119618274
5497,0.1392423618110377
5498,0.00019101801828108335
5499,0.008564575349345977
5500,0.932992774847738
5501,0.945235921230888
5502,0.5084244839960385
5503,2.5927821054384117e-06
5504,0.00641046313237764
5505,0.9733296978109902
5506,0.9547736385085887
5507,0.9950672060178983
5508,0.1492867327000366
5509,0.28072455574300625
5510,0.0003971386374586458
5511,0.48017115276603617
5512,0.01435020290878356
5513,0.3559693895146315
5514,0.013302920711480709
5515,0.9987373686049782
5516,0.9999339649448178
5517,0.9965560926939364
5518,0.2810780451167174
5519,0.007943539385633079
5520,0.720500260456642
5521,0.26396148851743945
5522,0.19346923911720285
5523,0.9806646365271665
5524,0.9478012951100061
5525,0.9995804540568413
5526,0.9928538512002826
5527,0.011712155995053212
5528,0.9617988855297462
5529,0.036824531708578204
5530,0.9152620757399631
5531,0.7212803344607561
5532,0.01608421876442411
5533,0.005556830007934362
5534,0.25634457946447814
5535,0.9816317420154869
5536,5.051561736900205e-05
5537,0.8298087682018576
5538,0.03021904863577229
5539,0.10933035727314246
5540,0.2838877650734457
5541,0.012421837164248217
5542,0.17827276501423303
5543,0.9558635068887756
5544,0.030928626169541975
5545,0.9676610157651844
5546,0.9902897635862257
5547,0.002278649946759988
5548,0.9775364329827103
5549,7.949577413807176e-05
5550,0.0032867556797460374
5551,0.9988052658543379
5552,0.9875567792611665
5553,0.07219699180656507
5554,0.725406953319659
5555,0.9936452932466776
5556,0.23419619811249556
5557,0.005725511034320272
5558,0.576875236771327
5559,0.9686373550339008
5560,0.9953683474501869
5561,0.9999561535497555
5562,0.8356691492255613
5563,0.9994324416223281
5564,0.9999971167964625
5565,0.10333495710207051
5566,0.9996631445595463
5567,0.1445333375457461
5568,0.8182822857381629
5569,0.9994031770391892
5570,0.99715294624704
5571,0.20322513996201505
5572,0.9156611877750768
5573,0.867121327541315
5574,0.006840345611142
5575,0.998548875203294
5576,0.949209742301007
5577,0.035504791923420306
5578,0.5738314131095693
5579,0.19587415210852194
5580,0.0013898406979376311
5581,0.13155867456547995
5582,0.5242643636983991
5583,0.04673263429159538
5584,0.025210022429260587
5585,0.00029009532183284204
5586,0.010647691124719657
5587,0.04730688937620121
5588,0.8726612601819753
5589,0.6870610498855594
5590,0.9937155365825792
5591,0.8416749590358711
5592,0.941332238036826
5593,0.684442794990617
5594,0.0016209652592441065
5595,0.15054596391793193
5596,0.004783242558460615
5597,0.8466398491863034
5598,0.036706914206486335
5599,0.9338126122994774
5600,0.9920816878104758
5601,0.5265793079999477
5602,0.39489599107728246
5603,0.00028264377962396533
5604,0.7201864110159535
5605,0.06468784966933519
5606,0.011691150508907846
5607,0.04032171181751271
5608,0.06866385353628453
5609,0.9231568796858282
5610,0.9819166308925553
5611,0.0003232710581685494
5612,0.9333876344133397
5613,0.9979986508693726
5614,0.04515700521046712
5615,0.9998030728658013
5616,0.7183180563131372
5617,0.1101679455875515
5618,0.8302842229914302
5619,0.23434125657969973
5620,0.995818450676156
5621,0.9947130341269176
5622,0.5277021304996896
5623,0.12413107688220519
5624,0.3899750393704944
5625,0.11281416178378037
5626,0.888995455125152
5627,0.9907674488024213
5628,0.6443894500776756
5629,0.005771438514913006
5630,0.9885464097002162
5631,0.9986965483577631
5632,0.9323168588277623
5633,0.9533517453454792
5634,0.4240591324451699
5635,0.37598529383136337
5636,0.0008401540625055664
5637,0.22220207800784939
5638,0.9921675261123266
5639,0.9280826347664621
5640,0.003974073214303353
5641,9.339752879742939e-05
5642,0.014295138994484357
5643,0.0011591511938050367
5644,0.8067603257179718
5645,0.30500456276169596
5646,0.0027247517502785646
5647,0.4873349148326129
5648,0.9692094469739778
5649,0.005160955687491052
5650,0.4446117023805545
5651,0.936936376370449
5652,0.994242227307811
5653,0.8348617143163147
5654,0.6729094512394409
5655,0.039059667356875
5656,0.9876299992406731
5657,0.959374700726575
5658,0.9254380870596037
5659,0.9996373786120791
5660,0.8169434996716691
5661,0.001704672366280268
5662,0.2677323355106207
5663,0.73508471291158
5664,0.96424656225742
5665,0.953874074885643
5666,0.9859104560169504
5667,0.9908666260191975
5668,0.03749019983313644
5669,0.9318498713770407
5670,0.26624585420548486
5671,0.999168699434644
5672,0.1275684839022176
5673,0.01984797338789173
5674,0.5038459348292996
5675,0.001803518300739906
5676,0.6004215792829823
5677,0.5392981652372303
5678,0.16758468451045347
5679,0.024056754023843233
5680,0.34327647872483247
5681,0.0005270335051330043
5682,0.3188423630410391
5683,0.654009437921536
5684,0.9783689267958086
5685,0.32512524415815885
5686,0.038579097510855774
5687,0.4074991258094578
5688,0.7379580932427472
5689,0.9988295826825622
5690,0.9812210737007039
5691,0.5383116770727966
5692,0.21237416768961537
5693,0.0015205764399754467
5694,0.790379527521151
5695,0.5350116281612002
5696,0.1445362347673057
5697,0.9787497054402546
5698,0.0011196200530627
5699,0.08775941053599048
5700,0.20189511171657054
5701,0.00013769138930519952
5702,0.7211450561984505
5703,0.474055806626803
5704,0.9978959910866106
5705,0.9963017420695317
5706,0.008314463310898423
5707,0.1442825947745549
5708,0.9961059978158309
5709,0.5682718795124768
5710,0.009190469332112112
5711,0.964201728589186
5712,0.9144340960227286
5713,0.005323247931272918
5714,0.9944323017399817
5715,0.34074548008355615
5716,0.762024409934178
5717,0.05141163676733765
5718,0.009477681062755114
5719,0.0069409115262037925
5720,0.0002931946440822921
5721,0.4289512328122717
5722,0.2006862672735382
5723,0.9556022619547304
5724,0.006304195545260735
5725,0.9459171237447199
5726,0.961048609404158
5727,0.07096462470631093
5728,0.2828500349799392
5729,0.028639120151474916
5730,0.000162135315376866
5731,0.26894712091809675
5732,0.03047041798461702
5733,0.9572359561125395
5734,0.9934153280319407
5735,0.3888666789347924
5736,0.04528884872565012
5737,0.10758151961025797
5738,0.012024309081963476
5739,0.0044590171527777835
5740,0.5212388166371198
5741,0.021650553094648677
5742,0.03563165207733882
5743,0.005573196887216418
5744,0.9995701480566432
5745,0.9012656363428813
5746,0.9373996248552298
5747,0.9998653769906171
5748,0.4232868618065083
5749,0.9999597381350152
5750,0.9442706880181033
5751,0.9999568911406365
5752,0.9990161915870585
5753,0.2053633662980213
5754,0.006745613179125317
5755,0.8635972612218618
5756,0.17846162584601788
5757,0.4933537277470241
5758,0.9920028833674529
5759,0.60343026686212
5760,0.9995785202725235
5761,0.9396883019958292
5762,0.9998285579631002
5763,0.37915837432402866
5764,0.9222719087967303
5765,0.08101228912905288
5766,0.9999921193641489
5767,0.08851293568459923
5768,0.9995986441465751
5769,0.008794796452859898
5770,0.9325370868333304
5771,0.18346759707560883
5772,0.999880701440643
5773,0.6585920720519608
5774,0.0226496809477098
5775,0.007355229499270164
5776,0.06073081673744591
5777,0.3450994758230342
5778,0.2112348987648315
5779,0.9360345873026333
5780,0.9433211032903072
5781,0.22303011257315516
5782,0.00010085952277618153
5783,0.8120522027059521
5784,0.00037769497545601705
5785,0.009504001211605669
5786,0.9978017696478781
5787,0.4273012302547249
5788,0.008914406322398427
5789,3.7274252381991476e-06
5790,0.010549578051656554
5791,0.0005057490593411255
5792,0.048525892895841166
5793,0.09889310381348886
5794,0.9999516833260034
5795,0.978577233146829
5796,0.004036484530373881
5797,0.8073527301476384
5798,0.9964301862235758
5799,0.5314152209895534
5800,0.9995692472988269
5801,0.9998141518574705
5802,0.2686623850022139
5803,0.6537246510928642
5804,0.9659740797175671
5805,0.999867658270354
5806,0.0027570681114032158
5807,0.0007374905930471861
5808,0.122522697346403
5809,0.2668199083474469
5810,0.9000942070887122
5811,0.013945190553880755
5812,0.4973070274503111
5813,0.9999948416684852
5814,0.27491573715406964
5815,0.8389700483690928
5816,0.27197804388821356
5817,0.9945553159697396
5818,0.013530953895094244
5819,0.47753354222246436
5820,0.9915786093466137
5821,0.4699157909537055
5822,0.21894914564475332
5823,0.01324692371147995
5824,0.012291346174925222
5825,0.9843728330605805
5826,0.4082884330420554
5827,0.04597227057226156
5828,0.05131591001888218
5829,0.028057994326489206
5830,0.999829471213299
5831,0.9301866078148184
5832,0.04197653515791016
5833,0.9548133256275046
5834,0.0028920528264062086
5835,0.01315685012792204
5836,0.9994844879654368
5837,0.9927635960783564
5838,0.000183595677423699
5839,0.9778543705475465
5840,0.8416288746284967
5841,0.8452961628516444
5842,0.7271845198248246
5843,0.6474055557620327
5844,0.00642480717430556
5845,0.10123759607272884
5846,0.0519951741907557
5847,0.9328044137520947
5848,0.007572763603882002
5849,0.4105356491809395
5850,0.2984181757379712
5851,0.3036143507515633
5852,0.8955831599668906
5853,0.9999997723648218
5854,0.9903526467240394
5855,0.9996833255226947
5856,0.05047800039708714
5857,8.026448797280824e-05
5858,0.6913448624593231
5859,0.24502155545200985
5860,0.9893962893170819
5861,0.665405771175072
5862,0.3206283736639368
5863,0.4548281118194474
5864,0.024646108882766707
5865,0.03606109096913009
5866,0.00038163066353893006
5867,0.40640710401670765
5868,0.9595185010129528
5869,0.03477393224951223
5870,0.9611726881930038
5871,0.01980036387073715
5872,0.0265308235064609
5873,0.9674620151242653
5874,0.12885139065899537
5875,0.48303361809843964
5876,0.5000211468294405
5877,0.07250912083141765
5878,0.36138985473142365
5879,0.9662145938872138
5880,0.016300571755078735
5881,0.0012784823689704066
5882,0.004907117288465613
5883,0.945459576456604
5884,0.0008788865662662644
5885,0.13943996861469654
5886,0.5172836369067186
5887,0.8949497992044744
5888,0.4254423923731979
5889,0.9973661161919634
5890,0.46932105901960125
5891,0.6999991273661732
5892,2.2321596077797983e-05
5893,0.415887215182673
5894,0.9996556937960751
5895,0.05636931556679898
5896,0.6169240352681726
5897,0.04435800860586897
5898,0.0026135537166848046
5899,0.9082278359533544
5900,0.0015439482631735835
5901,0.007710192011297539
5902,0.8368193666818521
5903,0.6627511133970192
5904,0.9658104075214933
5905,0.25631020867951704
5906,0.9995478957273106
5907,0.9104881544427311
5908,0.025672446315124834
5909,0.0017369215724344286
5910,0.28984026409267677
5911,0.9969573679852513
5912,0.9997050832292446
5913,0.9791024550446036
5914,0.9878614918010765
5915,0.013455346654298045
5916,3.325217283806474e-05
5917,0.8657134939033461
5918,0.05827486880986064
5919,0.02867629727334318
5920,0.008370124191638352
5921,0.001475866988803128
5922,0.993188455223507
5923,0.44247542726208106
5924,0.980927571711563
5925,0.12266962632774514
5926,0.5465924717490087
5927,3.954346427434618e-05
5928,0.9864547002064479
5929,0.3385557559974853
5930,0.5822240981529229
5931,0.008360994837813008
5932,0.9993647642958076
5933,0.3258377775170174
5934,0.0611612749782746
5935,0.8656286255193537
5936,0.8124774839167568
5937,0.049621391180767783
5938,0.14224630679020034
5939,0.05944500153127989
5940,0.9997002745889008
5941,0.009939922353003307
5942,0.43425645136511165
5943,0.000839250315484349
5944,1.5781089108688585e-05
5945,0.3386931543405707
5946,0.15995187530101468
5947,0.0703500389776432
5948,0.786593313978941
5949,0.19387307388255368
5950,0.007032636235114098
5951,0.003457846075577841
5952,0.5420265397398225
5953,0.009414739421483057
5954,0.9948688897616734
5955,0.18485529399863818
5956,0.0015164910500672325
5957,0.8395319428352785
5958,0.9989110973333506
5959,0.3046844938983203
5960,0.1923800601344351
5961,0.00838345485928488
5962,0.9999987096744223
5963,0.0016173880961484366
5964,0.9544736005049423
5965,0.7253430480803088
5966,0.31777619106451077
5967,0.7888261909392692
5968,0.9812739714660235
5969,0.9503895684371375
5970,0.9973519363658593
5971,0.9995882113830865
5972,0.5792966414674198
5973,0.9893473310541494
5974,0.9398655785849855
5975,0.005186031164261035
5976,0.0028953792398261706
5977,0.0631876957150177
5978,0.004745948844523907
5979,0.9710425583180631
5980,0.9453974374935566
5981,0.4171246006690279
5982,0.7086861420653685
5983,0.9613513524647956
5984,0.8847200606645034
5985,0.015890319057372457
5986,0.014126410273027745
5987,0.003237654068857975
5988,0.5446786486362498
5989,0.030006288615705118
5990,0.013524839517904348
5991,0.005170871639114619
5992,0.053565194198276836
5993,0.09642827408855427
5994,0.20941127566291234
5995,0.007900732279693193
5996,0.020778445303514463
5997,0.029800780673006493
5998,0.6635102903659801
5999,0.6440259186093834
6000,0.28802287067149435
6001,0.0006871441720554137
6002,0.998373383218354
6003,0.6502374370895755
6004,0.9947607274575867
6005,0.7911822576365745
6006,0.9811648852636085
6007,2.6555143164500866e-05
6008,0.40212319476299285
6009,0.924465036815205
6010,0.00023048112274143002
6011,0.10616120976359573
6012,0.00838195606874494
6013,0.9921327843635412
6014,0.0879642806164977
6015,0.20446136986722407
6016,0.23831471990583983
6017,0.0021340485614768493
6018,0.8157111469686166
6019,0.03847044517590213
6020,0.2802308832542283
6021,0.12675542666746187
6022,0.23979991502723913
6023,0.001147872766441543
6024,0.748807092895578
6025,0.10288453621899088
6026,0.9875983003036063
6027,0.146824047297893
6028,0.26264758106944064
6029,0.31295771240713344
6030,0.0299428103906712
6031,0.3149088287226859
6032,0.14776617009761844
6033,0.015949945457526434
6034,0.9999309906373925
6035,0.20497183963186183
6036,0.7923773392572678
6037,0.9615559279966851
6038,0.38290456737320994
6039,0.9999989716208408
6040,0.14249563269300528
6041,0.004688794122218271
6042,0.013528922386557451
6043,0.9919519350197976
6044,0.13905163015702407
6045,0.16927964510040763
6046,0.48303869244453335
6047,0.953465782640862
6048,0.9740091566974309
6049,0.9995836490741068
6050,0.21692447655436417
6051,0.5358649447032364
6052,0.9990220115529004
6053,0.025532479969758687
6054,0.8561191671739828
6055,0.06474426264334208
6056,0.11145268663256588
6057,0.9579757202312496
6058,0.06291559314410082
6059,0.7801001503799564
6060,0.9966091882457074
6061,0.9909700784574353
6062,0.9879036689337144
6063,0.01596521749197271
6064,0.0950084983589535
6065,0.009049784887407493
6066,0.18474887448730432
6067,0.9836200853016486
6068,0.9942664841586016
6069,0.3782068937238686
6070,0.471894956809874
6071,0.17034834417797898
6072,0.008999454819195429
6073,0.06318146011734486
6074,0.2620915264333745
6075,0.03846146762378208
6076,2.0914554185725332e-05
6077,0.4734805723654626
6078,0.9984948876524317
6079,0.8719044750683099
6080,0.003029177194512567
6081,0.9828145411961995
6082,0.007798402297647576
6083,0.995783892440927
6084,0.9859320381763801
6085,0.0015069889259886563
6086,0.000822296208940935
6087,0.01751353357801417
6088,0.6459181496621921
6089,0.912609928429761
6090,0.5212240163403392
6091,0.024612694963021202
6092,0.9996014268240574
6093,0.1937744077200026
6094,0.3019260819193564
6095,0.9145518922148501
6096,0.7344560338363804
6097,0.16644188906414822
6098,0.8585204921366176
6099,0.027392066737594326
6100,0.7013395433624554
6101,0.5661747208932896
6102,0.9999242222332291
6103,0.9524572739103958
6104,0.017752507987607725
6105,0.999467819654734
6106,0.9979742484145042
6107,0.860103436134353
6108,0.878075111893656
6109,0.6217034849561112
6110,0.45410337994157285
6111,0.000813586125029393
6112,0.9311709329559655
6113,0.9996256756067776
6114,0.09780462233260703
6115,0.59553745691023
6116,0.23628510742468348
6117,0.8046425138331011
6118,0.000787656820757619
6119,0.6339827777336621
6120,0.06843882455848291
6121,0.14978295992443108
6122,0.0010947985951679463
6123,0.9973192439442036
6124,0.26256716902028104
6125,0.99390027667342
6126,0.18920638461548137
6127,0.8946584019371204
6128,0.9974970489876626
6129,0.5832337921813208
6130,0.9998358530393006
6131,0.09521917188127194
6132,0.9433417996293902
6133,0.41676463617718257
6134,0.4460268670339657
6135,0.06923336333862748
6136,0.9985532377887137
6137,0.008015173271312083
6138,0.1030289316641632
6139,0.9289801747268243
6140,0.9792955403649437
6141,0.9742289248185725
6142,0.10460902038884529
6143,0.002787209891255099
6144,0.99926687941254
6145,0.043248213240643596
6146,0.9917141449607161
6147,0.9781027398265095
6148,0.14773727688989832
6149,0.586744435195663
6150,0.6817748317073244
6151,0.9952942764909389
6152,0.01791344504595328
6153,0.4324976675444341
6154,0.3682011863209551
6155,0.8667786569628423
6156,0.9946148438571988
6157,0.8853630829114604
6158,0.9999895559990919
6159,0.021282637291497392
6160,0.9784720105588651
6161,0.9498863246342657
6162,0.9966259385806103
6163,0.017564495262543257
6164,0.9904334698809848
6165,0.9999411108332088
6166,2.3643445739858805e-06
6167,0.05426211473691802
6168,0.9994708690341201
6169,0.5076291191701029
6170,0.05524089088899413
6171,0.02679918337827064
6172,0.025286996755274613
6173,0.0018366206451424256
6174,0.7589529371374523
6175,0.004808314214672629
6176,0.9963094301621023
6177,0.2125653724918278
6178,0.9683788881430273
6179,0.9752606111838954
6180,0.7258868138480274
6181,0.008367837904696883
6182,0.16849661626801615
6183,4.726295103444801e-06
6184,0.43715332980828464
6185,0.33278166514692803
6186,0.8950224961003574
6187,0.20515060889146436
6188,0.9984074471006679
6189,0.9804666275012699
6190,0.006598332477984072
6191,0.004057711600765674
6192,0.19485856280468547
6193,0.9810018903560348
6194,0.9767900644360266
6195,0.9986421891806962
6196,0.9545006932348686
6197,0.8803938450340695
6198,0.9993503183904654
6199,0.9848132017604273
6200,0.9688482273878165
6201,0.07284658623153221
6202,0.00040342631370676393
6203,0.8779210995875767
6204,0.014657221404477967
6205,0.001654870997334822
6206,0.017842889925151203
6207,0.005942946447802763
6208,0.7016574408062198
6209,0.2023632628956896
6210,0.9931720183637995
6211,0.06948800408941265
6212,0.11931236461505877
6213,0.00020798569631742537
6214,0.024433053663678
6215,0.17230146571765462
6216,0.9870547592869393
6217,0.9992305209795532
6218,0.0006323029795960475
6219,0.9328525876363336
6220,0.9449046719266763
6221,0.9958558332908147
6222,0.2860319689003656
6223,0.883556528333807
6224,0.9797741784670675
6225,0.707291576149779
6226,0.9707152656456783
6227,0.2736890523368313
6228,0.5531295388325288
6229,0.008391667156932492
6230,0.9922286609039386
6231,0.9245547592370598
6232,1.3432029798646638e-05
6233,0.28601905305803177
6234,0.00014667120927873125
6235,0.6910009797494874
6236,0.9974793150436945
6237,0.446378104963591
6238,0.1800682404860207
6239,0.05156884857696512
6240,0.04315932122285056
6241,0.4714485558072341
6242,0.9796396514173995
6243,0.9968085188582585
6244,0.9348520135671021
6245,0.00876884841759411
6246,0.28901371821896754
6247,0.9957587819278735
6248,0.8285461963887674
6249,0.0006715079682735203
6250,0.013473531938684035
6251,0.9993006843379179
6252,0.8900926870250595
6253,0.7683625118134891
6254,0.42821336038785923
6255,0.8410803470879222
6256,0.9999689965831563
6257,0.056267019470349566
6258,0.9121316531632199
6259,0.020937552215879205
6260,0.004759469268104551
6261,0.4507188672124089
6262,0.0038429051830008117
6263,0.9644815664503843
6264,0.001050058484036443
6265,0.12419329376817682
6266,0.47184555239014603
6267,0.003925578959302707
6268,0.9412441093100041
6269,0.9099129533197007
6270,0.00029057198573705176
6271,0.9990511539767599
6272,0.8013172570221475
6273,0.9635677510628453
6274,0.0011641849466869137
6275,0.36932405614266384
6276,0.9974978497957925
6277,0.9721100106564045
6278,0.0007899762107882979
6279,0.5291101655617202
6280,0.004373439953414545
6281,0.9999902081326583
6282,0.9672142687483257
6283,0.014184620163115298
6284,0.020557484280938208
6285,0.11823235194241932
6286,0.00016891943605042275
6287,0.9527262290244761
6288,0.9049035333546853
6289,0.9959816177466294
6290,0.9898204660673625
6291,0.0027672140316742037
6292,0.08498334762266534
6293,0.014462081628552845
6294,0.662293863966559
6295,0.09157047233149278
6296,0.19595580366619575
6297,0.9797824982783125
6298,3.2726494515288234e-05
6299,0.162795348770873
6300,0.035076216108129325
6301,0.9367463275380903
6302,0.2081083128181215
6303,0.22863213916188785
6304,0.8118066708369276
6305,0.10202908287636407
6306,0.09090356403115701
6307,0.37368723780794116
6308,0.0024809676983247346
6309,0.002866343392654036
6310,0.0053566507400120995
6311,0.08981158385199238
6312,0.0003395830989027726
6313,0.10960542633561965
6314,0.01522606991086806
6315,0.9993589417536662
6316,0.002340943639778335
6317,0.9957886119568063
6318,0.0008401711209169817
6319,0.5626478388712809
6320,6.261412326662193e-05
6321,0.6030428137176639
6322,0.8676595688576689
6323,0.9347448269944655
6324,0.0014463210923754302
6325,0.9286250581062617
6326,0.002096925901730124
6327,0.7106788438879523
6328,0.9310531250082626
6329,0.9418325844366745
6330,0.0005089944318593274
6331,0.9999986529978077
6332,0.43884738612066426
6333,0.7299612197437946
6334,0.01311456551232536
6335,0.025523315773132393
6336,0.0067775111833454395
6337,0.2798445470478709
6338,7.820363123566206e-05
6339,0.9881368746333004
6340,0.7073861024761382
6341,0.9874906736646534
6342,0.18913298984117594
6343,0.41007823859100306
6344,0.17468858792575373
6345,0.14393726253116781
6346,0.9974060089147493
6347,0.00013195608454228061
6348,0.9723492647087587
6349,0.07470097635209076
6350,0.7473770499262922
6351,0.9997362654205842
6352,0.9988643791435949
6353,0.5221133285647909
6354,0.6059316019369048
6355,0.28450893802280713
6356,0.8767953362245088
6357,0.16371777029067874
6358,0.00942532204973666
6359,0.010036431658492297
6360,0.001213802628543777
6361,0.9406802875302904
6362,0.02582242512418619
6363,0.031424111117754464
6364,0.4194753084322439
6365,0.3434927708744608
6366,0.9956366860353376
6367,0.003955636754729397
6368,0.9999551935477614
6369,0.8206704046161174
6370,0.9979804483004134
6371,0.00010550014938499097
6372,0.9643319809803256
6373,0.042530408699460016
6374,0.0034437861819651256
6375,0.910172002539024
6376,0.1918183382337368
6377,0.001996023902954773
6378,0.14520585742133507
6379,0.31042006805768424
6380,0.7514501752191908
6381,0.09502413639716292
6382,0.4748666227151651
6383,0.6011799409236495
6384,0.9945263544698228
6385,0.25586307103653866
6386,0.3955308719678914
6387,0.012718879668316209
6388,0.01580042859922746
6389,0.05865253611722728
6390,0.6668934311437867
6391,0.0026115422777476917
6392,0.0031699177477669776
6393,0.7631196617582036
6394,0.010099077809926253
6395,0.9988734297761737
6396,0.0011182590807961633
6397,0.008753190084143117
6398,0.917672188868743
6399,0.9996970121196118
6400,0.0003212924643638884
6401,0.7186472289297265
6402,0.0007972029161329787
6403,0.8411943449518614
6404,0.6154801151593433
6405,0.10683651460063244
6406,0.5927938535767971
6407,0.15218628258584532
6408,0.012600837174245769
6409,0.0004871856755425167
6410,0.8865911915276236
6411,0.8498945720551675
6412,0.05691505428370432
6413,0.9164588361946822
6414,0.10875169226552167
6415,0.9972643836687521
6416,0.9966806787046489
6417,0.9057458896977885
6418,0.9975451265014951
6419,0.9955862052875455
6420,0.0033620869746825792
6421,0.5719142449678959
6422,0.9925995131168814
6423,0.9513141588386762
6424,0.005289530742627781
6425,0.05012637440490125
6426,0.08766297892072263
6427,0.0003355397917650131
6428,0.05089541608086638
6429,0.9110109561821923
6430,0.6128956926907329
6431,0.04494374046914123
6432,0.9967446317583291
6433,0.41426597991808356
6434,0.11096810035643459
6435,0.9598219569160583
6436,0.03264569803086951
6437,0.9690094522539179
6438,0.7461582622948856
6439,0.02287218503566565
6440,0.47716958086024885
6441,0.013400367112376368
6442,0.1905665403129664
6443,0.0027238334227469583
6444,0.9985700405028806
6445,0.979476132925296
6446,0.06543793763323859
6447,0.8133312717666505
6448,0.9966810711000751
6449,0.0022186459417985094
6450,0.8012589633355792
6451,0.8853476335578709
6452,0.7545292286888698
6453,0.013517842953738845
6454,0.9983547248733073
6455,0.2546091595395841
6456,0.9743661778653201
6457,0.01579721224370389
6458,0.019141252758607993
6459,0.03770425148822989
6460,0.004388041362244497
6461,0.002554314691023811
6462,0.9994433676788173
6463,0.9983763643570908
6464,0.5783450161569141
6465,0.5600874049701441
6466,0.04505712015015805
6467,0.029456869611114427
6468,0.00014315995496100113
6469,0.4296832737203152
6470,0.9743798608156786
6471,0.004380205087268258
6472,0.7320251615713481
6473,0.05883004022938398
6474,0.9811613362836031
6475,0.8003736176004266
6476,0.7159447495351406
6477,0.05735888775594154
6478,0.03585809569613836
6479,0.9598254474757211
6480,0.5597009999050195
6481,0.9804208910950235
6482,0.18470925849129016
6483,0.24558366201824083
6484,0.05544300612473307
6485,0.7008784408183029
6486,0.006091389905317961
6487,0.12433608299290731
6488,0.9935970680936166
6489,0.9935306787582725
6490,0.9949530381365617
6491,0.6555618771796452
6492,0.8123435352233109
6493,0.0003940124157857739
6494,0.9761193244519614
6495,0.7212762492550328
6496,0.20994301797927772
6497,0.014636639745881147
6498,0.9996440226936005
6499,0.864856684843122
6500,0.6090918075469304
6501,0.9992270539214676
6502,0.09520868528510193
6503,0.9992279956522656
6504,8.751388275550488e-05
6505,0.0010286896498766971
6506,0.00030999505569089767
6507,0.02250434103408554
6508,0.022813731440441458
6509,0.00011484823707703657
6510,3.7490869683922495e-05
6511,0.5327271619192139
6512,0.0006283130265056123
6513,0.9770795959787459
6514,0.9847986025757515
6515,0.013250311064830596
6516,0.9999689729799889
6517,0.8842260496815737
6518,0.011639989885483867
6519,0.0012354605764381772
6520,8.123954299815156e-05
6521,0.3451753333400258
6522,0.9833448142071318
6523,0.7726917192137165
6524,0.6987193672056033
6525,0.8893792321204133
6526,0.9534148486249922
6527,0.7770908846287902
6528,0.04050026128169127
6529,0.20143806090317626
6530,0.7632753979970168
6531,0.10911771507990618
6532,0.9396931673538773
6533,0.9933269964217825
6534,0.9955619717690741
6535,0.9943671354365227
6536,0.0002088989007141229
6537,0.022416973150345687
6538,0.6130801241521383
6539,0.9609603606253333
6540,0.0037724120762444757
6541,0.1466716830870665
6542,0.20812246136763035
6543,0.0006719543902819942
6544,0.5683904156512819
6545,0.9985306290700883
6546,0.9998414197916429
6547,6.920622263516852e-05
6548,0.0004172496801293211
6549,0.4174650874547376
6550,0.8924539791324794
6551,0.8904199957149812
6552,0.9857413932837655
6553,0.2834108518392051
6554,0.8802716514250205
6555,0.9618969896980326
6556,0.2732107943427644
6557,0.00122620300624789
6558,5.6472918409224855e-05
6559,0.6816632228754514
6560,0.9835209450120695
6561,0.9997515415540605
6562,0.959914534846243
6563,0.218468994411623
6564,0.6417158005977696
6565,0.14186474450731645
6566,0.9913529732953497
6567,0.0005237209868666715
6568,0.09330505101028176
6569,0.696255210077628
6570,0.99570641856407
6571,0.9898556866697203
6572,0.0033910327193311476
6573,0.6361755828875055
6574,0.9748351817594624
6575,0.21054657462529666
6576,0.9966689525796415
6577,0.0005107035829470935
6578,0.6930469755691337
6579,0.08046119386185896
6580,0.03852678738763757
6581,0.9377905147209156
6582,0.6687555042987507
6583,0.9475282573310679
6584,0.3948525352741622
6585,0.5556954519656637
6586,0.9973635786308079
6587,0.1510329235057719
6588,0.01672386693622707
6589,0.9869153310079771
6590,0.013278027316431518
6591,0.12503282581466754
6592,0.7160195145067919
6593,0.005712821157166359
6594,0.9961073207429185
6595,0.6514405835792194
6596,0.9985331371805323
6597,0.763242668024154
6598,0.9977883044584355
6599,0.8341292980094168
6600,0.07361092431953525
6601,0.6704659196763305
6602,0.8422533542202834
6603,0.9998713425669294
6604,0.02725128371316147
6605,0.7241663650515056
6606,0.4288487560879277
6607,0.011089941564303403
6608,0.00019107050013779085
6609,0.21427243910819896
6610,0.9764793455692212
6611,0.018450740262682747
6612,0.9653956641408531
6613,0.01218375854262959
6614,0.0019064192434454519
6615,0.04635690452011254
6616,0.2443217921333342
6617,0.9967364256494848
6618,0.0006206035839938336
6619,0.4929725000111247
6620,0.0881842633697309
6621,0.01095286377539218
6622,0.02006859992925989
6623,0.7541356437908242
6624,0.3807388811733896
6625,0.011078391157280655
6626,0.1524574909267574
6627,0.0009799432759241263
6628,0.08818175390589932
6629,0.3526786754089697
6630,0.7770278735762092
6631,0.9860315617424584
6632,0.47887644507478855
6633,0.0007182134879261295
6634,0.9052780037587289
6635,0.8146052679856687
6636,0.044340343182941444
6637,0.7978450131873743
6638,0.6587396531710343
6639,0.03282790398077685
6640,0.9645590831714654
6641,0.039038988313345714
6642,0.98798654218222
6643,0.007559763856376628
6644,0.2920643435645144
6645,0.3960830175241186
6646,0.0006678326440902106
6647,0.9999406241091067
6648,0.011025676616613442
6649,0.9459863239048819
6650,0.5456440446107704
6651,0.004130247465173471
6652,0.010809772547853253
6653,0.9807004502639959
6654,0.9747203843089476
6655,0.08442171959179294
6656,0.30689403878534777
6657,0.0013260472319790483
6658,0.8146432218908617
6659,0.9984022721783158
6660,0.9511578932122254
6661,0.8899447726662153
6662,0.26367239708859525
6663,0.9477061348482073
6664,0.9981136418692035
6665,0.8600679262593259
6666,0.9921101308089483
6667,0.05228909503332013
6668,0.012517696056632546
6669,0.004404819704197002
6670,2.0865653998277233e-05
6671,0.9987589470695851
6672,0.9967731563308868
6673,0.7098625408152583
6674,0.8271604087244644
6675,0.9914263249274887
6676,0.7698979211246768
6677,0.7612349556455024
6678,0.9924316390524837
6679,0.7952513980415689
6680,0.5813031785718705
6681,0.9632262015365766
6682,0.07929731099226099
6683,0.4015974807581899
6684,0.01932458801323517
6685,0.025976457039387724
6686,0.9462593857224152
6687,0.01413103039419646
6688,0.8072283808150773
6689,0.9973859431506086
6690,0.0009480049233653837
6691,0.1627339712615199
6692,0.1991338218619749
6693,0.8135968148617646
6694,0.9960631266754967
6695,0.42438494818843064
6696,0.9918890240018854
6697,0.9650300357449246
6698,0.9840073864949829
6699,0.969471599282853
6700,0.3897188156264882
6701,0.09289473722946397
6702,0.925139698775557
6703,0.8952781696096631
6704,0.0022926405268726873
6705,0.2957785329631663
6706,0.9999843410311726
6707,0.09228289366502872
6708,0.940586576938249
6709,0.0035570750658108336
6710,0.845062888169589
6711,0.9800344574370723
6712,0.232431374733071
6713,0.0015344082661866484
6714,0.0632495909682745
6715,0.40765346966687993
6716,0.9999963591296591
6717,0.876247909831803
6718,0.15302305311533657
6719,0.8780755229515097
6720,0.9861740183653983
6721,0.6226399880673987
6722,0.8793484622664466
6723,0.9238380321903193
6724,0.9752917797778241
6725,0.9988824528037186
6726,0.9124254834422214
6727,0.9997048509341594
6728,0.8619502932973994
6729,0.9998453454248502
6730,0.1260405765597182
6731,0.9828486920650138
6732,0.16857263389816168
6733,0.25958512985166415
6734,0.9998864231878477
6735,0.9461872581929206
6736,0.0016683589443872802
6737,0.8500992835564456
6738,0.01060193189804685
6739,0.002653703131225721
6740,0.9994701659856984
6741,0.5043911212736365
6742,0.01022989464612821
6743,0.01933386471074673
6744,0.0010854287093805834
6745,0.9758667235393861
6746,0.9997198709264221
6747,0.9972147391815719
6748,0.9832674636872965
6749,0.9613669823402162
6750,0.9828650527377785
6751,0.033424338834330276
6752,0.0377223242414089
6753,0.020636764647202252
6754,0.826679143878994
6755,0.9812838799317516
6756,0.011711984373684418
6757,0.7817033779834872
6758,0.36344272723547977
6759,0.2874511518354145
6760,0.9956387201674449
6761,0.7325728045351445
6762,0.15303721748923194
6763,0.8968677836754388
6764,0.008078072717243345
6765,0.9380705204954577
6766,0.005325513566009155
6767,0.9106242615383283
6768,0.0005609521537545656
6769,0.9543020087844196
6770,0.9890071936842781
6771,0.9504388227437371
6772,0.09946598306269003
6773,0.9997757371433226
6774,0.8328975333744946
6775,0.7239572393943773
6776,0.46501142254121985
6777,0.00016463571916547527
6778,0.05920425272344622
6779,0.06111427618300031
6780,0.7149531904357159
6781,0.2182058990377223
6782,0.9973438637674824
6783,0.934291062231692
6784,0.07294417490532308
6785,0.005568980672331208
6786,0.32511207114258045
6787,0.9950132498128149
6788,0.9996642472136893
6789,0.8371736673149478
6790,0.002433772031236163
6791,0.013919058197977632
6792,0.10077816873711481
6793,0.979428928179612
6794,0.9995987988180668
6795,0.943726255566288
6796,0.40615592510386317
6797,0.8378557041421941
6798,0.7911562019946963
6799,0.6599719418336302
6800,0.004275521995597359
6801,0.0002779179930262618
6802,0.8871817559530912
6803,0.03737581695336605
6804,0.9661607125959117
6805,0.029014489960693824
6806,0.07101342695634996
6807,0.988661702909135
6808,1.883982243385476e-05
6809,0.05260500305357189
6810,0.8904283721164467
6811,0.10848710864238836
6812,0.027751536210756947
6813,0.47280929220989626
6814,0.5869781508517958
6815,0.958487711865054
6816,0.0028741085623598234
6817,0.3715197077629439
6818,0.010350844172087785
6819,0.4019914587252301
6820,0.0016598626512509284
6821,0.3893915766760826
6822,0.9491819624825047
6823,0.7728331696838593
6824,0.9992023143233097
6825,0.971676050400709
6826,0.997157901224832
6827,0.00019673616242565285
6828,0.7735449566631247
6829,0.26308392918031276
6830,0.8515431319073596
6831,0.8071717749580155
6832,0.018011145825183705
6833,0.8105221048199565
6834,0.6814453668730115
6835,0.015598073615652268
6836,0.9394832017518497
6837,0.2679905735421467
6838,0.9766962675839304
6839,0.0056425292951594935
6840,0.10983668170553447
6841,0.9972951188090678
6842,0.022215693718011482
6843,0.042038823353738104
6844,0.5111094995034177
6845,0.0001778528119565271
6846,0.8176321218684789
6847,0.07401502979163914
6848,0.6948163394000921
6849,0.1126735405831466
6850,0.5635085222216955
6851,0.014227906965076012
6852,5.940508135166626e-05
6853,0.01635412615133745
6854,0.3405822717991258
6855,0.7495811918374526
6856,0.9927250157393851
6857,0.9999234707225675
6858,0.9179920681049462
6859,0.9984145636734565
6860,0.0009563395143975832
6861,4.281602087169222e-06
6862,0.2417541437481112
6863,0.12908769573009285
6864,0.6405996915238953
6865,0.0011110969613291632
6866,0.10636877839513645
6867,0.006908892885255627
6868,0.32096392310835165
6869,0.5771042350522384
6870,0.02985368020004332
6871,0.15257765161082937
6872,0.13531818042362295
6873,0.16084757977650016
6874,0.9922948630880412
6875,0.4009199488859344
6876,0.6624270550273919
6877,0.4958347807363585
6878,0.9996243868446478
6879,0.24113342929693438
6880,0.2160818575274657
6881,0.9968602597601621
6882,0.9090687441777557
6883,0.5919958578811874
6884,0.9529555759300485
6885,0.9994789409317657
6886,0.0019777110261510536
6887,0.0005689209321854547
6888,0.9753090589403036
6889,1.8311833293176995e-05
6890,0.11222801658885596
6891,0.6546022896712357
6892,0.36862908232713104
6893,0.006873854875741103
6894,0.0028699263311775993
6895,0.8092408347716039
6896,0.9479322031320367
6897,0.9996681783857788
6898,0.9995130741525905
6899,0.09517298225905167
6900,0.008600326717594536
6901,0.040611180457936866
6902,0.9948618602916209
6903,0.9999861028717727
6904,0.04413493856611215
6905,0.029061497551659002
6906,0.9959378027461666
6907,0.00023405154386750858
6908,0.9997106353097505
6909,0.5358591168708431
6910,0.9998772747729318
6911,0.015409338662643872
6912,0.9356252908651334
6913,0.022437918666532403
6914,0.7290419970516834
6915,0.07051494947203597
6916,0.9448407164534965
6917,0.0708928211162565
6918,0.2342968709211824
6919,0.023016491700052596
6920,0.9967106984415794
6921,0.9054094450656847
6922,0.8767229736883735
6923,0.990279054695827
6924,0.8978597828194593
6925,0.9002982031510456
6926,0.9686407944003408
6927,0.9983571487957233
6928,0.6909084771830951
6929,0.019878563272229064
6930,0.9919285026230652
6931,0.9685389185888286
6932,0.9988178719672325
6933,0.5325528631527697
6934,0.03934369189627333
6935,0.7997469426380536
6936,0.0942776193346368
6937,0.0012987756717344017
6938,0.8980638283957164
6939,0.09526854506522667
6940,0.9490879814191588
6941,0.01346621991772909
6942,0.001957187275717564
6943,0.785207597668453
6944,0.08708935853707452
6945,0.9999033002409171
6946,0.991670003649459
6947,0.9241892155191563
6948,0.993670610535491
6949,0.2351600048842569
6950,0.939692902895022
6951,0.6682786238720617
6952,0.04822288226924764
6953,0.6370758841117089
6954,0.2732197911318594
6955,0.42971981125313535
6956,0.8398531318526846
6957,0.9970830449509535
6958,0.3202184117473049
6959,0.9326399854625752
6960,0.8245721583112906
6961,0.9999405547399088
6962,0.9379189841323236
6963,0.1660139285931782
6964,0.9037547677746743
6965,0.9883358180133962
6966,0.004079763428519931
6967,0.06890623651590284
6968,0.9996940960847798
6969,0.9995119282274153
6970,0.03800140525833206
6971,0.00498870947092545
6972,0.7085862314089757
6973,4.830772617751487e-05
6974,0.9082507348864095
6975,0.004389122301473271
6976,0.7993118301077852
6977,0.11031624841273882
6978,0.006002252699602218
6979,0.9881359958642124
6980,0.9777703101530856
6981,0.2191619930962287
6982,0.019920534293798316
6983,0.9955296475916434
6984,0.9005728646963104
6985,0.9947708876859201
6986,0.9932553319806147
6987,0.5175695612671682
6988,0.8597151861640902
6989,0.9148297491569107
6990,0.3888915412278116
6991,0.09173377118861778
6992,0.46842497956150053
6993,0.059644451260801264
6994,0.10612166463280111
6995,0.27183634733259116
6996,0.984403385626864
6997,0.0007319485634775573
6998,0.5516494675210861
6999,0.5629343927713407
7000,0.09422044981839735
7001,0.8421623851462893
7002,0.9063497990789561
7003,0.9978790815413842
7004,0.41741004442258417
7005,0.012925057206598515
7006,0.9994350196657357
7007,0.998042629349459
7008,0.1338284482414548
7009,0.0009327333389202456
7010,0.9840297754743413
7011,0.9530917553237119
7012,0.9999401619011805
7013,0.18694319293097827
7014,0.9255746653582574
7015,0.9901352173773765
7016,0.13266447844041815
7017,0.7784957613608351
7018,0.5686456489551907
7019,0.9875779397893749
7020,0.9998899285313193
7021,0.617501248194439
7022,0.005832268984420186
7023,0.8991608965624441
7024,0.03657334582461409
7025,0.008335928514867237
7026,0.04525423406302042
7027,0.055854220154930266
7028,0.9905751132090215
7029,0.005150762201186452
7030,0.4420154571200991
7031,0.35857564790193946
7032,0.9913136154113982
7033,0.06364922366148595
7034,0.9965258803702987
7035,0.4303989971491964
7036,0.9696277234395302
7037,0.6215641372843568
7038,0.1546285955629887
7039,0.20380664302934995
7040,0.004193513506916619
7041,0.9989334229618821
7042,0.002333946726706516
7043,0.0667823157154657
7044,0.32191953281436897
7045,0.004052308645586587
7046,0.9789417482584538
7047,8.079547496959657e-07
7048,0.9759595276151015
7049,0.013466531210893471
7050,0.8201991729078012
7051,0.09974872846110368
7052,0.9207366307047797
7053,0.027263121400175748
7054,0.9680862282004512
7055,0.8437261596725097
7056,0.9805023230148966
7057,0.23922922351084
7058,0.057929550989988546
7059,0.015294017809379421
7060,0.0007269968256427424
7061,0.7263988770453622
7062,0.005639363768335883
7063,0.40127469764520224
7064,0.9995066836227003
7065,0.3987947432146424
7066,0.8914842542221384
7067,0.9680195792039088
7068,0.9995898252571969
7069,0.024217256411744888
7070,0.0017956677157811472
7071,0.9664223755045245
7072,0.8763798902435527
7073,0.6377366772819124
7074,0.7322224865058794
7075,0.33789274031886374
7076,0.9886698638047021
7077,0.3004099565673722
7078,0.9510711175333758
7079,0.6111043343631688
7080,0.0007092097825061314
7081,0.987226319377169
7082,0.047894394452575983
7083,0.008816754001932494
7084,0.0004633946696270361
7085,0.5597298476501309
7086,0.28653577779454464
7087,0.4138391465621795
7088,0.03187103671280941
7089,0.7581516605491613
7090,0.027675337670703456
7091,0.9993296500395311
7092,0.024067347982335164
7093,2.8693598742954154e-06
7094,0.9032867851536935
7095,0.9439607897846429
7096,0.9995629633212397
7097,0.9878456731227406
7098,0.9973488980664653
7099,0.5127619576356234
7100,0.6313203521844657
7101,0.5366425622804629
7102,0.35647345292522675
7103,0.23217523896457595
7104,0.5935173453049947
7105,0.0010140700549594454
7106,0.003017514683402971
7107,0.9992135928090701
7108,0.955559224531085
7109,0.8325490733085196
7110,0.03924910257729452
7111,0.0031723752586903927
7112,0.02373019030699015
7113,0.8973465465163449
7114,0.8754695812716513
7115,0.6308540515400619
7116,0.9786132834298427
7117,0.0007597150230061861
7118,0.8081402467609702
7119,0.5534688853464794
7120,0.1711357799664784
7121,0.9735709255882168
7122,0.9234486144245551
7123,0.012012899878674927
7124,0.7839330468009731
7125,0.9084162668403503
7126,5.704176413815103e-07
7127,0.02176329890906511
7128,0.37736950387026186
7129,0.9999227299147476
7130,0.9996377239242332
7131,0.9000095246937277
7132,0.7050606437933501
7133,0.031028231534397467
7134,0.9732791175188948
7135,0.11616123621387325
7136,0.0009833702799321537
7137,0.5504354339858565
7138,0.9999580906772005
7139,0.9621121652306133
7140,0.9189318957186373
7141,0.9887853473159439
7142,0.11030652024735416
7143,0.9967539262298087
7144,0.0007697489756711227
7145,0.9878410051216528
7146,0.6342424647319639
7147,0.005768469854444093
7148,0.05731180902881184
7149,0.9551023649541266
7150,0.07873649800814447
7151,0.9829339951205704
7152,0.22107769267060118
7153,0.12685326294274513
7154,0.14445132248819456
7155,0.6614150028093042
7156,0.9817438694301599
7157,0.0836621803334486
7158,0.9999920829269249
7159,0.00010349214947650647
7160,0.003900546470449154
7161,0.9823402784470491
7162,0.5413161386985089
7163,1.5775671092790378e-06
7164,0.41346278180356877
7165,0.9474051789796197
7166,0.5684549459086298
7167,0.8831647054417091
7168,0.9966844234016985
7169,0.9791674531256295
7170,0.3973847333441293
7171,0.9996772707570964
7172,0.9981303199847786
7173,0.0646074730415833
7174,0.004211636160463989
7175,0.2938988200952384
7176,0.9996852438542928
7177,0.11423466944844751
7178,0.03474119902412233
7179,0.7787071307802836
7180,0.010157550159862637
7181,0.0002624612171643387
7182,0.8257251209698951
7183,0.9604813704607469
7184,0.99919051821294
7185,0.01005733071015263
7186,0.8188214747447659
7187,0.06836183367659093
7188,0.9844975507467909
7189,0.00038054120244519524
7190,0.6629457768654402
7191,0.9954913509547747
7192,0.031171821045598194
7193,0.0025747678828607298
7194,0.07795516505622074
7195,0.6880399679743984
7196,0.8802602204137632
7197,0.9972005835892519
7198,0.0050086988800061225
7199,0.5792707658869286
7200,0.9745757929819808
7201,0.016885548520761084
7202,0.9776441955764692
7203,0.9946192404276506
7204,0.6044713248465942
7205,0.0011197222147231321
7206,0.9968744071356073
7207,0.013918180151236461
7208,0.012535171741333081
7209,0.7836452205027787
7210,0.18964405858078073
7211,0.0013522832484354418
7212,0.9930768993242595
7213,0.9631311675808797
7214,0.03802872093668083
7215,0.05653857706019205
7216,0.989156955791073
7217,0.31831370699392664
7218,0.6773529661610299
7219,0.007462013452371229
7220,0.9058153691133788
7221,0.4332457560307879
7222,0.0007203251785303724
7223,0.18641937589021687
7224,0.9999305962714439
7225,0.937563859320465
7226,0.050059187708747684
7227,0.992029102014601
7228,0.13208894265568613
7229,0.0337325424892522
7230,0.016060864700919407
7231,0.25821179570587616
7232,0.9998932104892398
7233,0.9993845643371382
7234,0.023679413292234445
7235,0.026929143983290663
7236,0.010208191259822825
7237,0.40623687854349316
7238,0.9755543058051035
7239,0.026186182345692557
7240,0.9997006011476373
7241,0.15403418150998716
7242,0.20175365692559158
7243,0.9997534822908113
7244,8.252727673149001e-06
7245,0.8748508009437399
7246,0.9548520050930815
7247,0.1926036615445872
7248,0.8290282138585418
7249,0.03094369553612503
7250,0.9963930712631723
7251,0.6085960509927572
7252,0.8833516733464208
7253,0.21730830806817608
7254,0.12492177446825432
7255,0.057730221129920496
7256,0.004846092097060667
7257,0.07530308685785629
7258,0.04295038237783125
7259,0.800256485180012
7260,0.9995299644828859
7261,0.3449883406517713
7262,0.11012893082155632
7263,0.23358486411362966
7264,0.7297126622349861
7265,0.7076493896025255
7266,0.9357125841699058
7267,0.44946195498100583
7268,0.8723939576606914
7269,0.5320843607798479
7270,0.995931747747827
7271,0.4690807788398842
7272,0.9999961042032933
7273,0.5222965913048239
7274,1.0561950230451053e-05
7275,0.3618241117480071
7276,0.0022690785398205605
7277,0.49040697522026666
7278,0.40139791119970736
7279,0.9995713593930133
7280,0.011030997294222434
7281,0.0012840897745591572
7282,0.1913422728591472
7283,0.0019421766004057246
7284,0.9582062651549896
7285,0.03923044542763724
7286,0.8641155610942549
7287,0.9970644889409173
7288,0.7659939560328749
7289,0.9802158041278709
7290,0.880023317007585
7291,0.9906023939692409
7292,0.8790609805067724
7293,0.9963980637192661
7294,0.9994459600825721
7295,0.7202659905344927
7296,0.05081599516613155
7297,0.9994233952638948
7298,0.9916745675266793
7299,0.9033119448529907
7300,0.07617117972493169
7301,0.8748186707270267
7302,0.960715614402797
7303,0.6074901226606827
7304,0.17834515176061305
7305,0.99967207608685
7306,0.9966419298509988
7307,0.9873741483575192
7308,0.9999922694078945
7309,0.9906894924937928
7310,0.9976594533595039
7311,0.1774567963919148
7312,0.9903898331612644
7313,0.9986030712363765
7314,0.9998348468006539
7315,0.616533813912379
7316,0.9952361908885483
7317,0.9532432884804065
7318,0.02490157655653808
7319,0.0003514699404266738
7320,0.9999442898734062
7321,0.9959839131204715
7322,0.617846859102594
7323,0.0007414853727565137
7324,0.9992669657700717
7325,0.0009874235568380573
7326,0.01967439942430109
7327,0.0005002798441150174
7328,0.999966193310279
7329,0.28265073689778986
7330,0.976137166925246
7331,0.03175707682310143
7332,0.04819666314091041
7333,0.15000008381015734
7334,0.272727649015244
7335,0.9995054574780308
7336,0.002658386339142412
7337,0.05218205451924133
7338,0.9517763546281808
7339,0.3190804287832064
7340,0.0003929176739822517
7341,0.9198165344952677
7342,0.9009237967868877
7343,0.0009866115878697866
7344,0.3077574056336938
7345,0.510304552100898
7346,0.38176669841635547
7347,0.9991037304087333
7348,0.6465760629340694
7349,0.955469576255774
7350,0.9855407519893657
7351,0.015761366531753047
7352,0.8443830728074776
7353,0.012717400661924139
7354,0.09736505495424756
7355,0.9567384705998762
7356,0.015567959972499478
7357,0.9998365433456309
7358,0.5003200947230854
7359,0.8798244825310744
7360,0.5892102191781962
7361,0.7120718349203966
7362,0.001982662622674107
7363,0.9990900798061005
7364,0.7441059855704811
7365,0.9964970445805101
7366,0.9849467651015695
7367,0.856985861511876
7368,0.0007127911812893617
7369,0.9915496401609933
7370,0.023656668797578155
7371,0.9927828323054493
7372,0.9999083819805401
7373,0.665166782220617
7374,0.687067760167411
7375,0.8041883824357806
7376,2.5206859535646836e-07
7377,0.0020780516934042342
7378,0.13439586601412476
7379,0.9052565834032476
7380,0.9002817380844368
7381,0.0030815584812882812
7382,0.02395760992228472
7383,0.007065120258107898
7384,0.9362628343036629
7385,0.9954219595279576
7386,0.9106973552471712
7387,0.9795738636633241
7388,0.9965560311288962
7389,0.9825196062522475
7390,0.5695598143629133
7391,0.9768666168658972
7392,0.4448881041936082
7393,0.9984025323259885
7394,0.7497528702698397
7395,0.028513447578616954
7396,0.0007519159507702794
7397,0.9728108208402467
7398,0.03479877846027194
7399,0.5250873960186493
7400,0.9759926532442886
7401,0.9748664508638518
7402,0.00043266643974213366
7403,0.00665010072011949
7404,0.00776355310511268
7405,0.45507197791186565
7406,0.6046398309448718
7407,0.0520610453816042
7408,0.9832028748243987
7409,0.045667835048706966
7410,0.7634610801953147
7411,0.0011062157335071647
7412,0.007206525647565568
7413,0.0007673004182040394
7414,7.125248058626352e-05
7415,0.9999727649688746
7416,0.69934814670343
7417,0.8521751107772821
7418,0.0009802352470309713
7419,0.964551263363975
7420,0.9936028208242986
7421,0.9989283446858743
7422,0.008010352073088776
7423,0.9981740014875808
7424,0.8300832936311139
7425,0.5379902198670122
7426,0.9815036268656161
7427,0.9978504486016482
7428,0.0013794139260792145
7429,0.4150757007988838
7430,0.0011771752214086275
7431,0.6687764279924449
7432,0.01910238361190767
7433,0.11566882210802087
7434,0.8571502325429005
7435,0.27221751163802665
7436,0.9975854016671082
7437,0.7620442270898706
7438,0.9909830464689383
7439,0.01730190927710008
7440,0.037463169987667175
7441,0.9999186516285509
7442,0.3921653804972103
7443,0.974830089036649
7444,0.0024295534219043254
7445,0.40465128146752355
7446,0.3647019522274306
7447,0.03839118210813395
7448,0.9989793717546561
7449,0.002788967789837151
7450,0.9339025291033509
7451,0.200421581263235
7452,0.8618193761593967
7453,0.9908690062756582
7454,0.03125584880753981
7455,0.01930216118386189
7456,0.9880232018222478
7457,0.15126747023675516
7458,0.43690328197511724
7459,0.0004988522012142996
7460,0.9974620427385128
7461,0.9951377088946086
7462,0.9459646621566439
7463,0.6261886685311263
7464,0.009148614517046313
7465,0.014370829717365162
7466,0.059711159159636894
7467,0.9687200049554537
7468,0.9647129329028205
7469,0.9997632258972182
7470,0.9401956335750843
7471,0.8293609734989559
7472,0.9652685825635807
7473,0.0009508820224353092
7474,0.0389801445444765
7475,0.021223860384900723
7476,0.9997692661700333
7477,0.9117199608578671
7478,0.020701591524242863
7479,0.9997404526465282
7480,0.9995477242533684
7481,0.9656452744627603
7482,0.9546617428014318
7483,0.9613859665779976
7484,0.9936392180645358
7485,0.0005687824652639893
7486,0.007687830435599431
7487,0.0387643758891194
7488,0.758154664408821
7489,0.10102317241154207
7490,0.008305837407597808
7491,0.0001625068646540341
7492,0.9815784673151435
7493,0.2708317026541102
7494,0.11990638266655211
7495,0.000564748456429809
7496,0.9670145805593028
7497,0.8852261121066055
7498,0.8284921925316848
7499,0.006663520209642046
7500,0.0015069266770952696
7501,0.011256471772921807
7502,0.9689866147408932
7503,0.09011397236204338
7504,0.001369378018233676
7505,0.00038923139676664214
7506,0.021864080194057525
7507,0.414113902031579
7508,0.14190675683169102
7509,0.9876864580716525
7510,0.0003949980174882792
7511,0.000694843425351414
7512,0.939235815125966
7513,0.7440444428515511
7514,0.9993867715955865
7515,0.05793964651626728
7516,0.9640992360958284
7517,0.4392968481491466
7518,0.1748133079514037
7519,0.19021822383054596
7520,0.0007113587732466457
7521,0.00010422629313834585
7522,0.9764174364333651
7523,0.948161949707379
7524,0.8669166785704614
7525,0.004540083736789505
7526,0.008173791042099225
7527,0.0032187215103457994
7528,0.4585155931512537
7529,0.0037261376934788026
7530,0.8914617537343571
7531,0.9081929591249008
7532,0.9751189931672669
7533,0.9999741553534705
7534,0.061998656578530084
7535,0.00767716115035026
7536,0.9830349007822797
7537,0.8788849437554672
7538,0.4741953534986857
7539,0.24910857998110053
7540,0.009321404580157872
7541,0.0006007863324672901
7542,0.9364931034669279
7543,0.9724211126465899
7544,0.006478185851401266
7545,0.9854846973958518
7546,0.7234284472722137
7547,0.017654857844280704
7548,0.14031981386366396
7549,0.008646094955236997
7550,0.002297385656164457
7551,0.9948254679924272
7552,0.011721565244401395
7553,0.8791340659263639
7554,0.379826866892614
7555,0.40914275433168135
7556,0.2035414272309737
7557,0.9968630753310538
7558,0.8755269260795729
7559,0.22305851994979325
7560,0.9836114932874083
7561,0.8413307835457112
7562,8.652547729802421e-06
7563,0.9214405183740941
7564,0.8626890561091617
7565,0.18265550270004868
7566,0.03630618848229605
7567,0.9975301296747588
7568,0.993738458720529
7569,0.01988297369703141
7570,0.9924207439247565
7571,0.20957116858366442
7572,0.9773283952972354
7573,0.11546705119309586
7574,0.9706722553508221
7575,0.5718842399016189
7576,0.965852213945626
7577,8.755357708969295e-05
7578,0.9999537775850635
7579,0.000148742668490928
7580,0.9994465229653218
7581,0.9986090481519915
7582,0.020025757590247405
7583,0.8600629472608546
7584,0.004171345546974919
7585,0.548758314212177
7586,0.2835414877764546
7587,0.9598004596790731
7588,0.3973903445903042
7589,0.27244829418313327
7590,0.763215592929229
7591,0.9945772674017321
7592,0.26478363520985954
7593,0.36010483305132723
7594,0.006033703121095574
7595,4.773722106448648e-05
7596,0.4340167662455518
7597,0.9828937520570096
7598,0.704529918684975
7599,0.2512373677009863
7600,0.6163173401541031
7601,0.06746088859601315
7602,0.059998767497196646
7603,0.0012703023414635036
7604,0.9158219912155063
7605,0.024655305117637076
7606,0.316344307442516
7607,0.03093190177147552
7608,0.997040568749102
7609,0.55737587296845
7610,0.11732043641798705
7611,0.029924905328195882
7612,0.03509635101685526
7613,0.44782581756443407
7614,0.05856248900891129
7615,0.0001707240941614523
7616,0.005933749672813645
7617,0.1490522453090711
7618,0.8185453753983024
7619,0.38276495503480673
7620,0.9986886182799013
7621,0.031794827038114176
7622,0.0003257123890584874
7623,0.9983443844701712
7624,0.9959490195938486
7625,0.01921250169955889
7626,0.9999623389566832
7627,0.8157516218180507
7628,0.995072490473817
7629,0.523877922319622
7630,0.11255567921558438
7631,0.0002610640578032023
7632,0.09119515822583917
7633,0.8940535216024388
7634,0.23571822527359998
7635,0.0014775761117924622
7636,0.891034686909803
7637,0.9262769414886791
7638,0.012354826684873334
7639,0.1211140368299794
7640,0.3267293152678105
7641,0.9525076502069932
7642,0.8927427417527862
7643,0.060960387740124085
7644,0.5727653884838357
7645,0.17098049587326475
7646,0.9899443534835081
7647,0.0008489860515248673
7648,0.5449558331955603
7649,0.5769598396245366
7650,0.9983505489047723
7651,0.9996285579787969
7652,0.7878977648885568
7653,0.16228694651484454
7654,0.0173369270072363
7655,0.03087161786089375
7656,0.26458720542851605
7657,0.00016807010660849884
7658,0.01802037049645099
7659,0.9214414263332018
7660,0.9962170916648307
7661,0.9968655615164101
7662,0.06445904043591885
7663,0.35040967487982516
7664,0.4150017939526977
7665,0.6189148399344713
7666,0.38705888841708663
7667,0.016561190998602485
7668,0.0030809590754030934
7669,0.9238000730421122
7670,0.9001643745999419
7671,0.9799041151629201
7672,0.9999302919381191
7673,0.0013212297550435758
7674,0.10416213725661891
7675,0.753460601001384
7676,0.8316969454896596
7677,0.935552711257496
7678,0.5998247927088011
7679,0.00011098609206910623
7680,0.7162410208260066
7681,0.1060184952306982
7682,0.4916794466227844
7683,0.944067838755252
7684,0.881687857757017
7685,0.31837891148003467
7686,0.9309277567959785
7687,0.9147873506271914
7688,0.17956413794826467
7689,0.003494526660527073
7690,0.13101635443219695
7691,0.3352261743370015
7692,0.15234103627929815
7693,0.9912817590416677
7694,0.8308777754733417
7695,0.03340512677081354
7696,0.09194013693381671
7697,0.3695640725637515
7698,0.9676242828711007
7699,0.7609339228148893
7700,0.6013135539691637
7701,0.017538249464484342
7702,0.9542137648523759
7703,0.0075685413313997425
7704,0.0877907257660365
7705,0.015670364194710726
7706,0.9465397974322217
7707,0.9995138166390962
7708,0.0025316178203253293
7709,0.5782896168405546
7710,0.9816987263614819
7711,0.9998271497603534
7712,0.034078262512262696
7713,0.6086592528493107
7714,0.631193354839107
7715,0.8624072707305358
7716,0.9997647165266562
7717,0.39014810964306806
7718,0.9999372483915909
7719,0.7121264010506788
7720,0.999865353346488
7721,0.775976428069644
7722,0.9999278235804611
7723,0.8538435537887225
7724,0.989520623556346
7725,0.9657280398892857
7726,0.011029124298371358
7727,0.995481523829407
7728,0.08819430187014134
7729,0.012726654794163374
7730,0.010796393326285361
7731,0.7808358356093651
7732,0.06728893651709698
7733,0.5886127048883915
7734,0.0005960760787965181
7735,0.4633622489375108
7736,0.98736381005759
7737,0.9957672683873847
7738,0.7867490636938883
7739,0.6134053950303607
7740,0.008367604751579267
7741,0.8270593940017076
7742,0.8189853875366995
7743,0.7678752297377847
7744,0.5448795716359578
7745,0.8709193871315484
7746,0.9999781200772575
7747,0.9642919561268705
7748,0.0011121110062984258
7749,0.9855979458478406
7750,0.31459652993335085
7751,0.18281415679905874
7752,0.21314681777456881
7753,0.0022112799768528486
7754,0.6458219150752812
7755,0.795862291144059
7756,0.019348446982484845
7757,0.40860376241891483
7758,0.5402913246708364
7759,0.9824535280470804
7760,0.9830788039344134
7761,0.9913177678358814
7762,0.0011261905822036748
7763,0.006328372024597504
7764,0.5100086553013119
7765,0.01777617907672216
7766,0.9751742685488767
7767,0.06268180663336259
7768,0.9994186021217677
7769,0.1534843238901533
7770,0.9832312231581574
7771,0.009358794325237212
7772,0.36968902132605397
7773,0.08976220814649782
7774,0.9990634619339768
7775,0.9814240918825076
7776,0.04937856841425105
7777,0.04407139547426268
7778,0.588940411113866
7779,0.04525595432878533
7780,0.001388378965769581
7781,0.9773903490901058
7782,0.9993701651618317
7783,0.020010199549752812
7784,0.5818304613552076
7785,0.9369194960697534
7786,0.9169453669405371
7787,0.9047761707916636
7788,0.990154327539351
7789,0.8511935825055602
7790,0.03744980227252588
7791,0.25337303088127766
7792,0.028946617361622535
7793,0.9319460218421258
7794,0.9997060082683936
7795,0.87390659783925
7796,0.9287601241083203
7797,0.9450413298597494
7798,0.42894777933837896
7799,0.006751624955572539
7800,0.20487735486032474
7801,0.233817320840593
7802,0.6728733700659897
7803,0.0022998307711430766
7804,0.9988225013844705
7805,0.8607098947807574
7806,0.13735622984554105
7807,0.9897144258792282
7808,0.28739152222775205
7809,0.5580820904022801
7810,0.006195082665135509
7811,0.6604011230535903
7812,0.469279844980144
7813,0.8881985130594731
7814,0.23501150118067868
7815,0.43929434549350266
7816,0.06551731962651788
7817,0.9744106286936005
7818,0.33872322888571205
7819,0.9544064625004247
7820,1.1330900966401454e-05
7821,0.0016643064164731745
7822,0.07092542460631285
7823,0.6007389483667337
7824,0.02607154019227639
7825,8.87650288897308e-05
7826,0.08190309014277194
7827,0.9941056949453018
7828,0.673287463112079
7829,0.03686355912550081
7830,0.9997711460063887
7831,0.1228898009504457
7832,0.15172328952071065
7833,0.1552319523079954
7834,0.9985272972262172
7835,0.7122627147736794
7836,0.0033164040336990655
7837,0.005567096456416747
7838,0.009617530154501536
7839,0.0413911415930907
7840,0.8861577219602595
7841,0.2714814379706645
7842,0.2175683631383045
7843,0.8794700622629568
7844,0.9990254783674698
7845,0.39324188812988187
7846,0.01542379258847869
7847,1.2316388785889032e-05
7848,0.9276886171758943
7849,0.1546180916550571
7850,0.9720006279427632
7851,0.11394844364882782
7852,0.4663833904749028
7853,0.7564135407130971
7854,0.9997656934864092
7855,0.10208487724988657
7856,0.45569512181141075
7857,0.8216400588826884
7858,0.003960372628686464
7859,0.29515215826727204
7860,0.999054927466028
7861,0.9843148170970137
7862,0.6529234594075579
7863,0.06984319000254462
7864,0.5446861836044983
7865,0.537866824038314
7866,0.9467966196412343
7867,0.04084779937386
7868,0.865844559841909
7869,0.7540645823253014
7870,0.1379538548249459
7871,0.783817868830979
7872,0.02611097065554119
7873,0.9983019135827904
7874,0.4854569516990428
7875,0.9784904014079032
7876,0.9712761988455989
7877,0.17686909172644183
7878,0.6743999514108885
7879,0.999704072625484
7880,0.9996702574218905
7881,0.9991773129886764
7882,0.09333232557909894
7883,0.9334499201215505
7884,0.0005876318017414044
7885,0.6302159897782097
7886,0.3179623620000752
7887,0.9976487062516145
7888,0.005171767231917838
7889,0.8022212501463929
7890,0.989800517769464
7891,0.44307858954358215
7892,0.015149320519783538
7893,0.9959535583505927
7894,0.9422187967123766
7895,0.9954023436358858
7896,0.7270737797924568
7897,0.9981701961667732
7898,0.26238827109947593
7899,0.0002271832886599443
7900,0.04874649332424191
7901,0.9878124618636163
7902,0.40820810340124564
7903,0.7691234874349598
7904,0.018692679094576007
7905,0.053820643373825305
7906,0.9563238990774543
7907,0.0018003762002811292
7908,0.8421551217969035
7909,0.04351853738997979
7910,0.017858559346705973
7911,0.9483024137270126
7912,0.03960760015004933
7913,0.9172451835006625
7914,0.2492820658661872
7915,0.001685655425050663
7916,0.9948652146815493
7917,0.9884187767920954
7918,0.8878253040768316
7919,0.26964505105134
7920,0.9996510742221467
7921,0.06595195341947616
7922,0.06819692425356938
7923,0.12293675851714851
7924,0.7451153276933867
7925,0.8760708206441918
7926,0.32013754892885693
7927,0.9988015137689222
7928,0.9866732042035037
7929,0.1309419917347412
7930,0.2733210166109589
7931,0.9748323862477152
7932,0.8439359908795927
7933,0.46884286182316404
7934,0.8277481476450597
7935,0.023471847032976674
7936,0.19474678457721284
7937,0.825419053795148
7938,0.9996359435469984
7939,0.08256729255116305
7940,0.37836751851173744
7941,0.969401294077762
7942,0.7715344856037635
7943,0.6545027447893573
7944,0.2048867630670769
7945,0.7202424041973289
7946,0.9589950824231235
7947,0.995871716240096
7948,0.5200713573258765
7949,0.9015505974101025
7950,0.9577658160886016
7951,0.9957322656254025
7952,0.3062994785093349
7953,0.36273009256194333
7954,0.9716919860663725
7955,0.2555160571380278
7956,0.6198378508927113
7957,0.008349831883564019
7958,0.9428142663773598
7959,0.8233221658774642
7960,0.14408052723932233
7961,0.17392042312596684
7962,0.05593767277413617
7963,0.9523649023539482
7964,0.8953240436408755
7965,0.005625859607890503
7966,0.999998866979578
7967,0.9997258468499814
7968,0.3954941096942268
7969,0.00048529837914495334
7970,0.9164823224013311
7971,0.13863846779478997
7972,0.9368162667402337
7973,0.5372082727551521
7974,0.8710892606070672
7975,0.07470701818835561
7976,0.991375733481059
7977,0.27337915577314176
7978,0.20149407356497195
7979,0.8408530823893697
7980,0.9997598076234301
7981,0.7638128761670164
7982,0.8219826235588064
7983,0.3741402157839909
7984,0.6569704903327661
7985,0.9800199424436661
7986,0.9999257502077719
7987,0.9652274236719135
7988,0.9999764077086403
7989,0.018242842056577807
7990,0.43363908905587717
7991,0.0011122332218451876
7992,0.12184642593503335
7993,0.1155334760048848
7994,0.22449160361747578
7995,0.06688269313161856
7996,0.5827907105859876
7997,0.00890349643753257
7998,0.08322085496065217
7999,0.5088318157686558
8000,0.41167436426827686
8001,0.8521180754439562
8002,0.9901282240114941
8003,0.1293583005434802
8004,0.4010179971073717
8005,0.43468126048842043
8006,0.9355584061336364
8007,0.6287798265889813
8008,0.8288300904492277
8009,0.7207626872049082
8010,0.0037087146058830977
8011,0.540408806579235
8012,0.14932539785120047
8013,0.6788919241458008
8014,0.9999799825448532
8015,0.3141772640436708
8016,0.051350537681012796
8017,0.07088382721214719
8018,0.1386322272755003
8019,0.9928621481982375
8020,0.02571932644821849
8021,0.16297010324913852
8022,0.3388503466741506
8023,0.7280498891298177
8024,0.024700487369889543
8025,0.8402434995676719
8026,0.00022612523243355556
8027,0.008477129916896285
8028,0.05419782161038229
8029,0.9995891994401133
8030,0.022256304159137895
8031,0.8798019518694906
8032,0.9996731291185942
8033,0.05979584145527261
8034,0.9998508502217119
8035,0.0006190500748407206
8036,0.08695150400388192
8037,3.737301269471459e-05
8038,0.004731253707006075
8039,0.9311095249912583
8040,0.0792664311478639
8041,0.9990106270876412
8042,0.06687947722301138
8043,0.08292874048807321
8044,0.91162756902956
8045,0.5755903982377758
8046,0.26970592526972625
8047,0.16308438782124351
8048,0.004647547818961384
8049,0.9195574426241592
8050,0.5209084445787797
8051,0.17083206489697456
8052,0.9988495915423247
8053,0.8921265316336603
8054,0.14640918361641192
8055,0.9990741927822501
8056,0.4738882418435135
8057,0.226083316619119
8058,0.36202833399820294
8059,0.025666043726248977
8060,0.9050650836702179
8061,0.030709914266294783
8062,0.999765257180033
8063,0.9443843959481971
8064,0.6929856977707599
8065,0.9413090431772715
8066,0.875831556012398
8067,2.3549935245199964e-05
8068,0.9255874634558862
8069,0.003805954000829279
8070,0.8497086591286277
8071,0.10983858766701625
8072,0.6874724084917218
8073,0.12009513480372067
8074,0.413241702789524
8075,0.7957752888929247
8076,0.8926498787060988
8077,0.20516028007100645
8078,0.723562109016524
8079,0.6193692789549855
8080,0.4029484075067018
8081,0.604521522447514
8082,0.9990779480896866
8083,0.7464578277538129
8084,0.05826853033646093
8085,0.803301284587095
8086,0.13289286129751618
8087,0.9992447477604677
8088,0.8715633990371672
8089,0.522371767489206
8090,0.8966166289875205
8091,0.08205347064687554
8092,0.155858999804498
8093,0.0007034470556779618
8094,0.008116615707333913
8095,0.6700612125259995
8096,0.21629348053770775
8097,0.9973419008123371
8098,0.0488608120884956
8099,0.33382389821022
8100,0.32348274005872546
8101,0.9941343889007158
8102,0.020543109303349398
8103,0.8533579880980685
8104,0.9488110384384111
8105,0.9695546082025104
8106,0.6084536070760804
8107,0.10425321454585694
8108,0.010733944183620274
8109,0.034702715577665084
8110,0.0003691012381953418
8111,0.0009477757534266044
8112,0.07659756480411252
8113,0.9898895290407521
8114,0.14479846216788353
8115,0.0009971822211017022
8116,0.9911559174961191
8117,0.4737440501415887
8118,0.5385415530054998
8119,0.4831616772288763
8120,0.000927354042469763
8121,0.9788183976251267
8122,0.03064863534673049
8123,0.6392806681558513
8124,0.9966597276629309
8125,0.01503020771439052
8126,0.9903707811467541
8127,0.4457416423444673
8128,0.9949729414389702
8129,0.41779826260231845
8130,0.015765763004265156
8131,0.14107277155948453
8132,0.902666684316666
8133,0.8743839630607488
8134,0.9999171831939391
8135,0.049637994253303216
8136,0.9996156496367952
8137,0.42334135717936094
8138,0.22258448394557623
8139,0.021653513749277938
8140,0.9578751126584478
8141,0.07884731534547965
8142,0.9936886261367266
8143,0.7885320598211479
8144,0.006838569383436883
8145,0.9963745402814425
8146,0.11566283015429879
8147,0.0037347416857566717
8148,0.9689992782985166
8149,0.9994957908405585
8150,0.9976666706775239
8151,0.997401894060881
8152,0.9863918127432761
8153,0.8267253262980396
8154,0.004452286191063804
8155,0.7063425970370107
8156,0.9673320802220862
8157,0.03483633971506989
8158,0.9540422001434675
8159,0.017962368290252585
8160,0.9979612294771814
8161,0.6700268736875565
8162,0.9656324558635736
8163,0.2457335104774066
8164,0.9960438765225196
8165,0.9300947580339342
8166,0.17853384448105242
8167,0.8938198063402605
8168,0.9965757131254566
8169,0.7330618551670253
8170,0.661247174422717
8171,0.3058669413595018
8172,0.002608427272528662
8173,0.20969183404644245
8174,0.01589823018390589
8175,0.020933856390592993
8176,0.0006786900800179519
8177,0.040153390342740715
8178,0.018567595912496924
8179,0.9466885072657898
8180,0.05396439323932196
8181,0.001829390028432571
8182,0.786428304013543
8183,0.8012094915751123
8184,0.9215756233002641
8185,0.04670333080269638
8186,0.9976862754821932
8187,0.8297958675312821
8188,0.00034585490376133637
8189,0.6212506660155381
8190,0.002716369777524123
8191,0.0029457746517753645
8192,0.028950852322654805
8193,0.002943686914875835
8194,0.5631477499077447
8195,0.856230271516183
8196,0.9801841284180128
8197,0.34434185060159134
8198,0.9654485341638315
8199,0.9382122994783435
8200,0.13059809642681577
8201,0.8977565869125271
8202,0.19540862945271564
8203,0.20877361245699808
8204,0.04562393697848085
8205,0.2018367603714188
8206,0.022452355676404995
8207,0.8538470603006804
8208,0.9787383873202051
8209,0.9866902614117071
8210,0.5681968109567075
8211,0.9116560490314111
8212,0.0018594268004851642
8213,0.006864515222504229
8214,0.9772563361207955
8215,0.9723410566794577
8216,0.8108742866485849
8217,0.982360861805324
8218,0.7939693571809726
8219,0.9965919469073132
8220,0.502201977232237
8221,0.992556588359478
8222,0.0018041269097022448
8223,1.2044887316754887e-05
8224,0.00015972622286925417
8225,0.9998040747708232
8226,0.9857741806298596
8227,0.7146263393460862
8228,0.95416548751231
8229,0.6219545730554298
8230,0.25030186895063034
8231,0.22339741642395447
8232,0.0669399054453392
8233,0.23503759906757818
8234,0.22608973865679977
8235,0.9149267645059305
8236,0.03164044856170478
8237,0.5974968869480908
8238,0.6082577804896695
8239,0.996753287094543
8240,0.0010602238795188099
8241,0.723568662654938
8242,0.9427356454660577
8243,0.036730271518410955
8244,0.023536449506420875
8245,0.09534775487165625
8246,0.9990218346594744
8247,0.813242850160206
8248,0.7146952664476166
8249,0.9781731601473642
8250,0.6639942341317522
8251,0.0003096631204168678
8252,0.0619960698387801
8253,0.8077069739736075
8254,0.9988839496260913
8255,7.326213903147583e-05
8256,0.6277553300193649
8257,0.9980636378801867
8258,0.3252588480244861
8259,0.7869534087208059
8260,0.006204653179134633
8261,0.997879847906222
8262,0.15581648442397586
8263,0.00013948649852189946
8264,0.8822858140941074
8265,0.29750579531913984
8266,0.06195473230960754
8267,0.0007398752906732686
8268,0.5891257687152883
8269,0.9998963321644885
8270,0.3172148165165275
8271,0.8119113541863905
8272,0.9998752789256603
8273,0.2461956050484298
8274,0.32511154835588507
8275,0.6717747334218198
8276,0.6839088173089235
8277,0.9997847234867726
8278,0.46363379458519494
8279,0.996497570423167
8280,0.0014434932460197952
8281,0.9994795584585544
8282,0.18716634013378447
8283,0.00012099091078517328
8284,0.0007460275746237113
8285,0.9447004093452243
8286,1.838900523269757e-05
8287,0.5741721100877551
8288,0.9991308249691104
8289,0.6968333261426086
8290,0.6686588462655689
8291,0.01846346638764216
8292,0.3315187402425221
8293,0.9986181989045047
8294,0.37764573438725885
8295,0.021673282428595373
8296,0.9841108136236121
8297,0.00294886207353436
8298,0.005107503551539666
8299,0.941623990863296
8300,0.4099919564499307
8301,0.22875701801079723
8302,0.8981414736080215
8303,0.6143393551710096
8304,0.20525474281096132
8305,0.2903044727177457
8306,0.9938070494710657
8307,0.4252260389491446
8308,0.08335100590764866
8309,0.0008291345674527412
8310,0.5992200396833226
8311,0.7715706706373991
8312,0.7773295748561274
8313,0.11176512251772407
8314,0.7105770779024216
8315,0.08308713697236132
8316,0.6040677810461093
8317,0.9983947177017704
8318,0.9736655760046878
8319,0.011480237568782975
8320,0.051050265288106085
8321,0.9799932091570426
8322,0.3899093067148684
8323,0.004922482396081894
8324,0.0006986945163757613
8325,0.0007662872762823463
8326,0.9913939928409213
8327,0.28464942155446726
8328,0.9998904614861522
8329,0.9990225833424881
8330,0.9421907862931409
8331,0.13073242107988656
8332,0.9865747997812272
8333,0.0849406255846975
8334,0.9997686170579372
8335,0.836961820720459
8336,0.8622805222096868
8337,0.004556403683764669
8338,0.9951478125538795
8339,0.7741657909671545
8340,0.8414573474553388
8341,0.005793633356675107
8342,0.864784502575854
8343,0.6192456107533931
8344,0.9855565824633455
8345,0.9959024785017999
8346,0.5181861860537139
8347,0.8910434751352773
8348,0.08179967394740786
8349,0.9362535156549378
8350,0.9967245035043023
8351,0.23588391335875278
8352,0.16821127150015833
8353,0.9052853652113811
8354,0.0051537872394480325
8355,0.0014973746354083872
8356,0.2828009493003999
8357,0.0011882584876166647
8358,0.6687810906842979
8359,0.10990652827284166
8360,0.0056415485565948905
8361,0.1640895729493119
8362,0.5221382670533038
8363,0.04431002434639843
8364,0.9589417352781084
8365,0.9739721213115969
8366,0.5234871594221611
8367,0.9650583669608566
8368,0.43202644523203426
8369,0.017352891889452965
8370,0.08701944683641613
8371,0.01849574565637012
8372,0.9655539581172984
8373,0.40030950063298076
8374,0.9865724320183923
8375,0.8476447255937355
8376,0.011646978393541693
8377,0.9327331435243776
8378,0.0065040796649939924
8379,0.9813596913318368
8380,0.9613027483353329
8381,0.9230538807221805
8382,0.3268730460117394
8383,0.9764395868804149
8384,0.016944683922391936
8385,0.04966532365418084
8386,0.4894125809546026
8387,0.0016769953398176783
8388,0.8498614080284622
8389,0.9798697338096504
8390,0.010184480392254535
8391,0.6611872041479693
8392,0.020683053746861635
8393,0.21644607557632764
8394,0.10153869468780337
8395,0.005467351064965139
8396,0.7635018212329597
8397,0.017550371727005156
8398,0.7878920293312962
8399,0.9982688502671572
8400,0.1621907228986271
8401,0.8991205491876695
8402,0.9416522134622252
8403,0.9546063049099456
8404,0.03577957172464244
8405,0.0025715966245938543
8406,0.9950251836270059
8407,0.24044409268900033
8408,0.0018654586069462233
8409,0.6970537447367026
8410,0.5245890777553401
8411,0.08003648540500728
8412,0.18168309890891757
8413,0.6844783557830465
8414,0.959301198517907
8415,0.05672547906324434
8416,0.016117678878473114
8417,0.9993415241158676
8418,0.9990307205946941
8419,0.8632721851571139
8420,0.0033144490498269448
8421,0.6935020893847875
8422,0.0299593878977786
8423,0.6942128874862898
8424,0.92599447525428
8425,0.008806766257267631
8426,0.706902142169742
8427,0.012969066621549643
8428,0.9899995642209835
8429,0.017110011509828275
8430,0.9573032590637842
8431,0.5610374203547452
8432,0.9980320705808241
8433,0.7825366851697201
8434,0.9705687325242434
8435,0.472594116469925
8436,0.00014690261808531697
8437,0.8531438512855631
8438,0.009742727896120074
8439,0.17618116256397043
8440,0.00395922757792638
8441,0.9666790190549361
8442,0.9923915913539273
8443,0.8539795833356308
8444,0.0040637410531873175
8445,0.999997004048752
8446,0.05240983239784022
8447,0.26995551597088946
8448,0.5780054057934073
8449,0.973951356447218
8450,0.0018079119980706877
8451,0.09344434103216445
8452,0.9652468577096291
8453,0.11761951739593943
8454,0.9717849102370892
8455,0.9523512314476976
8456,0.07353277018211213
8457,0.04952000457447157
8458,0.8824732701885554
8459,0.43769902183701787
8460,0.0010672015529842897
8461,0.00012371774950916667
8462,0.44108661225083057
8463,0.3080030698796629
8464,0.6299703876857261
8465,0.9941102576746025
8466,0.7588528267200197
8467,0.9926569148518118
8468,0.6105428609887802
8469,0.995071323075455
8470,0.9077248065892997
8471,0.006173590683354011
8472,0.9997720898729254
8473,0.28520475621415986
8474,0.000104682741691865
8475,0.9263573343466245
8476,0.7964013441802851
8477,0.7464542762578423
8478,0.006806032717554507
8479,0.001154649441785513
8480,0.9991415709521039
8481,0.20299002688250709
8482,0.876688633868791
8483,5.406121783426309e-05
8484,0.0058915101680119914
8485,0.9923518606370774
8486,0.6299985930168908
8487,0.9880456253719787
8488,0.07201170384987834
8489,0.9995419073067696
8490,0.8470801858110036
8491,0.00737290560372042
8492,0.7847173445811465
8493,0.9950927635450748
8494,0.9236324865034893
8495,0.6155765460838077
8496,0.021973903910830095
8497,0.9775490612218063
8498,0.21016371643615556
8499,0.965376285982886
8500,0.9933646955349894
8501,0.9200360003886175
8502,0.9870335486232027
8503,0.9841369356782297
8504,0.0002996650107120844
8505,0.9955564884621996
8506,0.0002510167898309044
8507,0.18194295857986023
8508,0.011492458870843493
8509,0.9512353615618709
8510,0.9428729462314127
8511,0.979738649142754
8512,0.0001605993100752674
8513,0.5682379954489465
8514,0.8334607101109784
8515,0.9990620030763672
8516,0.007224972129966901
8517,0.6511991563771794
8518,0.996551162797285
8519,0.2418222501321831
8520,0.9904205484421958
8521,0.9825256242164289
8522,0.08859502320889788
8523,0.8672461090725108
8524,0.2402700766993563
8525,0.013289373717556268
8526,0.5469427626895915
8527,0.955457818124149
8528,0.4228759162432527
8529,0.9991774830039224
8530,0.6000925061802618
8531,0.136713883648512
8532,0.8347500854778573
8533,0.006662817482363118
8534,0.10202314593735438
8535,0.991565752696545
8536,0.13846025410283144
8537,0.9959364635629476
8538,0.0008752832370756016
8539,0.0030726272361969714
8540,0.10872188876255506
8541,0.0812944571354348
8542,0.24582307606001566
8543,0.14261145630877134
8544,0.9999946532272163
8545,0.9998528640920124
8546,0.4357337987958285
8547,0.317832209141949
8548,0.9998651062850935
8549,0.2732573051068626
8550,0.005026432966236424
8551,0.07928921913331818
8552,0.23075619022492708
8553,0.1977486241688779
8554,0.7028218016379818
8555,0.908873895670524
8556,0.2100602105747162
8557,0.9994090006571077
8558,0.9946134725197394
8559,0.8121442692299659
8560,0.04051858589282106
8561,0.5475565903048929
8562,0.7231549017130301
8563,0.7719260937609793
8564,0.0001161342827391777
8565,0.9653772771536526
8566,0.9982060491909143
8567,0.5387293123983895
8568,0.9996349394426214
8569,0.007658440543609178
8570,0.9925126044305927
8571,0.9779742993250559
8572,0.9971874859318156
8573,0.05577968150914968
8574,0.9999860932793216
8575,0.9996297957544975
8576,0.9149448080157768
8577,0.7103416955155178
8578,0.007394730863485079
8579,0.06281897417806877
8580,0.840252922186715
8581,0.8387864773244875
8582,0.9720685873032451
8583,0.004560370301935279
8584,0.3373547482138426
8585,0.956763598867441
8586,0.00036288057459952936
8587,0.0020298976908301788
8588,0.16564487780461226
8589,0.044485768182992116
8590,0.9929073865879279
8591,0.1411391828706733
8592,0.9956403465363983
8593,0.9545215012523072
8594,0.006817180091545202
8595,0.007069063686834931
8596,0.013415638064946136
8597,0.004921247416036923
8598,0.9057900586169918
8599,0.0004814443312906216
8600,0.8333704396505238
8601,0.039407108393771484
8602,0.0009352825487353934
8603,0.9968755305440388
8604,0.014011720144118707
8605,0.9997561284893872
8606,0.14155857295708038
8607,0.2576422965223645
8608,0.007303867864296648
8609,0.3277505725288582
8610,0.09746229938680555
8611,0.8953328956164066
8612,0.2326495191592248
8613,0.8090851139384452
8614,0.8781420312699393
8615,0.002450364336986863
8616,0.7047534548724134
8617,0.9817132489080694
8618,8.994549375969216e-05
8619,0.08777016050848653
8620,0.15125784641231038
8621,0.07329399785710065
8622,0.0035487850566122297
8623,0.9990077243719504
8624,0.24106773197195117
8625,0.9059569114078561
8626,0.04656448610504528
8627,0.4088408787379277
8628,0.9958304107399432
8629,0.021418001964141543
8630,0.1799428842871027
8631,0.7972630114273076
8632,0.008419668406103501
8633,0.9184691751981187
8634,0.8421977609659366
8635,0.9966282448612066
8636,0.004072820694842249
8637,0.23426619931044693
8638,0.21156840209750505
8639,0.2937540326440662
8640,0.9974266224014551
8641,0.8796922072147317
8642,0.02698454612768954
8643,0.0020866091444572336
8644,0.9999757026189062
8645,0.9657633377633843
8646,0.01935539476521585
8647,0.28168680292550646
8648,0.9985918242494646
8649,0.98357797845556
8650,0.9947890380310652
8651,0.9443745981537601
8652,0.0005145375927224839
8653,0.0036638798592560132
8654,0.005121006359188682
8655,0.6322674762710904
8656,0.009881865478717708
8657,0.9983303193584913
8658,0.009505081743074543
8659,0.973142202206042
8660,0.9128931855611984
8661,0.19146066659003996
8662,0.980192935202788
8663,0.013058676068252947
8664,0.0016284719795610358
8665,0.9999518809439766
8666,1.796918970552719e-05
8667,0.9501830327155167
8668,0.7082365052493431
8669,0.030892548325727142
8670,0.996711463527503
8671,0.9197981716139905
8672,0.0027171838936240556
8673,0.9112221413465554
8674,0.28952000941459344
8675,0.2430488083428208
8676,0.7264438590833718
8677,0.9960789286441762
8678,0.19619510894225176
8679,0.6824805810895491
8680,0.34040471481075696
8681,1.7122112112363012e-06
8682,0.9996581936452107
8683,0.7629138790460498
8684,0.030417059177716414
8685,0.46791423536384263
8686,0.9629629471825492
8687,0.9679802418465132
8688,0.4372948733311307
8689,0.001201744780204382
8690,0.031172008957191043
8691,0.9936945660921399
8692,0.020540847934243683
8693,0.8517058667912787
8694,0.5797749873588023
8695,0.5417897663982888
8696,0.03659152947394682
8697,0.0032071850009401325
8698,0.6809315697345023
8699,0.9416850124638352
8700,0.05790697797240571
8701,0.9848563350767128
8702,0.9572038657931973
8703,0.74694043036812
8704,0.23946029230190152
8705,0.9779971378263528
8706,0.0060442073752179845
8707,0.8156106863274761
8708,0.9945136645929199
8709,0.5576683577903351
8710,0.9814219576468576
8711,0.09383944318218283
8712,0.027264735541708
8713,0.8815960658821286
8714,0.13830873674446134
8715,0.0238424011970323
8716,0.004701144260607109
8717,0.0061720634535964835
8718,0.937147045266792
8719,0.12581505335464244
8720,0.988268301131584
8721,0.44418250948912985
8722,0.4746480443230607
8723,0.7693217745595812
8724,0.033361628253990645
8725,0.2744271434613191
8726,0.08620774343178257
8727,0.28732022318233674
8728,0.9350205220590354
8729,0.47378453060522535
8730,0.8741610607454136
8731,0.014632632673254141
8732,0.9965863433639705
8733,0.7998138197585213
8734,0.16777553672059675
8735,0.026949093497059134
8736,0.9699221504739758
8737,0.8517253910540656
8738,0.9891151014229483
8739,0.0015572578691428265
8740,0.06988102808753946
8741,0.42587097696094056
8742,0.8187545384248801
8743,0.07043293499385572
8744,0.6814243450191336
8745,0.00044518108649324703
8746,0.7898885939050923
8747,0.9947203565069773
8748,0.025689496278099504
8749,0.05579197519599601
8750,0.005422306297530551
8751,0.014669943158432905
8752,0.07234462707226194
8753,0.41357578664063027
8754,0.20815925416706027
8755,0.007410588940557524
8756,0.9992761749345382
8757,0.9689899921791228
8758,0.7006322739493545
8759,0.003438542287842857
8760,0.18700833581903162
8761,0.5293330232118594
8762,0.005217572633520468
8763,0.20137265470266924
8764,0.991488381581306
8765,0.5686831621270334
8766,0.9955665976649208
8767,0.2470576441971282
8768,0.72418351342909
8769,0.8254542525990927
8770,0.9985034102861313
8771,0.9968755889916822
8772,0.8788458900044267
8773,0.0010895903448996875
8774,0.9997103382470889
8775,0.04333595185470035
8776,0.1143516155348971
8777,0.00018525021665661995
8778,0.009431088505236466
8779,0.06857251474162002
8780,0.00015608837978801704
8781,0.985988482693831
8782,0.05144963974887573
8783,0.9970330763600718
8784,0.5841593720855031
8785,0.9971395373304301
8786,0.9577353356737037
8787,0.476550566409811
8788,0.8601969540276957
8789,0.0006510111259391842
8790,0.3512206323739532
8791,0.08344599845058394
8792,0.6378345954347875
8793,0.7191349569420477
8794,0.6541618308535726
8795,0.0015398157971021336
8796,0.9851593027165769
8797,0.07231068490540685
8798,0.6165592824941518
8799,0.16174892279561384
8800,0.118000060232139
8801,0.9985187049321326
8802,0.9943604860226213
8803,0.9905510201493042
8804,0.47448144104036777
8805,0.1695243444213379
8806,0.020586391229519642
8807,0.9864690123674847
8808,0.9997539969164454
8809,0.9911542413416901
8810,0.9997074719066834
8811,0.0018898114763425669
8812,0.0005878234606428557
8813,0.9910624536358447
8814,0.970132408830326
8815,0.999813834102408
8816,0.9952007150281631
8817,0.006661758709049885
8818,0.8664473450960108
8819,0.9965353766394616
8820,0.9571558446326539
8821,0.045359065183002936
8822,0.982675724099731
8823,0.033925182122217144
8824,0.06350841735183498
8825,0.4887186168682717
8826,0.11495281659220186
8827,0.8310363218806704
8828,0.37784791977499493
8829,0.010110523504603338
8830,0.04577586097213646
8831,0.7887471275601137
8832,0.06008828200360213
8833,0.006389437845863912
8834,0.9981920707190648
8835,0.974519588066261
8836,0.4636970692153842
8837,0.3177296627765712
8838,0.8415777888151196
8839,0.9435129782719655
8840,0.7399939567595046
8841,0.9361854675484178
8842,0.0007295148655127404
8843,0.02716455628497147
8844,0.9954615165455166
8845,0.9076249889114233
8846,0.3027416993813586
8847,0.00811596213885128
8848,0.2246343108879019
8849,0.014034999151200135
8850,0.805632238649828
8851,0.8046372333131824
8852,0.08314209929589272
8853,0.9999541561341089
8854,0.009566128936417262
8855,0.9961158374782275
8856,0.9028715410227134
8857,0.9998795947914872
8858,0.26769698748676146
8859,0.00033756053633107204
8860,0.9379652372060948
8861,0.8463616433036729
8862,0.9933282794294728
8863,0.0065158874041249615
8864,0.07068011497397345
8865,0.8943914438012395
8866,0.8003519150333726
8867,0.7492050465774528
8868,0.9981757051170435
8869,0.0007759551454596311
8870,0.9537778548996931
8871,0.33790408381377723
8872,0.9920025304839731
8873,0.9347605856353484
8874,0.9615852612428999
8875,0.9909970339915913
8876,0.9609869113384526
8877,0.031797999805346755
8878,0.9869780086959332
8879,0.9933495476343125
8880,0.01481655544047446
8881,0.10482460216431694
8882,0.1457565291303599
8883,0.0011416786437853522
8884,0.7231788138601943
8885,0.4556686066953378
8886,0.9874186078550482
8887,0.7581134457289261
8888,0.9857927219093071
8889,0.00025726027769740656
8890,0.653362710852624
8891,0.06175552547153566
8892,0.3574491924839394
8893,0.9674312387174767
8894,0.08074358113728923
8895,0.3065819872091623
8896,0.9803024288951524
8897,0.8402234845563502
8898,0.9976212419918117
8899,0.8730997661614548
8900,0.9998348287542179
8901,0.00037617357406381156
8902,0.027278215770536858
8903,0.9963405846569046
8904,0.9606835804580883
8905,0.7983192147974915
8906,0.9850720239212967
8907,0.004213057030634428
8908,0.8549546744246482
8909,0.9766831002560746
8910,0.29193138089937454
8911,0.009958020629490777
8912,0.09446213800697399
8913,0.0014903435661489369
8914,0.014415918290256999
8915,0.9497856856687783
8916,0.08787270679252014
8917,0.0015248748705728196
8918,0.05970471526251263
8919,0.9858345525213449
8920,0.09102128654822318
8921,0.002087199271783338
8922,0.07319174382052628
8923,0.3784756571572417
8924,0.9952487381987422
8925,0.7576031025430352
8926,0.0013197382732271711
8927,0.007104473019935217
8928,0.9457759945815148
8929,0.3263206323927044
8930,0.002981611843088041
8931,0.11079003818207601
8932,0.0007532342935187257
8933,0.9582386657196977
8934,0.9149217204662643
8935,0.9737816676204288
8936,0.028109807542979193
8937,0.10161790327820425
8938,0.9637349114803047
8939,0.3005105299448105
8940,0.7507487189747812
8941,0.003372454715818591
8942,0.7278599150978206
8943,0.6598713947645171
8944,0.34520973773692254
8945,0.7790055993259049
8946,0.9613105002290643
8947,0.0035563033908823944
8948,0.5562660154186875
8949,0.004821839287614191
8950,0.015419395521189632
8951,0.38509524120069183
8952,0.998536677043881
8953,0.18581802691124744
8954,0.021577349121061424
8955,0.27476531869769394
8956,0.9487834704547555
8957,0.23389885503764735
8958,0.7037342621321825
8959,0.0022346136818243885
8960,0.24688228666788176
8961,0.00889206337765892
8962,3.6248862341052084e-05
8963,0.0008046870647661292
8964,0.9828689567535571
8965,0.012577472645765449
8966,0.08214758609909088
8967,0.5937826449384093
8968,0.009744926869460374
8969,0.59337215385709
8970,0.0015549767767604628
8971,0.7786718944825096
8972,0.9999972042178751
8973,0.07931058965767428
8974,0.9834435209038841
8975,0.9187177122464378
8976,0.7234496698691771
8977,0.9891309728170501
8978,0.9025185244595483
8979,0.7060494643533266
8980,0.05981787369829589
8981,0.3433364833110027
8982,0.9425072134322883
8983,0.8904614169243947
8984,0.6152597121986347
8985,0.9796408033071238
8986,0.0004996315774422556
8987,0.9732595824776531
8988,0.9307059890273719
8989,0.0008206016706350281
8990,0.0067790559504479
8991,0.982888685275281
8992,0.0022797361783287846
8993,0.18482625124574606
8994,0.7166201775413615
8995,0.00016969079760518287
8996,0.00011055357726757213
8997,0.290447938582686
8998,0.00378164901837437
8999,0.6715740221654019
9000,5.39323913331708e-07
9001,0.4232742825112386
9002,0.0962773312517449
9003,0.0012248730804009643
9004,0.955010462014413
9005,0.9894273211204666
9006,0.01354078217991158
9007,0.9980076511758905
9008,0.9953480982175575
9009,0.001526083960561644
9010,0.09092459334877862
9011,0.028753687690064107
9012,0.951151799643005
9013,0.05125336069595946
9014,0.07721724754498852
9015,0.9906266249522836
9016,0.0022238807528814843
9017,0.005904007960872456
9018,0.9905412844227544
9019,0.003805954000829279
9020,0.02227934783372646
9021,0.049240330487024406
9022,0.998598138817335
9023,0.5172510927203601
9024,0.9982986660228703
9025,0.0032092168783194206
9026,0.8141768689504324
9027,0.9999773904432482
9028,0.3728845243180964
9029,0.025854115932352602
9030,0.2098988745533244
9031,0.013365491085928296
9032,0.9750047345442513
9033,0.03644816432812192
9034,0.9871555812165074
9035,0.11129718086547907
9036,0.16239245354096743
9037,0.9335289139011815
9038,0.6301728817744007
9039,0.8987616740792073
9040,0.8626618734050986
9041,0.01367632914283259
9042,0.5262173723585548
9043,0.9995725249650428
9044,0.05936959096779507
9045,0.2988636814547811
9046,0.9964798319238762
9047,0.938923233313337
9048,0.8431526668074985
9049,0.7895964605448145
9050,0.6157405565515923
9051,0.4209553789859718
9052,0.9731885547375838
9053,0.9160611754604854
9054,0.00047578846266400633
9055,0.8652166378605599
9056,0.9093981742313205
9057,0.11093399161024325
9058,0.9999988781976444
9059,0.03005778838748914
9060,0.0003612367038166965
9061,0.005023166683899967
9062,0.08687636261607225
9063,0.9996338171345964
9064,0.10598765195976452
9065,0.945962626984175
9066,0.9945293958824739
9067,0.966916568480621
9068,0.49040308778269304
9069,0.8530213729709881
9070,0.917562557391509
9071,0.9065319644630196
9072,0.013834963932364287
9073,0.9752104490299186
9074,0.9972439419125201
9075,0.014156378529100415
9076,0.08026563905834082
9077,0.668324660599227
9078,0.6042985045406213
9079,0.0016424233311950179
9080,0.9999694101414699
9081,0.9307200835309243
9082,0.9666854541738873
9083,0.05936697392352691
9084,0.9711405499513626
9085,0.09439859271929266
9086,0.7307230639133335
9087,0.000986703876333024
9088,0.6619505645981151
9089,0.014066638294395037
9090,0.9984770572123661
9091,0.9992534798724125
9092,0.00027657967765075994
9093,0.22031611449467559
9094,0.9035609625326003
9095,0.18002502907100265
9096,0.00012170337979964758
9097,0.029692759504506252
9098,0.9977635839460864
9099,0.8579113961879438
9100,0.8593017922544895
9101,0.03462890109260896
9102,0.9999008472486897
9103,0.2829208128905767
9104,0.9550019435480898
9105,0.9538346345294249
9106,0.061486528754832674
9107,0.8884566726020304
9108,0.9689512207633558
9109,0.12548996084950753
9110,0.8196809435188195
9111,0.6893863756246766
9112,0.5972522702667522
9113,0.8533141275505817
9114,0.9991352710725236
9115,0.994384949176653
9116,0.9630988353200658
9117,0.9927040211682027
9118,0.0010689596032890968
9119,0.0007305631381235531
9120,0.3064505870590438
9121,0.9748018245849676
9122,0.3497907342198993
9123,0.13226057173823763
9124,0.6474860940817722
9125,0.8598512584587209
9126,0.9539594446766739
9127,0.6628020497336208
9128,0.9971829266801819
9129,0.9993033905922555
9130,0.9882673598364101
9131,0.003151156922382851
9132,0.519631238260906
9133,0.004559041756577979
9134,0.6826074246754164
9135,0.13843260076524652
9136,0.9832006435462849
9137,0.9967611537120512
9138,0.49683343997799223
9139,0.3445327281440147
9140,0.045353184063326064
9141,0.560643507565125
9142,0.2812127640465296
9143,0.9960916266899135
9144,0.9988416074479757
9145,0.0002761304832953738
9146,0.5590996085819584
9147,0.0349403626214821
9148,0.02110194590165377
9149,0.23194044785398546
9150,0.8118208634306004
9151,0.00035906895504895473
9152,0.0012797088766804575
9153,0.44297612353217175
9154,0.003676901520596597
9155,0.9480040062732147
9156,0.029343453321798132
9157,0.9995199111113668
9158,0.9563411754430632
9159,0.0395407595962915
9160,0.9124601577592399
9161,0.9779142969142846
9162,0.2055381895168317
9163,0.006676614519724281
9164,0.45745999758371675
9165,0.9999929305906488
9166,0.20620022908209926
9167,0.02303315621876631
9168,0.2017701220702656
9169,0.024002222677104362
9170,0.3949155645900339
9171,0.028918261776144625
9172,0.21080513303917747
9173,0.00024944236021552505
9174,0.8089061221915886
9175,0.9539346194696
9176,0.9641400353502482
9177,0.00173172278540609
9178,0.004427920305267273
9179,0.9965121609043553
9180,0.9767983091041424
9181,0.018110953339458395
9182,0.9997906888710663
9183,0.05347571710805102
9184,0.8737125130254905
9185,0.9961926897478598
9186,0.1254142562483543
9187,0.9173113408309985
9188,0.01813031247812466
9189,0.13922412002527745
9190,0.19254370473552845
9191,0.1640304896596276
9192,0.00252007021340773
9193,0.030452920668288093
9194,0.7849474858829207
9195,0.9069464128799928
9196,0.9900124921396585
9197,0.32921904629655835
9198,0.8416849481171212
9199,0.0059869320344036634
9200,0.0014108869736640113
9201,0.2599722230695577
9202,0.7170368751846136
9203,0.871490341399655
9204,0.07434561910658453
9205,0.04854971968535654
9206,0.8515334584631993
9207,0.6624392737078106
9208,0.9261647165623595
9209,0.05434420990098213
9210,0.015461947544291029
9211,0.9967763456285618
9212,0.8307506166263545
9213,0.06879934602810137
9214,0.018807277593112365
9215,0.13905499404063487
9216,0.9821496362943598
9217,0.9999760442909543
9218,0.5650125524897944
9219,0.8171189896744605
9220,0.10788501991258381
9221,0.6554145301039135
9222,0.9765483204700802
9223,0.00053956203288553
9224,0.10049897013631104
9225,0.9887647815871882
9226,0.9495687708919983
9227,0.007511766586507029
9228,0.20266782685745094
9229,0.9907359085304718
9230,0.9239661711782708
9231,0.9398133265580325
9232,0.9991645443379613
9233,0.24611275795067925
9234,0.01725827522590727
9235,0.2355306814869422
9236,0.5211285652701056
9237,0.05583574202356124
9238,0.9999732998868414
9239,0.9999180722518096
9240,0.9283811559677183
9241,0.9739362821797143
9242,0.9911877523439298
9243,0.5278204056721822
9244,0.001983084280091166
9245,0.1555343506183553
9246,0.02045784516476604
9247,0.9859447425111396
9248,0.04216448563827223
9249,0.44312866062659023
9250,0.9933746331443231
9251,0.9995501191342138
9252,0.9421568528587386
9253,0.027051130736486507
9254,0.35303407871119935
9255,0.11200617786794309
9256,0.437239560933397
9257,0.16174310276807888
9258,0.9991901393173658
9259,0.38599372409069627
9260,0.9649253371048931
9261,0.9723073462524766
9262,0.9901066092098914
9263,0.7876442092525352
9264,0.6938343120409248
9265,0.9836022429430648
9266,0.9927256020347973
9267,0.3074382203967382
9268,0.9723223258749991
9269,0.9074310982228208
9270,0.8699094800564542
9271,0.998788256420796
9272,0.9819320083568648
9273,0.8969384433695485
9274,0.999838721790311
9275,0.9584239673736142
9276,0.1588605898070405
9277,0.891942654708851
9278,0.560862294964668
9279,0.968358492395385
9280,0.0507260910127088
9281,0.9583107601812307
9282,0.27396967424527674
9283,0.9977585779193018
9284,0.6048844161446116
9285,0.08126607305388732
9286,0.6685763498168545
9287,0.0013085090248900338
9288,0.9928519014707425
9289,5.0243004394672296e-05
9290,0.029350101647161626
9291,0.7709722395405735
9292,3.21688273547072e-05
9293,0.9824465291480918
9294,0.980765331335355
9295,0.04986726631773352
9296,0.9308613769088272
9297,0.9155599869010453
9298,0.9571213267814725
9299,0.15006099755158112
9300,0.049430841638749924
9301,0.0024091271335905757
9302,0.7010345338241524
9303,0.7481861312312066
9304,0.24475380389543058
9305,0.9851278298883549
9306,0.4427018811682599
9307,0.2272120246350054
9308,0.04317398886134795
9309,0.9442857616374228
9310,0.022669715455253685
9311,0.8410163780833874
9312,0.003298513375619832
9313,0.07286735939701852
9314,0.6388238911690214
9315,0.881586530569975
9316,0.06051962575804681
9317,0.9992460249506383
9318,0.8657419861502724
9319,0.14181201606591104
9320,0.5761644204672065
9321,0.10939345629257476
9322,0.0027296768509033685
9323,0.002041894789584939
9324,0.023308827164060356
9325,0.5649156645963573
9326,1.8415018371405125e-05
9327,0.33766960406225754
9328,0.9603589473121064
9329,0.7768470147101695
9330,0.7562249529941442
9331,0.9410352234208967
9332,0.6230937860589214
9333,0.9999927720063845
9334,0.9879549561424597
9335,0.923974285328229
9336,0.9999824027457641
9337,0.25034741949566264
9338,0.007244117136511867
9339,0.9989842616023633
9340,0.9998193292664579
9341,0.7123284564223965
9342,0.0021791179473835383
9343,0.8859795625172217
9344,0.6795028235234276
9345,0.7802539640508679
9346,0.9886556377214574
9347,0.7904324148858581
9348,0.07326929675635191
9349,0.7847985555166095
9350,0.9716559143981673
9351,0.20833518394611306
9352,0.3472003212092365
9353,0.9988111630789496
9354,0.9827127195690124
9355,0.9177495256903527
9356,0.9999807616271237
9357,0.8410266088460483
9358,0.9018057332300575
9359,0.12208448586670093
9360,0.0035760294552562005
9361,0.9814440178766421
9362,0.0014729056699868267
9363,0.02407622394383968
9364,0.18345847943252405
9365,0.7644748940911817
9366,0.11289997032795131
9367,0.9688369410432909
9368,0.35684544465100404
9369,0.7247726150374799
9370,0.0036077361763465314
9371,0.5194929021985053
9372,0.794443044041224
9373,0.9319233445615507
9374,0.5933653741835685
9375,0.3096132948750603
9376,0.004295936991861878
9377,0.10618232525418034
9378,0.9826967466987965
9379,0.5418878087593769
9380,0.17871318193904104
9381,0.6314077336504768
9382,0.3016573336182063
9383,0.030638108365108746
9384,0.9719354863686634
9385,0.6517552894363442
9386,0.99957823047057
9387,0.686579364404681
9388,0.9674918078663965
9389,0.00033172187613604175
9390,0.4059309730411559
9391,0.0003499304380518198
9392,0.7633712856550772
9393,0.9911847514789184
9394,0.052314590883240523
9395,0.1554914032976827
9396,0.18806109031549154
9397,0.004558524653183537
9398,0.08073303837756701
9399,0.13417218950541515
9400,0.23655861160760097
9401,0.9980436309126746
9402,0.9995362616653874
9403,0.9939702967785213
9404,0.60907099591692
9405,0.11136313011163214
9406,0.8815627377101727
9407,0.36562548829116465
9408,0.001429542438936687
9409,0.9470586146693345
9410,0.873268484365872
9411,0.4232323683000764
9412,0.9999751640167497
9413,0.9995372847927017
9414,0.9787994398458603
9415,0.16980485534429532
9416,0.9973446928587139
9417,0.5595145934030931
9418,0.7712180228265113
9419,0.09368272123601223
9420,0.07154553170118244
9421,0.9391727932713332
9422,0.0020282759798125223
9423,0.054087298241970776
9424,0.9993727010574501
9425,0.7388038245972105
9426,0.0035034696290633773
9427,0.0223257269220354
9428,0.15920298918378673
9429,0.9266167640643503
9430,0.0035552248046705425
9431,0.003606456870999764
9432,0.001325264945660898
9433,0.913124917665933
9434,0.9678911170811723
9435,0.001031774387362873
9436,0.1076478546377885
9437,0.002280274179344161
9438,0.06781993728023349
9439,0.13291175183303292
9440,0.16962700284867907
9441,0.06365420427493002
9442,0.7454450211141068
9443,0.9868701283782132
9444,0.0477968922088329
9445,0.030133021349499283
9446,0.9995858722190661
9447,0.4655617827492474
9448,0.9242001549807121
9449,0.9280018937492571
9450,0.27243886055095146
9451,0.995520091758784
9452,0.36774319386753174
9453,0.9996837739390474
9454,0.17338313538716224
9455,0.7339458949973096
9456,0.19007339242413981
9457,0.036127270885241564
9458,0.0015110451612922891
9459,0.10283533787556291
9460,0.8881045373335981
9461,0.9915166598434222
9462,0.06648512371513687
9463,0.29114866900227054
9464,8.706690680146325e-08
9465,0.8481837375389095
9466,0.43906075426149005
9467,0.37752613903329824
9468,0.7539365951453011
9469,0.9969125749813631
9470,0.05865658921030389
9471,0.9900610282052803
9472,0.8100303789374086
9473,0.00012071031580519515
9474,0.7263284382994873
9475,0.2562094859184733
9476,0.9779915101569542
9477,0.23321978396751916
9478,0.2861677993258883
9479,0.9995903715029826
9480,0.4695607599690942
9481,0.010272422280080813
9482,0.8431960187152012
9483,6.429900064102012e-05
9484,0.9705658773206708
9485,0.9497434929000584
9486,0.6308300507107105
9487,0.893977344150493
9488,0.23387884625112723
9489,0.9508954181132503
9490,7.360503716522974e-06
9491,3.641878898270385e-05
9492,0.8436870431051247
9493,0.02315229609386361
9494,0.9651399209523829
9495,0.7654830357651276
9496,0.9585716092837265
9497,0.007122533297185149
9498,0.7850692077206578
9499,0.4053500464024528
9500,0.38339842479190256
9501,0.9976555679128872
9502,0.08893493969180535
9503,0.9937942819942099
9504,0.1549191061357775
9505,0.048568004238562446
9506,0.9989537073905282
9507,0.1460064746182087
9508,0.19096695241716546
9509,0.00024882452760360965
9510,0.9942913080270779
9511,0.9906409140614633
9512,0.46030502830854886
9513,0.0290771831601368
9514,0.02860196956917483
9515,0.016099827489036336
9516,0.150769095401285
9517,0.00011033050016160051
9518,0.8307350317137531
9519,0.0031601729746500253
9520,0.9683702575698669
9521,0.992965666860235
9522,7.102139909695149e-05
9523,0.034013703778541536
9524,0.9980494913019613
9525,0.057650363229997836
9526,0.9807122508070009
9527,0.06787300575953396
9528,0.9377594949555523
9529,0.1261348435904006
9530,0.968661580721959
9531,0.4306016478451402
9532,0.93734422230336
9533,0.9871124587660338
9534,0.8934409720311145
9535,6.177266180261215e-05
9536,0.9999770287391492
9537,0.4542121298845984
9538,0.10422391877394438
9539,0.7733579897042769
9540,0.0005643776050005035
9541,0.704562250153576
9542,0.10384151799773306
9543,0.018743947374201674
9544,0.41683066859654894
9545,0.9867655157584106
9546,0.00012067725744017828
9547,0.2707480060378746
9548,0.00119688281669031
9549,0.010865970701788673
9550,0.9962301002822027
9551,0.7760845544664945
9552,0.8685924738994311
9553,0.054059471294339335
9554,1.7395695650401725e-06
9555,0.9517226979459009
9556,0.998029167973017
9557,0.800603855143737
9558,0.8732982815663715
9559,0.9698599466907897
9560,0.8423994189380313
9561,0.16020406202937085
9562,0.13238513902767238
9563,0.978658880455797
9564,0.06150405002749383
9565,0.04183791887426081
9566,0.9291643168766429
9567,0.950750415018102
9568,0.9960710645856601
9569,0.0063272923971959185
9570,0.01230999978100419
9571,0.5348001626452134
9572,0.5827734412896187
9573,0.6606598156572963
9574,0.8773248905769494
9575,0.008471312908545314
9576,0.9870307908734248
9577,0.12427371471115876
9578,0.20341403178699743
9579,0.061875258142592406
9580,0.23316116043058743
9581,0.5013539278605019
9582,0.15493422857825842
9583,0.6561316409713782
9584,0.9499948212884227
9585,0.6771190500661627
9586,0.7212564878153829
9587,0.03780775830147613
9588,0.20957750628311744
9589,0.9812877642142135
9590,0.3490323744756745
9591,0.7021392344433244
9592,0.9851229118257007
9593,0.9598046159779361
9594,0.8233260268579972
9595,0.9934272954656138
9596,0.8564431636105497
9597,0.023691307958676633
9598,0.8366467309153642
9599,0.0012509184614281482
9600,0.9955758725268725
9601,0.5071086073379251
9602,0.9897484179657902
9603,0.9692902203313273
9604,0.011344999128295102
9605,0.024676467490569773
9606,0.000572263768320852
9607,0.1781304444984373
9608,0.9997716499707954
9609,0.02403414974518134
9610,0.9688015727992668
9611,0.01812981228625846
9612,0.2640594625288507
9613,0.03467187577118557
9614,0.9650379637013768
9615,0.99041371800483
9616,0.8544791589103053
9617,0.8710605929993627
9618,0.8005011637925634
9619,0.23707126112108043
9620,0.9991772154791355
9621,0.15018787467693268
9622,0.9999956556609473
9623,0.5374331742807468
9624,0.02318967833086926
9625,0.23512463017896315
9626,0.0007939657995499687
9627,0.7220960457865844
9628,0.16388550711377434
9629,0.7973984742231156
9630,0.9822746214148698
9631,0.6807648477708556
9632,0.2789040411272878
9633,0.984532297632399
9634,0.036912282264979966
9635,0.2506601552603382
9636,0.7275530548498378
9637,0.03823972636669873
9638,0.13267040787663892
9639,0.5012430900975469
9640,1.3440639310900648e-05
9641,0.9868661121103327
9642,0.999076559228012
9643,0.9042133621966971
9644,0.2769750945963305
9645,0.9026668936548572
9646,0.9714144594538163
9647,0.018071519508337543
9648,0.7074285947697971
9649,0.1621722670536085
9650,0.8826759087487129
9651,0.187053676464177
9652,0.9964396470249061
9653,0.008786464946825827
9654,0.993908939426389
9655,0.14435343947346344
9656,0.8881371131285032
9657,0.3912706014645261
9658,0.7994008315483631
9659,0.9911456075254251
9660,0.48302797341491754
9661,0.9939176375677816
9662,0.08034063721482024
9663,0.33459435874647403
9664,0.27728454056443874
9665,0.00013098227449587525
9666,0.720173352090145
9667,0.07105148799263078
9668,0.7124399247799882
9669,0.01873817755788578
9670,6.648351186343e-05
9671,0.9992178183983371
9672,0.05100475698322938
9673,0.22448887832122366
9674,0.6631402223583664
9675,0.1381483463651145
9676,0.0021628095921210305
9677,0.05820166352305055
9678,0.29862902368951816
9679,0.9570108661974394
9680,0.8653573914620241
9681,0.49962833869082485
9682,0.11851525770935246
9683,0.04612718709345065
9684,0.8939407905765426
9685,0.9048933882561652
9686,0.008188586501250879
9687,0.45600511205721517
9688,0.03444793042690378
9689,0.9103228149416982
9690,0.0018327611528677825
9691,0.00021681998477424233
9692,0.17086744812866406
9693,0.4491261114414473
9694,0.984131902468788
9695,0.5110155031573609
9696,0.0758365312129984
9697,0.0006082976490854209
9698,0.009619054148401016
9699,0.963514061900207
9700,0.47990598895727216
9701,0.40139529485905556
9702,0.9778212347677598
9703,0.7860344847713319
9704,0.157755223357651
9705,0.38145025619837786
9706,0.0018432448236785138
9707,0.5784420814088721
9708,0.9271949831220246
9709,0.02002537503578632
9710,0.0017151274689688309
9711,0.6888939380106924
9712,0.00024268532318680615
9713,0.9960036218445673
9714,0.6268775846778432
9715,0.9966202409130965
9716,0.9571594628230222
9717,0.8735136932939545
9718,0.9909640206541602
9719,0.11603564110614233
9720,0.14542572770592815
9721,0.7185722547127885
9722,0.46738665234887555
9723,0.20189008285035684
9724,0.00012075168241621662
9725,0.9547718520796666
9726,0.9999979569335146
9727,0.9767156606093902
9728,0.9999932463272945
9729,0.002998507268219
9730,1.7187431568496695e-05
9731,0.990554307464146
9732,0.44741029975496477
9733,0.000464549751258758
9734,0.35004659140745054
9735,0.00506245482712341
9736,0.9945577796371199
9737,0.058990064932368254
9738,0.7436546421658036
9739,0.37665506716068103
9740,0.05122634337511651
9741,0.006178223593321477
9742,0.2097205479644472
9743,0.0173834375028345
9744,0.5161796256542944
9745,0.00251618637455692
9746,0.028979084320402367
9747,0.15345978076663408
9748,0.16864495740939048
9749,0.935127570307925
9750,0.8315417398709032
9751,0.5087978698400575
9752,0.562270958629419
9753,0.7494507704205727
9754,0.7694421280607429
9755,0.6760025092132042
9756,0.0012672510480207762
9757,0.1319343878472331
9758,0.9228466759107578
9759,0.002402220593269226
9760,9.194794939127163e-05
9761,0.73952272009165
9762,0.9765442620397103
9763,0.7767832716759228
9764,0.8015667964477442
9765,0.12011509898634025
9766,2.4100583244563336e-05
9767,0.8862306176252741
9768,0.8428028342043414
9769,0.5108832653200602
9770,0.06773915264934324
9771,0.18363615540961944
9772,0.9650069276884631
9773,0.10920523381135683
9774,0.062350195382056946
9775,0.9820044711711398
9776,0.6592704197287272
9777,0.8614992172824049
9778,0.7643897168942464
9779,0.006230088321059791
9780,0.4448341272173507
9781,0.5175798909887069
9782,0.9893930951194932
9783,0.9761283838161893
9784,0.9286227284548721
9785,0.8198033118860397
9786,0.048919791400751526
9787,0.6794322785609338
9788,0.28390125543131667
9789,0.03745284101900435
9790,0.5985969726118732
9791,0.02365093633067239
9792,0.9989610257652147
9793,0.9957112514231207
9794,0.008295236170440317
9795,0.9993241108532656
9796,0.9724635328977734
9797,0.9720984744046264
9798,0.3613430265981708
9799,0.9991800212963113
9800,0.0576474793088795
9801,0.47998996710682784
9802,0.15517914993983792
9803,0.009649089612525755
9804,0.9337510780217704
9805,0.3053004764344724
9806,0.6050373758285827
9807,0.9988227721906487
9808,0.0030582268115654735
9809,0.9128100410709404
9810,0.999415612370975
9811,0.21381573633366338
9812,0.41245233372925627
9813,0.05962847277278778
9814,0.000773023090253236
9815,0.001927898005306608
9816,0.5151620061113658
9817,0.668431570994497
9818,0.9853185415759157
9819,0.40130282219197655
9820,0.04063591094394329
9821,0.5191324378660599
9822,0.9973762342169992
9823,0.012930954251551463
9824,0.3329645301438488
9825,0.9979307669917611
9826,0.032899775129752784
9827,0.15555373025592825
9828,0.9052154732263248
9829,0.018400779592953366
9830,0.23611683088712068
9831,0.03255695232682999
9832,0.14050841990067173
9833,0.9962674117982817
9834,0.9994223318050057
9835,0.9999558134338037
9836,0.9998961984104763
9837,0.7268105478480706
9838,0.19956412756750871
9839,0.99940800354551
9840,0.18451480281212765
9841,0.9817910516933664
9842,0.9014365075110925
9843,0.9996020892876246
9844,0.720324020864581
9845,0.14595947371568493
9846,0.9866642616601785
9847,7.452822320993279e-06
9848,0.08473579029486064
9849,0.36759583757901615
9850,0.957161286743219
9851,0.1397351743058328
9852,0.02275641512226887
9853,0.8770564062680419
9854,0.979284633034195
9855,0.871337459979373
9856,0.9589124061437448
9857,0.0037122550704643273
9858,0.9998387784251613
9859,0.4594734745995905
9860,0.11263437269844195
9861,0.9864621240079554
9862,0.9551671856648741
9863,0.9840965514023186
9864,0.9920398220261143
9865,0.999440984715862
9866,0.47798419406505793
9867,0.9937147614720256
9868,0.9970029268010476
9869,0.9985452468782704
9870,0.19986503681650825
9871,0.10307257596587836
9872,0.6913366984416585
9873,0.9991600770448563
9874,0.43892562172400323
9875,0.03254783234643561
9876,0.2140694752552938
9877,0.9952560296245805
9878,0.11864872763690096
9879,0.9986962729863769
9880,0.876363399306264
9881,0.7206674778387534
9882,0.4670736320932648
9883,0.98017237599016
9884,0.9112947937247636
9885,0.46023715768348433
9886,0.28195220582584063
9887,0.3563998648446714
9888,0.25007563916569064
9889,0.001590435466175128
9890,0.928244439404307
9891,0.015555846714153639
9892,0.8521263329160914
9893,0.08380302826624311
9894,0.8153071613795784
9895,0.3502307776342178
9896,0.7172290932065211
9897,0.0024787801212836327
9898,0.9557761577217633
9899,0.9984941590103176
9900,0.02549896239400695
9901,0.015144418986434129
9902,0.892359621448427
9903,0.9917330446525616
9904,0.004539550977356982
9905,0.010647814544815693
9906,0.16863127858012494
9907,0.846523362845882
9908,0.8263901837279883
9909,0.9974628053849691
9910,0.019082255105283233
9911,0.864746622488824
9912,0.941154214166464
9913,0.5087169170083101
9914,0.00042020467421526974
9915,0.9813844344669396
9916,0.9803460153395255
9917,0.9741420258320402
9918,0.7129389104542563
9919,0.6045967276465125
9920,0.336863220146533
9921,0.9999932445085057
9922,0.0013292845003146023
9923,5.019659660779167e-05
9924,0.9926480450948624
9925,0.12716811520011145
9926,0.9906857408716921
9927,0.21516384372278655
9928,0.9999442702605698
9929,0.001786191636839508
9930,0.9999894664595198
9931,0.7703115323155408
9932,0.5223659212459215
9933,0.996728733452531
9934,9.896362968205524e-05
9935,0.9959994811062803
9936,0.9962197673330113
9937,0.0011318629731331543
9938,0.08735688185699114
9939,0.507489047506408
9940,0.0004925329431527553
9941,0.9971634128041804
9942,0.5974858153458472
9943,0.9414805214273367
9944,0.6525020029329475
9945,0.004300072461493999
9946,0.99995365005834
9947,0.26933234307585335
9948,0.23918561661365406
9949,0.0004346223397896487
9950,0.1650041109962434
9951,0.9947888397005127
9952,0.5707930848793721
9953,0.2535514465636259
9954,0.11027059592349293
9955,0.8880572143070395
9956,0.3390796267596845
9957,0.026713286466546884
9958,0.12596295522324508
9959,0.06505984757850264
9960,0.3992299316131999
9961,0.1872016132996526
9962,0.9520160363170035
9963,0.05986736460145859
9964,0.00016906978527446271
9965,0.887646776373523
9966,0.7709526677485049
9967,0.9727861582107439
9968,0.9928352860036983
9969,0.12186714032727454
9970,0.7395009098366097
9971,0.030468295431260603
9972,0.2652286408875516
9973,0.8028901406710155
9974,0.9979300286341536
9975,0.07456787736022516
9976,0.98531402470932
9977,0.9351462236964452
9978,0.4578697542142078
9979,0.01897903020168206
9980,0.9912311566545724
9981,0.989818680501986
9982,0.9385820246399997
9983,0.9853531771774785
9984,0.9744550044618877
9985,0.01440929939874095
9986,0.001254244362042502
9987,0.9472189952870331
9988,0.0036718266163672936
9989,0.19915996574680864
9990,0.656930205722526
9991,0.3124752343343928
9992,0.7610220895029116
9993,0.003961376450411497
9994,0.9363905701608547
9995,0.9998997608034018
9996,0.6947802591895663
9997,0.04758108361072569
9998,0.8703064641652959
9999,0.9817971212305959
10000,0.6022699302242027
10001,0.9979516769916709
10002,0.24757796098280363
10003,0.7321254420205833
10004,0.9905656133227309
10005,0.8730406839609078
10006,0.9492092524603092
10007,0.9988425337100142
10008,2.829653492288959e-05
10009,0.28647340004732597
10010,0.9932987191786519
10011,0.012051638785672659
10012,0.00706604553766199
10013,0.24471990075720132
10014,0.8125221861018002
10015,0.4989627380458143
10016,0.0002775939516532456
10017,0.4801314010588802
10018,0.4883743840259753
10019,0.11696460303751181
10020,0.00120318094618915
10021,0.8544695534986905
10022,0.005531405292480645
10023,0.5381597910031619
10024,0.06480085981938333
10025,0.43844280041282735
10026,0.9988292194743108
10027,0.05650964725089498
10028,0.808152834061378
10029,0.020862274253361558
10030,0.8317350690604527
10031,0.9988800628309847
10032,0.9999758535443677
10033,0.0328577820474531
10034,0.026102218556655267
10035,0.9551262216486555
10036,0.1655158922388625
10037,0.002996305448140319
10038,0.08710121322722597
10039,0.35164850059096664
10040,0.9128279298183655
10041,0.9971638632357304
10042,0.8796036243943913
10043,0.998805756581402
10044,0.1982800167497326
10045,0.9888818235488351
10046,0.7022138241559656
10047,0.02566838523431584
10048,0.03589910825503075
10049,0.9698174098123938
10050,0.9962792096351326
10051,0.9858859848732763
10052,0.8829134274781455
10053,0.8234460020976667
10054,0.9678732576115725
10055,0.9944727524923074
10056,0.0039638011324708376
10057,0.0014436788778163436
10058,0.37024720469991473
10059,0.027581205477491617
10060,0.9999217850624891
10061,0.8162708847650609
10062,0.9756568106088442
10063,0.0011388888917478828
10064,0.9578759326018518
10065,0.9999551818302496
10066,0.6514177226771509
10067,0.004380753151205871
10068,0.9627848436337147
10069,0.2806096746242055
10070,0.86918424707257
10071,0.007405406127736274
10072,0.01678709653322168
10073,0.997504952418561
10074,0.9943815880984128
10075,0.8480452867233507
10076,0.7962746357143317
10077,0.00130148680701415
10078,0.01114260798493719
10079,0.9388179592486603
10080,0.07141798533273014
10081,0.9996778529509169
10082,0.997439111738954
10083,0.999997661852883
10084,0.010903383010152874
10085,0.07178528762319057
10086,0.9979570340840371
10087,0.9030391147661319
10088,0.059159707482209216
10089,0.21396378204645608
10090,0.05613407705392862
10091,0.39607518008362963
10092,0.9831450265996411
10093,0.0013713284326330778
10094,0.0026555341229400203
10095,0.586931219894834
10096,0.7255740666283793
10097,0.05468444431219407
10098,0.010830441364439235
10099,0.6937293502528518
10100,0.9843373004504692
10101,0.8210593841242465
10102,0.37382042361502416
10103,0.9579272692838809
10104,0.49153762057313194
10105,0.0650825936362049
10106,0.24314000087101265
10107,0.0002180668577988965
10108,0.9981105576580577
10109,0.7249120978890735
10110,0.7361681127709644
10111,0.03842387290445911
10112,0.962721923082525
10113,0.5568543408634978
10114,0.9987454816353099
10115,0.0017086006960102293
10116,0.00019280983702078382
10117,0.0012664441273142067
10118,0.00011133884613453052
10119,0.019132916949870696
10120,0.8097873922006917
10121,0.679231302692432
10122,0.002784208910236674
10123,0.008739682661305249
10124,0.963299895658809
10125,0.5683059658531545
10126,0.015805260006359612
10127,0.5044348211891649
10128,0.9991916569384155
10129,0.038319610003187426
10130,0.9117158798338867
10131,0.9466911446750017
10132,0.4997272791129811
10133,0.005199918536033058
10134,0.8322919972252413
10135,0.7593145924761117
10136,0.7312006025302588
10137,0.9999920118532788
10138,0.4597059103055792
10139,0.7885985639319016
10140,0.7691197496496582
10141,0.012889127613290951
10142,0.00999824709631921
10143,0.04146528550984897
10144,0.23613287698866645
10145,0.9998484553424944
10146,0.23313270445563428
10147,0.6968643197160531
10148,0.9005550380707066
10149,0.020316798600205167
10150,0.6718888262518088
10151,0.03153708287382412
10152,0.5026398519018036
10153,0.932544548796697
10154,0.9924989493810394
10155,0.015536422329471403
10156,0.006943865873635128
10157,0.018528847653951203
10158,0.6501426363478698
10159,0.46534776796982424
10160,0.7659290318876516
10161,0.771089645604688
10162,0.007279251228388086
10163,0.9316472497602616
10164,0.759297480835388
10165,0.9050066526249224
10166,0.8867335628715595
10167,0.054584344084624585
10168,0.04274499767351157
10169,0.2643008602996821
10170,0.9992532329477659
10171,0.6243383783501607
10172,0.7416155998253384
10173,0.9584831776852135
10174,0.9949532104747184
10175,0.8156285243450488
10176,0.054297817918126615
10177,0.042887476476810044
10178,0.6323469543441752
10179,0.5998094364264337
10180,0.9079013091897006
10181,0.9546688373651568
10182,0.9869421559426631
10183,0.020616629682433225
10184,0.9769681400698587
10185,0.9991041944234612
10186,0.49923182426186785
10187,0.1908614569197559
10188,0.9999927164202596
10189,0.37881851722052157
10190,0.3265748082164064
10191,0.018465531560316512
10192,0.9571156882788129
10193,0.9980503784052824
10194,0.953243080485228
10195,0.028264392635159768
10196,0.053031734713605505
10197,0.013526536996340729
10198,0.46782561597242206
10199,0.1431451237701444
10200,0.9302511583221497
10201,0.9928009299787739
10202,0.9942934298476358
10203,0.9383772041679361
10204,0.7739570752663673
10205,0.07755798183625509
10206,0.8814922228895314
10207,0.9568331277013234
10208,0.9821933591018024
10209,0.029290454758954722
10210,0.6593514208668712
10211,0.943866492189725
10212,0.30082826435171034
10213,0.0029790882463071443
10214,0.9490839832752268
10215,0.5068606425266599
10216,0.8915817014239927
10217,0.5951589332396655
10218,0.9871507410402173
10219,0.01104960169124721
10220,0.13849135142868155
10221,0.43109278759216796
10222,0.0022090474108673428
10223,0.3072097539898373
10224,0.0007283379876758274
10225,0.027542336140526914
10226,0.5835221586628163
10227,0.9621448711765688
10228,0.1038076751739542
10229,0.9511062310259782
10230,0.9306601165521621
10231,0.8811170459275707
10232,0.5211916736979546
10233,0.9999726341552265
10234,0.5643981889226731
10235,0.9963229919814673
10236,0.3910170588943768
10237,0.9885241442026236
10238,0.2460494715256818
10239,0.9542693876437572
10240,0.9999809899330881
10241,0.0023110859869977557
10242,0.1014680769036802
10243,0.019324751085505344
10244,0.35566827868463563
10245,0.42869389742861963
10246,0.0012734374510956674
10247,0.7366964163461607
10248,0.03570964917989155
10249,0.3799746910862042
10250,2.6030693109805007e-05
10251,0.984469578414321
10252,0.03274392035896438
10253,0.6346673446156726
10254,0.9333143123064382
10255,0.5660919000543188
10256,0.00041406081428546393
10257,0.004196304544925423
10258,0.42700175276822094
10259,0.782483288599296
10260,0.03112278176685923
10261,0.00906033246319697
10262,0.015595784423945403
10263,0.9893683121422422
10264,0.7128905058019342
10265,4.224020939031454e-05
10266,0.9859672771313637
10267,0.9981669986232599
10268,0.9998094863321261
10269,0.732349487494726
10270,0.9086745244985738
10271,0.029212524697752935
10272,0.72335487924837
10273,0.9386962586175807
10274,0.3771212156247155
10275,0.2522305265818083
10276,0.981312743636294
10277,0.5829700464887332
10278,0.1750506800471866
10279,0.9757835683893261
10280,0.22531194354473708
10281,0.5013964641977271
10282,0.21963842330438615
10283,0.9978197307467338
10284,0.01611245604860752
10285,0.014540980176146212
10286,0.9988697391174729
10287,0.9887117467256272
10288,0.8315285080625588
10289,0.9963601602954074
10290,0.9620254316586377
10291,0.9948681725278555
10292,0.8669607057168773
10293,0.1611990348087371
10294,0.005891615228970451
10295,0.9982986182985766
10296,0.985494530474317
10297,0.24726895988957492
10298,0.8616028448992468
10299,0.009143514214260991
10300,0.7034099850912205
10301,0.9985166114788058
10302,0.17566436403528454
10303,0.15493616988566478
10304,0.003947246959734316
10305,0.00014732351704489904
10306,0.9950318287992432
10307,0.500011788878976
10308,0.9925654582160597
10309,0.7059862805812094
10310,0.015348645799493734
10311,0.016180778450986595
10312,0.9852291753202637
10313,0.3446196269083582
10314,0.9939912370763837
10315,0.7708141121631457
10316,0.1725801536595359
10317,0.0020051563454687345
10318,0.9097834956441065
10319,0.9999156952296523
10320,0.9742775390808851
10321,0.03781556687480644
10322,0.7729455174433733
10323,0.9039968091883858
10324,0.009549658826804594
10325,0.8239698867411539
10326,0.9560574182319045
10327,0.8652571387033241
10328,0.9667296690937397
10329,0.8250919448299595
10330,1.9647984643213573e-05
10331,0.018461938798021094
10332,7.0745579581001576e-06
10333,0.7929680563398452
10334,0.9861692603940699
10335,0.960495886055552
10336,0.18775640366908963
10337,0.9989912555242557
10338,0.1602668727705276
10339,0.27387621682167185
10340,0.9951410124257045
10341,0.001885110449962116
10342,0.0010794609378614137
10343,0.10549026577039566
10344,0.975325068690706
10345,0.6440479295641238
10346,0.8433330168512576
10347,0.00039034358390704996
10348,0.1576858576847711
10349,0.9998391472864494
10350,0.2331504262414742
10351,0.9281980512811123
10352,0.9598204814826687
10353,0.01271447973465948
10354,0.171832107313368
10355,0.14986220109548892
10356,0.007762951707301792
10357,0.00583386234605795
10358,0.9999498631844836
10359,0.9999808701714467
10360,0.8528084953217757
10361,0.16129699957693602
10362,0.9798797077858569
10363,0.4904889075288727
10364,0.4514503933122042
10365,0.01600321403393358
10366,0.07893710465106757
10367,0.9896323733671454
10368,0.9994065202230877
10369,0.997803992476115
10370,0.8719561602721387
10371,0.01572757167377278
10372,0.996119342065704
10373,0.0007528625246115321
10374,0.0003995470179969152
10375,0.5425467349475254
10376,0.07187089207207342
10377,0.000670053413819307
10378,0.2626767581420492
10379,0.9998093573835243
10380,0.9998545846565077
10381,0.5470559104135889
10382,0.9931709861055736
10383,0.6637289670046316
10384,0.9805600772450955
10385,0.6967025435291323
10386,0.5853113528135702
10387,0.05339939833285367
10388,0.021702959761284803
10389,0.00013441301255579478
10390,0.6701712996448618
10391,0.12920339682130713
10392,0.7912081742504586
10393,0.5118324979422103
10394,0.9999319587252647
10395,0.055352370272957904
10396,0.2949286104379985
10397,0.8367723554903215
10398,0.12361822960518742
10399,0.6113799594881846
10400,0.008609542522528489
10401,0.9899939907495748
10402,0.6867768555704333
10403,0.009850085155703016
10404,0.9638959000523856
10405,0.4094305339650404
10406,0.010043701120998193
10407,0.9375998537131911
10408,0.1677861054452097
10409,0.033045318841110324
10410,0.9997130180020973
10411,0.04062927835807589
10412,0.8634819226439847
10413,0.32428164029659606
10414,0.13373130497430144
10415,0.004725523324179678
10416,0.8793101977772162
10417,0.48394605505567134
10418,0.5250393046466434
10419,0.0007145524470176191
10420,0.9999132305561539
10421,0.6743289815488839
10422,0.07316807994150953
10423,0.5595336312733942
10424,0.10517911388898427
10425,0.9734059801373681
10426,0.7708039094496378
10427,0.1790720509555511
10428,0.05518380859037217
10429,0.3058493749181718
10430,0.2749689604041389
10431,0.00019186692006978496
10432,0.22721874246031704
10433,0.9996495150550903
10434,0.9982136089937835
10435,0.5904495639702444
10436,0.1102164689481324
10437,0.1115636596278794
10438,0.04168548966128786
10439,0.9120594368643438
10440,0.9877181143470224
10441,0.11592200090042079
10442,0.4132576161331641
10443,0.037585261437723054
10444,0.9929420040995581
10445,0.9910173671913926
10446,3.6596455034397254e-05
10447,0.9945022692811883
10448,0.05633818504819792
10449,0.4482224838563673
10450,0.8956978460464942
10451,0.05416514413158048
10452,0.6322707313233776
10453,0.47027705258615154
10454,0.6401567805591749
10455,0.998006028627582
10456,0.999620036078989
10457,0.7729130527880578
10458,0.025430352055830396
10459,0.025707377905856324
10460,0.02733443997038051
10461,0.9264695016895591
10462,0.9801592799847803
10463,0.550810310372455
10464,0.9999679861616783
10465,0.022914875153435838
10466,0.27563298374681544
10467,0.1565585947811426
10468,0.021478058713970048
10469,0.024761747315866726
10470,0.1852448087499344
10471,0.6021594266890611
10472,0.1819059080985706
10473,0.0013124030827455168
10474,0.9996856100851412
10475,0.8257607187159859
10476,0.0025648084628424337
10477,0.5469423772304379
10478,0.8407618749962619
10479,0.06244088473022579
10480,0.9961920176174553
10481,0.7273701421568414
10482,0.9258438145048129
10483,0.2242184486419313
10484,0.002654058523140315
10485,0.8543888746456703
10486,3.6008095021841434e-08
10487,0.020593332973599093
10488,0.9997538892043916
10489,0.7018309405952603
10490,0.012622210495315204
10491,0.9855844774704583
10492,0.990454089262818
10493,0.015621905418494578
10494,0.7694631700224683
10495,0.00025594690460352073
10496,0.6902314695033768
10497,0.5240122481443418
10498,0.02429207122975768
10499,0.5233426819700843
10500,0.22169930308490837
10501,0.8999365901088628
10502,0.9799790024480779
10503,0.051007627766973075
10504,0.34367848994584416
10505,0.8761887355127014
10506,0.02058392035942767
10507,0.2997124199313734
10508,0.009694140371838375
10509,0.9591195178761889
10510,0.7749760526012969
10511,0.10679920106612806
10512,0.6497391527621755
10513,0.9846563515383661
10514,0.9993167731884578
10515,9.848360522021007e-05
10516,0.010752550456447267
10517,0.3748478182817001
10518,0.023595432185278882
10519,2.2558591776256616e-05
10520,0.979728932050995
10521,0.9502612656419217
10522,0.9611445976584926
10523,0.0019224597210754956
10524,0.33228168051266554
10525,0.019068978900284785
10526,0.3549572118857651
10527,0.999562624254565
10528,0.951864555693473
10529,0.5098461683740141
10530,8.691067324512852e-05
10531,0.0004971640920947929
10532,0.0008105575039605135
10533,0.9715305132889916
10534,0.970578273787364
10535,0.9998253231611498
10536,0.12456852512517626
10537,0.9977456793723075
10538,0.9952036928707164
10539,0.8426754937843693
10540,0.1123929124001986
10541,0.015731825629449404
10542,0.9555474889695388
10543,0.9578769074509871
10544,0.0191877046135811
10545,0.004582099900762826
10546,0.47099442431300514
10547,0.000752978209534343
10548,0.9864523947069128
10549,0.008623043798769757
10550,0.02176020873354298
10551,0.8263148110498219
10552,0.9993794727837639
10553,0.0006765546793374143
10554,0.8176143110144276
10555,0.8599944490618068
10556,0.055263340905722
10557,0.9569641498184919
10558,0.8055516800675253
10559,0.4050353089664799
10560,0.03504062129752222
10561,0.8784428990618279
10562,0.9499133303296371
10563,0.4559057817334091
10564,0.9668623166867968
10565,0.9704730864554115
10566,0.03244721297484104
10567,0.01588604725500228
10568,0.9713021664568716
10569,0.9797227308870436
10570,0.8876145413775316
10571,0.36272539528613085
10572,0.9767595898906896
10573,0.894579889578931
10574,0.001483842657854276
10575,0.02920037448602933
10576,0.7727351681778213
10577,0.821041606169949
10578,0.606311937877454
10579,0.011074629567243073
10580,0.16052892071134897
10581,0.9843636928458561
10582,0.972256566066231
10583,0.997126539616044
10584,0.9794699498873063
10585,0.46129353188992833
10586,0.19872235743864175
10587,0.18110011594351477
10588,0.33393882817714055
10589,0.06369785410417947
10590,0.9629602180546787
10591,0.06519805264739052
10592,0.46143318555886215
10593,0.9971022237739889
10594,0.6730269468085865
10595,0.9731590475094273
10596,0.16597491442869092
10597,0.4327409978751802
10598,0.4393810524313276
10599,0.026122961990059042
10600,0.10986690525865636
10601,0.1058540046574455
10602,0.9928063672956058
10603,0.8699878993259785
10604,0.6848984662730069
10605,0.9517297623914586
10606,0.5568945876277682
10607,0.17408937025800983
10608,0.46399213286838237
10609,0.7828405777198876
10610,0.6180471681962403
10611,0.0015136205484672291
10612,0.06463983825153619
10613,0.026686086218760265
10614,0.21117143639904237
10615,0.7488388027112705
10616,0.9988157928630645
10617,0.9720092501652255
10618,0.4906237008064868
10619,0.9996375455233626
10620,0.9107099862249141
10621,0.9943804149565252
10622,0.9984847384740717
10623,0.9075242215601126
10624,0.9950621767643097
10625,0.9999407840535901
10626,0.5996439928783399
10627,0.00037159152625025843
10628,0.924076539027419
10629,0.9262157292662765
10630,0.0038949794425796654
10631,0.046290179938480266
10632,0.8228331830138903
10633,0.8458051275582855
10634,0.9937443327310105
10635,0.6944729648526525
10636,0.4689202208153057
10637,0.715176633572922
10638,0.9832891911620444
10639,0.786124521436068
10640,0.9922568620915334
10641,0.7769828349898373
10642,0.08734139184939635
10643,0.6092107436625672
10644,0.9728255357327722
10645,0.003722476762533343
10646,0.4375073095274761
10647,0.650793927737271
10648,0.0027018229485444127
10649,0.948935958357718
10650,0.9895160176155039
10651,0.07570217655939536
10652,0.8233267056682589
10653,0.5581808443713893
10654,0.9993967127878918
10655,0.3217372512105093
10656,0.9750861537407322
10657,0.047882400797715545
10658,0.9948370873581752
10659,0.10885863588409826
10660,0.9145962272423623
10661,0.3130960170744563
10662,0.7824272176957852
10663,0.9893056825821092
10664,0.9769320903653574
10665,0.9998998229813069
10666,0.2266061315175922
10667,0.06349054868809487
10668,0.921751057920074
10669,0.1544512499956896
10670,0.1989234081240041
10671,0.45783235861394506
10672,0.005299314177161699
10673,0.9866941360687139
10674,0.2375104603382641
10675,0.9210708829381165
10676,0.005171658934372644
10677,0.5577153407010607
10678,0.1767284501143261
10679,0.9626607787653771
10680,0.0037996320347462712
10681,0.966414599083705
10682,0.18809326348210184
10683,0.9962353030586661
10684,0.0018322686172684089
10685,0.8730931032355587
10686,0.19161791641472012
10687,0.5602706693813779
10688,0.6588187810249699
10689,0.8836755675299581
10690,0.9095891908404767
10691,0.0015017585363855791
10692,0.06590379112490449
10693,0.7000568245117993
10694,0.004045925055384858
10695,0.8729002029065918
10696,0.9543458306438861
10697,0.03700835507589145
10698,0.02555357777606152
10699,0.9999605221228126
10700,0.050583230752505516
10701,0.9536097085868698
10702,0.9640513606360194
10703,0.6628951988083662
10704,0.9980500670759429
10705,0.8479586591784484
10706,0.36388906174878893
10707,0.9877903591938297
10708,0.9905781367776566
10709,0.0029250155729647165
10710,0.9998706781436505
10711,0.961200906109509
10712,0.5642285383637456
10713,0.011562989803986425
10714,0.9965225821140117
10715,0.046099717731975645
10716,0.4123745948125362
10717,0.0043609402018050325
10718,0.956002753555834
10719,0.9034804042848632
10720,0.0014827767440582053
10721,0.11816734859543394
10722,0.9992375750776824
10723,0.05791294005697439
10724,0.28529578266615396
10725,0.901252783297545
10726,0.27831621061532996
10727,0.9854730692715569
10728,0.22543867117341362
10729,0.8876761192331624
10730,0.9299504894717723
10731,0.0030550823907748493
10732,0.118258308145724
10733,0.5657116720048132
10734,7.173871228154587e-06
10735,0.992792378325709
10736,0.9588521494986538
10737,0.8960334612676853
10738,0.9898658316804978
10739,0.0006139649074499236
10740,0.000978383367971257
10741,0.06365941411446693
10742,0.018952656583195077
10743,0.8872508016526889
10744,0.3295338655685876
10745,0.4500634877949766
10746,0.9838061913134641
10747,0.997674968781515
10748,0.612390197269192
10749,0.9947925568149057
10750,0.8906081966472735
10751,0.9591347887100333
10752,0.04354690983523602
10753,0.6780287860000476
10754,0.16077732382669802
10755,0.031002287225464886
10756,0.7312734706194205
10757,0.1228355518336085
10758,0.9998228931517144
10759,0.41546974222963384
10760,0.996975128258606
10761,0.004629233828274428
10762,0.9974659483010982
10763,0.9568086206587263
10764,0.9998903602215569
10765,0.3232649949987714
10766,0.000627852965981081
10767,0.010261325935215991
10768,0.518416911484392
10769,0.9799673140762984
10770,0.9570976147611765
10771,0.04297753527896377
10772,0.03668837128556792
10773,0.7280463374872563
10774,0.8409458145066732
10775,0.7705136507164737
10776,0.9744210790243515
10777,0.005653361160610736
10778,0.11385784989584716
10779,0.0023271047578179195
10780,0.16163380572026945
10781,0.8201615246343849
10782,0.9909051635101708
10783,0.37119226005894007
10784,0.9294270515533926
10785,0.0872791931017643
10786,0.00020453729711317025
10787,0.020895511937967588
10788,0.828793209986934
10789,0.9896283364643318
10790,0.9829383288476432
10791,0.008781320172409042
10792,7.81960021086441e-05
10793,0.8057433163112303
10794,0.12704393167254915
10795,0.016639657862105025
10796,0.0019183977595911028
10797,0.3427675890166138
10798,0.08913619938550886
10799,0.6918572833615326
10800,0.99718051807146
10801,0.999924367115301
10802,0.5020265467657908
10803,0.8593184011605636
10804,0.004699366054836489
10805,0.8387357023264203
10806,0.20326647749063806
10807,0.9996822044168656
10808,0.2141983292341413
10809,0.05891800660650637
10810,0.46327840703793366
10811,0.00874408606789382
10812,0.9451191153378979
10813,0.32765547671809736
10814,0.8877819170361225
10815,0.9994771443698732
10816,0.9617484951621335
10817,0.17733719113732538
10818,0.0034358526673194017
10819,0.964928691697451
10820,0.0761192909265495
10821,0.9631635829764327
10822,0.0012813399924049384
10823,0.006697960324429612
10824,0.004055352815684739
10825,0.9115521448662132
10826,0.5632547006483142
10827,0.07874550105318266
10828,0.14320832767596067
10829,0.0024534933006428077
10830,0.40671725153431676
10831,0.9958485692740467
10832,0.1542916853122632
10833,0.12576501072036006
10834,0.8565990371844513
10835,0.9810968961398565
10836,0.9919856012881054
10837,0.9990131789530087
10838,0.07038583105858934
10839,0.0003342496974790709
10840,0.2964335082210215
10841,0.0037516273394096714
10842,0.3504343623003599
10843,0.8085592452603181
10844,0.0029309175225697057
10845,0.004573694899152777
10846,0.6967296004686662
10847,0.953875105837739
10848,0.9864758350113484
10849,0.21523621721115885
10850,0.2856838021271785
10851,0.006007880905470678
10852,0.9474181297181309
10853,0.8002598497937139
10854,0.9048267288546838
10855,0.48227136781507013
10856,0.996092793473962
10857,0.8139561661526951
10858,0.9964264943565991
10859,0.9948402135443069
10860,0.0002072408932673195
10861,0.993399260953573
10862,0.998599495288022
10863,0.9992660710078848
10864,0.018412639837765157
10865,0.9997905833281822
10866,0.04627901693224532
10867,0.9157475281684344
10868,0.9056680292069956
10869,0.000694192254605135
10870,0.004304495868474465
10871,0.42313596499251693
10872,0.1411197906248013
10873,0.7970694096686957
10874,0.000303051660242135
10875,0.2927718942572732
10876,0.9378769759444457
10877,0.13925845542307513
10878,0.9164584231345958
10879,0.88661379139078
10880,0.9991703918008652
10881,0.9776583340838281
10882,0.8563919097952416
10883,0.7338475674110755
10884,0.9103289937746354
10885,0.02477277657775245
10886,0.892833887474888
10887,0.8866638451315706
10888,0.0027054092032384944
10889,0.05362584838654989
10890,0.972619363196805
10891,0.9989627595860537
10892,0.03764326893313857
10893,0.9962852924339187
10894,0.0001068540160764972
10895,0.7831085036009078
10896,0.8939517411974418
10897,0.9480220855442215
10898,0.7324717159021515
10899,0.04571000049196052
10900,0.026368082730243273
10901,0.38809176986230204
10902,0.9389198321176124
10903,0.5072161059146584
10904,0.98317119798521
10905,0.04350109192621351
10906,0.09635953823107118
10907,0.0626010056186918
10908,0.8066937529582284
10909,0.7350570502217068
10910,0.00874544590800148
10911,0.9978195541215552
10912,0.3595161798025292
10913,0.4706292011778972
10914,0.005618846741372193
10915,0.682423575844018
10916,0.9939106735126338
10917,0.28930876180610293
10918,0.00046203478820247665
10919,0.0022566195332244143
10920,0.9997712115438392
10921,0.9910247084758885
10922,0.014205493003921401
10923,0.002311516115707784
10924,0.987456359583288
10925,3.664559051271977e-05
10926,0.0047657810585037584
10927,0.8770219785278734
10928,0.005092022422073282
10929,0.8641314118584896
10930,0.9976661200585051
10931,0.11277964034813538
10932,0.9991858291002336
10933,0.3139094141381966
10934,1.425307853460254e-05
10935,0.5935676231001868
10936,0.8349906981124351
10937,0.9541672967418154
10938,0.8459986420334356
10939,0.9461119363728662
10940,0.02841922177498028
10941,0.03444159580053222
10942,0.30373070507405203
10943,0.4707812747467422
10944,0.9998357809065227
10945,0.30344472125931404
10946,0.025794951029162676
10947,0.0017352468427081203
10948,0.04117424297429663
10949,0.9188413699511206
10950,0.9942640939897854
10951,0.012003046877116093
10952,0.0003912656680182698
10953,0.9691073046714893
10954,0.18163715061731983
10955,0.07960810397222247
10956,0.9994096687871534
10957,0.020289612292000478
10958,0.9688318255761236
10959,0.005431115147271827
10960,0.9999998772012901
10961,0.007731918038689095
10962,0.08462374568344418
10963,0.7363242335187217
10964,0.003796864591312143
10965,0.7738886467980437
10966,0.017162584378932616
10967,0.8641923405108113
10968,3.608620446687255e-05
10969,0.9900660579087774
10970,0.6566849436423344
10971,0.9959916549599632
10972,0.008598616261169484
10973,0.50307323816001
10974,0.004898533953231449
10975,0.9937415469790378
10976,0.05794148009779448
10977,0.17177890774903817
10978,0.38031717327324976
10979,0.032223693358783854
10980,0.5881801943737665
10981,0.04831719005722177
10982,0.0007139858596759904
10983,0.1848739960974454
10984,0.35856415381279677
10985,0.9920904023136079
10986,0.8097855875678321
10987,0.008817436312598228
10988,0.7113719859207516
10989,0.0012977585366869193
10990,0.3230626779255381
10991,0.9924238550639785
10992,0.8425023980673886
10993,0.04986808172765642
10994,0.011461597831709924
10995,0.05004003619469391
10996,0.22565191028907428
10997,0.06201136845820171
10998,0.9965983406774551
10999,0.6091520179341281
11000,0.0011821849167016128
11001,0.3352534860962088
11002,0.006180903104962579
11003,0.9746752624427758
11004,0.9217831414686485
11005,0.9900571177657465
11006,0.12768841599919542
11007,0.19577262533285789
11008,0.9972099265737178
11009,0.06261575588092749
11010,0.7969517193271005
11011,0.0042750236687877155
11012,0.0002983726122787902
11013,0.04514317503964702
11014,0.9990114646154352
11015,0.8698115783468544
11016,0.22605819132364574
11017,0.055736327032138905
11018,0.691624118998804
11019,0.6834537224729632
11020,0.010731764437003964
11021,0.004368816590460856
11022,0.1848057878390445
11023,0.9225753649110414
11024,0.005072580673164405
11025,0.9903891867569358
11026,0.9832924483266012
11027,0.02785548870257341
11028,0.10119165203331001
11029,0.6464240782461369
11030,0.9999176684183083
11031,0.990509074445357
11032,0.029160595009426186
11033,0.03531906513953391
11034,0.00019816471256530797
11035,0.9971600240414474
11036,0.48043904578824387
11037,0.08638924229090268
11038,0.6039910528785718
11039,0.0038158213622674735
11040,0.019386990837566124
11041,0.9215662558086625
11042,0.00022116591261555146
11043,0.9953183427677258
11044,0.888641021601576
11045,0.877388639461487
11046,0.8689686957215014
11047,0.8521032194479785
11048,8.54726610026618e-05
11049,0.010129297234756755
11050,0.03607688409241807
11051,0.02075877782795228
11052,0.007020219599592012
11053,0.8854511455673925
11054,0.003551535241787337
11055,0.9047641998251208
11056,0.616262688285022
11057,0.3850701003387485
11058,0.009843471828565287
11059,0.43654979430315644
11060,0.45789183693977636
11061,0.00731998077773889
11062,0.9918789261186617
11063,0.9784371428045437
11064,0.9982064572511206
11065,0.04926262513479278
11066,0.9693223822508156
11067,0.09700926328247728
11068,0.6681323998950088
11069,0.9973671556325514
11070,0.4738137154202945
11071,0.712348449114357
11072,0.9998615262057504
11073,0.33048479125654134
11074,0.47946649732301944
11075,0.030273239731704843
11076,0.9897038287019015
11077,0.9151300700607878
11078,0.9579739294642319
11079,0.9126059427019776
11080,0.0019459400120319884
11081,0.4669411324692131
11082,0.9962486608199265
11083,0.004287171551072421
11084,0.8766470315476179
11085,0.9168112850433299
11086,0.02929564672871049
11087,0.09009080856003993
11088,0.9375781575276491
11089,0.9089284449337626
11090,0.07045383945048167
11091,0.9999218074644566
11092,0.9327138460193933
11093,0.9264794462078763
11094,0.1585760550242076
11095,0.38276201497965767
11096,0.9927587103151062
11097,0.6686202759085634
11098,0.4311634299572668
11099,0.8236039061536493
11100,0.0005381579620179544
11101,0.048022905891282726
11102,0.3429520692587213
11103,0.9919389696768999
11104,0.032411920141655906
11105,0.8262611449584939
11106,0.9890776078594808
11107,0.3378146888171773
11108,0.054805983028348326
11109,0.5227076946070429
11110,0.9965761366322985
11111,0.999961251606721
11112,0.8924906849998179
11113,0.968487743495517
11114,0.9365678005205144
11115,0.9960328377167061
11116,5.355995814301167e-05
11117,0.9006203796372267
11118,0.008526932167510073
11119,0.5727109396871174
11120,0.9377350718352331
11121,0.1255936447358909
11122,0.004589635814888841
11123,0.9844982058681426
11124,0.9056946354864838
11125,0.5153807566667493
11126,0.0029052480244759946
11127,0.8084516910710469
11128,0.08305033483994781
11129,0.9108197940113065
11130,0.01736239745915436
11131,0.0021147601853078878
11132,0.9087008844985671
11133,0.011312555649590088
11134,0.8333788912612532
11135,0.00034639694513992537
11136,0.9998091135315611
11137,0.010771571955819686
11138,0.7599398437982126
11139,0.02215098428986397
11140,0.2252359243343731
11141,0.8373188521119734
11142,0.9996344785593707
11143,0.9217999672067663
11144,0.9994163540791088
11145,0.007112455471010673
11146,0.9975325650014131
11147,0.4562897487119145
11148,0.12912359069314833
11149,0.1096331549531645
11150,0.7476177792206968
11151,0.05146838540733508
11152,0.22103737904805865
11153,0.0023740923979478027
11154,0.14042313247024305
11155,0.06866340274157623
11156,0.9997024199789232
11157,0.01875231913299359
11158,0.4836793989508178
11159,0.020623832764479322
11160,0.019558783595748114
11161,0.980272699773659
11162,0.9769421146233315
11163,0.4841696557382528
11164,0.047623051038788056
11165,0.9221095411634812
11166,0.039498896037439196
11167,0.9896723792495459
11168,0.9851374334538663
11169,0.18905459352423995
11170,0.12750282676305488
11171,0.03768799948086441
11172,0.04202169452819177
11173,0.9309815404092869
11174,9.307707189130177e-06
11175,0.00149875822149172
11176,0.8365014889052493
11177,0.9758289925383064
11178,0.9571432953911084
11179,0.29493363449783755
11180,0.7197174295755167
11181,0.0034617347985244724
11182,0.6590887503485612
11183,0.1741838918712898
11184,0.9495611089322263
11185,0.5785939741327529
11186,0.9103281643775429
11187,0.0011814367449096237
11188,0.3091019876644688
11189,0.715562514969794
11190,0.0317093022011382
11191,0.07231896200456914
11192,0.4505718123935151
11193,0.05596389487905818
11194,0.00018905508142662842
11195,0.03774258925324025
11196,0.9984779992864329
11197,0.0008050448691324356
11198,0.8369846125614393
11199,0.9725759068836276
11200,0.980253038513125
11201,0.18852850042662844
11202,0.5113511685417504
11203,0.3702299192008572
11204,0.00240547184025424
11205,0.34283687167501015
11206,0.9272211136198618
11207,0.0010430724183703927
11208,0.520206368209483
11209,0.07769110343304628
11210,0.9957598861233901
11211,0.8833506264008104
11212,0.8298113015199606
11213,0.9993919740634953
11214,0.5702437934558312
11215,0.9899246454900644
11216,0.43785443677341496
11217,0.0017836062628652886
11218,0.6018630105251405
11219,0.7932144920935668
11220,0.15045465618409742
11221,0.017890636547353386
11222,0.9992396452315957
11223,0.21526126254603703
11224,0.9893712433037335
11225,0.033528716591828135
11226,0.6545029318206601
11227,0.5654930467004804
11228,0.9868624696543008
11229,0.8215334277917702
11230,0.08006505031509327
11231,0.990029479852161
11232,0.5138560882847186
11233,0.9075654848793423
11234,0.6229711509656817
11235,0.18015157867007048
11236,0.023539104248006894
11237,0.0009663992127070076
11238,0.517473279280543
11239,0.968801265699219
11240,0.014856667749644217
11241,0.00035489423408525185
11242,0.007850958013185028
11243,0.1550252052380844
11244,0.970968678824068
11245,0.7973397065613252
11246,0.8569621346785615
11247,0.9889047305641113
11248,0.04910938298680753
11249,0.01566617456929919
11250,0.33475407581069266
11251,0.9998121342634391
11252,0.007499457274042072
11253,0.0003928168155595553
11254,0.023210745651679264
11255,0.02711282869425122
11256,0.9876236083368164
11257,0.4015310785457368
11258,0.51469273454792
11259,0.9589348193226477
11260,0.9979467584577167
11261,0.8146864762019491
11262,0.9998735166453373
11263,0.996300021760596
11264,0.9984634266151307
11265,0.9997965356679251
11266,0.0002671720183953357
11267,0.8729897177158186
11268,0.8641215145569127
11269,0.017214074035755603
11270,0.9634645560910505
11271,0.3207613468300806
11272,0.9613108473569958
11273,0.007240861589170919
11274,0.8821286125081685
11275,0.9408787196135081
11276,0.007104858471298895
11277,0.9994814887144144
11278,0.0013156809236228794
11279,0.23773726906399031
11280,0.9731662641476839
11281,0.97074340952582
11282,0.9902539110582221
11283,0.999799373275654
11284,0.9868800060583756
11285,0.0029727773332868307
11286,3.628523833330476e-05
11287,9.0072367099954e-05
11288,0.9587505564813477
11289,0.5839629274415993
11290,0.002274095634546086
11291,0.9928701530923946
11292,0.9886721191279738
11293,0.023994524279723005
11294,0.28276501099530826
11295,0.11284002492048674
11296,0.5424128668706242
11297,0.784170797751115
11298,0.012613040411083028
11299,0.8645189601883283
11300,0.0058219592593164535
11301,0.001493644806261407
11302,0.024633183946401897
11303,0.08259662440975848
11304,0.14831471576811758
11305,0.5730724898602404
11306,0.9959507577575352
11307,0.26223103556014976
11308,0.5322782992034921
11309,0.06864608586249515
11310,8.603956324140684e-05
11311,0.400616839876756
11312,0.001479459055308036
11313,0.9179337568376893
11314,0.009827409725943398
11315,0.0010201705609785554
11316,0.0008572507128465289
11317,6.741112384788711e-05
11318,0.004836236011119981
11319,0.647485383980528
11320,0.5687197327571307
11321,0.999131966395523
11322,0.0033307227097449216
11323,0.9995956048521134
11324,0.011890164530160919
11325,0.04753020872480818
11326,0.8602573923083092
11327,0.33199460111355983
11328,0.999207262294862
11329,0.0024261128650231545
11330,0.9919766542458008
11331,0.01158573380620312
11332,0.9974866170141689
11333,4.411643079323658e-05
11334,0.5391302246615668
11335,0.5951967309240882
11336,0.1538262966427796
11337,0.9868035646150891
11338,0.610155080701613
11339,0.001948186390270262
11340,0.9983938054723455
11341,0.004172629660420561
11342,0.4379263036166701
11343,0.0008105764816666318
11344,0.5826472308883158
11345,0.10572058414879656
11346,0.9636957981070112
11347,0.9562360177007063
11348,0.5807865399839248
11349,0.9553771609354251
11350,0.7302248507002174
11351,0.8664704636095127
11352,0.30952571393786366
11353,0.024890415905132364
11354,0.6994731811401413
11355,0.9897416838320909
11356,0.9991678308793861
11357,0.00023557536717260796
11358,0.9987121788458382
11359,0.0026835053134196983
11360,0.007419430433567404
11361,0.6939206893293743
11362,0.9001089469662485
11363,0.004586694676507555
11364,0.9992382413937715
11365,0.7953038810421398
11366,0.8024940598201674
11367,0.9488910083070194
11368,0.009897090065611396
11369,0.9252789944900526
11370,0.9988276648756937
11371,0.15729798746578044
11372,0.7840349609027628
11373,0.014328039847413028
11374,0.0022093141287744173
11375,0.9982992333279266
11376,0.13686641795862028
11377,0.025191538270356584
11378,0.00615974183070927
11379,0.10510508996395505
11380,0.5401641543549123
11381,0.9973876337767187
11382,0.309487180126039
11383,0.9383826658963531
11384,0.9652993427493322
11385,0.007534910021342891
11386,0.9912122487169791
11387,0.9922163011942671
11388,0.9898946290865392
11389,0.21125179508658584
11390,1.5796654015393196e-05
11391,0.9990351645066137
11392,0.46408919525012454
11393,0.003153823217803691
11394,0.9742883540698903
11395,0.0004341973322762899
11396,0.0017193035312540956
11397,0.024715138717513446
11398,0.9629815100788273
11399,0.9942542793151363
11400,0.9664382526898196
11401,0.4979068539474201
11402,0.7804364490361628
11403,0.9534744764264688
11404,0.009103159961536692
11405,0.9736028197885201
11406,0.9201491119670245
11407,0.9909063594743213
11408,0.005527040421538046
11409,0.13402083186539462
11410,0.6559643334546968
11411,0.9015584285051179
11412,0.00396070516221866
11413,0.8391411208227161
11414,0.1969021346025879
11415,0.20413248050406332
11416,0.9805253347678254
11417,0.0690633474302609
11418,0.017722657567470653
11419,0.993696707644438
11420,0.5792015254867691
11421,0.7853232870131506
11422,0.0005368723056073673
11423,0.0023294055188148336
11424,0.9819384197623329
11425,0.0014467303982549932
11426,2.800702004918216e-05
11427,0.041044491678295776
11428,0.806382578993361
11429,0.9987597217919227
11430,0.9870011621738887
11431,0.05739131067236848
11432,0.6633234520803319
11433,0.9843146474585455
11434,0.34512047215332103
11435,0.7055432978676803
11436,0.0026263095407044555
11437,0.5299255132404286
11438,0.021226001414015528
11439,0.1280595915078832
11440,0.9940756800337698
11441,0.3759127792937655
11442,0.7746991975382962
11443,0.35585487308370656
11444,0.8856648864895478
11445,0.11745783468132479
11446,0.8821571030088937
11447,0.9992917453247606
11448,0.1538665324413206
11449,0.011429627240709133
11450,0.9828534018135667
11451,0.0017708652501519252
11452,0.7803343791334039
11453,0.32447580908081775
11454,0.006195582513760751
11455,0.001189889129785909
11456,0.5262099792199026
11457,0.20619204923603882
11458,0.13819026311016727
11459,0.05571258881968319
11460,0.9999899594444623
11461,0.18733454925182172
11462,0.6707585055239706
11463,0.9956804562078372
11464,0.07815327745647709
11465,0.08913239454761199
11466,0.997327326767996
11467,0.9940242232539775
11468,0.08113556591698616
11469,0.0018693053738294831
11470,0.026572847203580267
11471,0.9321112794361158
11472,0.1559282289367062
11473,0.9621096895659719
11474,0.4305168684820307
11475,0.9993864988711055
11476,0.9973349826953539
11477,0.08228481355823637
11478,0.9926632500543475
11479,0.010118744417713946
11480,0.0070961692628706005
11481,0.6112026480540202
11482,0.9810708077225275
11483,0.8477806527778174
11484,0.08742330768091293
11485,0.9985647880609941
11486,0.999139342789598
11487,0.5106529082413106
11488,0.0395390703595815
11489,0.7470233422633044
11490,0.8420957641762635
11491,0.0013925017288094008
11492,0.05167225087288476
11493,0.8860779303771293
11494,0.9999635591667072
11495,0.9079621180062131
11496,0.8575031080927898
11497,0.9995936657492804
11498,0.16158029592719053
11499,0.4163493792531667
11500,0.11282033638352663
11501,0.35865554032109886
11502,0.7036908093267968
11503,0.32963803727835866
11504,0.40527252341796366
11505,0.0024130377980499996
11506,0.03748422899677274
11507,0.27255166389964575
11508,0.0004204932521895157
11509,0.9809983112587275
11510,0.04903060363226741
11511,0.992658825968977
11512,0.5870190225993399
11513,0.9999899083508789
11514,0.041488435381933704
11515,0.018929174226578603
11516,0.9765875254944507
11517,0.4928162274257527
11518,0.9236579187160497
11519,0.0010375807797675324
11520,0.2859203943810664
11521,0.011830667073692664
11522,0.058882269728236916
11523,0.9896356323883446
11524,0.0858037646783686
11525,0.9957107878318323
11526,0.9607946934325857
11527,0.823587350886006
11528,0.3440432148216163
11529,0.22075205219470861
11530,0.9990368694051697
11531,0.19215749402620505
11532,0.9988596928882385
11533,0.00013904077177502323
11534,0.9269664528230837
11535,0.7172398595213205
11536,0.3837435310979186
11537,0.28218566819878993
11538,0.6930167564366522
11539,0.998591612386443
11540,0.988163224152712
11541,0.9055405192051379
11542,0.0002337978059282477
11543,0.8920661982704693
11544,0.9991384805386513
11545,0.002520195839253589
11546,0.9896144188791234
11547,0.061768010486849816
11548,0.9997734789273811
11549,0.9999995268051515
11550,0.917104061840382
11551,0.853878421684979
11552,0.7117343747901087
11553,0.9999076908609701
11554,0.9443179039280822
11555,0.4501121701976527
11556,0.0004336096267694157
11557,0.41041117740106886
11558,7.130026975590022e-05
11559,0.0013946448728299112
11560,0.868242844035653
11561,0.9643461793559074
11562,0.0884539461909463
11563,0.03881623741096448
11564,0.0372751582453475
11565,0.9861500735884527
11566,0.9999935424457879
11567,0.8547806501655024
11568,0.2707458561132829
11569,0.13348581170437984
11570,0.14395476649037267
11571,0.4453640961946348
11572,0.014650864603682897
11573,0.12282554244861028
11574,0.20368356333390236
11575,0.9998332478539779
11576,0.01046931839399605
11577,0.12840739759387326
11578,0.9449957857732681
11579,0.9147107795024906
11580,0.9341121490269171
11581,0.9995411769345168
11582,0.02866205988994946
11583,0.011857342066988349
11584,0.9154208485571019
11585,0.15262569228347767
11586,0.30608093184815366
11587,0.9658224159326472
11588,0.011984899392442582
11589,0.002339283554537392
11590,0.022936049489674672
11591,0.3555963802999631
11592,0.8540002172262515
11593,0.17385628787560423
11594,0.013545683043583674
11595,0.4002605916998075
11596,0.9968759900600538
11597,0.29960201238032863
11598,0.8489870656174676
11599,0.9203700337391645
11600,0.747097381722699
11601,0.013590071018950293
11602,0.348493442648801
11603,0.9677309224226222
11604,0.9985378251264829
11605,0.9850701865935277
11606,0.0017819852657088252
11607,0.9894592482640712
11608,0.995992234434221
11609,0.997626474709237
11610,0.20469430665980826
11611,0.5096208700107879
11612,0.0040782445687711725
11613,0.016725343511445695
11614,0.48439813143128096
11615,0.9999844488139068
11616,0.05252845950955204
11617,0.992456631939755
11618,0.021640900565220722
11619,0.9009339674765607
11620,0.15131477252210915
11621,0.9995831055769941
11622,0.9198885256398033
11623,0.07952704357249597
11624,0.004788324622776519
11625,0.9928352358592255
11626,0.7346660434767981
11627,0.2909114382454952
11628,0.005141307800654032
11629,0.02607195617892495
11630,0.24863377581979043
11631,0.599315827377501
11632,0.9708389783354635
11633,0.47999327966464184
11634,0.9998315746864198
11635,0.20847799452634014
11636,0.9820517908558472
11637,0.9445224749620669
11638,0.9916696104998606
11639,0.025455765589764895
11640,0.8929904738591409
11641,0.9700551886954052
11642,0.013250403232808636
11643,0.7136755605964036
11644,0.00015733572795397424
11645,0.02400739687689057
11646,0.030754787633495546
11647,0.9999953294976169
11648,0.9936992788716711
11649,0.9989300253835103
11650,0.022887576582298334
11651,0.6332402148827933
11652,0.0003887445776755386
11653,0.9348634233352634
11654,0.9554596139211813
11655,0.9995269821463726
11656,0.9548730978602662
11657,0.09814214341872494
11658,0.9888386262023676
11659,0.13118306608453925
11660,0.9999574102578765
11661,0.8305335349698453
11662,0.8951253454382138
11663,0.001346497096070712
11664,0.05541415356539495
11665,0.04863318633719644
11666,0.9424173096647188
11667,0.103903498078505
11668,0.0311812037591788
11669,0.6312785763566642
11670,0.05083738404448066
11671,0.01738213053107119
11672,0.9020808974402961
11673,0.7125253090027653
11674,0.996119462707657
11675,0.6603412654470715
11676,0.17562277844995375
11677,0.9992602901643322
11678,0.013083648282269171
11679,0.04597001056317481
11680,0.002451177259156747
11681,0.9888012968233695
11682,0.9993387338124948
11683,0.4909213806545979
11684,0.9341167116500136
11685,0.998517645911037
11686,0.0012222842530879008
11687,0.7291053630718357
11688,0.04452271141807183
11689,0.9978566192372132
11690,0.9978601221610265
11691,0.8228676576434673
11692,0.999140098890661
11693,0.9789578328441746
11694,0.9995908704231813
11695,0.9917156136681854
11696,0.18347180647392455
11697,0.9462399738618025
11698,0.0004424760181031007
11699,0.10536784411263816
11700,0.3234077528290514
11701,0.11744836607022388
11702,0.19665983548375204
11703,0.7199072833307856
11704,0.05191194172921585
11705,0.021154798798557542
11706,1.860983899060062e-05
11707,0.9983225756105952
11708,0.0008411971595692177
11709,0.9317652574338708
11710,0.9999895672267111
11711,0.9991098095016583
11712,0.005833237578796296
11713,0.6338753679024961
11714,8.352303240048572e-05
11715,0.999998506634857
11716,6.783938790825398e-05
11717,0.010007406831431176
11718,0.029502045756887925
11719,0.6618894257212992
11720,0.9267723891945476
11721,0.9722243768865946
11722,0.13488586467583213
11723,0.0021170855959178458
11724,0.9433857129091522
11725,0.059045204073397264
11726,0.001879050229705965
11727,0.007756262704011952
11728,0.026810911265077057
11729,0.8688417319904185
11730,0.17984028950465164
11731,0.9381935619563451
11732,0.9921068065948703
11733,0.022935663824141753
11734,0.9346854787763663
11735,0.9995566651845811
11736,0.9999689102672223
11737,0.6424982388284957
11738,0.012131179447498162
11739,0.8706268174771363
11740,0.8521633157124948
11741,0.999943738027434
11742,0.9616674947743924
11743,0.25287853549855827
11744,0.9991127453510323
11745,0.0005453136830311963
11746,0.35676680206482314
11747,0.9866524965765952
11748,0.9940989862823902
11749,0.9651502940306564
11750,0.1413259660020979
11751,0.10522930201949414
11752,0.00014708834964084901
11753,0.04864134721966883
11754,0.9989081642930584
11755,0.19599467032143728
11756,0.011443596775227893
11757,0.9978692644697719
11758,0.23084778517909751
11759,0.999201043526282
11760,0.8374346031545008
11761,0.0019561736582339416
11762,0.003045457527773169
11763,0.012098810149999532
11764,0.0018498122454324738
11765,0.13996690052709085
11766,0.309096651427979
11767,0.02481169018269703
11768,0.5005997308535235
11769,0.9964063854949367
11770,0.9817853027230048
11771,0.7670929731513934
11772,0.9332032705360863
11773,0.4919252425322731
11774,0.985587427789896
11775,2.0258030714815533e-05
11776,0.9999228260440541
11777,0.013510486482453779
11778,0.32187490180587736
11779,0.012856347708043607
11780,0.8812102989548747
11781,0.9885321902332581
11782,0.990600896792857
11783,0.01598529161368233
11784,0.0025983946893171376
11785,0.02432137474703451
11786,0.002170949278393791
11787,0.9995282329866426
11788,0.9965830941997021
11789,0.12309237353248427
11790,0.9775717485885999
11791,0.673669717295643
11792,0.9901905578815453
11793,0.9375797109461917
11794,0.5702156653824277
11795,0.7666204532020235
11796,0.9835935413168118
11797,0.07381862019660412
11798,0.9981763560021317
11799,0.058573505577243966
11800,0.0007011507009187848
11801,0.0014181382574060554
11802,0.03565510268788262
11803,0.42147887661309147
11804,0.9690347096365344
11805,0.9978033801089706
11806,0.19700966386206667
11807,0.00613348340550266
11808,0.00029141463933920347
11809,0.0032487058309280427
11810,0.06055300702307819
11811,0.9952824243371544
11812,0.5649881906436174
11813,0.23144607715552273
11814,0.9486620001750675
11815,0.7031286822860793
11816,0.9992807492256378
11817,0.9997159911791781
11818,7.199282277177904e-05
11819,0.7713939831094387
11820,0.3641816265802912
11821,0.9996417690972721
11822,0.7370269471185605
11823,0.8865840500575092
11824,0.00982179055098871
11825,0.03555569274496244
11826,0.29699185360232
11827,0.6295809305228511
11828,0.008476375247155422
11829,0.9689567164660889
11830,0.7761739290201264
11831,0.06055509497627318
11832,0.0008818291000054368
11833,0.7615133394263992
11834,0.036536811211305226
11835,0.32604167907195863
11836,0.9622521596841966
11837,0.018482954477097368
11838,0.7937649882467661
11839,0.5783655725060515
11840,0.6373391376813546
11841,0.970425452528865
11842,0.991884388105914
11843,0.41961635446607315
11844,0.5773141486616481
11845,0.13374929934595076
11846,0.9249395473927515
11847,0.29959824824568865
11848,0.11887925721828714
11849,0.6696222371637434
11850,0.04214853843354584
11851,0.9792995910930243
11852,0.24813235936116404
11853,0.997026720049546
11854,9.154641465749681e-06
11855,0.14279613278839498
11856,0.8831312786305261
11857,0.9947956250069264
11858,0.2697932592545113
11859,0.18401781217344615
11860,0.40919180813967654
11861,0.995159993761208
11862,0.026875709902494764
11863,0.817596622156449
11864,0.9101426419770948
11865,0.9709537781486792
11866,0.04045506194762028
11867,0.4775463988242637
11868,0.9950967754082013
11869,0.9996142956694088
11870,0.777188626920362
11871,0.9724912979593009
11872,0.9767544159495268
11873,0.15911848461601125
11874,0.0003478134248367076
11875,0.9905508813717799
11876,0.5356910019766447
11877,0.9877493790761953
11878,0.11303012046032808
11879,0.9999907509663862
11880,0.05381638796318733
11881,0.8991811353852425
11882,0.10265803460738737
11883,0.04424831927526516
11884,0.4143620146617327
11885,0.9894249856523165
11886,0.049715156059148315
11887,0.1302206620147667
11888,0.9834195478915957
11889,0.9190958347476037
11890,0.9994596459589281
11891,0.0006193224984471144
11892,0.053880693036307846
11893,0.9280237470385903
11894,0.7973122113287616
11895,0.0401211821855279
11896,0.16774872685931236
11897,0.9491163357321315
11898,0.9978682999916763
11899,0.8156589264605096
11900,0.027000680839604337
11901,0.9943153768734293
11902,0.95025595309119
11903,0.0008643970574874451
11904,0.9875237403368167
11905,0.440294136141328
11906,0.9945019960367257
11907,0.12457414468469677
11908,0.3800455078677057
11909,0.9779212916302226
11910,0.8542159400193511
11911,0.19170364762270148
11912,0.0003057322854997087
11913,0.8986175520101075
11914,0.8897300717925233
11915,0.41613203317237085
11916,0.984433831730678
11917,0.034976860193191954
11918,0.989719962532379
11919,0.5794360702751337
11920,0.9317919507258535
11921,0.972954060883573
11922,0.9907249486844957
11923,0.9689434245912446
11924,0.6104578504796001
11925,0.22436796121880806
11926,0.07096421448674305
11927,0.460626346520933
11928,0.8704835355802321
11929,0.9986093462416775
11930,0.1604688758873276
11931,0.6034386777782957
11932,0.9998718761398673
11933,0.05519923383973048
11934,0.8880683870927644
11935,0.972829581091373
11936,0.05496291717852
11937,0.8914075173980623
11938,0.9241685962933964
11939,0.5125718191108871
11940,0.9991966290151992
11941,0.3769091024534358
11942,0.8374165348280675
11943,0.0015171282785990448
11944,0.34957081955019303
11945,0.9086785425002945
11946,0.2425852707205062
11947,0.12153582994082873
11948,0.054721417638174334
11949,0.3465683152232259
11950,0.9541640183757935
11951,0.0053748257637484115
11952,0.9701165270140537
11953,0.010369498722618659
11954,0.006980681188430798
11955,0.0772501232116757
11956,0.9986682021983714
11957,0.12542949642147455
11958,0.7789667558955408
11959,0.3533257960822571
11960,0.018168340730556592
11961,0.9978648104261122
11962,0.7976053324268484
11963,0.798874361560008
11964,0.18702720576619844
11965,0.029572793750660194
11966,0.9901846877342695
11967,0.9977299345805473
11968,0.9905734955272437
11969,1.0540496112422625e-05
11970,0.3076676201226075
11971,0.9993414958684376
11972,0.833272322765469
11973,0.0002632449644498383
11974,0.9729022741124735
11975,0.0815427331455601
11976,0.7389512585027229
11977,0.9844845725257535
11978,0.8723206913768864
11979,0.9705649412792203
11980,0.9824303827011526
11981,0.26129466042465227
11982,0.9715329966635291
11983,0.9996970007814536
11984,0.9265355168436855
11985,0.6459235086977528
11986,0.9712909159465632
11987,0.002163141460632934
11988,0.9896689800678166
11989,0.0689585877136731
11990,0.991334962571026
11991,0.600503964473941
11992,0.9919037928054941
11993,0.3236916861046616
11994,0.050424827508280236
11995,0.017561491509779065
11996,0.006205745892381532
11997,0.9764532841005714
11998,0.9864002233445385
11999,0.509671190337008
12000,0.99850421607029
12001,0.3522019744926982
12002,0.803714986343286
12003,0.2982400720861048
12004,0.04949223873065834
12005,0.7215684973079071
12006,0.000580455635383706
12007,0.8251781013373505
12008,0.0039036258434098944
12009,0.922681177296085
12010,0.020394188175777112
12011,0.8014822298863463
12012,0.0047868371209334945
12013,0.7989939825134723
12014,0.9854295036522586
12015,0.10646267034457406
12016,0.31971060004314417
12017,0.31066406176304034
12018,0.9832210793517778
12019,0.02740802095971311
12020,0.9932313775380518
12021,0.08475952320716627
12022,0.20495377815780294
12023,0.06180882286121665
12024,0.0002596826254789575
12025,0.9507229968759757
12026,0.33578441473274234
12027,0.40608965583190154
12028,0.9982158373775525
12029,0.7149972454866644
12030,0.8643317101978988
12031,0.06163425205848167
12032,6.945491990029324e-05
12033,0.9692302888041439
12034,0.21697871088244358
12035,0.01911847843841855
12036,0.9771361129914006
12037,0.044824284065835135
12038,0.03464033082809247
12039,0.0002652465457707832
12040,0.00023514282778045508
12041,0.9729293005340057
12042,0.9806646955181423
12043,0.989628520581303
12044,0.07984594116256188
12045,0.9998024426929668
12046,0.6010010128360925
12047,0.8626793526937823
12048,0.9910522085597488
12049,0.2883211633880611
12050,0.20498265334105764
12051,0.16014694663436632
12052,0.9926025003849459
12053,0.9445696148219171
12054,0.9743022929089551
12055,0.867251051025393
12056,0.012089605747689632
12057,0.9905586302898666
12058,0.728202863125605
12059,0.007580293892585283
12060,0.059441859560473806
12061,0.988215005951976
12062,0.9998369931607619
12063,0.6820123779608127
12064,0.999932600963429
12065,0.011981036282816085
12066,0.012126792790182998
12067,0.3190936526639427
12068,0.009021556210786123
12069,0.6092064730702459
12070,0.8322637741674779
12071,0.05052414810495019
12072,0.05897663301081164
12073,0.9917599999829266
12074,0.8846876555030252
12075,0.9901994929270515
12076,0.001639843863229018
12077,0.9857455067000931
12078,0.9877708761949494
12079,0.4522057078517963
12080,0.02482967673986759
12081,0.32460636483011956
12082,0.979542557165277
12083,0.04875040228030035
12084,0.6621096633233885
12085,0.07540734219705367
12086,0.36306088305771667
12087,0.8859738853826836
12088,0.7219622598185754
12089,0.014347133777875666
12090,0.24394297694204145
12091,0.9489559257418598
12092,0.2922433617953974
12093,0.989789543131981
12094,0.007197941936953458
12095,0.2282315271046415
12096,0.9588194308603654
12097,0.033091666724559786
12098,0.9456317891024377
12099,0.014657458009911764
12100,0.8739498591884703
12101,0.299060473661326
12102,0.0011484098712354809
12103,0.9734249873549007
12104,0.40376780383138644
12105,0.8019128302117454
12106,0.9997838363214543
12107,0.5133764115831778
12108,0.8059105154443529
12109,0.001336609698755603
12110,0.8957173143563116
12111,0.05561616835292
12112,0.004233717894839053
12113,0.5158186038728184
12114,0.8409078112625878
12115,0.9974506794125376
12116,0.9076391229319085
12117,0.047627123605998266
12118,0.9807648306039599
12119,0.9995474168047029
12120,0.6380934688479084
12121,0.991602100073127
12122,0.0239516972234227
12123,0.9106790047840987
12124,0.0037908904952818046
12125,0.0002498655034499656
12126,0.0614532048386912
12127,0.898559727321409
12128,0.0205821896535385
12129,0.0405782250562104
12130,0.4573125745078784
12131,0.9847599467258271
12132,0.9406274769768744
12133,0.007264066172449473
12134,0.5207298212181714
12135,0.9880764708061751
12136,0.017841796091111656
12137,0.1278270655159665
12138,0.07405532477308197
12139,0.29049170201135893
12140,0.44859374746442415
12141,0.9394960691312338
12142,0.2755896576854825
12143,0.0031657177012508245
12144,0.2076958247054817
12145,0.09192573396992088
12146,0.07694449648185404
12147,0.006492821554656726
12148,8.824103210958581e-05
12149,0.33632325687294945
12150,0.6954239317485733
12151,0.01725332394319931
12152,0.6872093903398065
12153,0.01935471381826637
12154,0.0009626416303177605
12155,0.00012000750375458937
12156,0.0029403258320892713
12157,0.016742514529084845
12158,0.17167632225701954
12159,0.19491649560344887
12160,0.00015603503860320508
12161,0.07628534111669352
12162,0.8913422921425442
12163,0.9978663332973554
12164,0.35297899703111785
12165,0.27023234389760314
12166,0.9846465610361634
12167,0.007134858564885172
12168,0.6202640980156305
12169,0.0006270224034335422
12170,0.9712000587475857
12171,0.013834719194627535
12172,0.060239047818918
12173,0.035726587001068934
12174,0.6677463298510845
12175,0.9967020863859429
12176,0.9254520370027066
12177,0.9978060934495433
12178,0.9910062706593675
12179,0.9783851256951415
12180,0.21727843568587257
12181,0.7601538045240475
12182,0.035041862361012456
12183,0.11971582209392205
12184,0.07025616590884773
12185,0.9997600041641029
12186,0.9945499666227158
12187,0.06265278565389593
12188,0.27711361049603794
12189,0.5008772154054691
12190,0.9481468681642917
12191,0.004864658967688737
12192,0.15903192281209752
12193,0.019298630579291397
12194,0.9996891799161373
12195,0.06695526182339734
12196,0.0563680691959826
12197,0.7217991204003376
12198,0.10774626800477394
12199,0.8145463210830624
12200,0.22177864020109808
12201,0.7957426815343688
12202,0.8915968646363457
12203,0.8147047430031383
12204,0.9985712537229254
12205,0.8594418702640994
12206,0.011103423188424728
12207,0.9999834765908515
12208,0.6968480016266606
12209,0.05465140492390208
12210,0.9710676792223047
12211,0.024115502764808026
12212,0.9998211041062838
12213,0.22196851251811567
12214,0.07676706265827173
12215,0.7967079580892149
12216,0.3715034875091408
12217,0.001087116763251374
12218,0.007492587248604094
12219,0.007567064088029965
12220,0.1331318435647632
12221,0.23707041707339005
12222,0.7378672163040448
12223,0.998911500556397
12224,0.09171062171405071
12225,0.9997637902500192
12226,0.8306540127353714
12227,0.9987392894303384
12228,0.6599437407908595
12229,0.7073429625400113
12230,0.5240655993589908
12231,0.32739879171786673
12232,0.19741425023344775
12233,0.999337153556918
12234,0.012943622681213587
12235,0.7063882531607679
12236,0.9398151798675306
12237,0.36457120477623883
12238,0.9471665632804356
12239,0.0014426946482359296
12240,0.8570859940702418
12241,2.0982704961821398e-05
12242,0.08088488224770209
12243,0.4759392266310785
12244,0.9504424269805247
12245,0.003969518605960295
12246,0.9974043301493961
12247,0.06926012723551228
12248,0.8639320587489944
12249,0.5996915848644606
12250,0.3676981864418355
12251,0.09636110019362637
12252,0.9997662938985803
12253,0.051549764098067635
12254,0.5324234684653201
12255,0.4457723046734805
12256,0.9989568940483541
12257,0.004702693090651261
12258,0.75458921682011
12259,9.8326256530508e-06
12260,0.9992185001065564
12261,0.11650240796488842
12262,0.05707867290982991
12263,0.9317250477744073
12264,0.06961271788134034
12265,0.3669069441308154
12266,0.9972540172241475
12267,0.474738354775898
12268,0.3474153090916245
12269,0.8995849487389624
12270,0.08107524625130941
12271,0.010113696228793066
12272,0.8099502554275326
12273,0.01765742950452301
12274,0.9647232943675846
12275,0.9640492765113542
12276,0.7692127343623036
12277,0.9813703116690712
12278,0.22126404463961222
12279,0.1089082430148471
12280,0.0030523970912607157
12281,0.8789509834123431
12282,0.004505545452376306
12283,0.6927446886958197
12284,0.012475833817856295
12285,0.9999771946138625
12286,0.07693778810795829
12287,0.9457389953971997
12288,0.00012290492769809465
12289,0.1277132826212066
12290,0.61769205224978
12291,0.9985319843546198
12292,0.8585377448569825
12293,0.9951378900106111
12294,0.9943182220417763
12295,0.014466777357863768
12296,0.43478733140413867
12297,0.9913295431184448
12298,0.6046661289254274
12299,0.23193363232704883
12300,0.6927656104406316
12301,0.0900892703025783
12302,0.9992878355249903
12303,0.9971928288500953
12304,0.1272683887554586
12305,0.004045805564449933
12306,0.15231704477303568
12307,0.12050964616032092
12308,0.9931350738119336
12309,0.00024386786030306714
12310,0.8214085410255347
12311,0.980024970673445
12312,0.0004980771868214102
12313,0.002293544072029166
12314,0.8660798521305562
12315,0.12523491687636432
12316,0.5022218840677696
12317,0.4757947689541086
12318,0.8501476216231326
12319,0.30192262902803907
12320,0.0014028555948142692
12321,0.2762942473221888
12322,0.9950167613795765
12323,0.0006019168212433657
12324,0.35498634129348183
12325,0.8415609235036503
12326,0.998459639025879
12327,0.01739023793123181
12328,0.012125157014089036
12329,0.004313001792981845
12330,0.027596994076321768
12331,0.9845591027131427
12332,0.07880866166257057
12333,0.6843055496427197
12334,0.45648398923249656
12335,0.6727104657531805
12336,0.9085550099737881
12337,0.004375217770789631
12338,0.8984449836849779
12339,0.9303292638359283
12340,0.9485381217493738
12341,0.9760173311249032
12342,0.08400419600618847
12343,0.5738331370054243
12344,0.8160700362226814
12345,0.9989200008936369
12346,0.9975597816273708
12347,0.5347360856624989
12348,0.0763215951272647
12349,0.39194454582919314
12350,0.9510564427367536
12351,0.5790333400851236
12352,0.07076927472970156
12353,0.4854093752620077
12354,0.9996010301393004
12355,0.02168155904341071
12356,0.00398189429780682
12357,0.878033823686617
12358,0.7569197085361231
12359,0.053769070477282715
12360,0.15480560511217117
12361,0.8516608119157628
12362,0.22642014774136401
12363,0.8391269005303974
12364,0.5415800816124182
12365,0.9953164692538528
12366,0.05786730558456511
12367,0.019079990364847556
12368,0.9988728385378125
12369,0.007502077808684591
12370,0.2678613536899415
12371,0.9608810137351791
12372,0.9999989277840237
12373,0.9863418713213464
12374,0.47475198029558846
12375,0.1941677269602887
12376,0.981686058568908
12377,0.9126078696212484
12378,0.9681490373998327
12379,0.891190626110465
12380,0.9876901598170621
12381,0.6084971298019658
12382,0.8289210954189519
12383,0.7756329524547471
12384,0.9995806376421206
12385,0.2342760013448364
12386,0.006396969367323815
12387,0.6504969229104551
12388,0.911408933491757
12389,0.902677451362774
12390,0.21755800234907408
12391,1.095542414987537e-05
12392,0.9560661728564297
12393,0.9988311556835672
12394,0.800108226512507
12395,0.9623901034061494
12396,0.9948040358606982
12397,0.5135164139424674
12398,0.7789756281435322
12399,0.2456847583540729
12400,0.3536301123743118
12401,0.003693328246215347
12402,0.09460919201445434
12403,0.5348017106573508
12404,0.5911685090610859
12405,0.5079826223951659
12406,0.7430648081720459
12407,0.0004101282646144253
12408,0.6059945840859979
12409,0.876451752024578
12410,0.022463409040893955
12411,0.9997803373654623
12412,0.9956692930669203
12413,0.9244928851716422
12414,0.9733758565440646
12415,0.011137612066425818
12416,0.9096392468551683
12417,0.007394014751158205
12418,0.7875415765241875
12419,0.09008658447398381
12420,0.4590766806143241
12421,0.3456387803934006
12422,0.0011106101852091858
12423,0.003861844817331369
12424,0.9655986088068932
12425,0.02905224809168069
12426,0.43065714453220966
12427,0.6362427762352607
12428,0.0025388164037419233
12429,0.9940839945345424
12430,0.9752167698083988
12431,0.7786800965056871
12432,0.821252416605473
12433,0.7350325763627804
12434,0.017968262160180333
12435,0.9996224033714739
12436,0.8941493772295098
12437,0.12765121042565655
12438,0.9686953040890102
12439,0.04830958141915213
12440,0.9992700974076496
12441,0.8210233696780218
12442,0.3775633709945842
12443,0.1324706935769961
12444,0.006638524543827259
12445,0.999946246551064
12446,0.2652050610005681
12447,0.17360832362943765
12448,0.12997861778766726
12449,0.7960685329421237
12450,0.9970084423859038
12451,0.982356601430952
12452,0.00200050698516156
12453,0.9998675369578917
12454,0.2997161848866309
12455,0.4122162913898461
12456,0.32504014056168673
12457,0.7639280417837865
12458,0.9999238242801902
12459,0.5355778123351457
12460,7.786457611562282e-05
12461,0.33302555756371566
12462,0.6472519573907277
12463,0.285026728216026
12464,0.049526764116749104
12465,0.9988541308239903
12466,0.9999887768430694
12467,0.9785151449482248
12468,0.9834394669474209
12469,0.8333704396505238
12470,0.5497824964973498
12471,0.8176414290036847
12472,0.7510296309078247
12473,0.2368350140906489
12474,0.9995871623361224
12475,0.9876542067083384
12476,0.04291891841906577
12477,0.9880886312189949
12478,0.4019933284510579
12479,0.30728717173870623
12480,0.98891365976106
12481,0.9912573666722136
12482,0.7990507599291921
12483,0.5571983166630646
12484,0.477516986386234
12485,0.9991187598851591
12486,0.9435577221472594
12487,0.0009837000558560447
12488,0.48696772558326357
12489,0.35670267993935667
12490,0.016735217508467758
12491,0.6256367249702917
12492,0.9716932095674841
12493,0.9981211147903642
12494,0.0006417550672921406
12495,0.8618946534211288
12496,0.45143647655283686
12497,0.41218622060797805
12498,0.25193825832075534
12499,0.0843811204846265
12500,0.6290885859808253
12501,0.011885011588140069
12502,0.47158704198925505
12503,0.40805387016361877
12504,0.31222576469105423
12505,1.1739818847280682e-05
12506,0.04903471783560173
12507,0.996319144027659
12508,0.9989454161435379
12509,0.004504750754911326
12510,0.9500505582927682
12511,0.9243615233809984
12512,0.9668596921318778
12513,0.9878389612946095
12514,0.00040674146378728816
12515,0.9801986171210116
12516,0.19716517329927924
12517,0.057476116847153876
12518,0.008495065772001077
12519,0.9986327313961677
12520,0.815868674527858
12521,0.9457216897036258
12522,0.11197924425264828
12523,0.005968987060295873
12524,0.9751623425783825
12525,0.913601744457954
12526,0.9632167726581048
12527,0.9982328050259962
12528,0.99996294069503
12529,0.08009495346780163
12530,0.9405393189158031
12531,0.07587072838568207
12532,0.5060156515353941
12533,0.002608053696549445
12534,0.006655279399683374
12535,0.8788742265430793
12536,0.999619246057465
12537,0.9545647853256864
12538,0.9996920539168174
12539,0.0058572182887210176
12540,0.44503808433095254
12541,0.9993813133108309
12542,0.004716292359999078
12543,0.7859470375005949
12544,0.8540896289823586
12545,0.0738819910343003
12546,0.9972852637833818
12547,0.006611576680955909
12548,0.2909510507107876
12549,0.14016819213827372
12550,0.9964215881346471
12551,0.9995547833702125
12552,0.7697755289615903
12553,0.001420886636886716
12554,0.07691833588592643
12555,0.9420477297460805
12556,0.7282023915433572
12557,0.9896166649983218
12558,0.9505021352052164
12559,0.7952793543091294
12560,0.921698910500331
12561,0.002849065970379728
12562,0.00019589934810537583
12563,0.08231995180279833
12564,0.6264398540344766
12565,0.0028979696502723995
12566,0.48185255640967684
12567,0.42722100266309565
12568,0.0072097265463824094
12569,0.8855062399198576
12570,0.9995331761327108
12571,0.0009609645933177954
12572,0.9117547623469633
12573,0.9840583433296968
12574,0.2880239972512656
12575,0.5355535439925027
12576,0.59885257918201
12577,0.021278393888047958
12578,0.5954024611321769
12579,0.7414552309965674
12580,0.08179246295994845
12581,0.012786500110966152
12582,0.006097735180844551
12583,0.3957384039338296
12584,0.9970836691176133
12585,0.127476865020918
12586,0.8844422551720805
12587,0.9969105200720539
12588,0.9738401723853329
12589,0.012540650539851504
12590,0.9774710530229486
12591,0.99892793181743
12592,8.126585947823331e-05
12593,0.9861588126528714
12594,0.9717606727902843
12595,0.9828573346467113
12596,0.9010416139838886
12597,0.9975044958817931
12598,0.5161844939684198
12599,0.9650555768016366
12600,0.9896994536004032
12601,0.9915078904690722
12602,0.007128806663228145
12603,0.8277867587237198
12604,0.028023552705045484
12605,0.8849317262914682
12606,0.7549661423422397
12607,0.002503085011770519
12608,0.06782872146109133
12609,0.749045007134729
12610,0.15096797768707335
12611,0.11517058400784483
12612,0.7995740093506616
12613,0.10059116241303807
12614,0.7226254732809648
12615,0.583585705990911
12616,0.089990913305621
12617,0.8106264926808664
12618,0.9999990645337984
12619,0.00170503500387388
12620,0.2570451434966316
12621,0.12606000563460226
12622,0.020412283847259325
12623,0.9798227679343314
12624,0.23892067745008916
12625,0.14328323860831016
12626,0.47725760673730677
12627,0.999980417263872
12628,0.006097583745141284
12629,0.9923678807412945
12630,0.6911962738608851
12631,0.9964779449028748
12632,0.6223575219472652
12633,0.051607687140032776
12634,0.4605317047932338
12635,0.03451814878935906
12636,0.0034584406433402384
12637,0.3229776749849897
12638,0.980053478542689
12639,0.332254144731259
12640,0.1414307595479271
12641,0.1934917769323434
12642,0.841241986203334
12643,0.4157385660433023
12644,0.731602811432857
12645,0.8552039338105796
12646,0.5905058016012239
12647,0.9273191832945102
12648,0.9934616790283874
12649,0.9936824502150151
12650,0.6421535758814717
12651,0.05238173477853009
12652,0.01819945776899543
12653,0.9688886267601465
12654,0.05698972012322062
12655,0.00595343231520527
12656,0.9969693014489006
12657,0.9627943789546153
12658,0.936489804461329
12659,0.9873609560317935
12660,0.008553275682367162
12661,0.27530271001735657
12662,0.9986011404449019
12663,0.003241114411707305
12664,0.06001334152699455
12665,0.740507537902718
12666,0.9774451529805477
12667,0.9974199663740692
12668,0.5063744481556133
12669,0.000702284770986992
12670,0.0041267365238207895
12671,0.9998762258241214
12672,0.9979015901209803
12673,0.05663908782150102
12674,0.9957482931193044
12675,0.004382016397232866
12676,0.0013646607618883531
12677,0.31316467999928416
12678,0.9427089678730786
12679,0.31625838564570746
12680,0.3040502101249033
12681,0.023660563063867567
12682,0.325481751452195
12683,0.0340186029785926
12684,0.0007207702766307783
12685,0.012140929930853086
12686,0.9998917760761183
12687,0.8718790195174473
12688,0.13314905150386
12689,0.035103198518068396
12690,0.160467297538986
12691,0.9902870313510537
12692,0.0005017209312974948
12693,0.08904206962891224
12694,0.23386753167165816
12695,0.9538158295711556
12696,0.9562245177877438
12697,0.0010769439591411514
12698,0.7009830074303286
12699,0.003137397633808204
12700,0.02226184173862797
12701,0.16600700952722883
12702,0.28942914072222325
12703,0.9347898045600144
12704,0.08379577621727435
12705,0.5807375142694641
12706,0.028503483015598664
12707,0.6403815013884447
12708,0.9329376109716787
12709,0.9676008000918531
12710,0.010763573835561369
12711,0.9775286837604305
12712,0.9908108293816021
12713,0.9931687832581869
12714,0.08976763002381276
12715,0.2502484066488997
12716,0.996568428213773
12717,0.9994895010697551
12718,0.0003648434978357665
12719,0.9975706163539021
12720,0.2402393033678263
12721,0.05611807649929257
12722,0.06346428463633179
12723,0.8115811878573644
12724,0.9960615837873069
12725,0.5629242141010244
12726,0.9255964396278119
12727,0.992750344694109
12728,0.9443791078440137
12729,0.9956542227009989
12730,0.9999435310372731
12731,0.9463456910173891
12732,0.1588824952560274
12733,0.06869266203348716
12734,0.8667519791528508
12735,0.015476723365825095
12736,0.8108480652052042
12737,0.9452165638337824
12738,0.9990857524185741
12739,0.5536831997006031
12740,0.9831262869380074
12741,0.003848221588086972
12742,0.9064988911115632
12743,0.8936315727966645
12744,0.6870028174016384
12745,0.5535842444395476
12746,0.6241243541994381
12747,0.9480222029519791
12748,3.945479745009115e-05
12749,0.7014147471758456
12750,0.002814957681002982
12751,0.07909120777190595
12752,0.009910254131309538
12753,0.9888696136125685
12754,0.9679602759391817
12755,7.535887698711794e-05
12756,0.9395317340464523
12757,0.01005431581398182
12758,0.6859589017602391
12759,0.12050807469554035
12760,0.9909368060778011
12761,0.8156404985294304
12762,0.9853786032360976
12763,0.9998755370902989
12764,0.2269689809125884
12765,0.21206906659161348
12766,0.36703460077102473
12767,0.006485761160181896
12768,0.9935480891998151
12769,0.7679940228267612
12770,0.9806274675277101
12771,0.9966255055186597
12772,0.9977312849498776
12773,0.9223129128981945
12774,0.7364071220293397
12775,0.9958155764118051
12776,0.4466875230374801
12777,0.21330630527050912
12778,0.22977034470865432
12779,0.018297834490678996
12780,0.10315566365128431
12781,0.7551480269977316
12782,0.9449335538899998
12783,0.8728475429158093
12784,0.9957964995641743
12785,0.9978081309649235
12786,0.9993911567873509
12787,0.11410023960771533
12788,0.9989047998928396
12789,0.9999453292733688
12790,0.5638563757624708
12791,0.5050496399166252
12792,0.12146892856296582
12793,0.9654326208178898
12794,0.2708760965235014
12795,0.8477546662128712
12796,0.039473288092154044
12797,0.6744746701572637
12798,0.015085716382591721
12799,0.9999535687688016
12800,0.669046448127131
12801,0.9343458591050556
12802,0.03101187911843879
12803,0.15080967011972093
12804,0.01272561523391631
12805,0.8560744477732098
12806,0.0017631249788241782
12807,0.9703879293202677
12808,0.33437490824940225
12809,0.9999394930393312
12810,0.9999103327521839
12811,0.9945302323993706
12812,0.37385678134092853
12813,0.9037777176512929
12814,0.5271319017108805
12815,0.9073464161756969
12816,0.6216359115970299
12817,0.9965237503643916
12818,0.0006997531245710244
12819,0.4432700515299359
12820,0.9297280632190256
12821,0.9224093332489589
12822,0.5385149866125976
12823,0.004603864611687448
12824,0.01942818349297273
12825,0.21092735499376283
12826,0.7553768581871043
12827,0.0012731316895087468
12828,0.7698827118124398
12829,0.7230101757248013
12830,0.009197024988962603
12831,0.11806035233148536
12832,0.9483787393734199
12833,0.8509961383515552
12834,0.9999950334566057
12835,0.03422290254367175
12836,0.06420490883543588
12837,0.00019741716702580584
12838,0.9886823159138713
12839,0.8983990353041161
12840,0.012235525079811136
12841,0.00021513170077212706
12842,0.9894112565031464
12843,0.2830877360356367
12844,0.8303087522806931
12845,0.6575827302035774
12846,0.01306877028951915
12847,0.4932034908278776
12848,0.0201781845273708
12849,0.002722358251329259
12850,0.009346124508281024
12851,0.003063941262260406
12852,0.9981728018145332
12853,0.994150415724869
12854,0.01145364974472785
12855,0.014057472695528976
12856,0.9457600191992309
12857,0.00395160715687385
12858,0.04305567914721463
12859,0.0005957311490341201
12860,4.081681000417894e-05
12861,0.9541777744671674
12862,0.5532358430272918
12863,0.23917099382284862
12864,0.9616266727233346
12865,0.9452926625715071
12866,0.9794963953387067
12867,0.9928893672253611
12868,0.9999380208703009
12869,0.0012329426032862147
12870,0.0032153125761033375
12871,0.010819208218404265
12872,0.5071292881437708
12873,0.07483504758857856
12874,0.9960836480470507
12875,0.9063126888056738
12876,0.2487348417406809
12877,0.09486148552480064
12878,0.04535119089004739
12879,0.9999934289690248
12880,0.29102818877700687
12881,0.1710085981962259
12882,0.8561900104462011
12883,0.9045386531475247
12884,0.9996524303927736
12885,0.03761579516591892
12886,0.6063519820532333
12887,0.5666066167798679
12888,0.00635609068391383
12889,0.0021612637095624935
12890,0.037369162380182994
12891,0.0024847024835006
12892,0.9998856179650697
12893,0.9604314179576651
12894,0.5312525336410144
12895,0.06458667309925534
12896,0.9992093154126146
12897,0.9836618343978862
12898,0.9505809207651611
12899,0.561223687793011
12900,0.9223346106934189
12901,0.802345309308089
12902,0.0004212784275659926
12903,0.4592544207473039
12904,0.2596167775038552
12905,0.8328493000548594
12906,0.010028136976702798
12907,0.020663269047558285
12908,0.0014061014651768444
12909,0.8508701955942447
12910,0.21726131399411053
12911,0.09105383856892198
12912,0.3181067576326898
12913,0.9077002175845706
12914,0.7201269424856168
12915,0.37988018549846675
12916,0.5682558023014549
12917,0.7670924173183876
12918,0.01603411985629697
12919,0.5885996737928908
12920,0.567913170528028
12921,0.8910292305150218
12922,0.00702140578041533
12923,0.4274078256354301
12924,0.0664601789821738
12925,0.9972838073452291
12926,0.9519012697745193
12927,0.44006083812722435
12928,0.9928285143760129
12929,0.9860015246146213
12930,0.41029522118492096
12931,0.3817171444449721
12932,0.9219405729745415
12933,0.054991952660908706
12934,0.9995160867665518
12935,0.9967876424642708
12936,0.1804296928193647
12937,0.9871648515092472
12938,0.00983162595573083
12939,0.042562906025385525
12940,0.28951486957518074
12941,0.22307677709043838
12942,0.457097178366462
12943,0.9886098485822101
12944,0.07373807493541655
12945,0.8974521223438519
12946,0.9982555845487576
12947,0.005776555592072379
12948,0.3873566958907569
12949,0.001825316727795505
12950,0.3083405576126589
12951,0.044405514350276426
12952,0.03808532694065244
12953,0.9954069493419625
12954,0.006944194060351702
12955,0.8998997503347005
12956,0.010262118880933932
12957,0.09856208877389587
12958,0.9358778496119587
12959,0.3001264051909742
12960,0.34152197668885004
12961,0.9170435749208988
12962,0.3388947611105168
12963,0.9867916058822398
12964,0.006244627076630669
12965,0.8455581014444953
12966,0.8863997905770757
12967,0.8472269398675514
12968,0.7409057108752903
12969,0.9985574670503439
12970,0.9992834610784621
12971,0.591430703607764
12972,0.9732113545368516
12973,0.9999001356227898
12974,0.07661716971780164
12975,0.04975861323727605
12976,0.7077680606627562
12977,0.9271653150297886
12978,0.9784328439226105
12979,0.9604986989097167
12980,0.9429874887507272
12981,0.9953397386907452
12982,0.365223315524184
12983,0.04249942863718559
12984,0.9467639726574179
12985,0.9112513093812156
12986,0.9524807719912849
12987,0.3474729979308742
12988,0.21977477688508043
12989,0.004644649303457782
12990,0.8303283270713083
12991,1.964894368337255e-06
12992,0.036649661325782755
12993,0.024039167586553244
12994,0.9989060279993145
12995,0.140310771398151
12996,0.003543608087259934
12997,0.9940836823276408
12998,0.9873002160984923
12999,0.0058209427297811304
13000,0.878782959809085
13001,0.0038116875780467257
13002,0.999847978914961
13003,0.9176156220920538
13004,0.14140072176432983
13005,0.5242709838084255
13006,0.9782446874847213
13007,0.9747083226480314
13008,0.9890455014573412
13009,0.9949223460287888
13010,0.9648989633969627
13011,0.01058060791480588
13012,0.9999033685190102
13013,0.9683771419481246
13014,0.9250215468873223
13015,0.9895251146311356
13016,0.9630356465153775
13017,5.730210808448417e-07
13018,0.06444153526557322
13019,0.00880697080127809
13020,0.013316954016713973
13021,0.9997484126900532
13022,0.05048623071316306
13023,0.9900496926968694
13024,0.9998530924264822
13025,0.33932037115598385
13026,0.9885652984819818
13027,0.9553519632935129
13028,0.9985848295451228
13029,0.023174407596207452
13030,0.8861857515018674
13031,0.9441509555435101
13032,0.0053368793357258144
13033,0.045671066136968745
13034,0.2671862255371025
13035,0.0005183186665766412
13036,0.7184930109297539
13037,0.9997072796347223
13038,0.07519727688452522
13039,0.6611261831909613
13040,0.9449363161052701
13041,8.23085009207179e-05
13042,0.014842326412230968
13043,0.02335756539257118
13044,0.004467993544577638
13045,0.9400065924022081
13046,0.7072893218269637
13047,0.0012624805987882207
13048,0.013985572138893216
13049,0.9999312616176311
13050,0.9772100382785087
13051,0.5497455913778194
13052,0.40055761152654384
13053,0.023377373089180108
13054,0.003692730827547851
13055,0.00404041839817276
13056,0.021535319563120763
13057,0.1068508121970828
13058,0.18886583517886094
13059,0.9975316157203844
13060,0.0005044223211438315
13061,0.9578889375931676
13062,0.00022663011446092958
13063,0.9548023464901597
13064,0.2193180515071258
13065,0.5242709838084255
13066,0.35636495217204484
13067,0.9989803414409587
13068,0.999968180247061
13069,0.23364551142143936
13070,0.1301056881065394
13071,0.980265484227071
13072,0.00698142225526061
13073,0.40185542508378835
13074,0.053141792667443226
13075,0.99995343666883
13076,0.035225067821596276
13077,0.9999987958496475
13078,0.8117834158347862
13079,0.8909028212998633
13080,0.9907854743127552
13081,0.9999728985011676
13082,0.5978000153040838
13083,0.48474630883857606
13084,0.4572513585185007
13085,0.0003450249953077606
13086,0.9594354391915803
13087,0.07754150844321334
13088,0.5232918580182379
13089,0.009687354165677549
13090,0.0073923134111282965
13091,0.9961130034512586
13092,0.6657975372685593
13093,0.9902742595968788
13094,0.9995442053119258
13095,0.1971777781469173
13096,0.0348172650382449
13097,0.13147174907951184
13098,0.30998264864168135
13099,0.7366753589639423
13100,0.9865328235896732
13101,0.8806372445505527
13102,0.4456442533834772
13103,0.9792886227506667
13104,0.9576272113929188
13105,0.9733375371995486
13106,0.009538694048073183
13107,0.28812164304768
13108,0.6252915058719917
13109,0.0004104810495389125
13110,0.9901828746962983
13111,0.5493104627308116
13112,0.0034841805678636015
13113,0.9926263443741509
13114,0.9999644860411568
13115,0.9989393194924797
13116,0.9992929866813418
13117,0.4522675819134238
13118,0.886388315893211
13119,0.6861950972593335
13120,0.9913827109172296
13121,0.5422867392736362
13122,0.16317325169491753
13123,0.0006568367289275581
13124,0.01826700048120119
13125,0.9040661554293159
13126,0.05890199770369739
13127,0.8731991835159201
13128,0.010188462403688942
13129,0.03361522587359504
13130,0.6478453512093345
13131,0.038656062749559114
13132,0.008095842184382907
13133,0.0003016702621908254
13134,0.0821864331640638
13135,0.0016046366080951838
13136,0.9961014417340966
13137,0.9884284850498021
13138,0.22512888362758857
13139,0.9208981479909311
13140,0.6114018353699993
13141,0.9966714056749875
13142,2.8391860985458684e-07
13143,0.9998899270706587
13144,0.6488646911555175
13145,0.9966180763147534
13146,0.9230967809949635
13147,0.775299434970585
13148,0.9788410262162783
13149,0.06779823034279601
13150,0.7165523309140356
13151,0.01997459824303974
13152,0.0028319980998522927
13153,0.026603210576467255
13154,0.34191175815749053
13155,0.9874482262905735
13156,0.0003904608457066134
13157,0.15942430203940985
13158,0.2350503690736318
13159,0.3838539246892636
13160,0.03663541643349683
13161,0.0629997659074225
13162,0.001247176513047987
13163,0.5922671268459081
13164,0.000539696746370597
13165,0.981309050798944
13166,0.8150465641759729
13167,0.9792885280996478
13168,0.09088195665973424
13169,0.9033843847702876
13170,0.994124020505658
13171,0.47235716598845745
13172,0.9854261863887546
13173,0.46684768367576823
13174,0.18978576918143134
13175,0.0005125424258281302
13176,0.9979407905469546
13177,0.07469660483711386
13178,0.8912529064663461
13179,0.9870777675369459
13180,0.3498796890349592
13181,0.16665262189843408
13182,0.9967366846659557
13183,0.9991808145100292
13184,0.99930061289066
13185,0.9972939541873269
13186,0.48117732933022483
13187,0.6098466507781923
13188,0.9989511679024761
13189,0.5170201225741513
13190,0.7607454448990301
13191,0.6175051176449895
13192,0.2734379207286135
13193,0.22402028466746718
13194,0.9291518820695535
13195,0.9981358006036564
13196,0.0061141390468198685
13197,0.04665005127505357
13198,0.4108464140364664
13199,0.003126876537551406
13200,0.34918881555053166
13201,0.29882900723939654
13202,0.9967098539497556
13203,0.0002674204395222638
13204,0.9090049140446923
13205,0.05991729090761628
13206,0.965601797967463
13207,0.6474800356828871
13208,0.08000918929430359
13209,0.36310979720490505
13210,0.6767040567670496
13211,0.1866124205011762
13212,0.03012485608532018
13213,0.9913375771082997
13214,0.37632268862360907
13215,0.0014031475778860701
13216,0.6360525346888913
13217,0.022349574813884446
13218,2.1096706856522363e-05
13219,0.0032424233793474358
13220,0.9997497437813531
13221,0.015185102811904109
13222,0.9831234899541742
13223,0.9807760334520255
13224,0.3693860528576871
13225,0.9280600223509615
13226,0.9957858678218965
13227,0.8132094160439606
13228,0.5705433201474519
13229,0.2769635292204351
13230,0.6497030965354206
13231,0.9653890684145884
13232,0.1678739751661579
13233,0.3413589166197491
13234,0.027701015272241145
13235,0.0025998800146250505
13236,0.08994106677917432
13237,0.9447216495645611
13238,0.9984413734296114
13239,0.9978370435250565
13240,0.8286180332834836
13241,0.999672126999209
13242,0.854514583990193
13243,0.33832961979576237
13244,0.3083780171104861
13245,0.7460386453382637
13246,0.33040275715859235
13247,0.00784831347591477
13248,0.24587647985252523
13249,0.5189586302478028
13250,0.9943291828772826
13251,0.8980903359098135
13252,0.07199068472447179
13253,0.001928658080842298
13254,0.0001095272106732882
13255,0.0030115562338514793
13256,0.7445901924628953
13257,0.5596071217968931
13258,0.024079193946375844
13259,0.9691740233229954
13260,0.016742244837880668
13261,0.002970228945198294
13262,0.8880400617467535
13263,0.8525098999522033
13264,0.5043503253919109
13265,0.9554218944747191
13266,0.06235010444067071
13267,0.011576307721630215
13268,0.2057402820284129
13269,0.00015761359718718533
13270,0.17678523953409103
13271,0.0002665537427704807
13272,0.8030332685480401
13273,0.4032466541634477
13274,0.25050170123407833
13275,0.9981358528865094
13276,0.009009122204790922
13277,0.0006836222004653227
13278,0.8823083503920014
13279,0.08098788436192121
13280,0.9595560195333129
13281,0.01698214450776126
13282,0.005148566795003412
13283,0.989048985572949
13284,0.824201513807964
13285,0.4615629504758996
13286,0.6266650404083625
13287,0.98672111090507
13288,0.0004786328959252398
13289,0.915740960384096
13290,0.9989085881577211
13291,0.003990202490336272
13292,0.37209033613188625
13293,0.9369794371307647
13294,0.2929063700718901
13295,0.28626873393830643
13296,0.7359920684114576
13297,0.09897047596068695
13298,0.9963429231981882
13299,0.5616080676579631
13300,0.1475936512991689
13301,0.20271008548563016
13302,0.8632955830052188
13303,0.30969756394067827
13304,0.661747218926561
13305,0.04600822728674679
13306,0.0326023669509681
13307,0.009397502396683789
13308,0.4092778625835467
13309,0.4725009268620032
13310,0.015271370742448647
13311,0.9997759666395889
13312,0.007370124288757757
13313,0.8984204034933726
13314,0.9724575740092352
13315,0.46396727513029146
13316,0.9986593424379195
13317,0.6904016787564295
13318,0.01197321312612575
13319,0.9996922127066976
13320,0.24865477331148908
13321,0.7561524267107849
13322,0.04626520296416797
13323,0.9929706701678362
13324,0.3520046833884763
13325,0.890277035825347
13326,0.9625681922664272
13327,0.2680114019630509
13328,0.1412852416276731
13329,0.945260685590526
13330,0.004383951093695737
13331,0.7128999283804222
13332,0.8618223518027364
13333,0.046830650158153735
13334,0.12669470446283657
13335,0.9889798433874618
13336,0.6548729575221719
13337,0.9993221393931927
13338,0.9399326001827493
13339,2.9538344937153277e-05
13340,0.5862373019415191
13341,0.4367145295691812
13342,0.00575870560826458
13343,0.9195527101841825
13344,0.6632059517987612
13345,0.005181458522998468
13346,0.16629000960372953
13347,0.12702869632922323
13348,0.9055313041347867
13349,0.9113817635521873
13350,0.41103289756750955
13351,0.24688982494389683
13352,0.16258704587104392
13353,0.5755362447172625
13354,0.011119041282632332
13355,0.05777108076632787
13356,3.99762789303523e-06
13357,0.13180357140690624
13358,0.01741912485776129
13359,0.6519499552568407
13360,0.003042318969362112
13361,0.00014743197919977032
13362,0.1489812710630756
13363,0.0688410136780068
13364,0.999843583191664
13365,0.8975275960888083
13366,0.05209414618632558
13367,0.9996958281775266
13368,0.47507373016814286
13369,0.5806181506083415
13370,0.7736845250125219
13371,0.953396157491015
13372,0.9965944273139692
13373,0.9997464245349321
13374,0.20864638478733896
13375,0.9878024218025727
13376,0.6490467817646095
13377,0.037629388810687905
13378,0.9494573041794587
13379,0.756099600156614
13380,0.09372381519879823
13381,0.9828340024086807
13382,0.9376176132971319
13383,0.008287886972388176
13384,0.6711584747816024
13385,0.04375175919043723
13386,0.8985351053533484
13387,0.00277629063519303
13388,0.9902238080432394
13389,0.9995678219937487
13390,0.23639471108309887
13391,0.9968379152470603
13392,0.007619489269496831
13393,0.007318177332903375
13394,0.5982409614413131
13395,0.002142787779415671
13396,0.8903680456394326
13397,0.9992100729440526
13398,0.9994080857413412
13399,0.9999266041527585
13400,0.6435415463570986
13401,0.998927410925082
13402,0.9972158468327529
13403,0.8109926394592011
13404,0.016663033970385255
13405,0.9927197826516501
13406,0.07285507413297418
13407,0.8986882903163868
13408,0.0032134093605763205
13409,0.9963385321107814
13410,0.969120084926941
13411,0.38186931358183884
13412,0.06433691006131412
13413,0.8268044775657907
13414,0.9964998661364607
13415,0.000610688682853419
13416,0.718715085435091
13417,0.00012809154230551033
13418,0.21486109306121903
13419,0.011499794735476222
13420,0.9625008931128942
13421,0.0316766525509055
13422,0.9943395076277785
13423,0.0007038663445799458
13424,0.0019647949370830277
13425,0.9786234758676142
13426,0.9339340818972353
13427,0.752597753163198
13428,0.9925115780197287
13429,0.00014086556191303016
13430,0.9857298365330424
13431,0.7296764847712328
13432,0.5685104703000198
13433,0.6426561693461879
13434,0.6367330984318316
13435,0.760170307328789
13436,0.14102162006492214
13437,0.082642652251971
13438,0.10270665154284205
13439,0.26346649656127935
13440,0.020081390736031705
13441,0.006309669507613097
13442,0.9932933862686995
13443,0.9432511187281096
13444,0.17253836104979914
13445,0.9577420335254718
13446,0.23131974697168486
13447,0.08506143438936206
13448,0.7501018420824691
13449,0.020561430304862925
13450,0.2068891947500575
13451,0.9952784535419347
13452,0.00871058619628228
13453,0.019592909678023095
13454,0.9864630309286044
13455,0.9907366612241595
13456,0.998573958373374
13457,0.9968662783921861
13458,0.06363968946665838
13459,0.1363382710685766
13460,0.011099524595679628
13461,0.9431347274436604
13462,0.9931196823674099
13463,0.1427532407387497
13464,0.5515983062840156
13465,0.9186137836861004
13466,0.6687492798418693
13467,0.3664891306752817
13468,0.004150865214808921
13469,0.9719037677796629
13470,0.00580314121874052
13471,0.0013324590187720415
13472,0.9840323024877914
13473,0.9984589798155642
13474,0.8432760886304618
13475,0.9959144882096868
13476,0.11391605838649503
13477,0.4394935339825943
13478,0.8617573678891245
13479,0.9995227362494162
13480,0.9055757668652443
13481,0.3793527952621597
13482,0.028239428597799803
13483,0.9808643404349984
13484,0.81901697298339
13485,0.7590597318597041
13486,0.9883564688229726
13487,0.28162726705577495
13488,0.9967514907797423
13489,0.9964140828233059
13490,0.9770848222458691
13491,0.7170789899132038
13492,0.003059583584831081
13493,0.6308336962922088
13494,0.6117166890602962
13495,0.9621641412351786
13496,0.9812141544689095
13497,1.213053689219536e-05
13498,0.9974182242624896
13499,0.06579024175957736
13500,0.04781156548759751
13501,0.138890889224775
13502,0.9989553557092803
13503,0.9605537443690758
13504,0.32800771995684025
13505,0.28466626971427794
13506,0.8939135571800088
13507,0.06120915955500873
13508,0.44057115754984333
13509,0.9478649742117443
13510,0.007632378106174803
13511,0.32949799256692563
13512,0.9240651465891095
13513,0.16812315902051214
13514,0.9391507195579271
13515,0.9605888944517015
13516,0.0674224991745341
13517,0.00269359097922266
13518,0.6116336192994615
13519,0.037745906862954794
13520,0.9992500951279529
13521,0.5466276751799483
13522,0.009292810994785928
13523,0.9942633772740045
13524,0.42757974839715385
13525,0.006580914013750228
13526,0.022747113108091646
13527,0.6992908728243149
13528,0.9792711693293702
13529,0.3626119179242989
13530,0.00011585952055036382
13531,0.5132759869594653
13532,0.016334009717340416
13533,0.3354137059436517
13534,0.9536003505670447
13535,0.9047449630422502
13536,0.39175110427861454
13537,0.8535543056517639
13538,0.9842610518247462
13539,0.8818950061380648
13540,0.97909739257889
13541,0.9792563343634144
13542,0.8903455651638889
13543,0.9615971669630237
13544,0.34759139863141403
13545,0.9912064676118665
13546,0.21542862835486565
13547,0.12954064755378816
13548,0.45470830821810454
13549,0.3261741099750271
13550,0.7814162079295952
13551,0.9994296978939622
13552,0.052542135929071754
13553,0.2694329684187755
13554,0.0018811829338987913
13555,0.9929461055199912
13556,0.014082712365814893
13557,0.9847712583662853
13558,0.9998079051787233
13559,0.7654302070537667
13560,0.9998787244053264
13561,0.5575443603294583
13562,0.5866560374490318
13563,0.122540489358346
13564,0.9013262559644716
13565,0.005740531711174126
13566,0.9995681466036386
13567,0.969038458334442
13568,0.18165072897411974
13569,0.0003514652775695479
13570,0.9988594341098632
13571,0.9943330238424846
13572,0.013902355204760007
13573,0.056391490604911595
13574,0.8990592909352202
13575,0.0032480159438934854
13576,0.14518463725755182
13577,0.9662278152965542
13578,0.0008555709703102563
13579,0.058843222751718285
13580,0.12849155159835912
13581,0.9950631354513876
13582,0.38691093880626315
13583,0.4516386622363384
13584,0.04436740652730935
13585,0.18902192896282213
13586,0.004482055583207056
13587,0.9982723363372542
13588,0.0014871307475153076
13589,0.9966730522159353
13590,0.9869972054230268
13591,0.38352684881297505
13592,5.6020786053680895e-05
13593,1.1235110068260013e-05
13594,0.8634410583147435
13595,0.42930498271211254
13596,0.624351193874404
13597,0.9987371490584751
13598,0.0006508257847984721
13599,0.9345333552657488
13600,0.6266535419303144
13601,0.9935816558353721
13602,0.3895658598041114
13603,0.9890342823088557
13604,0.8029783233007561
13605,0.21296791784049532
13606,0.27288776033554596
13607,0.1872695556587356
13608,0.7139569913859545
13609,0.21940279622286527
13610,0.9520217765817666
13611,0.9970281311421894
13612,0.9901457482801364
13613,0.26640645182747225
13614,0.5453572384608877
13615,0.0149276980053404
13616,0.9988755980975779
13617,0.6041286343444555
13618,0.2022948552189236
13619,0.9648818540405361
13620,0.9971297358760137
13621,0.9626101601104137
13622,0.000721356295501549
13623,0.06379973969431053
13624,0.03471325497169671
13625,0.08600106057932727
13626,0.9966359921357143
13627,0.8673627044237286
13628,0.004796667745755973
13629,0.7712837103866187
13630,0.035638653623266243
13631,0.41811746179937004
13632,0.8372216453743276
13633,0.8686789597174769
13634,0.9838008681766021
13635,0.0009097000904534256
13636,0.8772895227519177
13637,0.0009652823002333478
13638,3.4983558075055073e-06
13639,0.1528048636662311
13640,0.8755003813233512
13641,0.9907097093106065
13642,0.0011371622280739663
13643,0.9334018026835739
13644,0.252423573336989
13645,0.8247689832418454
13646,0.896486394059334
13647,0.03692893530570265
13648,0.3919927320295585
13649,0.0005060241386877319
13650,0.010054385977423991
13651,0.7174530340147622
13652,0.28004372666585475
13653,0.00014334710751910426
13654,0.7584851145560408
13655,0.05967041628815923
13656,0.02187568463157055
13657,0.9997189065830385
13658,0.00032749092398134776
13659,0.08850972357124338
13660,0.9779898296343246
13661,0.670314135649508
13662,0.5689458290177609
13663,0.6019284757348048
13664,0.9999070288582782
13665,0.9986351431892765
13666,0.01758928178087453
13667,0.0750617959337126
13668,0.8704545778931375
13669,0.9548666413542717
13670,0.004623522403880341
13671,0.7529058743126361
13672,0.00845966994841439
13673,0.9861406460807737
13674,0.9380901059375425
13675,0.15087036239404494
13676,0.9880284188702718
13677,0.9968729743501501
13678,0.9888981428176614
13679,0.08482651616935467
13680,0.03691439071283954
13681,0.9826114923251629
13682,0.6536709471143525
13683,0.9999298323816791
13684,0.9999275547697187
13685,0.9999854194761097
13686,0.0011973261410806817
13687,0.8905949630718147
13688,0.9522999158027011
13689,0.9930306438546843
13690,0.12675724004147373
13691,0.48909016811160655
13692,0.41346959602774436
13693,0.4556891291630317
13694,0.4960548877278212
13695,0.25895448248899927
13696,0.6672881252531003
13697,0.3435834261847622
13698,0.6749897854693581
13699,0.23433593592862664
13700,0.06137374661498047
13701,0.3931325702348731
13702,0.6861829961484965
13703,0.6668077655838388
13704,0.9976944088655928
13705,0.02582401617280136
13706,0.9998905946017788
13707,0.06723213024468642
13708,0.925967782937504
13709,0.9928716282462139
13710,0.7216622683529248
13711,0.14622179666056834
13712,0.014670134995456717
13713,0.06202408277190747
13714,0.9999494121262024
13715,0.10243061152264941
13716,0.01711129837711947
13717,8.996248560685055e-05
13718,0.9979981519197094
13719,0.1535014604358587
13720,0.37027778687198704
13721,0.9924302846315946
13722,0.9848054012374148
13723,0.05495233553336603
13724,0.8856064655012408
13725,0.10893248540869718
13726,0.9607747855097956
13727,0.9316690683587165
13728,0.6175854891652631
13729,0.07678321631796625
13730,0.059294923537794246
13731,0.9615405746662959
13732,0.014569215569605061
13733,0.9758017852264617
13734,0.8418324759233409
13735,0.988204465689978
13736,0.6565569975996325
13737,0.877112363114751
13738,0.14545861482718417
13739,0.0073637371450673
13740,0.3936559779527448
13741,0.0039980460942546005
13742,0.9141607649907821
13743,0.9836098201291511
13744,0.049460339257722405
13745,0.0010982517354968515
13746,0.0004052314368684498
13747,0.02711243759366607
13748,0.753316737962826
13749,0.44920915086277774
13750,0.9170167920097525
13751,0.79964405292261
13752,0.45347712955862357
13753,0.23649010307626825
13754,0.9980730716786645
13755,0.7907642528626838
13756,0.9932537106008918
13757,0.7345723124300606
13758,0.0014353884253158755
13759,0.0003935647322275905
13760,0.0017668669828457464
13761,0.41163277887355487
13762,3.0075659886332483e-05
13763,0.5587807619571119
13764,0.9894766390439663
13765,0.9017212403476845
13766,0.015059979931462047
13767,0.001010775689866806
13768,0.9459901912816099
13769,0.287038207284445
13770,0.7645521918217423
13771,0.004048671777664879
13772,0.996765651044523
13773,0.9320350257342677
13774,0.9369746431025137
13775,0.3088053553251381
13776,0.20857538143329518
13777,0.19615572168269382
13778,0.9984060204272015
13779,0.09142344458662742
13780,0.014650369150782015
13781,0.9933990869045665
13782,0.8364942283850404
13783,0.8578588724726554
13784,0.9304663442884334
13785,0.4277299126115818
13786,0.9904017568285709
13787,0.9845310612702454
13788,0.9551705288682169
13789,0.18194575160770876
13790,0.7115934224991822
13791,0.7132962872932092
13792,0.049757137583562705
13793,0.2998262899437008
13794,0.9351236390566395
13795,0.8967393456981625
13796,0.001809594736363985
13797,0.0066145764109650455
13798,0.898159892878717
13799,0.08413510001276611
13800,0.006431612144340904
13801,0.0030598454609385736
13802,0.7935178827636008
13803,0.22725930820563844
13804,0.3767571456715309
13805,0.7953075609751736
13806,0.40462965063904405
13807,0.08943005279488692
13808,0.9198909401899074
13809,0.35475796506791113
13810,0.10893173045539978
13811,0.4234716931323539
13812,0.23235395137100076
13813,0.34886569611881296
13814,0.49295806472482245
13815,0.692260014174006
13816,0.9690553612896344
13817,0.4972498475660577
13818,0.9985010966345547
13819,0.3883789328445446
13820,0.26342046372666156
13821,0.040417172838683915
13822,0.4328542376480324
13823,0.0025603754725097767
13824,0.2689133631068634
13825,0.9993761107121155
13826,0.17808189049959472
13827,0.9993960846973071
13828,0.7139974757702828
13829,0.13040811093969584
13830,0.22431078507623176
13831,0.0014342007510206925
13832,0.987447200750943
13833,0.7810050274288672
13834,0.9971514855808332
13835,0.9262401008429718
13836,0.9987015297983838
13837,0.9977425715659348
13838,0.9567515192202464
13839,0.9983625845483451
13840,0.9100161051462573
13841,0.8048269790583318
13842,0.9990581102036161
13843,0.15917426177580193
13844,0.00855486463217386
13845,0.0025192384098137633
13846,0.9811977167644285
13847,0.1637284464190573
13848,0.22225198841415808
13849,0.8901452886987349
13850,0.7789969957439621
13851,0.6300482588445961
13852,0.5643079990496888
13853,0.9979557097112
13854,0.0016237517229451138
13855,0.9999465901053234
13856,0.9967598329384029
13857,0.0018538173171755345
13858,0.5070313518720634
13859,0.41074231584127807
13860,0.0553150768667771
13861,0.7965059956155939
13862,0.08602652495440571
13863,0.021064508109641056
13864,0.021496916067801384
13865,0.02219140947807624
13866,0.0020683640643986314
13867,0.8561963551979471
13868,0.9838854360470995
13869,0.9407937354034404
13870,0.29916537513394326
13871,0.8933909446798295
13872,0.013286006454532649
13873,0.012959678330640894
13874,0.5344929500892205
13875,0.21204063719998814
13876,0.8616359762118045
13877,0.003779017973296362
13878,0.8805149385453916
13879,0.9994022302574671
13880,0.037497155826984166
13881,0.08646708183370752
13882,0.9934105216978543
13883,0.926528289667824
13884,0.9768873159816739
13885,0.0008143987245520439
13886,0.0005585243579184984
13887,0.27950992108605355
13888,0.02211381928244764
13889,0.04759756930082089
13890,0.8292827493280094
13891,0.007995492791251857
13892,0.98590411161105
13893,0.5748916077561055
13894,0.999981394020842
13895,0.36718222415186025
13896,0.6606608618639835
13897,0.9984818258837844
13898,0.9951610613692554
13899,0.0021131976253988137
13900,0.24250281000843257
13901,0.42681116943578085
13902,0.0005314861157328707
13903,0.9439578992447826
13904,0.8804089657494892
13905,0.9999943836668806
13906,0.22991708274599973
13907,0.2298897127177666
13908,0.0016549986232836794
13909,0.9106067246103704
13910,0.10248250897438543
13911,0.9329435203677539
13912,0.7948025142906137
13913,0.966330590142543
13914,0.0018175612196844888
13915,0.8697622571782809
13916,0.9393824735723111
13917,0.4897431904461489
13918,0.9810040429269661
13919,0.931973885463624
13920,0.9787939806442515
13921,0.9614415626135505
13922,0.03170081926461813
13923,0.6334455726427971
13924,0.9601312705230467
13925,0.014594596973518767
13926,0.5151881360998969
13927,0.7844853068183755
13928,0.008005534534904026
13929,0.6487677585520117
13930,0.9575295213222436
13931,0.002695994937496879
13932,0.9850333160468522
13933,0.6928686151378707
13934,0.9981107445813524
13935,0.8000647763160618
13936,0.9985274039531319
13937,0.2972013187158066
13938,0.03757563498895593
13939,0.2906252401825266
13940,0.985360554102249
13941,0.8161788585416146
13942,0.31087521867107987
13943,0.9982165586980586
13944,0.9890669190602313
13945,0.9271933521762675
13946,0.000664742939870115
13947,0.6566999037550865
13948,0.9999306528559501
13949,0.8051965050683619
13950,0.9470138265235595
13951,0.015430704759445147
13952,0.22503317982311288
13953,0.9957074866805543
13954,0.9747121129641823
13955,0.050503072848670234
13956,0.7455491263895211
13957,0.9981787144663998
13958,0.090446103996499
13959,0.000198445748247672
13960,0.44706682489134913
13961,0.6497125118329039
13962,0.9595831514410783
13963,0.008119066855469597
13964,0.9999966947557278
13965,0.9968334958272357
13966,0.8436985698780187
13967,0.9733115777366825
13968,0.9751039329798463
13969,0.10300469228747551
13970,0.3619672226098902
13971,0.05122080545616061
13972,0.013380022027729456
13973,0.9908357904646629
13974,0.998618029782304
13975,0.9459696491290076
13976,0.9975508712899094
13977,0.08586035577959882
13978,0.8059863241337003
13979,0.00018905817807627639
13980,0.10224683569168358
13981,0.9082844864240425
13982,0.999943437567149
13983,0.010249204326111061
13984,0.10966455407557689
13985,0.01821367495584668
13986,0.0025783765759301858
13987,0.881723436884141
13988,0.9504743274355711
13989,0.12849634749320119
13990,0.19626318831552847
13991,0.05654094981600821
13992,0.4263082690170145
13993,0.524783736134571
13994,0.16562772568955667
13995,0.96311594777131
13996,0.96051519040491
13997,0.4106722273010692
13998,0.7330308519587809
13999,0.982131385865575
14000,0.46389739437061045
14001,0.8845295774388048
14002,0.0035389256409301137
14003,0.041882153387405884
14004,0.9753512604792115
14005,0.08812628822786381
14006,0.8251707868012528
14007,0.42542903580030983
14008,0.7012314634427179
14009,0.6618483770288774
14010,0.0026449480162367236
14011,0.9915227634369336
14012,0.762697934053058
14013,7.80229174781738e-06
14014,0.6970558902996631
14015,0.04260064530044992
14016,0.8656425180505603
14017,0.7495983377152737
14018,0.997406998329413
14019,0.6424471292902554
14020,0.9490416086780857
14021,0.9473883751270376
14022,0.18378727287574115
14023,0.21866030109939777
14024,0.08227886311316751
14025,0.9634207338450589
14026,0.005776640747109678
14027,0.004255157463338083
14028,0.21888267900946295
14029,0.009715587529289695
14030,0.11303872768846002
14031,0.7210891737202105
14032,0.9465929368243358
14033,0.00013524841569045147
14034,0.008886857326123493
14035,0.08406667890721653
14036,0.8878300437684927
14037,0.1354291882761268
14038,0.2751348731168384
14039,0.898984460723419
14040,0.031276629260302946
14041,0.023886857920064224
14042,0.23208244454362337
14043,0.9995604917762275
14044,0.9877944726139272
14045,0.04604688855902
14046,0.010991319152961624
14047,0.4563040765511295
14048,0.9997400653165084
14049,0.06583213512087481
14050,0.998327446695222
14051,0.999705801037579
14052,0.9999836362157151
14053,0.040239727164953276
14054,0.9885639306357284
14055,0.8835403873583069
14056,0.5547120107003363
14057,0.06561521106673998
14058,0.2425078377937818
14059,0.9859464407336392
14060,0.19199324736426943
14061,0.04255616301016951
14062,0.3368806608931484
14063,0.012729214963774013
14064,0.99997788205905
14065,0.17039777646577967
14066,0.042038351537259946
14067,0.9965204418312763
14068,0.07662611218926059
14069,0.0046731421474975965
14070,0.8992611341831843
14071,0.25597320332835194
14072,0.00011291417858052291
14073,0.3016831515883341
14074,0.8688521409114626
14075,0.007282591384597496
14076,0.9960552004897614
14077,0.9987418137188755
14078,0.0034962312871897874
14079,0.05126254758872977
14080,0.9996611899296761
14081,0.7932321615528874
14082,0.9995463035190169
14083,0.012603022688795162
14084,0.03779850320790206
14085,0.9970694719931131
14086,0.017922001951486098
14087,0.008573600698580092
14088,0.06583703232941447
14089,0.9939623249800673
14090,0.9552333225413997
14091,0.0011079040676447848
14092,0.8859332689809066
14093,0.0018840518114967087
14094,0.9427160065479607
14095,0.003795332647794374
14096,0.7323877347116906
14097,0.2817765195758709
14098,0.9320868745700625
14099,0.9328458912364336
14100,0.030276722115789134
14101,0.13158213143291914
14102,0.005178667278597864
14103,0.9992557205074968
14104,0.2510406547781955
14105,0.9609199881421272
14106,6.01129570590196e-05
14107,0.9633730892032921
14108,0.6906894037380891
14109,0.9979267707640197
14110,0.5564228425401246
14111,0.5846009029274271
14112,0.46724732862028723
14113,0.15173393874086202
14114,0.3477480792935246
14115,0.7789155516019468
14116,0.24455633315089337
14117,0.9182197743348398
14118,0.9949407119038751
14119,0.6496533517111331
14120,0.8764786277858149
14121,0.39623426625879477
14122,4.568433450280698e-05
14123,0.9996137249495549
14124,0.9560823013601258
14125,0.052739020151655346
14126,0.9955639924885958
14127,0.9761180507046401
14128,0.9461058885053056
14129,0.010439868942872426
14130,0.01760752653047672
14131,0.024452931827067644
14132,0.00023110788969989233
14133,0.00253809706837426
14134,0.810061249856406
14135,0.9315531476770074
14136,0.8418254073733602
14137,0.0003152511175048523
14138,0.9546900789343447
14139,0.9129093853558362
14140,0.29791460267587344
14141,0.005887410778608741
14142,0.9961209529568118
14143,0.9074701006704219
14144,0.9711161476974671
14145,0.9029416128127076
14146,0.29319841953493353
14147,0.03390083585498576
14148,0.030681766874595458
14149,0.9998166725919386
14150,0.8757315281477627
14151,0.8997203841867946
14152,0.512900025903442
14153,0.015077947800375626
14154,0.2508748504324603
14155,0.32009729084237165
14156,0.10075221043624637
14157,0.9763044627039026
14158,0.10075645642708915
14159,0.7621270183778847
14160,0.9916563880384881
14161,0.01970192340742502
14162,0.005355303539427456
14163,0.7379603588165504
14164,0.003185288469730679
14165,0.825061642179788
14166,0.334671695875644
14167,0.20310257362591677
14168,0.03682148682143984
14169,0.998729602367368
14170,0.3813108464666146
14171,0.9038129404029854
14172,0.8548802258358252
14173,0.9828157144882816
14174,0.9994968125376771
14175,0.2358373453621123
14176,0.9074255240557049
14177,0.07438285297314885
14178,0.40626776522332814
14179,0.18711824997123389
14180,0.8701257422370862
14181,0.3193789676371696
14182,0.4870550732395813
14183,0.8465443494330659
14184,0.49189520744732196
14185,0.7440829452152825
14186,0.48275606926291925
14187,0.12151407946100531
14188,0.02716903119017167
14189,0.7623355259782577
14190,0.9997361120643153
14191,0.3461639800941108
14192,0.9067887245678856
14193,0.19710686667543806
14194,0.9281712558680981
14195,0.007826245231695336
14196,0.9848273905297242
14197,0.9987759695906607
14198,0.3198498228653797
14199,0.9939184160203434
14200,0.608577256199555
14201,0.9695343496366081
14202,0.6829700570104481
14203,0.39257385354681246
14204,0.23593076812616928
14205,0.9950860468669647
14206,0.98623663731176
14207,0.9662069233992153
14208,0.3217469580581944
14209,0.3435857176998122
14210,0.9999972388776271
14211,0.080054359317213
14212,0.9999954937457567
14213,0.7203391223109769
14214,0.7351710405411389
14215,0.20857293392073362
14216,0.9955010411894738
14217,0.058606829854757785
14218,0.90781851474046
14219,0.01365884056752772
14220,0.537358861495253
14221,0.11089389095703438
14222,0.7825997743658963
14223,0.8458999768976267
14224,0.9937869944913641
14225,0.01228121102184912
14226,0.016217051181314175
14227,0.008834650232940874
14228,0.6316168009804994
14229,0.90393582753617
14230,0.9668328943851896
14231,0.2829190671729623
14232,0.9998466118676671
14233,0.1339604228972928
14234,0.0071699005245448024
14235,0.00971961354187373
14236,0.04739431278303808
14237,0.8988712084547622
14238,0.5159837099334832
14239,0.008376209867513463
14240,0.03331785718132621
14241,0.9948138670076961
14242,0.9948120709175259
14243,0.04482896325604215
14244,0.005192708050494628
14245,0.030822171751704992
14246,0.7776451488743716
14247,0.6976907510025699
14248,0.027591318509966704
14249,0.9141121795115558
14250,0.7632636890025122
14251,0.07497989613770698
14252,0.22221232830003382
14253,0.9885753256712672
14254,0.0004839943140799295
14255,0.8819342670227572
14256,0.9542465277949653
14257,0.9964586532806986
14258,0.9866727420303288
14259,0.9766005677659874
14260,0.06358854436281004
14261,0.6809710805817094
14262,0.7040334459451025
14263,0.8951675423429966
14264,0.2933666683797292
14265,0.0974932036063531
14266,0.005263724564226209
14267,0.00021409784316715896
14268,0.0755212703500591
14269,0.02024886250721954
14270,0.9945678590762761
14271,0.9976645328943523
14272,0.1786804193775235
14273,0.9713984153750586
14274,0.021943795502232646
14275,0.6803918771967962
14276,0.9468479058001135
14277,0.902579351404055
14278,0.07245984465234492
14279,0.8486766871445934
14280,0.997898605054105
14281,0.9742495913412766
14282,0.8227090095032692
14283,0.0031043766741164266
14284,0.002674872856442027
14285,0.43779392780432785
14286,0.015054215175990477
14287,0.2892588576089565
14288,0.04515885610386156
14289,0.994409996750141
14290,0.07130181182060391
14291,0.8855446138084594
14292,0.8958339116442235
14293,0.030176028052036324
14294,0.10588799397166775
14295,0.9883271585722743
14296,0.17732899277375924
14297,0.9999920994215219
14298,0.7750396026267741
14299,0.5719457728465599
14300,0.9959735468351169
14301,0.9994405318770808
14302,0.34374645679080534
14303,0.7222499891284545
14304,0.9788273942825418
14305,0.5612830756002845
14306,0.003740624546358282
14307,0.00289321674250447
14308,0.0035813150318132316
14309,0.3506344596125099
14310,0.9904958129867424
14311,0.988561106507313
14312,0.15057221924003225
14313,0.9992915055415509
14314,0.9629428141004411
14315,0.011214217665456973
14316,0.9984067321067591
14317,0.31431923490822555
14318,0.03347781205006631
14319,0.05905760784318338
14320,0.9960508890704792
14321,0.1483907477780415
14322,0.9997085543857815
14323,0.9966400040854314
14324,0.5208128066382095
14325,0.008429866538612468
14326,0.184109483056241
14327,0.6225207789625943
14328,0.9941725299101628
14329,0.9939841466112328
14330,0.00801877335844767
14331,0.0011545522264546676
14332,0.8052837918945653
14333,0.878018522291505
14334,0.9862007587655504
14335,0.9781484149621386
14336,0.03971962814728237
14337,0.8677385076736595
14338,0.0007050004203747797
14339,0.264039898006232
14340,0.7466520285728645
14341,0.9966659037476105
14342,0.2840017086675769
14343,0.09131490656793553
14344,0.021268886455037616
14345,0.9920451946917713
14346,0.9361895247007421
14347,1.2980218585389527e-05
14348,0.5902268232821696
14349,0.1577832324910753
14350,0.9996878494409419
14351,0.9779330527540085
14352,0.0012878008341970885
14353,0.991351233710144
14354,0.9464275547957908
14355,0.08862464821832881
14356,0.00040632433874074727
14357,0.589975904588453
14358,0.8180541037182422
14359,0.41563334714186284
14360,0.9988991975771825
14361,0.2771864784261306
14362,0.7218335977700775
14363,0.38830068874927626
14364,0.13810662545871535
14365,0.6967266214653722
14366,0.4492035579903062
14367,0.7469515029634657
14368,0.9993013336891934
14369,0.6666376222916507
14370,0.656307024593815
14371,0.494095912670725
14372,0.998779444779516
14373,0.9958677542942191
14374,0.0009049014761789299
14375,0.42885429285284593
14376,0.8467037851024743
14377,0.0026861344398879153
14378,0.9278221304186267
14379,0.9876630167744559
14380,0.0010853111224142576
14381,0.130131131336076
14382,0.001989767594623272
14383,0.1003515922981845
14384,0.9866070997456068
14385,0.9527255612259016
14386,0.9340691380645679
14387,0.9143194506787542
14388,0.6201160926971221
14389,0.9989904253586058
14390,0.12788276947503865
14391,0.00017286166584605094
14392,0.9467319810348536
14393,0.0010656698782997632
14394,0.9148790000445969
14395,0.8728427787602988
14396,0.06826992404694851
14397,0.9738110667193781
14398,0.9996308379157745
14399,0.003572976863762157
14400,0.44014103694769824
14401,0.868874103006171
14402,0.0022521284890385574
14403,0.9999235839481162
14404,0.025478256104411134
14405,0.006594854361705484
14406,0.7658617154338798
14407,0.8509002031283566
14408,0.0020857073192426094
14409,0.7427199796229382
14410,0.9994052846740992
14411,0.7676124556440955
14412,0.977726138956946
14413,0.018038376496542465
14414,0.3562655971716081
14415,0.0007915248125871046
14416,0.27707217587353794
14417,0.07831853868927091
14418,0.004926272580846979
14419,0.3351830368228156
14420,0.9940647203307014
14421,0.19691139807015554
14422,0.7495661077191466
14423,0.04759986783693853
14424,0.14184602643425875
14425,0.8494885421051326
14426,0.3692835085649034
14427,0.0006237485423076056
14428,0.9994733457574441
14429,0.04901426575067774
14430,0.26489032413646063
14431,0.0020214305341187595
14432,0.9989749661168361
14433,0.0014948420142556448
14434,0.07125329308019138
14435,0.7097754061159383
14436,0.027507924357733457
14437,0.6566789595101271
14438,0.9954786089547139
14439,0.10979470967572155
14440,0.32645430799942265
14441,0.4776293606836971
14442,0.8329213280135219
14443,0.9286467302554393
14444,0.04574644526686994
14445,0.006272414230506132
14446,0.9988739944613146
14447,0.0033116265467227346
14448,0.10688761715711732
14449,0.8452204080141916
14450,0.99884143587902
14451,0.9213057116577685
14452,0.25356045411511174
14453,0.7032432042165226
14454,0.9879492421398742
14455,0.9976815609204441
14456,0.9979629455277645
14457,0.021805714770573033
14458,0.9471424571831752
14459,0.0058842548486419686
14460,0.0088557061700942
14461,0.988033994051978
14462,3.118081020982574e-05
14463,0.851295977577189
14464,0.002858163239905328
14465,0.9913953913224175
14466,0.999951831532876
14467,0.9931339242962189
14468,0.3293767803944114
14469,0.9626412186042114
14470,0.027178194006144272
14471,0.2278768682471258
14472,0.26839730315260385
14473,0.9368965187289303
14474,0.9990811006805634
14475,0.9990626604534355
14476,0.8604880604693443
14477,0.994095381423729
14478,0.06663720615769017
14479,0.004856888670552772
14480,0.3562022286867466
14481,0.9999764693161101
14482,0.0012467935083000823
14483,0.9999043530280819
14484,0.9822357519483933
14485,0.11454352935908216
14486,0.06388912572255535
14487,0.9861768384449756
14488,0.9876321068508339
14489,0.8951506206550058
14490,0.10276177006616972
14491,0.48876289338702494
14492,0.6617791990681094
14493,0.6774870296437192
14494,0.9992278065500787
14495,0.23162620590983712
14496,0.952910731973359
14497,0.07196201228282272
14498,0.8932730556247706
14499,0.18078512289230042
14500,0.9907741935149407
14501,0.971193115097137
14502,0.9939546424102619
14503,0.99748792575328
14504,0.9603597801274614
14505,0.905561482972956
14506,0.1484381988811417
14507,0.0029095721193865436
14508,0.0001421864533545854
14509,0.16241496357647553
14510,0.9962372259225981
14511,0.10677887714621397
14512,0.10221538492662274
14513,0.0008151568185617547
14514,0.9809540725980433
14515,0.999151926364304
14516,0.9993483186013637
14517,0.9395794295523939
14518,0.0026788655098282325
14519,0.04505470222373652
14520,0.9980133915791582
14521,0.9470581052394568
14522,0.75692215037807
14523,0.9989083073317346
14524,0.00041107716924875085
14525,0.8685892667133176
14526,0.9992214094546091
14527,0.028217695767092224
14528,0.001293934134121096
14529,0.795737608793994
14530,0.1721915094303927
14531,0.9899000852796849
14532,1.3201131061019013e-05
14533,0.0003431560716655488
14534,0.9989122412155834
14535,0.9856692020157094
14536,0.012402959054286638
14537,0.9912920201457309
14538,0.11910395153411396
14539,0.014904049120070997
14540,3.2923256423567117e-06
14541,0.002378918599844837
14542,0.21863656491792385
14543,0.7675350244781506
14544,0.5926757145387966
14545,0.9741328230589845
14546,0.20714367384185225
14547,0.9999360899917004
14548,0.960176840874431
14549,7.130444776292881e-06
14550,1.2837375535613485e-05
14551,0.9478588407315927
14552,0.31977613635496577
14553,0.99876640435201
14554,0.00030406901416036973
14555,0.8649803436471808
14556,0.011459404750183987
14557,0.9931388511529535
14558,0.00496525793737546
14559,0.9999803694102395
14560,0.8349528374492835
14561,0.0007070920442206235
14562,0.44545066513338244
14563,0.9300675515688462
14564,0.9791435083523141
14565,0.2103542377827791
14566,0.9930249748621144
14567,8.6465921922218e-07
14568,0.3452167923905568
14569,0.8375536875710422
14570,0.7458106816410787
14571,0.2296101369350328
14572,0.02166366839781843
14573,0.02582342670057421
14574,0.10888468933932907
14575,0.12488363919986505
14576,0.9746482377011882
14577,0.6754040372881951
14578,0.00728815171936429
14579,0.9203594479047691
14580,0.9240868317612659
14581,0.5807415031183768
14582,0.8691482976145434
14583,0.01794853561141441
14584,0.4087984288916551
14585,0.024156701618036115
14586,0.030254775235607288
14587,0.10923986499621656
14588,0.00971235893139033
14589,0.49145744386520396
14590,0.00013748457905308405
14591,0.002230166335012133
14592,0.009511138785215626
14593,0.15031343678559445
14594,0.01767270858800731
14595,0.9476014774211826
14596,0.9806235671155916
14597,0.9992115741513247
14598,0.061203732096690916
14599,0.9797681758685958
14600,0.768280123221329
14601,0.9995717491714837
14602,0.9154308826535127
14603,0.0007094111520086214
14604,0.0005714612198992109
14605,0.9986935168967429
14606,0.8984449082189849
14607,0.9503694331867361
14608,0.9374910773508764
14609,0.9936404021073416
14610,0.00014531649426623473
14611,0.9999967180522911
14612,0.030106639700939027
14613,0.280666399998083
14614,0.9963431763120609
14615,0.828438838448222
14616,0.7507083997943214
14617,0.5324747572570521
14618,0.007918899172291273
14619,0.15484390623431113
14620,0.9986651892121386
14621,0.7753695838249391
14622,0.9752212776374534
14623,0.9845143979351098
14624,0.25614241062343945
14625,0.00201360402286876
14626,0.3537234240383894
14627,0.2600099061749118
14628,0.7523204999772758
14629,0.9999779379387164
14630,0.9371184877772548
14631,0.7949155347193316
14632,0.0005037797044965196
14633,0.001269700410406236
14634,0.5515010068358234
14635,0.9817198333154908
14636,0.6898343051321014
14637,0.9753567388515233
14638,0.9211829948712346
14639,0.9487547894127949
14640,0.09216794729806237
14641,0.9995140456861021
14642,0.11054482120343416
14643,0.7874208757273544
14644,0.9999570904081237
14645,0.746515142594679
14646,0.5948841247651522
14647,0.9993825456565576
14648,0.9956400418255802
14649,0.6736067349784839
14650,0.0010636244846593198
14651,0.004292652743543362
14652,0.007170428274422332
14653,0.03345609907643282
14654,0.24095935718869746
14655,0.04207561678468973
14656,0.9961655706605831
14657,0.955996451226509
14658,0.03413326428744103
14659,0.025231092656479357
14660,0.9999990727014173
14661,0.981686563732369
14662,0.9850166789885467
14663,0.09583124871916616
14664,0.1385070879018969
14665,0.0014874564175400755
14666,0.8998904005941105
14667,0.7022606750542049
14668,0.3751073959812996
14669,0.7168623194102584
14670,0.9960759705134438
14671,0.013899980200730574
14672,0.75567961710477
14673,0.9997739193615196
14674,0.1477476950670521
14675,0.9104154218722873
14676,0.0002831157156576697
14677,0.9724339006503288
14678,0.6334249160644606
14679,0.24532417205916363
14680,0.40456063847201734
14681,0.9924173085014627
14682,3.252935692923419e-05
14683,0.9998018446877271
14684,0.6902364794959892
14685,0.22182431208102352
14686,0.017287184639536157
14687,0.8566803263411984
14688,0.3632219024430905
14689,0.9947232906949934
14690,0.08969285029296889
14691,0.009427931297758619
14692,0.693431737037822
14693,0.0042021242715112915
14694,0.23127367780039318
14695,0.7674719337156943
14696,0.09104802902207948
14697,0.9979335454712809
14698,0.4487843131626321
14699,0.001371514451764541
14700,0.9586705924041817
14701,0.8103686190811524
14702,0.00014825430315116715
14703,0.991162080311786
14704,0.319280572303544
14705,0.0014046313827675624
14706,0.006944414988110342
14707,0.3670287957080734
14708,0.9998557001350882
14709,0.06695579938914585
14710,0.011516407688881744
14711,0.9448479189907913
14712,0.9978741977910641
14713,1.62820255493143e-05
14714,0.0015855731517921902
14715,0.9936264331505198
14716,0.9224813653575608
14717,0.025543784228749825
14718,0.0006793621968293588
14719,0.12368986808937366
14720,0.9567456110190053
14721,0.17553961624461348
14722,5.005414819584816e-05
14723,0.9988295981974532
14724,0.9939221188615324
14725,0.9790679150684453
14726,0.20972068504632937
14727,0.022870755304118095
14728,0.9787305083895528
14729,0.9468906677005171
14730,0.987167343407876
14731,0.7913155661881359
14732,0.9663373195193325
14733,0.8061593430800332
14734,0.3683313952272659
14735,0.7440368604220018
14736,0.4481122716074637
14737,0.2257418018664535
14738,0.06701326426096765
14739,0.14988179223258843
14740,0.9868578849208424
14741,0.9385544829237819
14742,0.7668530331333783
14743,0.01097703106818228
14744,0.9999608500819954
14745,0.1371597187927514
14746,0.9420278296321499
14747,0.3510276795331756
14748,0.999817912371889
14749,0.9954935785888122
14750,0.6956845936878995
14751,0.9591729523045286
14752,0.8723532880814086
14753,0.9879961915356248
14754,0.9981280651969081
14755,0.8792027196042198
14756,0.07929947604006356
14757,0.9270178531552661
14758,0.9858220007428827
14759,0.5236660831843036
14760,0.0011702254129760882
14761,0.04324369157717911
14762,0.00036473392653905143
14763,0.9995253589195541
14764,0.9988130624926412
14765,0.017413207458787043
14766,0.07624327530379567
14767,0.4421130691890349
14768,0.9148170403588861
14769,0.27562658736096446
14770,0.0009747038172764342
14771,0.19668671744397512
14772,0.8701708109923517
14773,0.8389776404041597
14774,0.09666847500812281
14775,0.9727837618096732
14776,0.10047561523838446
14777,0.26408509334173114
14778,0.23490683240770185
14779,0.06014032065432427
14780,0.999795008043991
14781,0.9970651467983647
14782,0.4637378345325631
14783,0.7025904008315218
14784,0.9913279798190258
14785,0.9985152952105215
14786,0.9974313222703833
14787,0.2731543859365651
14788,0.07999832974708417
14789,0.7727410674460398
14790,0.8792900709840273
14791,0.10771768329521772
14792,0.014445047984465999
14793,0.9047150243252459
14794,0.43160896428371204
14795,0.6491788648171852
14796,0.6137464683601778
14797,0.9339984430970065
14798,0.9019945442297304
14799,0.003632500630652884
14800,0.0020511838322005895
14801,0.9993357203492307
14802,0.9071309605452023
14803,0.236530281340054
14804,0.453941046641912
14805,0.9934722618061099
14806,0.9998800681240759
14807,0.9925075273504991
14808,0.9954541228760506
14809,0.0021939693390639215
14810,0.5705230467740787
14811,0.0007558938855136061
14812,0.9998693844781384
14813,0.1318705742304416
14814,0.00034112446954440563
14815,0.9851054448904519
14816,0.0006932588396357141
14817,0.9987710032124599
14818,0.4734794089866644
14819,0.9413133106036103
14820,0.0001137726739019798
14821,0.0001860576551238065
14822,0.06850663837396025
14823,0.8873591358469495
14824,0.11415311411266998
14825,0.06947750614434539
14826,0.9994963447758981
14827,2.2902474655757904e-05
14828,0.0252713996733521
14829,0.9193603340364921
14830,0.026337060451999364
14831,0.5209629902618947
14832,0.99852458241878
14833,0.9829917074124391
14834,0.12238069715540498
14835,0.013841632607957335
14836,0.6459029730501562
14837,0.04034706023876272
14838,0.0022016738356828037
14839,0.6595926220785681
14840,0.9955613303613015
14841,9.144141007848401e-05
14842,0.0003390816231799899
14843,0.5839940364440455
14844,0.2475730165094084
14845,0.8968583270899736
14846,0.2759265254852719
14847,0.34335090698572945
14848,0.0001820064714609117
14849,0.9876017794033145
14850,0.0018240372988128407
14851,0.11882849321809172
14852,0.30321362993290435
14853,0.7380952726613855
14854,0.03145070647308594
14855,0.06552764233836708
14856,0.8037252091039888
14857,0.0006959157430495679
14858,0.005714439802368335
14859,0.9186603361716462
14860,0.9473125348200837
14861,0.1792885611428084
14862,0.31559746183702636
14863,0.03307960623422177
14864,0.04267890114072361
14865,0.9976071060749759
14866,0.46488443971557525
14867,0.14350058474059627
14868,0.821155578066785
14869,0.3693602345090976
14870,0.528370110178386
14871,0.008696430626315942
14872,0.03563763447046485
14873,0.05761144707710027
14874,0.9996392851330866
14875,0.4899226454626419
14876,0.013123883191791873
14877,0.8857784192229272
14878,0.11852373926194101
14879,0.05383964415699976
14880,0.9918835776321826
14881,1.1367504031308347e-05
14882,0.19147057030234002
14883,0.5977709225706507
14884,0.4364503331343234
14885,0.17224770748689608
14886,0.10148978340582811
14887,0.9999940802345807
14888,0.9658106643466818
14889,0.9044457345790226
14890,0.30158975821542705
14891,0.0009969801033035916
14892,0.0011568228298026763
14893,0.999843338373977
14894,0.9999961971182632
14895,0.7540512571988561
14896,0.9461445169870301
14897,0.5059303836125559
14898,0.8893018041116116
14899,0.49715637910832616
14900,0.0038993183815177026
14901,0.9732267960175052
14902,0.3216362558087984
14903,0.016924464230063163
14904,0.9937313489474997
14905,0.2788167607351946
14906,0.7991089067113198
14907,0.06518887136263227
14908,0.031205760076455598
14909,0.0010737134238298193
14910,0.7228352215993411
14911,0.011789974439379899
14912,0.9613661120592208
14913,5.0241036999755125e-06
14914,0.9878303974692745
14915,0.9976571756986539
14916,0.8906164088902077
14917,0.12480193992905872
14918,0.5467503175067695
14919,0.998408950573219
14920,0.9413710201249698
14921,4.001726983886351e-05
14922,0.12917494724473622
14923,0.22728001144484436
14924,0.8730200075031277
14925,0.0035620725189308734
14926,0.030496185616999436
14927,0.901347426304754
14928,0.7394509921930391
14929,0.03512411777210811
14930,0.003998186057430133
14931,0.7937040303681209
14932,0.9953173314472316
14933,0.048837712146558486
14934,0.9297281648487979
14935,0.9998443533877026
14936,0.8262469150893013
14937,0.005430769590934274
14938,0.9920737188003875
14939,0.030242159410053395
14940,0.9990173622926204
14941,0.879935766420612
14942,0.992235880285709
14943,0.0066286647359430515
14944,0.8929022811253895
14945,0.08368372396731155
14946,0.7377597097486425
14947,0.9804852748420697
14948,0.059436665849617695
14949,0.8033761437374267
14950,0.15986411062942926
14951,0.1365012188929072
14952,0.40479813885637306
14953,0.0015118167381058495
14954,0.9784607291412468
14955,0.30989132967103344
14956,6.856042637574179e-06
14957,0.8647474469711964
14958,0.9991753897558383
14959,0.9273166046667755
14960,0.0015917485270359744
14961,0.9999407805417071
14962,0.838074550333588
14963,0.9998551179825463
14964,0.061511890543957906
14965,0.00810253916576021
14966,0.9965233663803336
14967,0.7930653020467615
14968,0.6216487634451575
14969,0.941502362217005
14970,0.2234689279295986
14971,0.503692568376679
14972,0.856590121483129
14973,0.9829125748320611
14974,0.9175312039738507
14975,0.3383872787649912
14976,0.028966897042379453
14977,0.21169238384265165
14978,0.19567236247019343
14979,0.9697082805990044
14980,0.9605582698583714
14981,0.07302587270606735
14982,0.9847087998740062
14983,0.9992242074426442
14984,0.9997264170237772
14985,0.6184117486491502
14986,0.0020701434933140207
14987,0.0572382237391249
14988,0.008947928098112528
14989,0.9994176061746888
14990,0.00022152968626094454
14991,0.9848896050270302
14992,0.597244189891376
14993,0.12601581725222816
14994,0.9911007712849718
14995,0.9993217860857154
14996,0.9837243008461637
14997,0.5995849493134447
14998,0.902484183730762
14999,0.9990823560169839
15000,0.9061525122592384
15001,0.1534642394183609
15002,0.2142893897405617
15003,0.9465230895160125
15004,0.972243930352843
15005,0.39885463028541546
15006,0.0018371373492681248
15007,0.6461937227780676
15008,0.45330283496149115
15009,0.039623844841537616
15010,0.5619435735744537
15011,0.64928783375941
15012,0.0029691658166971155
15013,0.9986075359917984
15014,0.8579172983696413
15015,0.5679357640473158
15016,0.9999778674486485
15017,0.06309581078059988
15018,0.013763094779009891
15019,0.9229716262017404
15020,0.8847797526640606
15021,0.0016754880663732014
15022,0.8263543456481458
15023,0.7960262125297434
15024,0.24711848187592794
15025,0.0023855075912351635
15026,0.9825655154834726
15027,0.999702147924225
15028,0.9977989669494256
15029,0.9944749832761062
15030,0.46430973579388896
15031,0.0006361405228678649
15032,0.3898227872289314
15033,0.005673479394501916
15034,0.9141227778260179
15035,0.10241080460789531
15036,0.17028525464186822
15037,0.8641171194224255
15038,0.623437254280797
15039,0.7657294229593062
15040,0.07481916289222806
15041,0.6097732801923996
15042,0.7653957281876573
15043,0.8461441127654357
15044,0.6846672953472411
15045,0.7402416691304337
15046,0.04456556418014971
15047,0.9896256681184658
15048,0.002053975401583006
15049,0.32746016712246606
15050,0.7427960336658882
15051,0.9955286923175912
15052,0.28715498811765433
15053,0.9998965146164792
15054,0.881420696237682
15055,0.3707931797733938
15056,0.38235676205138713
15057,0.06511309104140056
15058,0.7060886702788152
15059,0.0028423105374286548
15060,0.38874202995384166
15061,0.0066037479247406435
15062,0.3698247165297876
15063,0.08738028641890055
15064,0.04538333823343995
15065,0.2769721253464717
15066,0.8129218462514165
15067,0.9899910908692464
15068,0.11603187644579925
15069,0.8883792148859986
15070,0.4305920888017582
15071,0.9994135537102674
15072,0.09916017306966556
15073,0.005571886302760908
15074,0.9298052825028309
15075,0.9505301865044544
15076,0.026884551410240872
15077,0.9479841879418484
15078,0.11122455216410702
15079,0.6494605710165252
15080,0.9899992470388844
15081,0.027782216579822886
15082,0.0018053445649375474
15083,0.9983830300176187
15084,0.8753448568089913
15085,0.9967979157720306
15086,0.993828634581726
15087,0.9764540016696306
15088,0.9937881941059132
15089,0.7595443299354208
15090,0.7962618360778765
15091,0.09742028957043322
15092,0.26513251090234435
15093,0.6735566269152417
15094,0.7423530358985961
15095,0.971066473194333
15096,0.8270037885385656
15097,0.9437191683729446
15098,0.9194990493045123
15099,0.6360456700509163
15100,0.01134770448761113
15101,0.9862733433229854
15102,0.9403212964895347
15103,0.5124990784772023
15104,0.9777679167265048
15105,0.9180620809782565
15106,0.8219785119449041
15107,0.000984353820359829
15108,0.7148520075927042
15109,0.07837540923313567
15110,0.25453569057087705
15111,0.992372336772904
15112,0.9997663101294378
15113,0.042251704404657274
15114,0.9074163433925752
15115,0.13969576848964854
15116,0.9961960187800132
15117,0.27324009221792384
15118,0.9943525887525559
15119,0.9870109824592652
15120,0.7420107199003181
15121,0.023163418547338114
15122,0.48436011644469545
15123,0.0021037003849167304
15124,0.8058577683873497
15125,0.9584279169776073
15126,0.961207251013319
15127,0.0003016735460554825
15128,0.9971527069263411
15129,0.985667393167953
15130,0.4552525831123861
15131,0.95375080078746
15132,0.17836654533132326
15133,0.19084385991888395
15134,0.0010883761860016124
15135,0.007039649201113757
15136,0.048935119761664356
15137,0.9975881658339726
15138,0.9866106682024303
15139,0.9896282002437182
15140,0.1300060687505537
15141,0.21357323926125346
15142,0.8941751542416424
15143,0.999608214010653
15144,0.021126839059959088
15145,0.9987625525427315
15146,0.0024743874571598237
15147,0.9666858314798602
15148,0.0001550997015341712
15149,0.9731788163827495
15150,0.9050230257711751
15151,0.9549002320473956
15152,0.9909732695703721
15153,0.8512293664257532
15154,0.9962689267616306
15155,0.1991158979149814
15156,0.8720605296385352
15157,0.012128803904613416
15158,0.9028059458394232
15159,0.9932366124640974
15160,0.9956179929352326
15161,0.9930855607365766
15162,0.2391414490934703
15163,0.023288453591116413
15164,0.998783372088477
15165,0.9362848144547434
15166,0.9960546052438093
15167,0.43867746909834876
15168,0.7673681502360503
15169,0.9571030938443763
15170,0.4220851766700586
15171,1.2845163040955436e-05
15172,0.6149163624537978
15173,0.9435802472115247
15174,0.9404544003742523
15175,0.12944632686546315
15176,0.8901760463954125
15177,0.9998945268368273
15178,0.4033997352256891
15179,0.9842798910888917
15180,0.9883201960338405
15181,0.005461785438973836
15182,0.8613367126874661
15183,0.999970755242732
15184,0.9999261140585372
15185,0.9832331410882774
15186,0.9692802282640994
15187,0.6923473013434976
15188,0.6127599433115872
15189,0.1995699905631227
15190,0.002305942624941499
15191,0.9497425229645199
15192,0.01160124359959688
15193,0.0031162839913441835
15194,0.9772246711007982
15195,0.5822654839050844
15196,0.0009733716105418969
15197,0.9993773694160264
15198,7.647731466821253e-05
15199,0.9936507713720263
15200,0.7900983844942965
15201,0.60578193229017
15202,0.08677246080604809
15203,0.27350755075341454
15204,0.9878737284261048
15205,0.644443287097344
15206,0.010039472166431517
15207,0.004821966658081059
15208,0.9611256157928345
15209,0.16036396044363288
15210,0.22086513404611693
15211,0.16846435497406634
15212,0.23894992058917777
15213,0.9991633132787758
15214,0.21714876972166908
15215,0.09881974668651841
15216,0.0014806622313492605
15217,0.7821120057599193
15218,0.623501197015126
15219,0.9318242398508563
15220,0.13611820964161284
15221,0.922479748886371
15222,0.0003165323696916298
15223,0.04399119641270124
15224,0.04886534656281295
15225,0.9975912250954829
15226,0.3039422099665481
15227,0.5512735665384608
15228,0.3045163503436006
15229,0.9799494084037202
15230,0.15456555507761507
15231,0.703433108185275
15232,0.9684654144291395
15233,0.5209637666686154
15234,0.0501239949704062
15235,0.6944974722165369
15236,0.0033255472856931513
15237,0.9913255237783852
15238,0.9999886811095074
15239,0.9536486441731921
15240,0.9862998102134645
15241,0.7706419799358313
15242,0.029354393854467486
15243,0.001153243307172182
15244,0.31424639082447453
15245,0.3213418720262047
15246,0.0022233942060103326
15247,0.9938645737777467
15248,0.008952186184890753
15249,0.5898573135517169
15250,0.9998142139220579
15251,0.7899950568558567
15252,0.8041236044266661
15253,0.3826273947027949
15254,0.0003811566257317529
15255,0.3451234716784015
15256,0.016908083510230005
15257,0.0017708335406828504
15258,0.17517492944117993
15259,0.9577878798503418
15260,0.9919343372050452
15261,0.9979931165475519
15262,0.0795457319259997
15263,0.726652594440542
15264,0.9232966292586783
15265,0.022627212387886838
15266,0.024291405248605277
15267,0.009420906841091772
15268,0.730889977917427
15269,0.6082103444811281
15270,0.6245099025752837
15271,0.01370790970915746
15272,0.08832463482463099
15273,0.4555509009071472
15274,0.9972676482469947
15275,0.33944566860869385
15276,0.962349596266855
15277,0.16460487923936676
15278,0.7227908076414461
15279,0.21840742931452156
15280,0.25949661898817505
15281,0.34685541746854787
15282,0.03540389471809979
15283,0.0037029999341173354
15284,0.38937227396599944
15285,0.03279956506015184
15286,0.02956374636852829
15287,0.34129031316879077
15288,0.9997630841379557
15289,0.12961283590515893
15290,0.9193838293523755
15291,0.023961479752167086
15292,0.996769285162786
15293,0.0074704814759038295
15294,0.06184268790923066
15295,0.7283149993619327
15296,0.630588988700823
15297,0.7169253658310893
15298,0.5704505634398097
15299,0.9875759095579582
15300,0.9642485783435776
15301,0.9501954090193433
15302,0.10070201103276184
15303,0.520820983729229
15304,0.3261905857363564
15305,0.8558368350124207
15306,0.9487767588083941
15307,0.10143840724455572
15308,0.9999183055022687
15309,0.5652653764364829
15310,0.028054163243607322
15311,0.9999364788788839
15312,0.007930061592219172
15313,0.30437569941525006
15314,0.7476332346776061
15315,0.9966290840994163
15316,0.11806092435288773
15317,0.7682149401962926
15318,0.5777222574756303
15319,0.9939730608321835
15320,0.7993692887149559
15321,0.3180204218296118
15322,0.9289749209502495
15323,0.4240917240263363
15324,0.0053921245073195265
15325,0.9774789083564762
15326,9.427325396536718e-06
15327,0.5362310593035725
15328,0.005835904294234747
15329,0.9971480870334919
15330,0.007209474971653584
15331,0.9998221014875135
15332,0.9998001976201517
15333,0.964091103195109
15334,0.9988802330911138
15335,0.49623966830947536
15336,0.12169467196910043
15337,0.0005079285645161462
15338,0.0011572738663934662
15339,0.9994268085873272
15340,0.00071693626542058
15341,0.4858063388089183
15342,0.7328669122397471
15343,0.059981864130701626
15344,0.12561644274702893
15345,0.334167687003654
15346,0.9996570828825352
15347,0.08023729218083159
15348,0.9077044044178031
15349,0.9731920769819097
15350,0.2789545907833787
15351,0.8065117279671882
15352,0.9985210536150215
15353,0.9453888946009344
15354,0.019366672691258597
15355,0.7495042679029951
15356,0.028864345809214008
15357,0.9132805818900845
15358,0.3411890646777798
15359,0.3932983200614216
15360,0.071562386916756
15361,0.0016592768596600345
15362,0.00012943693420827243
15363,0.4260408396108707
15364,0.20232937469642973
15365,0.26778421449046785
15366,0.04882509476053688
15367,0.4982711694148898
15368,0.238613667292561
15369,0.0065986906513223875
15370,0.581249980911189
15371,0.0006242572138491793
15372,0.8579441280085133
15373,0.004267939103283967
15374,0.00038208473632332033
15375,0.7270593770391245
15376,0.002566470255278043
15377,0.040287987138776224
15378,0.3551877833651901
15379,0.9997443650311653
15380,0.44048670054895006
15381,0.998867665414353
15382,0.9403029832042603
15383,0.2170447600040841
15384,0.00025119334515347924
15385,0.7610341575493634
15386,0.9998011471256196
15387,0.010488395093712926
15388,0.0028605980057373557
15389,0.0010500118263678478
15390,0.7139526926436841
15391,0.27195316207143144
15392,0.9821079198605176
15393,0.1273441852884487
15394,0.659369305858306
15395,0.9247864231333344
15396,0.018182491524526494
15397,0.7840439494973473
15398,0.3788763913852246
15399,0.9604960907638876
15400,0.15135417552437655
15401,0.208354235041901
15402,0.024625083974245614
15403,0.7506765562930803
15404,0.8605194491322611
15405,0.39040016601050115
15406,0.5037563821557488
15407,0.7474354018798595
15408,0.7735640995324694
15409,0.17641659039310817
15410,0.5112230282361563
15411,0.8196929426012686
15412,0.007856017835122428
15413,0.9417422084075107
15414,0.9371801872636334
15415,0.6805573498480841
15416,0.0005111308659339063
15417,0.899260288672444
15418,0.13487357229206326
15419,0.01714546354809284
15420,0.5745403889753726
15421,0.017483406413328312
15422,0.10404318478252794
15423,0.0006273595014187831
15424,0.960066053220653
15425,0.996237237584882
15426,0.9949671873345259
15427,0.13815253123502622
15428,0.0011972896894390343
15429,0.2361549833565805
15430,0.9583226096792986
15431,0.8334824838635162
15432,0.2729618084501077
15433,0.19490522067501123
15434,0.007535143414614952
15435,0.12078275248453654
15436,0.0034461842990145927
15437,0.9987347861455761
15438,0.9722420556369619
15439,0.976274487596097
15440,0.02441428774249221
15441,0.9080385370420647
15442,0.26011760694351754
15443,0.9973669424406855
15444,0.15611776162020774
15445,0.9826567121405216
15446,0.0036957559320747436
15447,0.0027461340105637915
15448,0.9937374825152628
15449,0.9917455652403048
15450,0.839865835753409
15451,0.18238670386736647
15452,0.8488627325351149
15453,0.2626363966374933
15454,0.0008045741111034344
15455,0.9876828409850367
15456,0.5885667831349128
15457,0.991924383290545
15458,0.9014128571736156
15459,0.015726496322424136
15460,0.4672586070818118
15461,0.5998499040259092
15462,0.9941262132200281
15463,0.8806953229302188
15464,0.7865279168868137
15465,0.00032883321947312235
15466,0.0786125366475651
15467,0.9473744043608724
15468,0.07020448741568659
15469,0.9707296841086488
15470,0.03486666453726094
15471,0.9582548113090407
15472,0.07488159221116575
15473,0.05638551024771096
15474,0.03861492495601796
15475,0.9961751770156382
15476,0.011347459061206116
15477,0.02650289714266439
15478,0.9380178064200478
15479,0.22929701004405595
15480,0.015134305385979933
15481,0.01860926004970425
15482,0.2738821141063596
15483,0.021223763443025227
15484,0.3131168230069623
15485,0.027692460039019137
15486,0.009844544121166225
15487,0.0009535953593296343
15488,2.115042822656655e-06
15489,0.08412403509395888
15490,0.997165297647015
15491,0.20602614190158086
15492,0.9993322141060839
15493,3.692898632323924e-05
15494,0.9999300051700633
15495,0.0012839246367390613
15496,0.005356255765568093
15497,0.9967062760865338
15498,0.3218414994121626
15499,0.1704141051702929
15500,0.9999947004397616
15501,0.30043390519602503
15502,0.04302838504704893
15503,0.000610151544667366
15504,0.8336077855600821
15505,0.994367647048214
15506,3.3094023535951914e-06
15507,0.6580161869880553
15508,5.8668303334812714e-05
15509,0.9999304342827366
15510,0.9997396552540938
15511,0.47951460409619
15512,0.9879688437316794
15513,0.10178869366203033
15514,0.0023787889249640578
15515,0.07056274536619454
15516,0.09245217930476121
15517,0.7340236139006535
15518,0.9154302164886831
15519,0.7957203511546672
15520,0.01685361204947234
15521,0.9862814038545076
15522,0.9232518988309897
15523,0.9817153651504961
15524,0.9998574006828379
15525,0.0018776702500610898
15526,0.77258092268199
15527,0.9985153079671455
15528,0.0044783412123647615
15529,0.019913707507614772
15530,0.036989695188442785
15531,0.5520106429468311
15532,0.9999064566252638
15533,0.9986855858214422
15534,0.09150893435120773
15535,0.05922969147837939
15536,0.9999999331442557
15537,0.05334269255333218
15538,0.9995963503741953
15539,0.8384305703269108
15540,0.9954939706879441
15541,0.8582932735171886
15542,0.9376392966810282
15543,0.5040871150054902
15544,0.0262659375366721
15545,0.8731999640281749
15546,0.04678179123165893
15547,0.7927925744769372
15548,0.6265488880116351
15549,0.36979888550033724
15550,0.9708466239670135
15551,0.9965706482345342
15552,0.051751481832328826
15553,0.204131587978604
15554,0.9616696236580634
15555,0.9151261320045737
15556,0.01079703557923924
15557,0.8770234099089607
15558,0.2318107348799392
15559,0.36101255530488846
15560,0.024729875948972097
15561,0.2162338172009205
15562,0.9993600174685826
15563,0.9454447218343359
15564,0.9994877900547509
15565,0.9971705989320617
15566,0.9857425124484707
15567,0.0015714779867291777
15568,0.10115126903891641
15569,0.9894454732612099
15570,0.9429158559632353
15571,0.12253654290986295
15572,0.37732090326509493
15573,0.07655909406583283
15574,0.8137528930525745
15575,0.8657746424843091
15576,0.029114601313078668
15577,0.04257785758964074
15578,0.24271809800112185
15579,0.9999861499982952
15580,0.09829230092237838
15581,0.10271089426505126
15582,0.9786818380227327
15583,0.9990491526129381
15584,0.8000512919645023
15585,0.0050622307885088615
15586,0.9814268098590558
15587,0.06374097483319165
15588,0.7625143743418684
15589,0.4861304076205064
15590,0.37680479282460727
15591,0.001128948442949307
15592,0.8976728053933362
15593,0.9615102263651584
15594,0.01807959646890545
15595,0.004072820694842249
15596,0.44699600893414354
15597,0.7517322999122871
15598,0.0012991705876058556
15599,0.9799082043409943
15600,0.9975698576329798
15601,0.034657196016227694
15602,0.03891569268907169
15603,0.9874680718196682
15604,0.8633374016431473
15605,0.8428670427884212
15606,0.9964750481943364
15607,0.9880452567350627
15608,0.13568794641980939
15609,0.9180323674627189
15610,0.9992582715651774
15611,0.7583391005607552
15612,0.0873300035264218
15613,0.9756239753867455
15614,0.012218584601170918
15615,0.274825508980926
15616,0.9966755256596039
15617,0.666344925216979
15618,0.9997736361979477
15619,0.8048483137816995
15620,0.9457347492930682
15621,0.9912734853561512
15622,0.9818726028304293
15623,0.9880873083258896
15624,0.3258847659923001
15625,0.026161313797168708
15626,0.9996673257147687
15627,0.1779933699032678
15628,0.35234356951500645
15629,0.23748698999800738
15630,0.9906566846024403
15631,0.08676404779778525
15632,0.5127793134342704
15633,0.773978914695321
15634,0.6830614882111147
15635,0.010776613281588618
15636,0.850875247583477
15637,0.13510762538762536
15638,0.9999721217388912
15639,0.9995556533467831
15640,0.0171491208809686
15641,0.7619399011513235
15642,0.002657339446640764
15643,0.001145262518966044
15644,0.24324803083967084
15645,0.014039708914420237
15646,0.004996891174848601
15647,0.9518048287249862
15648,0.9992430516986853
15649,0.07460849936385135
15650,0.28433197296369367
15651,0.00353750288329999
15652,0.029168750443726573
15653,0.00029511399691789264
15654,0.9982153160069311
15655,0.5393961065044424
15656,0.4265176892334599
15657,0.7792758354389103
15658,0.4322538092608427
15659,0.10133309000081353
15660,0.9616990759656359
15661,0.9883934010447746
15662,0.21194753818045894
15663,0.19192629545229997
15664,0.279123547529756
15665,0.16928711039029637
15666,0.22639034725374554
15667,0.9999973602932918
15668,0.9695804504176376
15669,0.2691876803048706
15670,0.9967480390415505
15671,0.0013118988631743945
15672,0.6685796352121008
15673,0.27901880772003723
15674,0.9996581653726521
15675,0.45526497678340305
15676,0.9045023159037137
15677,0.5708621000481322
15678,0.9998750357339344
15679,0.1422902229119624
15680,0.5778745997420619
15681,0.5169185770008327
15682,0.17817730773885215
15683,0.9993675257706452
15684,0.053048826626812214
15685,0.21128496730246688
15686,0.9847603917614934
15687,0.22381302303730757
15688,0.017416133058694414
15689,0.05145417371569668
15690,0.9554767840140446
15691,0.7310823075213834
15692,0.062287571406260296
15693,6.265518391728788e-05
15694,0.9575569706748881
15695,0.15176358086927938
15696,0.9904020978664353
15697,0.9938190527031208
15698,0.0003441573370459129
15699,0.5419097122995871
15700,0.3693444154616919
15701,0.9997880257535026
15702,0.04108309494964528
15703,0.9994321214106332
15704,0.5584659064969083
15705,0.9998428205916552
15706,0.006330610730469687
15707,0.6633040943599643
15708,0.5957606110286136
15709,0.8372728045932455
15710,0.0003136978320225107
15711,0.2146472015206484
15712,0.35599926940463716
15713,0.9996924926226693
15714,0.6511310683468932
15715,0.9988433618496866
15716,0.9915787851157157
15717,0.9918159179023566
15718,0.022741803338081738
15719,0.8859909160474674
15720,0.04139402149648755
15721,0.9998158288432344
15722,0.000541675401437711
15723,0.00041629399755263623
15724,0.9696387781554616
15725,0.9989168072251003
15726,0.07552334075776951
15727,0.0006011364941300395
15728,0.28851659453553247
15729,0.043476417135992776
15730,0.9848718683767536
15731,0.00023858372589996446
15732,0.9987204524684887
15733,0.05973912561664859
15734,0.27305134637275563
15735,0.20648029323114442
15736,0.03037999556773536
15737,0.4788443084634822
15738,0.0991132622002986
15739,0.06659051896812461
15740,0.9288602463356302
15741,0.054975892460429755
15742,0.9992415908928426
15743,9.26541403678747e-05
15744,0.5291319430977193
15745,0.9975681842903472
15746,0.6540299200881348
15747,0.9918128572144903
15748,0.005540119610084374
15749,0.988739511258867
15750,0.994194664514831
15751,0.9582609949080597
15752,0.11443385109575534
15753,0.956106318250194
15754,0.808648512516039
15755,0.7475484001879055
15756,0.9931530797859464
15757,0.9997612841869714
15758,0.7225481774988163
15759,0.12657720948248108
15760,0.6624633625887165
15761,0.2729269533638968
15762,0.008401448127266453
15763,0.9500951368854255
15764,0.9984261440303438
15765,0.985766133329905
15766,0.999752803263236
15767,0.33893323120790825
15768,0.09200349489627616
15769,0.8744209933459557
15770,0.9292671992065836
15771,0.8879765643947956
15772,0.9139845666435236
15773,0.4387466599454855
15774,0.9964462700700795
15775,0.03649375241163914
15776,0.9989479416483865
15777,0.9988734675769448
15778,0.0018458618480416329
15779,9.055485474712121e-05
15780,0.9981058576128774
15781,0.12202360014882138
15782,0.04476143080588858
15783,0.9996481518902245
15784,0.009949720658881184
15785,0.008257609525186222
15786,0.09054401234608692
15787,0.9986370451760402
15788,0.6529208044029128
15789,5.5741866526404586e-05
15790,0.561260785992557
15791,0.9904558526953608
15792,0.0018050224682157007
15793,0.00889768484081512
15794,0.020475763134798226
15795,0.998142811147411
15796,0.011842197674776378
15797,0.9965795252915459
15798,0.8206149151296688
15799,0.2051731466308802
15800,0.056744023156618494
15801,0.7597626576567945
15802,0.9385451184483039
15803,0.1559949165721074
15804,0.2764208360957408
15805,0.9545357311191849
15806,0.9466743243402915
15807,0.005751229269843678
15808,0.6631953213430525
15809,0.9973378026399029
15810,0.7931559821252318
15811,0.602921163880965
15812,0.051894389986356794
15813,0.9944009562491491
15814,0.8725116553306709
15815,0.9060738233838378
15816,0.3052120812745195
15817,0.1293292964440457
15818,0.004229731555714089
15819,0.9579874396752438
15820,0.4836717867828627
15821,0.9805824871827785
15822,0.06377811096308456
15823,0.8264541240218027
15824,0.8391778842192286
15825,0.9496180526800652
15826,0.1616712526769975
15827,0.02443126692105598
15828,0.8964340112109019
15829,0.9856519580636619
15830,0.058516631590367824
15831,0.9903838954569852
15832,0.5862713798466475
15833,0.830001587562466
15834,0.9999795086546119
15835,0.27205378587681583
15836,0.031917358587745144
15837,0.9937374870486065
15838,0.20633121011100403
15839,0.9165797122318764
15840,0.9800755758769781
15841,0.0016010392375433286
15842,0.22306581583929305
15843,0.13064773736882485
15844,0.003491217645577163
15845,0.9990098907965919
15846,0.9998975245703641
15847,0.015340449470270306
15848,0.9798713964752523
15849,0.01372408622188275
15850,0.8623731868817021
15851,0.2899699319420003
15852,0.08143167316494643
15853,0.5497952513534823
15854,0.9943094135645119
15855,0.8195104823692433
15856,0.021887545909341985
15857,0.9982847586629344
15858,0.6230545573032338
15859,0.032396575682319455
15860,0.9741418299152025
15861,0.04076494447964848
15862,0.15461818687141113
15863,0.0031259326303603374
15864,0.004480366812785393
15865,0.33014222469575893
15866,0.49032895549525934
15867,0.014020348948026519
15868,0.9888291024221971
15869,0.14747771049902506
15870,0.992124128339508
15871,0.7607964512013835
15872,0.8925091783028972
15873,0.991949990428944
15874,0.7418884747201488
15875,0.9624116540910624
15876,0.9950542970083184
15877,0.7643254742015936
15878,0.4252960584262611
15879,0.5414948230167884
15880,0.001478096775547382
15881,0.5360458668315374
15882,1.5297540487754228e-06
15883,0.998823102538466
15884,0.8781511292760743
15885,0.5840475128670289
15886,0.0006175404438329146
15887,0.9799129519879911
15888,0.9987858734786325
15889,0.0006070679930733628
15890,0.95537270075754
15891,0.10273607616622175
15892,0.993597519928189
15893,0.2573289135653952
15894,0.9978577324016529
15895,0.0953151072645157
15896,0.5609409218987922
15897,0.03651999988768202
15898,8.956525717681342e-05
15899,0.0005052458429484092
15900,0.9999559942285923
15901,0.062233567959884245
15902,0.002627651009346032
15903,0.4676567461996962
15904,0.9747260196407435
15905,0.7341528224680741
15906,0.020067863814236746
15907,0.903259164330697
15908,0.6016263853836316
15909,0.0001379316666479707
15910,0.47839788324289595
15911,0.0009509814108099867
15912,0.027036240368946637
15913,0.8652991761560755
15914,0.0905695954322919
15915,0.013806654775729833
15916,0.1733302247917978
15917,0.5581835297196304
15918,0.02007553993073383
15919,0.839190001665528
15920,0.07930927981798953
15921,0.01999979409456358
15922,0.8517493389891441
15923,0.9928619101292204
15924,0.716682309015439
15925,0.3454539665071666
15926,0.26192913336467033
15927,0.29667286088381517
15928,0.9666567357850819
15929,0.015220289191863069
15930,0.7482980278161123
15931,0.007428069127820636
15932,0.9026069359418954
15933,0.9444307864602743
15934,0.5706335824973006
15935,0.032801670231765175
15936,0.9960227454971878
15937,0.02885047684103037
15938,0.9548326514695886
15939,0.9791460109507895
15940,0.6848150641777415
15941,0.2304506838271002
15942,0.8193677346101871
15943,0.43418953477303573
15944,0.7936618559345922
15945,0.19200801392508873
15946,0.9914580141469251
15947,0.9898776872244496
15948,0.3301833155231315
15949,0.13942245169488957
15950,0.000180981151053679
15951,0.9991410848145695
15952,0.9033302811912882
15953,0.9970041791290124
15954,0.09207139881421528
15955,0.4796104551633528
15956,0.01716046477739825
15957,0.5193584708149699
15958,0.00643748052299453
15959,0.0012108103950860573
15960,0.8629387930289728
15961,0.06190702562362495
15962,0.19535806693936203
15963,0.575402955271812
15964,0.5507042826352266
15965,0.9945928591388953
15966,0.7378382360750483
15967,0.10890119956426196
15968,0.8518566390409996
15969,0.02410799083411456
15970,0.4936541804998832
15971,0.993548734543075
15972,0.15459554146533394
15973,0.01937169855777009
15974,0.12360723327794682
15975,0.97502490851257
15976,0.0012763205576562118
15977,0.7460932139114113
15978,0.0031587890350380215
15979,0.11465385679261872
15980,0.997108255006657
15981,0.00043134385114888655
15982,0.8384352195187583
15983,0.6248737108292274
15984,0.9584113684506779
15985,0.06963041472820414
15986,0.26586313669801004
15987,0.9998982574166961
15988,0.8112263161042189
15989,0.2551481488834592
15990,0.3046097500242884
15991,0.009841934890077774
15992,0.011872002021304694
15993,0.01705369797934364
15994,0.0011470747653003436
15995,0.9917720976757017
15996,0.0032302793484955366
15997,0.41139707743241755
15998,0.1552849863246032
15999,0.5166716205222635
16000,0.10119939436253521
16001,0.008409593174754012
16002,0.00041217169001936757
16003,0.038663634759524904
16004,0.6114294743493371
16005,0.3665413223884183
16006,0.9306184472381175
16007,0.0007844027668073095
16008,0.015701650211467796
16009,0.996819304899648
16010,0.975470381567271
16011,0.0006656078480445117
16012,0.9993443455913738
16013,0.933629636285101
16014,0.02432439386654636
16015,9.597597532808383e-05
16016,0.1489315078676301
16017,0.6439314261970747
16018,0.704219320506926
16019,0.0010651648086452666
16020,0.999074345156679
16021,0.9999244892085177
16022,0.2666464801344478
16023,0.0600718408850166
16024,0.9945438283654264
16025,0.9471887452341708
16026,0.54966908415245
16027,0.9999786902961241
16028,0.3875871513940057
16029,0.20628813721583336
16030,0.6151000675041401
16031,0.9888123112058845
16032,0.29212454526380943
16033,0.00029018136328974354
16034,0.00028611035729777954
16035,0.7842295786208477
16036,0.7474147713517717
16037,0.11581573024737925
16038,0.29524862911470723
16039,0.9953067441957582
16040,0.21958116975724334
16041,0.9980762125762487
16042,0.018494230460101253
16043,0.32217567817269666
16044,5.3796249328539095e-06
16045,0.6430169208002484
16046,0.20906425763649472
16047,0.10862843533774005
16048,0.9919788589541185
16049,0.03810205887025657
16050,0.0012296741351656719
16051,0.9230272693921711
16052,0.0024918728833240563
16053,0.9595200191934151
16054,0.004400536236057882
16055,0.26096799871046494
16056,0.006181641328019619
16057,0.19168526830840799
16058,0.0023283337313884825
16059,0.6333569488655474
16060,0.8543699375880348
16061,0.00207162905760143
16062,0.0030904890953745937
16063,0.005278925110530842
16064,0.49794627883271225
16065,0.6007715259962727
16066,0.08899769885838471
16067,0.9827906625162202
16068,0.37382042361502416
16069,0.13254085663424095
16070,0.18743676250820096
16071,0.8653696651273095
16072,0.7852555084999234
16073,0.9219589941562978
16074,0.9980055143856412
16075,0.11475284869340066
16076,0.003537101234917156
16077,0.03897599266921851
16078,0.9901859170364871
16079,0.9950683285850911
16080,0.9632288825198135
16081,0.9574287212664868
16082,0.8110922849074825
16083,0.1457295109060114
16084,0.002297206710587034
16085,0.10438339969640607
16086,0.820871571124716
16087,0.8971309338770986
16088,0.9971857624594115
16089,0.010050331040245565
16090,0.77809278514838
16091,0.9667340608690698
16092,0.999994188609549
16093,0.22574316128161656
16094,0.00033203962348605235
16095,0.00023844729640997626
16096,0.951464328962095
16097,0.9924779250782533
16098,0.42828675485017303
16099,0.1256873637441058
16100,0.8953391139330222
16101,0.999822158537984
16102,0.7690949301629009
16103,0.9990138720462064
16104,0.3971980076445518
16105,0.6914203035280224
16106,0.7987249519959725
16107,0.003056433033404383
16108,0.12765138364593442
16109,0.16658899964648152
16110,0.37896455294416737
16111,0.01575657245121219
16112,0.9866370799637636
16113,0.033342905403313826
16114,0.9517517021408336
16115,0.011061754178134459
16116,0.37662738915423255
16117,0.9963149106562569
16118,0.0006261904743952326
16119,0.956612038902072
16120,0.9972308246542997
16121,0.006582133580431363
16122,0.04043185701877918
16123,0.4824261054464218
16124,0.8781487105059854
16125,0.9554503777974596
16126,0.08568316187469738
16127,0.9240889119782442
16128,0.6474435180178812
16129,0.0001899463915171263
16130,0.04939458317711715
16131,0.9788323273450968
16132,0.07711169489651527
16133,0.14573923071550068
16134,0.8062789696920285
16135,0.49377223174781826
16136,4.5622938234356524e-05
16137,0.9499224656078151
16138,0.05801424807957916
16139,0.020547507548900744
16140,0.14696343916453816
16141,0.9990028494503534
16142,0.29103141871682664
16143,0.5113572055066812
16144,0.9681153466669468
16145,0.9577668897507112
16146,0.9176681781405711
16147,0.9351978056440788
16148,0.9496976460683624
16149,0.9995783202904593
16150,0.1739607965536863
16151,0.14692028976643792
16152,0.07217701989743402
16153,0.01819552500332085
16154,0.925566493922533
16155,0.0018773455680398043
16156,0.7454675286919566
16157,0.8329447884039458
16158,0.8461228788607723
16159,0.8429279217167104
16160,0.4060853295065175
16161,0.9999474439954567
16162,0.0011395807652985
16163,0.9986498935349868
16164,0.9187048276089783
16165,0.8323507180516017
16166,0.9993966515849295
16167,0.9955258631636922
16168,0.07774570584585294
16169,0.0017542317152883249
16170,0.9727054750039688
16171,0.9897322650992679
16172,0.5807390292569262
16173,0.004919329016485147
16174,0.9652148726027232
16175,0.0004934879600947268
16176,0.8316566234016151
16177,0.3279666067570784
16178,0.013807494784412608
16179,0.8332459744555346
16180,0.7447929213177115
16181,0.9842538914248508
16182,0.9629052791213246
16183,0.17867045311428084
16184,0.0003582067927013386
16185,0.9977997776746836
16186,0.9818226731357023
16187,0.7796975217733584
16188,0.16059478345913175
16189,0.1745484160111267
16190,0.9746206233025227
16191,0.8460217265788765
16192,0.9983018778997123
16193,0.24816468420046656
16194,0.01272670427646146
16195,0.993131363714723
16196,0.5344843861901318
16197,0.8360118690130299
16198,0.9722892219410015
16199,0.7713228130028962
16200,0.9378003012634434
16201,0.788285963060882
16202,0.7756795382822003
16203,0.10727458031775633
16204,0.999057384999146
16205,0.021474548450075803
16206,0.43933663872737433
16207,0.044449519061044065
16208,0.13425772006597916
16209,6.71434325400005e-05
16210,0.9982841771279379
16211,0.1508535605445243
16212,0.15383421905465638
16213,0.046706146744349405
16214,0.9967696420738767
16215,0.7777238265255554
16216,0.09840408509182397
16217,0.999018433697126
16218,0.589810304892246
16219,0.33925475591165893
16220,0.6426550976544247
16221,0.9998075056996782
16222,0.1398411380594066
16223,0.33544920724584115
16224,0.25752079128803484
16225,0.07099540543382948
16226,0.022275131507191046
16227,0.9775812785838897
16228,0.043691549622009156
16229,0.5576541116628245
16230,0.004731231732443747
16231,0.008153503745248883
16232,0.9994051793463166
16233,0.7384784994935751
16234,0.9858676834504738
16235,0.547503803614968
16236,0.9463655456155425
16237,0.026373654568459262
16238,0.9463217107257951
16239,0.9861500948342743
16240,0.9670556849416808
16241,0.19902704029678087
16242,0.7505481265561386
16243,0.24745801754116437
16244,0.0017464796025868146
16245,0.005285314831508292
16246,0.0027294027960478224
16247,0.9999810682490247
16248,0.9944659309055615
16249,0.40350963540144363
16250,0.9899874008784959
16251,0.24118500134620047
16252,0.6701961429467437
16253,0.11596264103669479
16254,0.9692256317097239
16255,0.19154997271397628
16256,0.4002757742047032
16257,0.9356512838020302
16258,0.017484895410789264
16259,0.9539402096690791
16260,0.12202075652735704
16261,0.003250118958171749
16262,0.9857633732625152
16263,0.09816445553413092
16264,6.254222378441447e-05
16265,0.18454393217289314
16266,0.10507579766571938
16267,0.6540954440765945
16268,0.0025014406238920016
16269,0.6824020934485834
16270,0.9882600445064986
16271,0.9948980453329814
16272,0.8941402897573434
16273,0.6128118044916931
16274,0.005392015527090624
16275,0.9657454479647409
16276,0.0009685833325477447
16277,0.8734713463358426
16278,0.9986262094721768
16279,0.3060369996250588
16280,0.002878059415513101
16281,0.27709531251963343
16282,0.5461639568394915
16283,0.4788030126727888
16284,0.9983040888744287
16285,0.9977138523338009
16286,0.7788811427824349
16287,0.016061148178046727
16288,0.24063886526682263
16289,0.08787089501230007
16290,0.9581879125163062
16291,0.9890433027918382
16292,0.9616271050485673
16293,0.8266376472868456
16294,0.0021891816209707793
16295,0.14688712897641482
16296,0.014804550774205333
16297,0.02650265634031219
16298,0.04435281376693141
16299,0.7765944278931513
16300,0.8799866389471579
16301,0.0012322565177815487
16302,0.2311363205650615
16303,0.6727443192548715
16304,0.01447036114552418
16305,0.20848507797053129
16306,0.006601392868517743
16307,0.8149585356415283
16308,0.28979544833286314
16309,0.016185786958644376
16310,0.9962114807377808
16311,0.9969550277412185
16312,0.006829859665228309
16313,0.041839984647755415
16314,0.027305837361073854
16315,0.22693447277595719
16316,0.9805931252688316
16317,0.8208026951747829
16318,0.00911821130797627
16319,0.0366749947141573
16320,0.14097803112627502
16321,0.002366218914522888
16322,0.844294440549187
16323,0.9888493802235313
16324,0.019902681719827068
16325,0.6571071473651212
16326,0.7100223111168444
16327,0.18413493326331443
16328,0.9999864657167721
16329,0.7452961331448983
16330,0.9971718650266613
16331,0.9999035964644455
16332,0.9527700827969369
16333,0.10220635590671702
16334,0.5683584419159493
16335,0.5804961258613759
16336,0.15026340019575368
16337,0.4745291157314011
16338,0.1724406541280254
16339,0.9648233558631631
16340,0.95294794745641
16341,0.027745323562047175
16342,0.9991833215456001
16343,0.7661310487982603
16344,0.9483041725301361
16345,0.00046292129422538454
16346,0.9750413071989468
16347,0.9542823989016395
16348,0.567095125003287
16349,0.25769887842725325
16350,0.9996934631152992
16351,0.050662646335430786
16352,0.9030115032434541
16353,0.6687345799380001
16354,0.9890370752435784
16355,0.9802252322398574
16356,0.9014392804106163
16357,0.9989033704122793
16358,0.13948006079187011
16359,0.1472845822314132
16360,0.02554866241006076
16361,0.3993892485320152
16362,0.4546272248045946
16363,0.05468275057298358
16364,0.023847160421248893
16365,0.9063052668443969
16366,0.18040764611688842
16367,0.9337463444730861
16368,0.19891519673571487
16369,0.9960815373399623
16370,0.9971915000948632
16371,0.9658658045661992
16372,0.15374594564956365
16373,0.015828212795303272
16374,0.31710714480471924
16375,0.9999916583585254
16376,0.9459098563981531
16377,0.9568639043653362
16378,0.6847020135949391
16379,0.7847770683958356
16380,0.6303305871619681
16381,0.8149833641945551
16382,0.22221381551255606
16383,0.0065115535948918135
16384,0.827634492365353
16385,0.992780863340258
16386,0.0008230545719205175
16387,0.7830728396797869
16388,0.11132613525825845
16389,0.21616292220113395
16390,0.9995718841223917
16391,0.02459585410652961
16392,0.9801762586421978
16393,0.535648476077584
16394,0.31884999655744684
16395,1.9746179360208133e-05
16396,0.9905897130274998
16397,0.7632834350167033
16398,0.7816486307643944
16399,0.19798697837248147
16400,0.8712950967884625
16401,0.5884318220959611
16402,0.22947776216140817
16403,0.2070116650920838
16404,0.015513648421161208
16405,0.002235807799624507
16406,0.5369373653583757
16407,0.9203963981894864
16408,0.832516099421818
16409,0.0020107481944587123
16410,0.30980603369214915
16411,0.020800468638354098
16412,0.9910588371561896
16413,0.41476267945123985
16414,0.053983563556486244
16415,0.00524105374373024
16416,0.8922202414991433
16417,0.15915869273815125
16418,0.990482849841367
16419,0.7482706863694971
16420,0.0002817103840931931
16421,0.968301044498394
16422,0.11888449203131292
16423,0.4633886494898912
16424,0.9987203656788726
16425,0.006399644225447015
16426,0.8298419465098457
16427,0.3854191103595737
16428,0.9742774611141727
16429,0.06362913123451931
16430,0.8536622850120655
16431,0.892969883578093
16432,0.9691160446494054
16433,0.015423128179285504
16434,0.04697178575586749
16435,0.08488319098447727
16436,0.1545398544013179
16437,0.07469056377503525
16438,0.8904538821068232
16439,0.9072355247295742
16440,0.9999695922492575
16441,0.009675043607253018
16442,0.0005051130241358387
16443,0.993893562831189
16444,0.0007752951662176342
16445,0.9982316865661547
16446,0.9956730844599782
16447,0.9977732262416269
16448,0.676212239324531
16449,0.9971676486493932
16450,0.16892946200203102
16451,0.206680639962535
16452,0.013958269172188148
16453,0.996428342061629
16454,0.9995539677204989
16455,0.9969204735617967
16456,0.9973883312229764
16457,0.81071909480461
16458,0.424002891002557
16459,0.034512945321573424
16460,0.8640211316370502
16461,0.839237401406085
16462,0.13071210884285692
16463,0.006550692203390771
16464,0.0002648936673450537
16465,0.23022872710640285
16466,0.901863919058728
16467,0.9969472506559046
16468,0.9837104102228305
16469,0.008648911758046005
16470,0.9469043270695434
16471,0.0009355984405229795
16472,0.001946943899001641
16473,0.7932939877812382
16474,0.7632975411631926
16475,0.996414554035026
16476,0.1686443031290697
16477,0.8932896510930031
16478,0.9924162160720674
16479,0.8528321033142571
16480,0.9972161177048694
16481,0.9629042754657808
16482,0.00952360368189769
16483,0.337291937832367
16484,0.003274369679818097
16485,0.314113864060889
16486,0.9840926661613658
16487,0.6738980702821178
16488,0.06425562416271781
16489,0.5726186811387637
16490,0.9229635245635927
16491,0.00013067912091495868
16492,0.02283218417167505
16493,0.9965840508854156
16494,1.3695271948165645e-06
16495,0.264720280485834
16496,0.0007553216193974301
16497,0.00010909867286647588
16498,0.9999822084673643
16499,0.4954781071555804
16500,0.05545347043277988
16501,0.9978226003277314
16502,0.7830138308778479
16503,0.9892316355554097
16504,0.9885424680288198
16505,0.08342385247964035
16506,0.0997462052732169
16507,0.8986862985112548
16508,0.009883469479464476
16509,0.3083017737417049
16510,0.0011122601737956481
16511,0.0016527034097269491
16512,0.010158248646063373
16513,0.9670185391136995
16514,0.9441326373690636
16515,0.9161485778562268
16516,0.9120006318500002
16517,0.08088488224770209
16518,0.00034505864839693784
16519,0.013321169857367409
16520,0.9975360264511326
16521,0.05243739830883921
16522,0.742295104846002
16523,0.655124666697932
16524,0.729159935486778
16525,0.5234515193137887
16526,0.8990160741062697
16527,0.12199625480883348
16528,0.0005846601747790943
16529,0.66797246152295
16530,0.9921799570094372
16531,0.9891542686882039
16532,0.14851596144524398
16533,0.7663768148748505
16534,0.030606203744430155
16535,0.41651517496565543
16536,0.7029151955013563
16537,0.5873906082850642
16538,0.0028043315793267495
16539,0.8229628624689811
16540,0.9971949320408011
16541,0.12978914098065922
16542,0.6122456693964587
16543,0.8055975241292951
16544,0.9899294396426518
16545,0.8516756001325834
16546,0.9810844720733605
16547,0.9923078738405071
16548,0.004018081668086623
16549,0.9851108720453877
16550,0.9616004520287225
16551,0.42719045457231364
16552,0.23466044054438112
16553,0.03679843384647583
16554,0.4185440427084141
16555,0.0027846836518370492
16556,0.9726565459992416
16557,0.9922082189213309
16558,0.17874526415765193
16559,0.9155960031545137
16560,0.0020714016393546773
16561,0.10491428257714568
16562,0.00026943147280877194
16563,0.02732894093183426
16564,0.9999915534311499
16565,0.38802652211074384
16566,0.4690253904729105
16567,0.6966444807507307
16568,0.03093447527182659
16569,0.29624128141237666
16570,0.0006025233170990472
16571,0.8575911123219812
16572,0.11945284870598535
16573,0.948092659085309
16574,0.005842692017387969
16575,0.45934359056611296
16576,0.00019366230427993305
16577,0.002709847984600019
16578,0.9997507677314922
16579,0.38378506816177027
16580,0.9952609689944504
16581,0.849447719722121
16582,0.00041237016317268094
16583,0.9061234993167118
16584,0.9976018719321456
16585,0.005200806806184273
16586,0.838276346753884
16587,0.9719051522927286
16588,0.001065964950080653
16589,0.9792494987535211
16590,0.3423514973959572
16591,0.9532463846307606
16592,0.14790688947674283
16593,0.9635154906154032
16594,0.2544700839967987
16595,0.8184154858560377
16596,5.7039163466584634e-06
16597,0.011841092406201965
16598,0.9389059104346236
16599,0.24264263726353583
16600,0.3880910310502844
16601,0.7907306778777504
16602,0.8124338327095595
16603,0.9851558672718882
16604,0.5345170198930013
16605,0.17575638964985627
16606,0.014398761618870142
16607,0.2531969134984646
16608,0.04527710455605885
16609,0.08440482714009001
16610,1.0097541294018636e-05
16611,0.9655550753619631
16612,8.6407198018791e-05
16613,0.9980021276373546
16614,0.09164906790706838
16615,0.973485837367146
16616,0.9925867737695657
16617,0.00595180649177648
16618,0.7062025274713994
16619,4.566219658451358e-05
16620,0.026104242870783022
16621,0.7591499442884051
16622,0.6965654613581638
16623,0.3008172728333479
16624,0.9957835546464495
16625,0.9986826388458904
16626,0.9943659023721638
16627,0.7653083980720533
16628,0.9863526349933259
16629,0.9856526647994442
16630,0.9998587637621241
16631,0.2791978454468822
16632,0.34061557202087456
16633,0.03484891296853569
16634,0.7704282045542967
16635,0.893454119961809
16636,0.9992986900102154
16637,0.5851607237305316
16638,0.9648495205300216
16639,0.9114122737598163
16640,0.5603783616005946
16641,0.534072062302044
16642,0.8542386890871153
16643,0.9979074187475413
16644,0.6733482423847132
16645,0.00027986814284388745
16646,0.0010129407020774055
16647,0.5530359674654145
16648,3.465295520403299e-05
16649,0.9325180308167347
16650,0.5551744926062493
16651,0.1167653824101946
16652,0.46931775364117806
16653,0.15325384915631274
16654,0.8947117239285433
16655,0.9756456108170626
16656,0.4786738743063979
16657,0.9951220858593185
16658,0.8831317602759261
16659,0.5478549484284951
16660,0.5857779124399072
16661,0.043173667564112526
16662,0.0021416498844398207
16663,0.2901509260004619
16664,0.9999358321371469
16665,0.003328562553854482
16666,0.969852644487651
16667,0.06361625214933694
16668,0.12518114305540856
16669,0.948172767801388
16670,0.18605160041568622
16671,0.9775252375267913
16672,0.9796462516328647
16673,0.00017304955111440462
16674,0.2837519543926335
16675,0.9997915584851812
16676,0.9997957524827245
16677,0.007250013235582831
16678,0.005286677239761259
16679,0.04278813539179602
16680,0.3503622385202615
16681,0.4379622380153742
16682,0.9997191427246065
16683,0.9989570770527325
16684,0.5736296437356248
16685,0.7039521191664136
16686,0.3022240905143864
16687,0.0019302212734539522
16688,0.36750203209097004
16689,0.0027791359783271587
16690,0.0014680005393429714
16691,0.9770654506085712
16692,0.9946481160403929
16693,0.12193314275680008
16694,0.06057872241691183
16695,0.9164791557847184
16696,0.16828216503283178
16697,0.004927263783719387
16698,0.998421291768754
16699,0.0006178160452937707
16700,0.9998981596210025
16701,0.9955165570545299
16702,0.661560249309702
16703,0.662632471729526
16704,0.9998759924111361
16705,0.9974566407121606
16706,0.005521753120570515
16707,0.9994696469769072
16708,0.04522530772104724
16709,0.1336551823163011
16710,0.9973812725885505
16711,0.9936853551417772
16712,0.9943859164821572
16713,0.26679944306527764
16714,0.9726936190606513
16715,0.9990885777832964
16716,0.953431069870973
16717,0.9951616814566158
16718,0.0687402103049306
16719,0.34693411097822785
16720,0.04268336638298689
16721,0.2744658545980862
16722,0.2272974201995716
16723,0.9982140877915625
16724,0.9995608160201099
16725,0.9174352335759511
16726,0.0023391395843327355
16727,0.13538642394097186
16728,0.9997745178897015
16729,7.420406973893908e-05
16730,0.9845802103673501
16731,0.5575120045784656
16732,0.45757003585178085
16733,0.02146908699390559
16734,0.11546051732849154
16735,0.4618659692547411
16736,0.0003204012008954444
16737,0.28140844766452733
16738,0.9884091947087762
16739,0.8291839376130181
16740,0.05293229699164177
16741,0.010801596783374456
16742,0.0007401615819803834
16743,0.9804485013316577
16744,0.6581536941364585
16745,0.023281655220796924
16746,0.8823259314495414
16747,0.5616768632828572
16748,0.0026793076573215463
16749,0.9996708026888989
16750,0.9810471653494508
16751,0.9987519878071324
16752,0.19907134137051954
16753,0.9977885353141197
16754,0.9882158511919821
16755,0.11552470355837426
16756,0.9787518488665802
16757,0.7969517193271005
16758,0.994236818104122
16759,0.251733388437017
16760,0.0035282371345257625
16761,0.8692825496391221
16762,0.911578632776687
16763,0.6741601187587127
16764,0.8691451019504025
16765,0.009978233618216968
16766,0.99905884371929
16767,0.015562960122080239
16768,0.9999935335333783
16769,0.9857915964260539
16770,0.9997689867347438
16771,0.9448742259917714
16772,0.731752223509378
16773,0.41203663023604087
16774,0.9108971113201454
16775,0.15291453097683488
16776,0.3640437332224883
16777,0.01947236598560071
16778,0.9970969709327607
16779,0.001715843939715102
16780,5.7448344360025077e-05
16781,0.9994657155842906
16782,0.6929998155631307
16783,0.9502880798600896
16784,0.9984584404974318
16785,0.07531547711884057
16786,0.14456615928276428
16787,0.9897498118113991
16788,0.9200591942920665
16789,0.9991816344257642
16790,0.921776839306597
16791,0.004759387749701026
16792,0.5373514893591599
16793,0.435618651215974
16794,0.030888342508329097
16795,0.013991665837852765
16796,0.003812342755191851
16797,0.9698778751473661
16798,0.9994019928480147
16799,0.0005516604078811362
16800,0.812497103255344
16801,0.44621512277574354
16802,0.6635894088602817
16803,0.017280555881873043
16804,0.9864706481144585
16805,0.9886881756355793
16806,0.9962569158877119
16807,0.750773688723969
16808,0.06574391508144442
16809,0.9912648789246078
16810,0.05830966197954489
16811,0.5852941136089733
16812,0.9914222169391904
16813,0.7482578939545678
16814,0.8519242999221868
16815,0.4340810017433457
16816,0.9959990179450783
16817,0.08963365949877672
16818,0.9775638907769859
16819,0.32571381969256596
16820,0.9102065832848603
16821,0.02480746073965456
16822,0.0008714078255828604
16823,0.00019285423417790386
16824,0.9649203959456901
16825,0.8987084717039486
16826,0.8052058076814785
16827,0.9583643329356706
16828,0.992255782586905
16829,0.9696719189222752
16830,0.3465356083411012
16831,0.649833296020271
16832,0.7980098857825585
16833,0.6301728817744007
16834,0.13816749446030469
16835,0.9444369730384615
16836,0.07377855004724579
16837,0.17175347810509675
16838,7.214109069190663e-05
16839,0.9995798699915287
16840,0.9493136891631677
16841,0.003418391346882728
16842,0.21465141377436153
16843,0.9998062351541918
16844,0.17987217826083016
16845,0.26059724568637604
16846,0.1996555344516141
16847,0.26474185503899766
16848,0.006959977684266149
16849,0.9972047617778463
16850,0.0476816751490432
16851,0.011789856061585382
16852,0.9987101694888103
16853,0.997386278878588
16854,0.11417166306556896
16855,0.30306869780764717
16856,0.9131000253174109
16857,0.04608540761992549
16858,0.38778560693456976
16859,0.5706922898259866
16860,0.8390004147739141
16861,0.9930593669209533
16862,0.8482963742797778
16863,0.8162770890553359
16864,0.009689825317482076
16865,0.434425599064337
16866,0.0011442789544138486
16867,0.7121267199416039
16868,0.0630686390327361
16869,0.601585232446442
16870,0.7312415618901588
16871,0.9994151043232201
16872,0.09799612211816774
16873,0.008071614928040958
16874,0.00613658183224942
16875,0.9955265932433601
16876,0.9853608128598557
16877,0.9976114659884578
16878,0.17766732290902404
16879,0.9960970714186262
16880,0.2624929747789663
16881,0.9951752261510198
16882,0.9196883514173602
16883,0.9434933800035383
16884,0.9967334765172056
16885,0.3434028284515151
16886,0.9334470602145859
16887,0.033087420563114235
16888,0.6801542064357569
16889,0.015151231094174385
16890,0.9737373707816064
16891,0.2740723107254918
16892,0.2913640918144957
16893,0.5997935080141882
16894,0.34562182617999915
16895,0.24629831487427345
16896,0.5793809116159786
16897,0.9768574606641964
16898,0.027322260824984745
16899,0.857429077852486
16900,0.028162014381955754
16901,0.9906404151086079
16902,0.03241813796101849
16903,0.0027756164192308695
16904,0.9948674313654203
16905,0.9995987418470139
16906,0.999995820673205
16907,0.004357816553782801
16908,0.9398847673361094
16909,0.997016182494662
16910,0.6255270257281995
16911,0.8727008090871415
16912,0.08855828503202208
16913,0.034126548023451164
16914,0.948697265776752
16915,0.8199773678580836
16916,0.13330200799470288
16917,0.050734998781580325
16918,0.014942810377804448
16919,0.0046166914886908265
16920,0.5971228976182896
16921,0.9810659509853809
16922,0.033718324177775455
16923,0.8711025797669835
16924,0.001223371908022815
16925,0.00019103605847115753
16926,0.9221042686707557
16927,0.8711531438961283
16928,0.9852452965859646
16929,0.0011427205672618636
16930,0.7563816161946472
16931,0.00045484576553591894
16932,0.9032867851536935
16933,0.8465166678182727
16934,0.9948061738242029
16935,0.9648324407329733
16936,0.006393606592492475
16937,0.6894238076424968
16938,0.8196302890661784
16939,0.0007938357631236225
16940,0.00010009978489258333
16941,0.8938477298122149
16942,0.0016660802440596888
16943,0.25040118786250837
16944,0.07393268976766487
16945,0.08420007788625397
16946,0.9987053573648708
16947,0.01540067181031154
16948,0.9339786645395738
16949,0.9097399226651834
16950,0.14734910412207655
16951,0.557003220578237
16952,0.010990470488197674
16953,0.9980176860465916
16954,0.03281888505602754
16955,0.9901273463432728
16956,0.6729176900126187
16957,0.10469085993644765
16958,0.7280665787575511
16959,0.7434196180985067
16960,0.9416980839775364
16961,0.9979006239502597
16962,0.9640819955407044
16963,0.9795360341501268
16964,0.01533453205066564
16965,0.09780152097341849
16966,0.15057581308169996
16967,8.22734820286064e-06
16968,0.7486508456152277
16969,0.013531881182913505
16970,0.1867359015397013
16971,0.03332238243157763
16972,0.00211060523592733
16973,0.4515130196688024
16974,0.9953999068385609
16975,0.22350766799511526
16976,0.18779068714808786
16977,0.03818676896021452
16978,0.9803115003600368
16979,0.21020492265979343
16980,0.9378094995421187
16981,0.9843248285380001
16982,0.028836593938634504
16983,0.7582383796464705
16984,0.7147242300203472
16985,0.47180023113694775
16986,0.22786272976120292
16987,0.8153667483148507
16988,0.32708002008962
16989,0.9328878319115232
16990,0.8102792486193282
16991,0.768914266669153
16992,0.9204364230967074
16993,0.6867797104506321
16994,0.9873307931812665
16995,0.5784466572435647
16996,0.9940063833967682
16997,0.8332647313102991
16998,0.9736886424762214
16999,0.007194963961893034
17000,0.010328990723354
17001,0.3943261446223991
17002,0.8216321723738925
17003,0.040654476336754175
17004,0.7479311983119029
17005,0.3760292524574838
17006,0.008693268773358073
17007,0.9773393053911823
17008,0.36099148391816643
17009,0.9967988349977059
17010,0.014501629148739696
17011,0.9949152866190601
17012,0.00010827434237486747
17013,0.9897125268791901
17014,0.9863010654726891
17015,0.013201678764123889
17016,0.0029632909186331252
17017,5.7706539007601415e-06
17018,0.8973225327424863
17019,0.9926415029837633
17020,0.11563848247012666
17021,0.9991110325610165
17022,0.8406767914500115
17023,0.07694155826883776
17024,0.9276687708604738
17025,0.6074709616171741
17026,0.6333446213791281
17027,0.9838028955387008
17028,0.007530148447353047
17029,2.276966143901082e-07
17030,0.8321584897465244
17031,0.7562233666989795
17032,0.9961209922163524
17033,0.01963902228971045
17034,0.4254032856151044
17035,0.9784420335446162
17036,0.0008540057184807451
17037,0.7703319681979857
17038,0.0008175023209250637
17039,0.970366839820581
17040,0.8783254145697925
17041,0.8827517905219806
17042,0.9952320111259829
17043,0.6289623607368057
17044,0.8629233772041348
17045,0.15120534264838467
17046,0.18554374999869047
17047,0.9993490055099947
17048,0.0024850877219061746
17049,0.9961323759406234
17050,0.0001559318061697628
17051,0.021891790439232086
17052,0.9999894201183621
17053,0.9960980999778761
17054,0.0033301190480065058
17055,0.9817487375670325
17056,0.023379903762671097
17057,0.9998392592216783
17058,0.1580612033763586
17059,0.010497188129790435
17060,0.9991026639035262
17061,0.9778772117423776
17062,0.42082697032868643
17063,5.424899175106021e-06
17064,0.6165212632651889
17065,0.5572306771348895
17066,0.0014211026170165497
17067,0.26570015865241525
17068,0.9115855523902424
17069,0.9822116433661348
17070,0.1846338078914639
17071,0.9965550342423497
17072,0.9998831309384341
17073,0.0734761614781926
17074,0.706359113609765
17075,0.04939806429175857
17076,0.9984265744286114
17077,0.3383458678526888
17078,0.18245166677362584
17079,0.17087828881400435
17080,0.8953620801228185
17081,0.9406921353897224
17082,0.6532108348626268
17083,0.6411628864989667
17084,0.8426407272465072
17085,3.4544638866077025e-05
17086,0.993090677162136
17087,0.7534043378255257
17088,0.024358724707537974
17089,0.5934516306549968
17090,0.0001690188598294207
17091,0.9843191786905636
17092,0.030901921012552527
17093,0.997707660799862
17094,0.29465859156810636
17095,0.9935110783269252
17096,0.22044633722638954
17097,0.003541778356874439
17098,0.9052205617660947
17099,0.9946580290677678
17100,0.0119931649944527
17101,0.011659869766213062
17102,0.006689387137758679
17103,0.8345919681351751
17104,0.28440964298516586
17105,0.021902338636861637
17106,0.03589295073641083
17107,0.11137208818709012
17108,0.8629596517930891
17109,0.1478993107681723
17110,0.03095828053145365
17111,0.9999004413847784
17112,0.9951609260583205
17113,1.292496564563897e-06
17114,0.12218784000513505
17115,0.9889880579143724
17116,0.9969788590954775
17117,0.01662281939859379
17118,0.3782773875251522
17119,0.08459291712758331
17120,0.7382168767612559
17121,0.9659453597789461
17122,0.9999900107475039
17123,0.9727114836798725
17124,0.849825948687439
17125,0.023735833378542553
17126,0.739330218126409
17127,0.4448643930668616
17128,0.9770341031042162
17129,0.9879237346567528
17130,0.9819156053884105
17131,0.1918426588330995
17132,0.04180160658326798
17133,0.03131394628756842
17134,0.0180881060775711
17135,1.4210865758873456e-05
17136,0.33556580222307664
17137,0.6901587060127341
17138,0.007850513846427959
17139,0.0053690996564366095
17140,8.917249154978176e-05
17141,0.575162084764951
17142,0.15449763299987349
17143,0.9584903191736683
17144,0.05692138232822139
17145,0.032167727818149916
17146,0.1873921869757945
17147,0.143900523066434
17148,0.5294640920310921
17149,0.03684488489797722
17150,0.9944102440042113
17151,0.987019225315777
17152,0.37623036547380184
17153,0.03283330660549594
17154,0.011746810294966428
17155,0.9880287328233809
17156,0.00011625997507105306
17157,0.9421446012916761
17158,0.033939535600303744
17159,0.0029461047824782104
17160,0.09185297924591096
17161,0.0010633525235553263
17162,0.007401098979635876
17163,0.5784139155867812
17164,0.9986583325667125
17165,0.024415347225842314
17166,0.9927720417524725
17167,0.9931214263974641
17168,0.36117083710132697
17169,0.99875417105156
17170,0.5088322045342828
17171,0.08803832453166627
17172,0.804380056910669
17173,0.5658894174266237
17174,0.550684195159522
17175,0.008326719727068848
17176,0.16797899559426452
17177,0.9997998674219452
17178,0.062044836378940954
17179,0.0011346568021977678
17180,0.8751050812513524
17181,0.5021461701449789
17182,0.9693322685565459
17183,0.9999992722022067
17184,0.0014489139777975179
17185,0.0030206442748851583
17186,0.1547872238387497
17187,0.4079439544726736
17188,0.0029638583065043993
17189,0.05366349453778334
17190,0.018709451838058666
17191,0.0008801636952595164
17192,0.8915082647100614
17193,0.9925453117296424
17194,0.9037782587538212
17195,0.020162635377496588
17196,0.003611166422749491
17197,0.6593231949255707
17198,0.9967887793724971
17199,0.9952625370698504
17200,5.340384047377557e-05
17201,0.2327316031391249
17202,0.9993755678282036
17203,0.8674409940295534
17204,0.40023642395258546
17205,0.14459598664410694
17206,0.5643622974296668
17207,0.6739656488801807
17208,0.245504852752335
17209,0.7453734768433359
17210,0.9997713334604845
17211,0.938978132717361
17212,0.007249322230398004
17213,0.01163527672403706
17214,0.37672581220995965
17215,0.0005783809534966491
17216,0.2583762866033647
17217,0.9523594458683831
17218,0.9911824736219352
17219,0.9713648474408918
17220,0.989177857078039
17221,0.21272716419334917
17222,0.976457141066847
17223,0.2092885326266682
17224,0.9994852695921292
17225,0.16789174772423332
17226,0.9718303103149809
17227,0.02250154260781963
17228,0.9805696566832672
17229,0.24374566251364635
17230,0.9833862078910569
17231,0.22783237615877275
17232,0.9985822084607168
17233,0.9973200410706097
17234,0.3352317427959112
17235,0.9015652193150275
17236,0.875700438521177
17237,0.6106250791773623
17238,0.18785903121655959
17239,0.040309661082691656
17240,0.921873301360601
17241,0.9431311294135557
17242,0.09963782721992584
17243,0.9796194014324839
17244,0.04012572246460007
17245,0.9866312019392173
17246,0.8299150057330359
17247,0.5200738933290738
17248,0.02101759268644648
17249,0.12031958550709396
17250,0.9994384343402977
17251,0.25686004875834695
17252,0.006151447584341722
17253,0.10188357644089284
17254,0.9991384999961038
17255,0.9915869741772886
17256,0.9815893457421355
17257,0.6819671790259245
17258,0.12456027119701626
17259,0.9999535948916134
17260,0.9784093612492859
17261,0.9994248193873291
17262,0.000530403789393392
17263,0.12114694122539647
17264,0.07446909840201134
17265,0.1400652179041593
17266,0.0005242945341473693
17267,0.08811769809192938
17268,0.10517242954269984
17269,0.9989780777214536
17270,0.9998957264937857
17271,0.9363288028752461
17272,0.9996551633310137
17273,0.9998871512585829
17274,0.9139887399968998
17275,0.9995730582680609
17276,0.8660257869793329
17277,0.22284729567751807
17278,0.1691592730985377
17279,0.13724574677204626
17280,0.9724537913155206
17281,0.43854869414776404
17282,0.6502754248140735
17283,0.18046997451399127
17284,0.5057748785430302
17285,0.9080627770812665
17286,0.012466134341540605
17287,0.6355753879530609
17288,0.2042244347555677
17289,0.02762614637612973
17290,0.9658856392775332
17291,0.3193017779428529
17292,0.9975147726074904
17293,0.9922574380189234
17294,0.0016614090282255766
17295,0.029014379011478353
17296,0.1669163161493549
17297,0.015283465652820794
17298,0.804028800665888
17299,0.002333864886490655
17300,0.7328520937822242
17301,0.9985396564724951
17302,0.6149965704692986
17303,0.9600219491743954
17304,0.7033034838272988
17305,0.5031464105998195
17306,0.08571080766182115
17307,0.012967248407813891
17308,0.747194557451887
17309,0.28255515530406305
17310,0.1498744337073478
17311,0.004790824906118482
17312,0.0008380364100747884
17313,0.9976572542137196
17314,0.4513918254269259
17315,0.985421992653468
17316,0.1185392308069575
17317,0.9847051914787422
17318,0.08971738682560393
17319,1.0712426051206335e-05
17320,0.9896713024692482
17321,0.4420528181562613
17322,0.961620076103873
17323,0.7741724798202301
17324,0.9993368634517324
17325,0.0039267512081647615
17326,0.9547891404598167
17327,0.1896006417631783
17328,0.6819185812031072
17329,0.9837289865614149
17330,0.18063107820748261
17331,0.5461055392197384
17332,0.0015435752529596295
17333,0.7780795729661724
17334,0.05049708213750801
17335,0.33534307762432836
17336,0.8183174503891024
17337,0.26895403154500785
17338,0.9987702882504917
17339,0.9983378952909204
17340,0.9997873394812669
17341,0.1501111771024922
17342,0.4041615245370073
17343,0.8898061697079558
17344,0.00019495304606730315
17345,0.5882030737007381
17346,0.9795082902844301
17347,0.023050374358087825
17348,0.9399011686369425
17349,0.0222188312823279
17350,0.0056797355446042575
17351,0.9778918809572132
17352,0.8971961072411325
17353,0.9918182362416195
17354,0.995401018131969
17355,0.9983031252311375
17356,0.8891317927306659
17357,0.012815282623511533
17358,0.14847855723097755
17359,0.9240780158085298
17360,0.7585381592558006
17361,0.03663662774245889
17362,0.9745339272204373
17363,0.9468268467476825
17364,0.9791199838890912
17365,0.5120008112562288
17366,0.9943177457946467
17367,0.31806528585435595
17368,0.2123487086767851
17369,0.07037847728318208
17370,0.7802329504237122
17371,0.9865234145710418
17372,0.995492307190193
17373,0.9673606556171888
17374,0.015351099884276022
17375,0.0024981183785380548
17376,0.36978105338189887
17377,0.09360282532130182
17378,0.002670204310098807
17379,0.01813720578000012
17380,0.05991430079498278
17381,0.5691045191930729
17382,0.0009852599625445539
17383,0.06354946863152129
17384,0.20443686621189094
17385,0.5455035622661067
17386,0.521165772946652
17387,0.9406582459860137
17388,0.3581249871830984
17389,0.9978648037975062
17390,0.9047865950926455
17391,0.9999308447350482
17392,0.8800573478291558
17393,0.22631011250737837
17394,0.9957364828133838
17395,0.9884024766741943
17396,0.99986748215386
17397,0.044982823319352785
17398,0.8528049681879992
17399,0.9478692165490221
17400,0.00016463983236125824
17401,0.999731417370601
17402,0.02726802730188428
17403,0.9976388736082044
17404,0.9996809703368117
17405,0.001538917155478343
17406,0.07573932296920967
17407,0.0015027514151168743
17408,0.34234745869279853
17409,0.2435300427552306
17410,0.999983671149521
17411,0.9386131990755123
17412,0.98639591920324
17413,0.04703605152232319
17414,0.0006338160350864282
17415,0.32212896894278686
17416,0.0039018386169001793
17417,0.35881804414415713
17418,0.29189104687423134
17419,0.9482522610663391
17420,0.9289263403152186
17421,0.9911204662801616
17422,0.9426840883205814
17423,0.015396565700395312
17424,0.9414498494089446
17425,0.42812029481515773
17426,0.6343098327591493
17427,0.7564627299311149
17428,0.0004221213701892074
17429,0.0009698651865372292
17430,0.7833258470881841
17431,0.05557149699662008
17432,0.9633332707655236
17433,0.8514156950495365
17434,0.9674494826019424
17435,0.026540481534813004
17436,0.012142250609899577
17437,0.6701141842887864
17438,0.3611267243280169
17439,0.9942919594745087
17440,0.04402416524126514
17441,0.3460814963060069
17442,0.00040905960174862627
17443,0.9811018604582199
17444,0.8002212973078552
17445,0.3716285123097563
17446,0.6226009350305916
17447,0.9968557050825618
17448,0.9974934528200714
17449,0.9818812542380817
17450,0.06931494129415715
17451,0.989996959607446
17452,0.018945603899520866
17453,0.0013702877517313833
17454,0.9730242584210715
17455,0.9395875400586472
17456,0.9948651389383009
17457,0.01883421727397829
17458,0.8472378502114855
17459,0.28100723326558763
17460,0.7016641471446
17461,0.5851874524391704
17462,0.9949142086032435
17463,0.9983964981162355
17464,0.05280136816633342
17465,0.6272163712325847
17466,0.5972060798183974
17467,0.9966182999641469
17468,0.10726748084185735
17469,0.9955916693705175
17470,0.9880405811613326
17471,0.9519555629464734
17472,0.9997036030337687
17473,0.00028880406695550655
17474,0.7622295963842537
17475,0.9876805993582385
17476,0.32232977969236537
17477,0.8140671314460998
17478,7.899134215304421e-05
17479,0.6502665583644385
17480,0.07625773549822865
17481,0.8022598900398387
17482,0.9984050102604196
17483,0.0004881585070809707
17484,0.004057298470239009
17485,0.9149009437246621
17486,0.42510280832312136
17487,0.00021572060449983227
17488,0.011217645444791117
17489,0.98863651088945
17490,0.9958758247473698
17491,0.9882876515562128
17492,0.9816068852271961
17493,0.999506631677305
17494,0.9981290974766411
17495,0.4547181801756015
17496,0.9499169707680566
17497,0.6583457945879467
17498,0.8129940071357685
17499,0.9976070315712361
17500,0.5133754277387247
17501,0.42240527481310697
17502,0.09583814859597703
17503,0.003009183110435483
17504,0.03013867920030231
17505,0.005236563004569692
17506,0.0006354576051197017
17507,0.8154281933277603
17508,0.19732126807604156
17509,0.1668781124118588
17510,0.988693699773176
17511,0.06471581505011897
17512,0.2209034087840718
17513,0.9992318923217943
17514,0.10016782197552855
17515,0.0602824975680226
17516,0.2744447126386417
17517,0.04595796185094605
17518,0.808013743499425
17519,0.6740078418185511
17520,0.9999591242973119
17521,0.8809607882668349
17522,0.7413558576531448
17523,0.9288111336927853
17524,0.1489163689486024
17525,0.9994008848462086
17526,0.00443903785796334
17527,0.009073306346469969
17528,0.9987989790177876
17529,0.9737811885224326
17530,0.5057430774899058
17531,0.12648361040735026
17532,0.9089197846830761
17533,0.9993438933185236
17534,0.0037046704032026086
17535,0.5792772348228903
17536,0.0828252170654416
17537,0.4540633350772421
17538,0.9999963451292809
17539,0.9068152402796819
17540,0.8868392717539666
17541,0.19745877382911234
17542,0.9912524007632293
17543,0.0016646825371580865
17544,0.9999025014943888
17545,0.9999456398830289
17546,0.7239611350548595
17547,0.9993735841785955
17548,0.03823625266992966
17549,0.0015681345292146802
17550,0.0813464714968026
17551,0.30646286184959826
17552,0.9650228444714436
17553,0.9999849500133837
17554,0.9695119787195586
17555,0.9994697276522045
17556,0.6072535465430917
17557,0.9831340029059004
17558,0.21764836543625843
17559,0.00514328843973521
17560,0.9958696393590347
17561,0.5074125713509803
17562,0.9842449737468837
17563,0.5942843049679424
17564,0.8803052935791031
17565,0.00032976259367947753
17566,0.0191447706651055
17567,0.9999653348364699
17568,0.04277403881528808
17569,0.999544596647089
17570,0.00795261736143797
17571,0.1146309569551171
17572,0.632695660004646
17573,0.9844693755022859
17574,0.3884132415891408
17575,0.364817151132948
17576,0.998586009299988
17577,0.5217551674460441
17578,0.971702459719741
17579,0.003297458872253227
17580,0.9997974982907135
17581,0.9860998998680816
17582,0.9999656916009905
17583,0.64430502798872
17584,0.9905850406965993
17585,0.997592368925922
17586,0.9802283793087202
17587,0.10552459255296226
17588,0.9981811039563288
17589,0.7412226312885023
17590,0.005413003110903035
17591,0.7131083628560981
17592,0.8696087684326307
17593,0.9781192334832979
17594,0.07603617169099336
17595,0.626353447995727
17596,0.00664758478444017
17597,0.0014722572599385091
17598,0.8061693399946512
17599,0.024684658837187106
17600,0.001335542226232608
17601,0.03425774765627865
17602,0.8838920274837967
17603,0.01999147393348821
17604,0.9935205565342735
17605,0.014885610250384464
17606,0.9519537752708557
17607,0.6652832508843456
17608,0.03031866548787377
17609,4.4904857588288383e-05
17610,0.48742949260714963
17611,0.9477039713482018
17612,0.000687108788492489
17613,0.5755253782041456
17614,0.7704334493843581
17615,0.025055937338206293
17616,0.18472595043974235
17617,0.0004963893347637331
17618,0.9993460658614836
17619,0.8996892563645157
17620,0.9813592342352925
17621,0.8432419376565119
17622,0.9198190120263822
17623,0.8609991749030764
17624,0.30771833110461494
17625,0.9916728467292982
17626,0.20524659077393834
17627,0.1473943125346227
17628,0.4530204363691137
17629,0.7570074522123473
17630,0.03430213960285972
17631,0.0010794685391093668
17632,0.7836299967552786
17633,0.40202842328902944
17634,0.996654276687425
17635,0.0032654048065448387
17636,0.0786125366475651
17637,0.9910438432605542
17638,0.9992645547811464
17639,0.4908698673541728
17640,0.07279246571564484
17641,0.8067827122713225
17642,0.007288145735266066
17643,0.48157407082103326
17644,0.7474041619957497
17645,0.07195554533340105
17646,0.9858007224230445
17647,0.5442519674771329
17648,0.992759344586954
17649,0.7251301156350558
17650,0.00010120695123247891
17651,0.1156067183639984
17652,0.04070760144570315
17653,0.020474667246296246
17654,0.07450536673774748
17655,0.9507121344411414
17656,0.4838980989537313
17657,0.25724702596612015
17658,0.998394829035474
17659,0.0995543212549677
17660,0.041969880966177014
17661,0.13962168001811845
17662,0.16658141351958566
17663,0.9820996336347995
17664,0.9986153449472631
17665,0.7251215597857474
17666,0.8131674396688969
17667,0.4115016023899352
17668,0.0001423795513385489
17669,0.9744460469547754
17670,0.0354555107276897
17671,0.0003294943222381949
17672,0.9985655048588425
17673,0.9979569195067651
17674,0.8666093904422537
17675,0.9236280836150896
17676,0.014911167472574434
17677,0.9999436186771855
17678,0.9931251418251642
17679,0.11672224266380393
17680,0.12900961652737342
17681,0.5179468591191041
17682,0.6469690857854975
17683,0.06530845532911428
17684,0.22661872409716083
17685,0.016171909147684068
17686,0.9830245088310854
17687,0.005287646223629617
17688,0.9995196833340184
17689,0.5773088103370404
17690,0.18014027749741401
17691,0.11904426396136211
17692,0.13437080334866452
17693,0.9310442587619241
17694,0.8730196626188689
17695,0.9885769392129815
17696,0.6169627745879518
17697,0.34799296181985667
17698,0.9960466958530103
17699,0.02446816757722857
17700,0.9993743147558195
17701,0.1513868605266389
17702,0.9416763117361039
17703,0.11935288837928866
17704,0.009928061444053938
17705,0.19496659755364337
17706,0.17477919401048525
17707,0.8176663333365475
17708,0.8593603862622508
17709,0.18932052040885283
17710,4.528862504986816e-05
17711,0.7524108096768074
17712,0.007994954153161577
17713,0.9616203362705774
17714,0.3996731406786948
17715,0.999997822079262
17716,0.9995829347858481
17717,0.9921478729617198
17718,0.0015785676299893848
17719,0.44454423971295653
17720,0.16036953088295816
17721,0.9988530117887218
17722,0.005624907852054762
17723,0.006274657206521043
17724,0.6541175187329077
17725,0.6354213400301333
17726,0.9929399415967964
17727,0.00043054933867475004
17728,0.9358802388555708
17729,0.018733570268285524
17730,0.10600295970897636
17731,0.8359079331601207
17732,0.05696845486106511
17733,0.15171053255529413
17734,0.9708373226536753
17735,0.00018252280233007636
17736,0.008878583551461365
17737,0.12776972986385965
17738,0.949182262612584
17739,0.9895748754367515
17740,0.762052574943371
17741,0.9180687180368236
17742,2.557324476399101e-05
17743,0.09185832413484905
17744,0.3322163968500794
17745,1.007050456794404e-05
17746,0.9534046195938485
17747,0.7467810614085694
17748,0.9838705798796493
17749,0.7968831217462816
17750,0.9959153774187973
17751,0.8038822801574338
17752,0.9635019039078715
17753,6.321397417855856e-07
17754,0.7694702326161023
17755,0.8200873717423519
17756,0.9943109944157283
17757,0.9509662954975637
17758,0.18170967618066408
17759,0.3814946350274454
17760,0.8194551732127754
17761,0.021915018484490966
17762,0.1327917080119204
17763,0.9821105942651225
17764,0.9978898645681136
17765,0.6578450722841488
17766,0.9573225249339996
17767,0.029274790185909186
17768,0.23822023299065748
17769,0.8780971668234846
17770,0.9855482470084636
17771,0.8827565552795547
17772,0.6111987549895879
17773,0.9387420123003671
17774,0.9951159402849286
17775,0.8734418364134541
17776,0.02273195205035487
17777,0.9679750642598697
17778,0.8373366046594696
17779,0.9687091953147765
17780,0.7739722217828686
17781,0.035118510018037216
17782,0.996480489066828
17783,0.9994406667126687
17784,0.29275912094417594
17785,0.01385392274324048
17786,0.8670006790490505
17787,0.49786022247918105
17788,0.9996317768981988
17789,0.08066528720066883
17790,0.03719854118504052
17791,0.9961203828133054
17792,0.004037447943604275
17793,0.9917349384015084
17794,0.037957313257548586
17795,0.30766828281207886
17796,0.05917904347312041
17797,0.911732277408997
17798,0.9468843477849415
17799,0.9957114444795941
17800,0.26513069243420284
17801,0.8888698382382052
17802,0.9999857574832827
17803,0.9696566509828514
17804,0.00020250766384636486
17805,0.06938829217976807
17806,0.05006568171428857
17807,0.24512725400644395
17808,0.9996433070384763
17809,0.999890890916712
17810,0.00013776072334480352
17811,0.47303207616830145
17812,0.970027379896922
17813,0.9658535510946563
17814,0.0575344532327994
17815,0.9858328626980932
17816,0.006947284281145986
17817,0.9698664714583869
17818,0.9994617634328884
17819,0.04956745663581641
17820,0.34107450147716106
17821,0.001141273745127346
17822,0.8261844923581096
17823,0.6643443481827053
17824,0.011635141992755114
17825,0.9808389195068785
17826,0.6635205686311084
17827,0.013824318681488928
17828,0.2058549769839146
17829,0.9786507929211207
17830,0.22314131356703024
17831,0.48067558052472104
17832,0.16410456320814573
17833,0.00043218735151929046
17834,0.925517548411341
17835,0.995993549104221
17836,0.12209209842020598
17837,0.0720197901432486
17838,0.07504597498811409
17839,0.8223402908944605
17840,0.0491517564311419
17841,0.9876460191860762
17842,0.6945532802401019
17843,0.9992928598649979
17844,0.17662762547168293
17845,0.17344253989970107
17846,0.6035667986743759
17847,0.0005484712213454922
17848,0.9946187304672182
17849,0.26845018020363304
17850,0.06029815250376279
17851,0.024536488176319662
17852,0.00037458638962283014
17853,0.9881197796311032
17854,0.032861327623573196
17855,0.14619490111794506
17856,0.0017587288928334493
17857,0.21358792042274122
17858,0.5329420502620829
17859,0.6242038164056223
17860,0.8343155050843557
17861,0.012401468089225284
17862,0.9999736244206154
17863,0.09151250303116458
17864,0.9929981408010682
17865,0.580522738255258
17866,0.27316523464910375
17867,0.7611296701106487
17868,0.15861469874687525
17869,0.29513494554849135
17870,0.9491731895220511
17871,0.672232193400812
17872,0.21072983096920864
17873,0.6921224743488414
17874,0.05143116856486357
17875,0.9996528797654606
17876,0.9939633036845054
17877,0.6786034421820923
17878,0.8244508643987282
17879,0.5179751278840876
17880,0.3128303404671054
17881,0.9958318428388487
17882,0.008043889771615636
17883,0.0010091392581218566
17884,0.9243079117986128
17885,0.026417825357658485
17886,0.3340857249703166
17887,0.00015199389558366192
17888,0.9923357006892164
17889,0.9791404315710174
17890,0.9975280095184754
17891,0.6158018609289367
17892,0.179974450162508
17893,0.023448261870566818
17894,9.80822143896265e-07
17895,0.9752969138125259
17896,0.7810747128910731
17897,0.9470973048703729
17898,0.9494985659419273
17899,0.9989020323230297
17900,0.9880095887255828
17901,0.9903486408056685
17902,0.7848602412752531
17903,0.9954197217014541
17904,0.47847208688348997
17905,0.023475927830646292
17906,0.030877409977266315
17907,0.009787092064379844
17908,0.8420737589752194
17909,0.9771903170896046
17910,0.13957705829257414
17911,0.3909220823130965
17912,0.48608906955000764
17913,0.5943513015553292
17914,0.9779911732130812
17915,0.9682314681110522
17916,0.009254487328116493
17917,0.9248435720929824
17918,0.9392995741284876
17919,0.11674558030391068
17920,0.006750991559777392
17921,0.25691816108189075
17922,0.8666431267507575
17923,0.9813532794548778
17924,0.2652814232247377
17925,0.15310066152888238
17926,0.23409681924005682
17927,0.8544381038891962
17928,0.6875191886605397
17929,0.8182009133433862
17930,0.3483072086619955
17931,0.17747524635419884
17932,0.9648137125769922
17933,0.7681124964132687
17934,0.8302031489297761
17935,0.9994510766623264
17936,0.10200899306582513
17937,0.974270379444015
17938,0.46816725069744325
17939,0.0010801959531215933
17940,0.9975635976428736
17941,0.8397276380556786
17942,0.1050134241742686
17943,0.9983517939825889
17944,0.9997867200677795
17945,0.9869528240098524
17946,0.42226301263187743
17947,0.9998826966081229
17948,0.7453659203110692
17949,0.4837004504126653
17950,0.6626028025978811
17951,0.8420358645964672
17952,0.20259997860301987
17953,0.008041909420090977
17954,0.8492295851278592
17955,0.0395842107495889
17956,0.9971484110626974
17957,0.9992261171334995
17958,0.047883965491885956
17959,0.9873945173363613
17960,0.30301346892998005
17961,0.3166957045638924
17962,0.8963569579506911
17963,0.18109142857182353
17964,0.6080315989712274
17965,0.993523686188673
17966,0.9867108595988503
17967,0.15006308704184884
17968,0.3731283964437429
17969,0.9273620997934101
17970,0.39628375259685644
17971,0.16552548747932028
17972,0.0004948419485173393
17973,0.9312058923352908
17974,0.9298973350740619
17975,0.9998937731687274
17976,0.9978461449523002
17977,0.7327788881370145
17978,0.6086194654029383
17979,0.950765031188274
17980,0.6532241045893936
17981,0.3647518505096723
17982,0.18130973295174668
17983,0.0013447391465072948
17984,0.09352947762236896
17985,0.9800339685043878
17986,0.9996830348003138
17987,0.29937374205286965
17988,0.9390173903311715
17989,0.6585438116745701
17990,0.8693354876148884
17991,0.1281345625847264
17992,0.6997863117525321
17993,0.9364021486122945
17994,0.7755185522541248
17995,0.7968866626339781
17996,0.9911722623872528
17997,0.7077065515726623
17998,0.9923428151162833
17999,0.8209460502608599
18000,0.9872935984630575
18001,0.03799170305654475
18002,0.5516344139195583
18003,0.6401639698511475
18004,0.37918905465203334
18005,0.00041419524161313874
18006,0.01615954467109321
18007,0.654639703431166
18008,0.0009198641399299477
18009,0.9904480506034758
18010,0.007952475842107846
18011,0.02909785919366464
18012,0.2930198743127155
18013,0.004470674341988419
18014,0.33997125578063647
18015,0.07111792584926195
18016,0.17481128841996701
18017,0.10392224736285988
18018,0.5938413898360085
18019,0.9834197389251779
18020,0.020812395343319072
18021,0.5588321426338985
18022,0.17088603049818415
18023,0.9404291320094775
18024,0.9641629387298709
18025,0.9832943202343
18026,0.4257177352283068
18027,0.09486624831871468
18028,0.8897518187506845
18029,0.9672620053127094
18030,0.004881131067417055
18031,0.03850926982120555
18032,0.20279599764427692
18033,0.9753517291257993
18034,0.9904466693704186
18035,0.0002467295542444768
18036,0.9997076603866575
18037,0.14168705032980972
18038,0.7586220688532458
18039,2.6434433801267204e-05
18040,0.9999341889189479
18041,0.9999943065800396
18042,0.11130922150138309
18043,0.8375581454675256
18044,0.0005120688028438578
18045,0.01605318187485785
18046,0.062321269393145834
18047,0.8920507135262452
18048,0.9980429525944946
18049,0.9702269143341286
18050,0.9999746775945492
18051,0.00505252577644462
18052,0.0121737484229224
18053,6.60190136664035e-05
18054,0.8129868821138572
18055,0.15056273758239339
18056,0.9482263632235497
18057,0.921770364867829
18058,0.013866329990460355
18059,0.010019702005776537
18060,0.994175947483461
18061,0.9923566932136024
18062,0.9475324482175109
18063,0.8170114204691357
18064,0.36257908776190745
18065,0.7449559313054025
18066,0.03613210927484015
18067,0.9917853612776121
18068,0.5906547192425887
18069,0.14602895828070392
18070,0.0063731949607691
18071,0.0010527441558153003
18072,0.1322503620854332
18073,0.9852676446058086
18074,0.2966293772281927
18075,0.02607175868566816
18076,0.7352804386516373
18077,0.004578131966501072
18078,0.0003650283070251358
18079,0.9955529304775436
18080,0.7872500632951928
18081,0.9823813282235079
18082,0.007942063071614732
18083,0.9765105545357724
18084,0.9957015207854387
18085,0.9824026335854533
18086,0.0006905528265614099
18087,0.0012694479942807748
18088,0.678121830240269
18089,0.39332345715931893
18090,0.4448653656442681
18091,0.5004049858844597
18092,0.5074949041589613
18093,0.27751798081223256
18094,0.8566166761432616
18095,0.9999849237472886
18096,0.3990346826768809
18097,0.0004952211714972692
18098,0.04214800263995342
18099,0.023374736151009535
18100,0.10918048427692024
18101,0.9492508557749929
18102,0.9864492128938376
18103,0.924768665571514
18104,0.9987013030835246
18105,0.9995384889818887
18106,0.050459372670057435
18107,0.06725837159105434
18108,0.9999669506279734
18109,0.001302262092369184
18110,0.7501902050048403
18111,0.32650357657940343
18112,0.001589954623221417
18113,0.8794909979525193
18114,0.8934943834274122
18115,0.35066271873293015
18116,0.005347069168464
18117,0.8690842776300826
18118,0.9978130419445949
18119,0.9951774480029474
18120,0.8764658642327892
18121,0.9983567045419294
18122,0.03143851108482678
18123,0.5961333124710732
18124,0.9057566172524422
18125,0.12095502133548768
18126,0.9985016210517349
18127,0.0048793722144146396
18128,0.9999527639779856
18129,0.2826007260704055
18130,0.9992318366136425
18131,0.34781534348269216
18132,0.22259474682985367
18133,0.8768732259172188
18134,0.0019147277379181226
18135,0.9567875815944098
18136,0.002091516839440878
18137,0.7937255052925235
18138,0.9647015305613189
18139,0.9965488467746505
18140,0.9904975765703158
18141,0.9699161154169123
18142,0.0021125343698370977
18143,0.002448072014613952
18144,0.3776974708058457
18145,0.0035696993060036026
18146,0.2372750378163766
18147,0.007567075769897919
18148,0.6968158464842007
18149,0.09689356727969459
18150,0.007357777287672375
18151,0.820799370313728
18152,0.8895545040970197
18153,0.17240456896210365
18154,0.43466533656813955
18155,0.002288412910562724
18156,0.990656821840708
18157,0.9607129337872976
18158,0.7984696004908693
18159,0.9972626539745904
18160,0.679780180796959
18161,0.005541267923446879
18162,0.32050545546779574
18163,0.38205707284401336
18164,0.018050367622398398
18165,0.16565414972532533
18166,0.29199737540578713
18167,0.9951046070029955
18168,0.8863724336668322
18169,0.9375677862687382
18170,0.42334135717936094
18171,0.8410833685131356
18172,0.9196700155600287
18173,0.4882403937350139
18174,0.8246327876551824
18175,0.8348044560585999
18176,0.928470938822104
18177,0.005278683374957897
18178,0.9502882268300531
18179,0.9976878641657997
18180,0.0003909754616578199
18181,0.9989133838974856
18182,0.0338133123504017
18183,0.9825030285793747
18184,0.8732162076596803
18185,0.00020700183740838168
18186,0.2618236728139741
18187,0.6182413677551197
18188,0.4738734552728291
18189,0.9993201240066357
18190,0.8198666077243568
18191,0.0004992559648258494
18192,0.9505008864013937
18193,0.047418070581603994
18194,0.06452115635139302
18195,0.038477376173390074
18196,0.22104127115875352
18197,0.9989630822662513
18198,0.09549907816018434
18199,0.9671984238728021
18200,0.9883914668278042
18201,0.0021885081565838843
18202,0.8905925283845213
18203,0.015054284371205314
18204,0.0060800778995551375
18205,0.32816241397847473
18206,0.8597230014103692
18207,0.9976686376996585
18208,0.6588549271786781
18209,0.14295662855248545
18210,0.24836294911185686
18211,6.758281041176256e-05
18212,0.2974739853152881
18213,0.9979650564541247
18214,0.953974802457314
18215,0.9975907880451378
18216,0.009632090357531936
18217,0.0016184105603310086
18218,0.8978292177639112
18219,0.9995493561290291
18220,0.6623549670174053
18221,0.9809564784061483
18222,0.08714106676080713
18223,0.9993398774093326
18224,0.8445961852341752
18225,0.9998871189288193
18226,0.00752461472257587
18227,0.4190750672433331
18228,0.9853725175849595
18229,0.10962896490087935
18230,0.9961030994666262
18231,0.0036584471794640396
18232,0.19509011255956246
18233,0.7426533040796838
18234,0.27194544285379335
18235,0.9994765550609847
18236,0.11418231769904295
18237,0.995100761256679
18238,0.8063212671671175
18239,0.79961541299954
18240,0.003084624526346763
18241,0.116338615067716
18242,0.8926379851531694
18243,0.004909050187141152
18244,0.9988208607001584
18245,0.6627128976390616
18246,0.942676160689886
18247,0.9246875529313987
18248,0.9888176297521014
18249,0.014893807599972555
18250,0.14951944088914004
18251,0.02025522778063787
18252,0.8856643301775845
18253,0.9871402024456647
18254,0.2032015021980417
18255,0.9772735399676217
18256,0.960845586876326
18257,0.3232156403128669
18258,0.0011438704122798211
18259,0.3564063100799153
18260,0.9886746015441547
18261,0.18959608539202621
18262,0.7733458133510238
18263,0.21571545190277333
18264,0.507033113846449
18265,0.9974450463771739
18266,0.997319045731395
18267,0.1454136027795803
18268,0.03473457605863059
18269,0.9774639189548318
18270,0.27857810629116403
18271,0.495283378611459
18272,0.6835280115179617
18273,0.5222605552984213
18274,0.6837618288806725
18275,0.8104966897550174
18276,0.018557144606798966
18277,0.0013548185988990805
18278,0.9681950011080477
18279,0.9965243856972187
18280,0.0035766357800173856
18281,0.9556604107860793
18282,0.26739168260838375
18283,0.9460481485350126
18284,0.009190745999513228
18285,0.3694569665759901
18286,0.13054625888928575
18287,0.09102483811622879
18288,0.9992884895745269
18289,0.6986248715556496
18290,0.026276979387043178
18291,0.052800548824119255
18292,0.9996628463596696
18293,0.009599458173402915
18294,0.009540729817377955
18295,0.00417039553809396
18296,0.9133806139862168
18297,0.9876684367248378
18298,0.434767762917834
18299,0.8569062547124652
18300,0.28281598597391583
18301,0.43184029518156664
18302,0.996527979303308
18303,0.04730942218160867
18304,0.912174938614088
18305,0.21378779826203165
18306,0.8558258584971707
18307,0.9798054927565506
18308,0.011618458585776236
18309,0.9982211620306791
18310,0.004307370671213508
18311,0.9998342709623373
18312,0.383427937537517
18313,0.034998708405050996
18314,0.26577630832170307
18315,0.991051633896082
18316,0.4763595635964837
18317,0.0024643529493466425
18318,0.1841942714203994
18319,0.982717068031212
18320,0.18175227697494659
18321,0.0007421108247011383
18322,0.8064700613650109
18323,6.187099547098445e-08
18324,0.00317783491353555
18325,0.0027269818213077595
18326,0.008675649316661966
18327,0.3588774912797733
18328,0.8884385665124013
18329,0.7917789516892524
18330,0.2840169520948919
18331,0.8165900161873275
18332,0.9669899226896541
18333,0.4624911128685949
18334,0.0019979965340731886
18335,0.8263222064965664
18336,0.09935759747916494
18337,0.9941942049079096
18338,0.6864718569199059
18339,0.07062020639251777
18340,0.10976564837662296
18341,0.20775749352140116
18342,0.9999562970857221
18343,0.9874303162783481
18344,0.9965267855493508
18345,0.3325519003686388
18346,0.9484807481678827
18347,0.004069453335742876
18348,0.000334050237163064
18349,0.7269357618731764
18350,0.04190273678603453
18351,0.5049794006954628
18352,0.978981664104836
18353,0.002810889759323161
18354,0.5387704339195676
18355,0.7596422560644681
18356,0.690175400944564
18357,0.012451585043657207
18358,0.07959729415378496
18359,0.9844706404984788
18360,0.976503839712159
18361,0.0001643167495841752
18362,0.12708003148767566
18363,0.8451368607561255
18364,0.05300770979100443
18365,0.9316346242995026
18366,0.0005728770301758405
18367,0.7382743398120842
18368,0.9985638581483548
18369,0.9985867541406626
18370,0.4950909845950325
18371,0.16393695918858092
18372,0.3683175965062548
18373,0.29704238224610746
18374,0.9500605947523856
18375,0.0031037776566803627
18376,0.23341191213018495
18377,0.9989447943396927
18378,0.422648294533433
18379,0.9930722129142862
18380,0.9996348203498628
18381,0.0061217183584803304
18382,0.7991437419641461
18383,0.9997505873640758
18384,0.9804524660942338
18385,0.9563836199497342
18386,1.1816412649754336e-06
18387,0.0005914650582869115
18388,0.8606485885068021
18389,0.9844165626874063
18390,0.25692740497640976
18391,0.00038699293290536457
18392,0.9990736851242259
18393,0.01998806358066089
18394,0.0053082872281647615
18395,0.001830783094781516
18396,0.9506670911958046
18397,0.00012972910970677817
18398,0.6023714576995333
18399,0.4352112923316872
18400,0.5277021304996896
18401,0.2659950835730198
18402,0.9193253750894449
18403,0.7007946585194865
18404,0.008155688310836644
18405,0.9998508233305468
18406,0.22666837445024623
18407,0.9399184497714664
18408,0.9999648062981764
18409,0.4222247423131896
18410,0.009535354250916277
18411,0.6619121413861422
18412,0.31421258590499196
18413,0.9941734296868888
18414,0.045525406660101686
18415,0.0346972524861388
18416,0.294455207527106
18417,0.97038214276101
18418,0.009814513821666832
18419,0.6302760089580838
18420,0.6834515243225172
18421,0.15003382377758068
18422,0.9906324940459539
18423,0.23561417914835148
18424,0.8732327132654742
18425,0.013063495637351631
18426,0.9986792199500535
18427,0.997437699733477
18428,0.4749721149278574
18429,0.9994431253052031
18430,0.021291500376606022
18431,0.4545877385019838
18432,0.01768436557595912
18433,0.4725709612087581
18434,0.9972639896141409
18435,0.9708152364597787
18436,0.9997204816601832
18437,0.6552075436172787
18438,0.9877432285893285
18439,0.37094251788376675
18440,0.0803395955327413
18441,0.8151483247088346
18442,0.020092437900469957
18443,0.06665633593742146
18444,0.6399253332224504
18445,0.0005781026258038943
18446,0.02732336028541413
18447,0.40350419467989773
18448,0.023725852482798602
18449,0.9948705789635537
18450,0.1961695042100905
18451,0.9860350330140195
18452,0.9972332462020777
18453,0.0003499588381722669
18454,0.0008748948791681577
18455,0.9964228766604641
18456,0.012110216791430149
18457,0.0009289898030079804
18458,0.17282461448934033
18459,0.0015999840082627098
18460,0.9999852052598781
18461,0.267684284223448
18462,0.999990113023692
18463,0.2923085830405914
18464,0.6670877792670765
18465,0.9190417260097608
18466,0.0006851922305546355
18467,0.8654817499848816
18468,0.8759139580672244
18469,0.9553191580968954
18470,0.6979401079239341
18471,0.2660429417945057
18472,0.9955201333835465
18473,0.9964033097605127
18474,0.25090565910314067
18475,0.6981426340876296
18476,0.009521991038179814
18477,0.09203845072993391
18478,0.01446448474220924
18479,0.9459071402239141
18480,0.6032739165678744
18481,0.9990801457338868
18482,0.9992429383656233
18483,0.2143660195833838
18484,0.023751520315720212
18485,0.2868727508915597
18486,0.04826259134202015
18487,0.265118066862911
18488,0.9684346021005386
18489,0.9963238640068331
18490,0.7694429559266608
18491,0.9989357332440126
18492,0.15495436191499817
18493,0.007452457402201095
18494,0.8800385655003744
18495,0.9960592528674331
18496,0.8740554978593325
18497,0.6863678560439419
18498,0.8897928511141753
18499,0.4298458696632684
18500,0.009991187631627426
18501,0.7158912511856487
18502,0.24737590787007666
18503,0.9983773939767928
18504,0.17266777685078302
18505,0.17151421092774272
18506,0.002349395366068636
18507,0.5260313277606018
18508,0.9986803540519221
18509,0.8250595021109688
18510,0.9284764336100928
18511,0.4623552807121252
18512,0.5362512487862872
18513,0.003854980818595689
18514,0.05113060103359591
18515,0.971186497674412
18516,0.8106678250584345
18517,0.1560732357618466
18518,0.07440521427502202
18519,0.632436596049101
18520,0.019491615649182115
18521,0.8458778913993779
18522,0.4805452378722416
18523,0.20066035539864352
18524,0.07137560572871746
18525,0.10678200223384769
18526,0.9315038587081638
18527,0.06900701230520842
18528,0.0003389374520208866
18529,0.7427480139105546
18530,0.7983923405552036
18531,0.05836690569197484
18532,0.03660149106928942
18533,0.2675799474929093
18534,0.8609193788877095
18535,0.9948547294203942
18536,0.007636618408508768
18537,0.36753632802530656
18538,0.4795933233707893
18539,0.9873195306697505
18540,0.928296466025192
18541,0.08459285307946111
18542,0.10593699763090421
18543,0.5396352034245452
18544,0.17597812483085945
18545,0.8222312450185197
18546,0.988765934521918
18547,0.258962421349115
18548,0.009629477548608588
18549,0.035324039468589565
18550,0.9997688184706369
18551,0.9103272755092815
18552,0.00017567614918604074
18553,0.03772481954043029
18554,0.3463707093249219
18555,0.3192836365044658
18556,0.6749538229267794
18557,0.6882808269293297
18558,0.8371662187832815
18559,0.984991117539152
18560,0.4225161044675777
18561,0.31367965642292084
18562,0.9129103168366218
18563,0.247728046944058
18564,0.8412966065789745
18565,0.9959764850489687
18566,0.999646638677377
18567,0.10421342598598786
18568,0.9997697049102667
18569,0.007649322703383138
18570,0.9996746802298145
18571,0.0021661003049577975
18572,0.8462747422577485
18573,4.667069476519956e-07
18574,0.9999016662238319
18575,0.965049600675885
18576,0.8792668706827865
18577,0.007653495179273734
18578,0.09491511938539596
18579,0.9896656996044293
18580,0.00048539646068371624
18581,0.08843393429597622
18582,0.08974212404349416
18583,0.0301573025276005
18584,0.5418213493259126
18585,0.02731021091991274
18586,0.00147065629076683
18587,0.9593915810398009
18588,0.018232820754480288
18589,0.02157550388959944
18590,0.9990102451678288
18591,0.08226725328075464
18592,0.33308000326522236
18593,0.9455773856008572
18594,0.006154774477110017
18595,0.1011870405663421
18596,0.9993447868257033
18597,6.959867819098965e-06
18598,0.0005299025218397824
18599,0.9855029304966861
18600,0.3590883592042314
18601,0.8059255329995261
18602,0.47983508001117897
18603,0.0016575257078641247
18604,0.9018615698380229
18605,0.9878422055740399
18606,0.717483887816301
18607,0.980189283255255
18608,0.39877172396638144
18609,0.001950949089740659
18610,0.13102461791953987
18611,0.8753941644969009
18612,0.9987824697778543
18613,0.48117440449785454
18614,0.6633577906451231
18615,0.419269848045741
18616,0.0013370869870630857
18617,0.016443679369312326
18618,0.8017329811832641
18619,0.7231294310872852
18620,0.9999644120937066
18621,0.9494823206426352
18622,0.0027330213186990285
18623,0.27705387958450334
18624,0.03695281597681376
18625,0.3127610487627742
18626,0.0653956565688584
18627,0.4915779945089971
18628,0.998547966714648
18629,0.062357681837950416
18630,0.13920812885029443
18631,0.9999996844922571
18632,0.9999972299991595
18633,0.9998259117487506
18634,0.0007057668682284085
18635,0.00012399159239689705
18636,0.998952892885043
18637,0.0015260863308373626
18638,0.9335865256341798
18639,0.13555901945795867
18640,0.954591012963563
18641,0.009288076591199753
18642,0.9996908472105249
18643,0.5471176200077151
18644,0.2818603985694833
18645,0.0018512539805562095
18646,0.9999031447239751
18647,0.6091484878222613
18648,0.16027884578835616
18649,0.36989020374831766
18650,0.9962891296364168
18651,0.6400571535331676
18652,0.9977039357140143
18653,0.5406210715110049
18654,0.9204521395569433
18655,0.001224011094667076
18656,0.15693599576316836
18657,0.9744626790553972
18658,0.9379958416988647
18659,0.9735924466896836
18660,0.9967447659917333
18661,0.9068784087325156
18662,0.3400912475551073
18663,0.2105749947244777
18664,0.036749414729342324
18665,0.9927033768092945
18666,0.6703356969306113
18667,0.9947161777989942
18668,0.09782756118498181
18669,0.32837566009858793
18670,0.15017841294280063
18671,1.6601850941331995e-05
18672,0.904460644148727
18673,0.3247107565258722
18674,0.014711712803491947
18675,0.9910986091563316
18676,0.49198064743297976
18677,0.8830571410765021
18678,0.9737592792449231
18679,0.9999296018227994
18680,0.000622910755686893
18681,0.8329468515420686
18682,0.005719133988673493
18683,0.9999522433171241
18684,0.8323996157109552
18685,0.39697321086677734
18686,0.1105529568478954
18687,0.934242408125318
18688,0.01907128508705906
18689,0.15975019035820748
18690,0.9410900738257456
18691,0.45482404960630995
18692,0.9924276218283107
18693,0.21118496026413128
18694,0.999913513508199
18695,0.1253112107349366
18696,0.007985617966512844
18697,0.025027276753779623
18698,0.4350012236810381
18699,0.001652640284813529
18700,9.782639223001746e-05
18701,0.024027797960474755
18702,0.06854789034744085
18703,0.32298517970246726
18704,0.9958553950972362
18705,0.161704265073059
18706,0.776849854711264
18707,0.9786630205469431
18708,0.6810795979739135
18709,0.41853834022369607
18710,0.27802235172733386
18711,0.3256851962241431
18712,0.9428332421807308
18713,0.14219593866290656
18714,0.8977297927775105
18715,0.993918755699384
18716,0.052820381871489415
18717,0.9644697189652615
18718,7.768204846795971e-05
18719,0.0002726777321045561
18720,0.8467183728878251
18721,0.990062295311723
18722,0.0018800459448917576
18723,0.8964971122780955
18724,0.6498167803519486
18725,0.4809360918561903
18726,0.9709802271667888
18727,0.9982961732422387
18728,0.05633465731346357
18729,0.2225709743759405
18730,0.5650917771385187
18731,0.3354448616705812
18732,0.6425312230908591
18733,0.06029112053160517
18734,0.2950977611854249
18735,0.020123858865654935
18736,0.5727174350867908
18737,0.9996621131701058
18738,0.022777409627736216
18739,0.9971139344925513
18740,0.006090459044610155
18741,0.9996493131642803
18742,0.03080904815461717
18743,0.9801359514155782
18744,0.9972762253401839
18745,0.00026758847501784697
18746,0.010146992141690837
18747,0.0006864804358427018
18748,0.008999872781440228
18749,0.46631986217402194
18750,0.954261586416833
18751,0.9665654683499976
18752,0.9467853320026566
18753,0.1603654266019564
18754,0.9945164240588835
18755,0.012261220391338399
18756,0.32522835687685225
18757,0.6179891329534875
18758,0.00033476571502682274
18759,0.045928675490460834
18760,0.4084913458050729
18761,0.743951231028228
18762,0.46766859447980286
18763,0.8076254913840435
18764,0.002470414151380179
18765,0.9961741003299255
18766,0.9996300801604017
18767,0.9796217860098179
18768,0.7411119794536757
18769,0.9641605131516782
18770,0.00043564455082549904
18771,0.9953516533308926
18772,0.9993830064036935
18773,0.8965061651762603
18774,0.00535675072126603
18775,0.9712597090001236
18776,0.4716765176594904
18777,0.10110352193591424
18778,0.9939022589282924
18779,0.7373860843091977
18780,0.0711408747753214
18781,0.3355450893403388
18782,0.05691916157205277
18783,0.9964336911768613
18784,0.9680139005181929
18785,0.9998723142639294
18786,0.9873862179136702
18787,0.4814000674131688
18788,0.19518316199463717
18789,0.9993920779478831
18790,0.40330601261238236
18791,5.8669538197542e-05
18792,0.15138584865810858
18793,0.1069234630491915
18794,0.3569998736970035
18795,0.932008519201629
18796,0.03712846536078457
18797,0.9482378200151446
18798,0.23903310164541228
18799,0.7103585493253024
18800,0.6074383762245997
18801,0.07914136704603025
18802,0.45746812959109856
18803,0.9271655251211621
18804,0.9976838075121981
18805,0.07970246435686035
18806,0.06888074972537177
18807,0.8219910741740176
18808,0.9923257329494972
18809,0.0033250349344937534
18810,0.0015196298519571624
18811,0.9985656334706163
18812,0.2950110656045489
18813,0.43082232208592736
18814,0.03575647474094887
18815,0.23436534896035474
18816,0.18193587507898804
18817,0.8823577817661482
18818,0.014374412121693258
18819,0.48796013842480485
18820,0.4144982155944823
18821,0.9881001637635264
18822,0.936001447193279
18823,0.994149916448112
18824,0.8773137981345239
18825,0.0005030315488542994
18826,0.9422004369222281
18827,0.9761638977781828
18828,0.8731433448294196
18829,0.97691496853146
18830,0.7829120970922147
18831,0.9726790607903842
18832,0.9863905656846561
18833,0.9412032173951611
18834,0.24260276010384302
18835,0.9927177741209372
18836,0.21113152453458206
18837,0.8740615128064382
18838,0.6554256298549573
18839,0.9980423457547141
18840,0.7893921454815822
18841,0.9991847851324478
18842,0.9983019796729756
18843,0.07396417255906895
18844,0.9210901172195084
18845,0.03592989270799951
18846,0.9819806617693957
18847,0.19172517730369618
18848,0.3709598170555434
18849,0.08518714202637861
18850,0.9952300771496578
18851,0.8157280421713892
18852,0.255043588469324
18853,0.003702412432703603
18854,0.9823084294553939
18855,0.18711101106853054
18856,0.7568568054739704
18857,0.9994228412907927
18858,0.032535398750478894
18859,0.042028168686537366
18860,0.24433188065746678
18861,0.27708874926402116
18862,0.5733715200282631
18863,0.16859232567826632
18864,0.14507201535750344
18865,0.9946686276583456
18866,0.009970533098690284
18867,0.006375864556411773
18868,0.8855719028506569
18869,0.9677115870008928
18870,0.5852499703472542
18871,0.29691184845464996
18872,0.9812026264220997
18873,0.9231013810961157
18874,0.1509379712424554
18875,0.29360814744481784
18876,0.20960337390348077
18877,0.9996376221526273
18878,0.5360920753021245
18879,0.11884410583941972
18880,0.7962011743116246
18881,0.01801372802956596
18882,0.848011586694308
18883,0.0015850653882585484
18884,0.006646636579953875
18885,0.6024634407930106
18886,0.0005376749449487743
18887,0.9686057089317215
18888,0.7717142568757023
18889,0.08664877105635228
18890,0.9294164549030087
18891,0.23528749274356892
18892,0.22248711233410753
18893,0.29614723702879936
18894,0.40019463609684097
18895,0.20677152222479642
18896,0.08995946775834733
18897,0.020907364605701
18898,0.9998520945642524
18899,0.0004295290176152685
18900,0.006044695124552693
18901,0.0033795612885442043
18902,0.03190530203620685
18903,0.8600518654434618
18904,0.882853701011857
18905,0.3963345318518109
18906,0.004333534138604807
18907,0.19723115909779812
18908,0.35354358928212265
18909,0.7667967852879486
18910,0.018496539943467602
18911,0.18708809776084726
18912,0.9987198478639484
18913,0.9703311311058476
18914,0.023450263429713705
18915,0.011031448621668103
18916,0.010595269163331276
18917,0.6382306317454439
18918,0.2144264959865729
18919,0.37104305070722454
18920,0.7337940601158845
18921,0.3660269575832014
18922,0.968929069081834
18923,0.8057171704021073
18924,0.18883665815167486
18925,0.5171577320049346
18926,0.15820169101328455
18927,0.9967003515273842
18928,0.8204336418295856
18929,0.6957563022642123
18930,0.0005633878691387849
18931,0.9991196809800629
18932,0.9890650532489852
18933,0.9695434319350745
18934,0.9310762236342705
18935,0.021215819304835046
18936,0.8095326248216512
18937,0.5953426639256431
18938,0.6202661247677903
18939,0.03802121145729301
18940,0.13805423028672226
18941,0.9646369675601172
18942,0.9640558771987011
18943,0.9932169263405566
18944,0.9982636830273227
18945,0.41182070055869596
18946,0.8943674767738214
18947,0.8933793503782844
18948,0.0085326817607769
18949,0.014890876411812849
18950,0.042250819155333894
18951,0.9964609250410376
18952,0.7458827346310283
18953,0.7720930221976989
18954,0.9077118571432387
18955,0.003810878594706639
18956,0.007490126482885953
18957,0.0007589267510114245
18958,0.01695330618579318
18959,0.7384420136785521
18960,0.004700611115531035
18961,0.007246284341955995
18962,0.10273513957149631
18963,5.772854769211348e-05
18964,0.5378421854335034
18965,0.035228358957442266
18966,0.05897022298726038
18967,0.9947650417479997
18968,0.9564263188528569
18969,0.1887651674957584
18970,0.9970412756908575
18971,0.966826187420695
18972,0.36095403005328325
18973,0.2826163870497468
18974,0.007792310647801851
18975,0.843784704045088
18976,0.8455988664344228
18977,0.031674785717932565
18978,0.9857885565443409
18979,0.8415480241494083
18980,0.37324197559665423
18981,0.009882155624635165
18982,0.08078009007503821
18983,0.943055640737374
18984,0.9198509551139089
18985,0.9999319483687205
18986,0.013584819474476987
18987,0.4357940646329293
18988,8.69443249102133e-05
18989,0.9545992684417072
18990,0.9867114020536479
18991,0.4041408504775551
18992,0.5752830056021572
18993,0.9997802598638685
18994,0.9721532550020132
18995,0.06723129796858444
18996,0.9788598681593175
18997,0.6526242903032422
18998,0.004465241082806507
18999,0.011486749838453669
19000,0.573552322557358
19001,0.08751121270720957
19002,0.048524380113815685
19003,0.052275675954270705
19004,0.6113688248624503
19005,0.0014615627516198256
19006,0.8314895774205601
19007,0.9981281337733273
19008,1.0387918266200228e-05
19009,0.6867550199205348
19010,0.03875791685214327
19011,0.9960894625115139
19012,0.15147692730801177
19013,0.9970881913750753
19014,7.582679571150493e-05
19015,0.09296151813438841
19016,0.983680390297661
19017,0.9931964504838768
19018,0.6526324236145118
19019,0.981700590980346
19020,0.8498175853983916
19021,0.9760950223264191
19022,0.9377969806666102
19023,0.047088628899022475
19024,0.8421327097122453
19025,0.9101928032880183
19026,0.13560859931189828
19027,0.9826020473689477
19028,0.23999092595227933
19029,0.06930663432501344
19030,0.01448106155434793
19031,0.769772901287337
19032,0.9981132377249547
19033,0.03108178189580894
19034,0.8704775504508475
19035,0.4447909563184889
19036,0.690554311714789
19037,0.009607216236035202
19038,0.005320529415108023
19039,0.28066072714602414
19040,0.0026677609426378796
19041,0.0009576342470892632
19042,0.9991006266002135
19043,0.2965691331653226
19044,0.016689964339375196
19045,0.9995750648444309
19046,0.0029295331471211367
19047,0.9265569264535487
19048,0.14714181496269074
19049,0.9424150646010795
19050,0.9547910605291344
19051,0.990344969322596
19052,1.992053560660679e-05
19053,0.8222172108720193
19054,0.040096931478952214
19055,0.3126855488894822
19056,0.9126974096137861
19057,0.6322469612181157
19058,0.9999833471552032
19059,0.9999937993320037
19060,0.07106076150725844
19061,0.9343259864371786
19062,0.9951085219172312
19063,0.9868816330586373
19064,0.02887338318171561
19065,0.003884059265759824
19066,0.8320587162021431
19067,0.229907959149295
19068,0.44158754492075125
19069,0.7899314726897995
19070,0.24152371064769806
19071,0.8622315715864252
19072,0.6851753308714811
19073,0.0011904421719824666
19074,0.9159450852528688
19075,0.010303107418381967
19076,0.0068517929254408565
19077,0.5582154916626512
19078,0.035879609521559656
19079,0.8433061095245546
19080,0.9972629800180097
19081,0.017938137788906777
19082,0.9925106609497145
19083,0.09020406013334235
19084,0.9298143024842119
19085,0.5022218840677696
19086,0.3483823368074133
19087,0.9904184450116269
19088,0.9886647035171665
19089,0.01410500026538495
19090,0.9997773994837126
19091,0.49643323642175136
19092,0.8177689525211602
19093,0.838309461083316
19094,0.996053614569184
19095,0.9954716192847386
19096,0.997918145467006
19097,0.0197231454454841
19098,0.9995484438792687
19099,0.9758005316946348
19100,0.7915293215125988
19101,0.18524031823931497
19102,0.4131050696729244
19103,0.9512176160529563
19104,0.2206698932661356
19105,0.29214568638854105
19106,0.0025192501366116385
19107,0.040416718454679715
19108,0.019003271005148346
19109,0.020936480979933916
19110,0.006889602467227355
19111,0.9973572825460798
19112,0.998220395417391
19113,0.024943060117324875
19114,0.6928073175155367
19115,0.004358239900609539
19116,0.9873889397911952
19117,0.9998329787770098
19118,0.9997472903577584
19119,0.9756221382617013
19120,0.9983471894264551
19121,0.9999687502331102
19122,0.3666799775579677
19123,0.9996864973821642
19124,0.9930859088885621
19125,0.6408167494052424
19126,0.9953087711703927
19127,0.022669784384169167
19128,0.04693829020777775
19129,0.0025186402626244165
19130,0.6192476396046124
19131,0.9479889579971126
19132,0.28063646626714706
19133,0.23991362434138175
19134,0.000667392622618172
19135,0.5301975270289899
19136,0.9978225426581641
19137,0.8776832385037521
19138,0.30916350309048757
19139,0.8472799692042075
19140,0.0004936870438781814
19141,0.991435330122542
19142,0.6685216911406608
19143,0.2727028883526229
19144,0.19639817309095897
19145,0.005486649198785058
19146,0.21685183271581887
19147,0.9548058498615172
19148,0.998125594519608
19149,0.17880393133304834
19150,0.44646799217987765
19151,0.9646272999066804
19152,0.9537945772058093
19153,0.3388232397239796
19154,0.9765197376887444
19155,0.9998407683503483
19156,0.22306108953552484
19157,0.00012886432050081045
19158,0.6374623583188723
19159,0.025488607201547483
19160,0.9929026359273481
19161,0.2248958599727752
19162,0.018976777475285797
19163,0.9798124259082925
19164,0.034447151061602024
19165,0.14266424232237213
19166,0.7918750548760702
19167,0.038657630899026234
19168,0.9995487379566439
19169,0.002793547615615112
19170,0.5500747936770983
19171,0.053051259005474805
19172,0.7669700966459064
19173,0.5447735060865098
19174,0.5879625570582875
19175,0.001815363350613129
19176,0.6415743766189606
19177,0.7876500880436728
19178,0.9999801166021663
19179,0.0006400293263026446
19180,0.9091257669141204
19181,0.9598569207818072
19182,0.2776258255554822
19183,0.4449301244566002
19184,0.9401519057051015
19185,0.4752315879509146
19186,0.8841079780851239
19187,0.9848762874501976
19188,0.8386597753744538
19189,0.9940461784231109
19190,0.2396907962674306
19191,0.8259052126277323
19192,0.5945413481966356
19193,0.07953990183575826
19194,0.9733545079660187
19195,0.1162149405034299
19196,0.02535945345370089
19197,0.9349503474551591
19198,0.9990651146513483
19199,0.0400802016892495
19200,0.04668078105434555
19201,3.373443436845228e-05
19202,0.07043273130404303
19203,0.14699983871970013
19204,0.0004501163639554169
19205,0.16790537868053168
19206,0.8863834397824405
19207,0.9313460690867287
19208,0.03065658993080034
19209,0.030538006047352368
19210,0.9939783425014502
19211,0.1805901857130448
19212,0.34845728471235354
19213,0.0009060616774324527
19214,0.01568360234242819
19215,0.007305843028593657
19216,0.016034329242192183
19217,0.013997621923026513
19218,0.1257770266738809
19219,0.000763780004748598
19220,0.030477405556549906
19221,0.9414378460490385
19222,0.329923214729353
19223,0.15948487755628174
19224,0.9991350080219843
19225,0.17821502443090112
19226,0.9919250834226868
19227,0.871402981582707
19228,0.6063698745959056
19229,0.001206588857753636
19230,0.011797898075970386
19231,0.9917194988833137
19232,0.19900115747895478
19233,0.8140912357937202
19234,0.01656097484842773
19235,0.10420161811101587
19236,0.6436700928158607
19237,0.9501160803168155
19238,0.6581854885730967
19239,0.004555458528263806
19240,0.9990378279747637
19241,0.0063965080643636745
19242,0.9998107786833222
19243,0.9972828980430438
19244,0.452983105896137
19245,0.2760516209784607
19246,0.003083261464380178
19247,0.5485522673460308
19248,0.08610345644888616
19249,0.987751060175753
19250,0.8691478497246692
19251,0.3305239996192378
19252,0.014396080933928516
19253,0.06439176398290723
19254,0.010967696581743472
19255,0.7671601909738186
19256,0.22467700530126408
19257,3.2838645369376415e-05
19258,0.9086611785043479
19259,0.4087676821661576
19260,0.012720085351411935
19261,0.999348491915587
19262,0.40568893604973405
19263,0.9985618833589847
19264,0.990650360908552
19265,0.9999923913134479
19266,0.6110941328083895
19267,0.407714735894516
19268,0.265630110945811
19269,0.9994803706577337
19270,0.8923798668071734
19271,0.9820387027406523
19272,0.9979592258754484
19273,0.9974862060112684
19274,0.6382470304926326
19275,0.17512801345739268
19276,0.7190099155713169
19277,0.9828625554881177
19278,0.9680958015923061
19279,0.10233305793361017
19280,0.0016519604236238674
19281,0.06896941260465572
19282,0.9886173346757635
19283,0.932094730427189
19284,0.716937086187817
19285,0.7390050170143754
19286,0.9137787755773854
19287,0.11527315690612316
19288,0.7288148148978985
19289,0.23301466409133587
19290,0.006081856383374502
19291,0.0006765525759383365
19292,0.9998685060977766
19293,0.9992100569046394
19294,0.07464305386377643
19295,0.9926196000424914
19296,0.04542207483860746
19297,0.048751561054950134
19298,0.017047287527455872
19299,0.9607057754552512
19300,0.9768749404058027
19301,0.05157377291619621
19302,0.1391769838507887
19303,0.11159313729179227
19304,0.00035459391018151956
19305,0.9887047840294014
19306,0.9902212160693666
19307,0.4572736418409633
19308,0.14900948364116878
19309,0.9876252304340036
19310,0.9967854747657602
19311,0.08378906590017036
19312,0.9957170371874104
19313,0.2899729846499907
19314,0.9979714739672569
19315,0.9526013084056817
19316,0.02865721367078808
19317,0.002888563878621871
19318,0.3096480027708683
19319,0.8802929585915024
19320,0.32212079531796256
19321,0.006880449169513932
19322,0.997655465576031
19323,0.01737393305389828
19324,0.9667470859890458
19325,0.5428266494675739
19326,0.07013573458320174
19327,0.9984094997674593
19328,0.9249138018094254
19329,0.999269867928339
19330,0.18075275513002254
19331,3.078467803480479e-05
19332,0.6905928400283136
19333,0.9827500733726423
19334,0.8769504018536828
19335,0.08990031333613016
19336,0.9884029782009729
19337,0.888147578659069
19338,0.09972496995271668
19339,0.9554183393436073
19340,0.05046468356512036
19341,0.013470638061687247
19342,0.014745750886777294
19343,0.46132823920024857
19344,0.8648437295584483
19345,0.9342494081056327
19346,0.5519087195498875
19347,0.9539848760503141
19348,0.006447197929688708
19349,0.30313332863400066
19350,0.8662396439468977
19351,0.061606223771373356
19352,0.9650188650973837
19353,0.009311758177115348
19354,0.9917389870824066
19355,0.9999860939526495
19356,0.22772282280180967
19357,0.02574922936392453
19358,0.4255900824016611
19359,0.19948995493558405
19360,0.38184794753866724
19361,0.9999609172506685
19362,0.990564482475038
19363,0.01067184363353799
19364,0.1425476224370037
19365,0.003987501454309204
19366,0.0069795234015516084
19367,0.004190890472902008
19368,0.044374920053384025
19369,0.004532195622538742
19370,0.981363361031173
19371,0.04537059165540429
19372,0.8485425103480876
19373,0.025336873012232843
19374,0.003576708200810302
19375,0.8935331536812352
19376,0.0001978462317738712
19377,0.9905379634601729
19378,0.062138295282394576
19379,0.9183159641697809
19380,0.002893881146275731
19381,0.001374310763686657
19382,0.9444180847410478
19383,0.4320429310170901
19384,0.17169296934574033
19385,0.01633184080444015
19386,0.9876496949879819
19387,0.024850266358627058
19388,0.5597567783312118
19389,0.04814502076124621
19390,0.9304491222242458
19391,0.16638342189291414
19392,0.8763936724847265
19393,0.784028095932395
19394,0.996914613870736
19395,0.27861371916952865
19396,0.6130401314112851
19397,0.36531216374074404
19398,0.00926952089660581
19399,0.477379702644264
19400,0.9920071923323662
19401,0.9998011721080357
19402,0.9949386133725265
19403,0.10498643388086698
19404,0.5894308693983847
19405,0.13326287761149846
19406,0.002697151559257742
19407,0.9997775566384621
19408,0.9828245834647488
19409,0.9749426280897319
19410,0.5369363861823294
19411,0.0031113873516000075
19412,0.002733453163818892
19413,0.018972898049278524
19414,0.9619420794318404
19415,0.02729999149268867
19416,0.06791098986744686
19417,0.8443861517375058
19418,0.5813010842402208
19419,0.8066015925763578
19420,0.724297301362669
19421,0.9228595129162673
19422,0.2025632809121043
19423,0.00366401650493469
19424,0.9963564474552309
19425,0.09753744093483167
19426,0.8840633410072932
19427,0.9586103995668761
19428,0.03465387991689356
19429,0.10476696984699295
19430,0.9849584731852747
19431,0.7283315346568203
19432,0.8799539927400102
19433,0.9538940246538354
19434,0.9864336577288669
19435,0.7908663935810548
19436,0.028872223201535933
19437,0.10611448483747496
19438,0.9214744139332802
19439,0.8836150587906558
19440,0.17178190246190012
19441,0.03889354030917968
19442,0.07258706091759982
19443,0.0022756457667016767
19444,0.9095834778170387
19445,0.2307632576750031
19446,0.9975979042919237
19447,0.9911086919187556
19448,0.2542589790304154
19449,0.050515126167267006
19450,0.9980028853834243
19451,0.019337580497250543
19452,0.008515708005992838
19453,0.7294956954795567
19454,0.9945637458949315
19455,0.7106968156229673
19456,0.12108429597591655
19457,0.6504578852941642
19458,0.2421916714432595
19459,0.37966011594677707
19460,0.7314469105889284
19461,0.6860214598231654
19462,0.9458611523012718
19463,0.20111507048936958
19464,0.9999158896352894
19465,0.7868019593424375
19466,0.9997850340574721
19467,0.1952913330581807
19468,0.7784354488327575
19469,0.9952123362612295
19470,0.9261503573754216
19471,0.185078517920992
19472,0.9902185400708097
19473,0.9193777506766345
19474,0.33638424220434476
19475,0.33040138058247076
19476,0.1632351875263329
19477,0.803871442677554
19478,0.700869941017677
19479,0.10487580919318333
19480,0.8197148553843376
19481,0.9514223915822059
19482,0.05272432172649068
19483,0.29359584694770413
19484,0.20380588577649536
19485,0.20656970001049693
19486,0.9994982629303563
19487,0.39861455265302176
19488,0.9923643445527908
19489,0.4527092449579966
19490,0.8836876850297279
19491,0.43405665197736454
19492,0.9998881754571193
19493,0.020873167575837678
19494,0.8021766646063128
19495,0.7379879863543262
19496,0.6525542159312868
19497,0.018697647551929316
19498,0.25941908310313994
19499,0.1319585308075622
19500,0.0014743988640527328
19501,0.9973135199032771
19502,0.9941476372152681
19503,0.9998144210002702
19504,0.004089069563174088
19505,0.2830576456813818
19506,0.054936286230322914
19507,0.003916058969784705
19508,0.8140751664965711
19509,0.9987543526857314
19510,0.8650133379882818
19511,0.30329725107932365
19512,0.7627295898733665
19513,0.5439433342237205
19514,0.7062732983242138
19515,0.00010734082094658191
19516,0.10151092652146958
19517,0.025898266310621743
19518,0.260378020856281
19519,0.006403754939943783
19520,0.11474277974752249
19521,0.47134567536903416
19522,0.4316618210158212
19523,0.008505275737152759
19524,0.24417093782007476
19525,0.0014739886102493082
19526,0.1416816409887966
19527,0.7851788999182935
19528,0.005403812208862698
19529,0.1325250621640795
19530,0.9557629599665769
19531,0.03790347995846732
19532,0.12116564296428241
19533,0.9843700112965573
19534,0.9996028609766755
19535,0.0005139959661145091
19536,0.04191239085967218
19537,0.9941652311194381
19538,0.00031113912077069254
19539,0.01960930392156892
19540,0.08355130663609592
19541,0.5724794212009158
19542,0.0018995625647983743
19543,0.7825427902783861
19544,0.7410263091928884
19545,0.9517403404908212
19546,0.9715245103901194
19547,0.09730360965760138
19548,0.9949656040562572
19549,0.0021485634368432834
19550,0.838324484315304
19551,0.315876552228637
19552,0.002710670797579006
19553,0.9845049706575724
19554,0.4687347794304216
19555,0.01027505694778886
19556,0.9942039059049912
19557,0.9999695276004925
19558,0.01498963252811957
19559,0.09095246776556631
19560,0.8751088323250724
19561,0.8635999239748554
19562,0.015945216986622907
19563,0.9654873090174836
19564,0.0191696458916932
19565,0.31760445996893205
19566,0.0016065772648277622
19567,0.9976094154845881
19568,0.22480375051910537
19569,0.07961828457353587
19570,0.003335862364707817
19571,0.5832905224036746
19572,0.965414747828922
19573,0.15323105820041202
19574,0.2790200594232937
19575,0.8246223967610967
19576,0.09641936685040005
19577,0.559963933843278
19578,0.8331472514954369
19579,0.2519304615886694
19580,0.8394965024860286
19581,0.014058132331876576
19582,0.05566538105706356
19583,0.961191996153135
19584,0.013273987938623888
19585,0.2840825080037954
19586,0.9996282198864243
19587,0.9756927308049519
19588,0.6992045258366582
19589,0.899087976913466
19590,0.0035624048590687254
19591,0.9081762986819993
19592,0.6143177129315984
19593,0.04661576492060406
19594,0.9838406756004429
19595,0.8580559633941623
19596,0.9710967430180115
19597,0.9997952304538836
19598,0.007497917801840537
19599,0.9735466532575576
19600,0.9858361654357795
19601,0.9972989063064213
19602,0.6421053269878522
19603,0.11714853633360263
19604,1.3573359874145143e-05
19605,0.00391912909487851
19606,0.44021605181335444
19607,0.03804111476147865
19608,0.43597964277565365
19609,0.8750529435166416
19610,0.1771789641137219
19611,0.29283233232114725
19612,0.3987492764013022
19613,0.9999953448855821
19614,0.7426716533060724
19615,0.9963741795701414
19616,0.6187255654548758
19617,0.002330690189120108
19618,0.2570973221810319
19619,0.1221467426827223
19620,0.2068441136113182
19621,0.06916880848735225
19622,0.0027563472404661168
19623,9.74389227935966e-05
19624,0.9967424021405805
19625,0.6081260901285395
19626,0.007252480045079034
19627,0.8433182757879154
19628,0.9767203643650413
19629,0.9959722539066471
19630,0.39817752846390864
19631,0.5389260000321363
19632,0.9967545498243626
19633,0.4374026197253174
19634,0.5466533967078956
19635,0.9670034001754543
19636,0.8207162386879099
19637,0.9145972638718085
19638,0.9847967321148033
19639,0.2873378030006959
19640,0.006698734338699978
19641,0.9533850582263579
19642,0.5437276304094284
19643,0.19416357390567554
19644,0.6760278069978441
19645,0.9853215560474428
19646,0.9891443243542605
19647,0.19780075620355733
19648,0.4824157757311851
19649,0.5188785451669777
19650,0.6312589550083662
19651,0.037477724213011564
19652,0.025123581398998444
19653,0.017584385883304972
19654,0.002105206711445947
19655,0.056162369908893846
19656,0.9976588918431982
19657,0.35544060775115355
19658,0.17041101246812854
19659,0.0013570413780171458
19660,0.8953231689322341
19661,0.9905300304041719
19662,0.9918700750040733
19663,0.09659141573364766
19664,0.998689233541972
19665,0.43766079516515255
19666,0.04074010647688176
19667,0.9987312353404799
19668,0.02381249896812398
19669,0.07489072915906418
19670,0.0003878526319522026
19671,0.0005250869769339046
19672,0.9453267225134281
19673,0.027999006927211224
19674,0.98892317135788
19675,0.9186334475735605
19676,0.31303155430225255
19677,0.6626919689813202
19678,0.9946796761437854
19679,0.035069717503206844
19680,0.8096357363308594
19681,0.8776186083982543
19682,0.988330463098386
19683,0.01604244672420952
19684,0.9986543179481451
19685,0.011149033787749531
19686,0.18998292208194378
19687,0.9999593809549313
19688,0.1441168191586854
19689,0.08108681863334136
19690,0.008587292356111532
19691,0.00483556339433841
19692,0.6408011176849375
19693,0.44196175517495134
19694,0.8359275298223326
19695,0.0408387171233196
19696,0.9999702321457867
19697,0.013796413307681386
19698,0.0026313069608985373
19699,0.02515675301372835
19700,0.38726834141581046
19701,0.889127254520754
19702,0.27457310912091804
19703,0.958226577439115
19704,0.5006375761477148
19705,0.973977107012448
19706,0.0025087020238812843
19707,0.9988420273775046
19708,0.997360350297006
19709,0.5483630232804281
19710,0.4105195910381456
19711,0.9585512392438698
19712,0.9667686846861647
19713,0.9916274181687929
19714,0.8086020132841861
19715,0.011063632653289817
19716,0.1382647393239417
19717,0.04428001942579688
19718,0.025317315767470604
19719,0.021442850753793187
19720,0.9539452161605202
19721,0.9999446325417018
19722,0.9973799368861198
19723,0.8801415294968952
19724,0.9996566478097665
19725,0.10067119788140076
19726,0.7231989682833503
19727,0.007110052767708303
19728,0.9141472904144397
19729,0.5638185613709805
19730,0.8519184923385615
19731,0.6526497702540752
19732,0.9587122613371895
19733,0.005015238118306026
19734,0.8333864785580161
19735,0.6767783408333162
19736,0.9626174066171418
19737,0.6541503599502745
19738,0.0073846484775509985
19739,0.03687179131247547
19740,0.9873626612521866
19741,0.9762175969104936
19742,0.994202952248647
19743,0.00020501366715949322
19744,0.4947620275933539
19745,0.973199977280767
19746,0.6919532969028195
19747,0.17984454145622125
19748,0.8963101738772501
19749,0.001761290664114268
19750,0.9997505276087802
19751,0.0015674613038216196
19752,0.9951067435730457
19753,0.15685215492474103
19754,0.9995906951343112
19755,0.8779313893062287
19756,0.9340574582973996
19757,0.49837459324621236
19758,0.011267562315664625
19759,0.8684181129976108
19760,0.7295970429037377
19761,0.5850820930023158
19762,0.9913541775504713
19763,0.1500344188860963
19764,0.00043376087311103626
19765,0.10417182247422442
19766,0.3171962223566521
19767,0.8104122726764419
19768,0.7572303587779193
19769,0.9565657530769451
19770,0.02449198979062805
19771,0.05332216154133416
19772,0.2741438985600159
19773,0.9824909753268136
19774,0.8887191713971622
19775,0.9715893273741938
19776,0.009995698083028361
19777,0.055201553676020025
19778,0.7324544255371568
19779,0.9977990646361296
19780,0.05718938216386748
19781,0.0033243443543839214
19782,0.8017233062860574
19783,0.9409685312473685
19784,0.9029746470459001
19785,0.8153171533628811
19786,0.6887999111405194
19787,0.39920653084119606
19788,0.3326846123479984
19789,0.0040115521009672145
19790,0.9775226132487972
19791,0.036865944561642494
19792,0.98794652857559
19793,0.9977928592879376
19794,0.03219512855190305
19795,0.5251718665372112
19796,0.01634680720231315
19797,4.5272586571202234e-07
19798,0.00038615955166631193
19799,0.9960992314025781
19800,0.475513467784012
19801,0.49680124712292645
19802,0.9645778355820112
19803,0.9763237041548763
19804,0.9551951895494497
19805,0.83944832593195
19806,0.01735004386761023
19807,0.40236359767120194
19808,0.9662763535419636
19809,0.9981928719599936
19810,0.150179802634114
19811,0.26713259293481945
19812,0.7116025511891367
19813,0.033454231593873604
19814,0.1424160123356648
19815,0.997942975679038
19816,0.01600483702431727
19817,0.5048796921510815
19818,0.9851548513450908
19819,0.1455120824161679
19820,0.1485770728127651
19821,0.9925485569273046
19822,0.4077092772283604
19823,0.47016562617133106
19824,0.7096292289195656
19825,0.9257570624160698
19826,0.9991994217659192
19827,0.9999820272581884
19828,0.6812664054856014
19829,0.9946495205226807
19830,0.9682751828734018
19831,0.12298667300142437
19832,0.3806036285357358
19833,0.9945711809886196
19834,0.1526143882306731
19835,0.9883715590209637
19836,0.0001057983889743442
19837,0.36275698400322365
19838,0.9249132042160784
19839,0.9385258470134945
19840,7.051534987357248e-05
19841,0.30739667402258586
19842,0.4611798560990194
19843,0.9931957911662588
19844,0.04273525784367032
19845,0.9641985503823669
19846,0.22158228494109694
19847,0.002695720073085795
19848,0.6825749633361512
19849,0.9978209615427543
19850,0.06488690824283734
19851,0.029898405571227093
19852,0.997122795511321
19853,0.7578525624451564
19854,0.17052867489988172
19855,0.2218383263178902
19856,0.004932268098443913
19857,0.9844824739253561
19858,0.998818885319763
19859,0.9859354590155162
19860,0.9807160748813103
19861,0.003827895637700794
19862,0.9654937830437493
19863,0.9998266506124923
19864,0.9998856510803787
19865,0.9999081437724159
19866,0.0066280168690663385
19867,0.4831723964524784
19868,0.8805780732660891
19869,0.20045647678950473
19870,0.2555609107513658
19871,0.7901703383474832
19872,0.0037830312697974965
19873,0.02052725356094601
19874,0.15482184446252123
19875,0.002419615450886304
19876,0.007000180885683766
19877,0.0008960583572796369
19878,0.01667854189269247
19879,0.015388025256439227
19880,0.20956508869764798
19881,0.9798285538546907
19882,0.9686722646644083
19883,0.006726822668834834
19884,0.014072843035215575
19885,0.5092931630725899
19886,0.9557488332489871
19887,0.7406543477161632
19888,0.9801287474582027
19889,0.9399749338007516
19890,0.5971245934451533
19891,0.9896305391916378
19892,0.003699123184155781
19893,0.1288125814936474
19894,0.9998422874463448
19895,0.9925484357620973
19896,0.38129519202021483
19897,0.14104478207369206
19898,0.5485907308186757
19899,0.1699478379807312
19900,0.01748981756182005
19901,0.881531523607851
19902,0.27144948953209286
19903,0.547446186325195
19904,0.35892723320500525
19905,0.014012787371424699
19906,0.6264641417384235
19907,0.004960624624809913
19908,0.3708208540326573
19909,0.0023367163510032104
19910,0.9544000101176144
19911,0.9939161982408221
19912,0.9322099972429606
19913,0.013522330335967692
19914,0.06425477646464138
19915,0.9963917049290945
19916,0.45618693526985016
19917,0.9962095596384706
19918,0.07623981388902655
19919,0.04684661079620042
19920,0.996612012195988
19921,0.9740836259219359
19922,0.4087505174193207
19923,0.892242603755349
19924,0.04876144319477165
19925,0.9555486164078467
19926,0.08948842122461449
19927,0.9859678064642563
19928,0.9839785686352435
19929,0.32592180382472
19930,0.19139095227555056
19931,0.8526667567722566
19932,0.00011953190540869286
19933,0.5045415554540886
19934,0.005563459015898824
19935,2.5619894941468585e-05
19936,0.8444476810274283
19937,0.9961211761063787
19938,0.014947659828727458
19939,0.8983678942157203
19940,0.8252217875887706
19941,0.9640765628878807
19942,0.9993673278866726
19943,0.5333304229668546
19944,0.12225198888467263
19945,0.9980075627286418
19946,0.9961834358844731
19947,0.5389756470758056
19948,0.23968495797416084
19949,0.17282784600686557
19950,0.1516832071168205
19951,0.903780837532679
19952,0.5197635406735097
19953,0.038360533634374826
19954,0.539008237486529
19955,0.8851365495891258
19956,0.0009975104237442318
19957,0.999072884414226
19958,0.06603302118571906
19959,0.2497522765087951
19960,0.006867591449772892
19961,0.9023306136198168
19962,0.0008825597547467987
19963,0.10270363201084472
19964,0.2705478588290933
19965,0.18976620753144496
19966,0.5411440345700175
19967,0.3529597454466528
19968,0.13396214306507825
19969,0.12243528543513862
19970,0.9991335983202093
19971,0.9825476685161257
19972,0.15156393124636755
19973,0.027789807098317732
19974,0.28066183628091224
19975,0.558551936643909
19976,0.9619750704539499
19977,0.00043017998250625207
19978,0.08096958885682895
19979,0.9705649857190687
19980,0.25411692436450034
19981,0.9911514555695384
19982,0.9112347053332431
19983,0.6829828983824903
19984,0.5312290118457226
19985,0.9984623844847133
19986,0.9590134952968529
19987,0.3517741529321154
19988,0.9511776527775835
19989,0.5130813770853586
19990,0.003500244756102189
19991,0.0037554452342149426
19992,0.9969538144301677
19993,0.055053518954271234
19994,0.5023752559951682
19995,0.0627639003082759
19996,0.9998412117425486
19997,0.9998291079120729
19998,0.9474131915080851
19999,0.008542301642391933
