id,target
250,0.43377333884856245
251,0.20201400010504972
252,0.5207398758393241
253,0.9883967054534788
254,0.4324623201262036
255,0.3824148413631863
256,0.07074200803954739
257,0.6004104760413723
258,0.8860954427168373
259,0.37633419727325024
260,0.7309961064016999
261,0.21445208668734217
262,0.05202934261158051
263,0.7303779182679989
264,0.5291337528169411
265,0.7054237852347032
266,0.7705317853522048
267,0.3208409984309113
268,0.21539970361988198
269,0.5750511749371748
270,0.12416411916423721
271,0.5145435933733479
272,0.7386942241509764
273,0.9093438379986009
274,0.7181997071983784
275,0.9042324146978398
276,0.26452196799916505
277,0.669078904500826
278,0.6007669556589385
279,0.3557329057479758
280,0.5154644731973601
281,0.6881445269058609
282,0.10226229471767889
283,0.7994419193908459
284,0.5595516642605232
285,0.7531208003633264
286,0.78947468068275
287,0.8127790785345865
288,0.9923171397099063
289,0.8994929101480655
290,0.11248890335203075
291,0.7795192225550223
292,0.7300979525975273
293,0.573588278491055
294,0.8700536138051645
295,0.6149728878578088
296,0.5559560178316966
297,0.17208831101734748
298,0.8153874718178681
299,0.7692802561360419
300,0.7875931738738654
301,0.9742257763350833
302,0.8271463234825677
303,0.7856419990577799
304,0.7717183752030887
305,0.9250446090274608
306,0.965530045653627
307,0.8191314230904291
308,0.9256258522619529
309,0.22607883894728298
310,0.5130393939150196
311,0.6736165104559815
312,0.5535272994241944
313,0.6509292968379441
314,0.1387928762501392
315,0.4698651686361652
316,0.9800354944819135
317,0.7494227618495019
318,0.22728750308411005
319,0.9749533052097558
320,0.6663227759245426
321,0.4344433614811657
322,0.8462976929335847
323,0.817206551638354
324,0.9755008818465064
325,0.03724840011587578
326,0.37604563251447143
327,0.3459798881624502
328,0.14630673932443386
329,0.8261919765751514
330,0.11162836856822551
331,0.6453547279981694
332,0.11682304879433725
333,0.03475913935609067
334,0.9514949167431088
335,0.3743832204159772
336,0.9475786507025616
337,0.8360172791062885
338,0.7791133122167938
339,0.7496070889714612
340,0.9836609493958552
341,0.7640642725359107
342,0.9253857123621987
343,0.1622194087297441
344,0.8434795613151592
345,0.5007112124898082
346,0.6221224669271381
347,0.3581515527816616
348,0.5452306222188419
349,0.9733637544783907
350,0.8162701136718178
351,0.5999232823279267
352,0.5107572567738796
353,0.6959656241731065
354,0.9789619958595164
355,0.11995258166898237
356,0.14168762285040512
357,0.27583135808495446
358,0.449085056745297
359,0.25636923206516055
360,0.9365571002937344
361,0.600168011819825
362,0.9459701855783198
363,0.43657701624577094
364,0.07736105036037433
365,0.1756501275214286
366,0.8111321829915699
367,0.4556652360670962
368,0.049717097774009386
369,0.6798482992075712
370,0.3433834794986237
371,0.18159936172735597
372,0.6719136794347088
373,0.9384106223851126
374,0.7142384190656434
375,0.9782078657567876
376,0.6639882045589866
377,0.4383352488495603
378,0.2780008876155347
379,0.6148708590541931
380,0.6441280053222479
381,0.9984475349152732
382,0.8217569015056165
383,0.9293543965618427
384,0.17370763213236975
385,0.09467992586599637
386,0.9794203475315773
387,0.7741857068330613
388,0.06909876992981462
389,0.01704240223158755
390,0.7479175609450842
391,0.8220806180091315
392,0.43815534008264734
393,0.1332765990853978
394,0.8962164026635302
395,0.6984767243759111
396,0.7413502700485466
397,0.5671060042306063
398,0.6677400239974142
399,0.6715159170987735
400,0.7796054999231693
401,0.8004796370185757
402,0.08601085215869757
403,0.9436141365866851
404,0.2987230850000243
405,0.023922417088726312
406,0.5103001408934985
407,0.20430494828800821
408,0.7849979581714657
409,0.7766612792178924
410,0.9945898783777796
411,0.949857405894229
412,0.6728158418946159
413,0.8840952327506862
414,0.9706995077723063
415,0.8555070470994222
416,0.3214675371849097
417,0.5198023071555102
418,0.6074026447634469
419,0.9436304478901988
420,0.21562145348645373
421,0.05931716839423963
422,0.9241212860351229
423,0.609516629021573
424,0.8824757077659795
425,0.2680816303302452
426,0.2816904114438473
427,0.8383519805315136
428,0.9490104851859372
429,0.2666006604257144
430,0.2277370174337091
431,0.8819784534946886
432,0.6275514518190151
433,0.8747511512230849
434,0.4628826404658274
435,0.5400014498299743
436,0.17492668632057365
437,0.351330789818156
438,0.9961560479197619
439,0.9792245021368526
440,0.2750726244262244
441,0.22805845314931275
442,0.5902235204972259
443,0.24549608574113424
444,0.16744401909532286
445,0.35560904880621486
446,0.2529132652565437
447,0.050290661589069544
448,0.30058993852265414
449,0.6325347554698774
450,0.06027218541128042
451,0.9412517279770823
452,0.737334223502989
453,0.32433521207651794
454,0.9216497912426193
455,0.29408442520474454
456,0.33269897938678655
457,0.556168581217927
458,0.21884484906138785
459,0.9289983517249053
460,0.6413498674473035
461,0.6797697460412664
462,0.4392897699069638
463,0.5891803381593279
464,0.9016693078158416
465,0.992062552838614
466,0.7067474138049357
467,0.9937020480483768
468,0.9705868472536731
469,0.8222219425950008
470,0.6740747493158841
471,0.2185495888398153
472,0.9505101900864351
473,0.7781006092282552
474,0.9640468503350766
475,0.11886699115837296
476,0.5150582022259009
477,0.9621460020974049
478,0.949343819358318
479,0.9433319467555101
480,0.3086332440131424
481,0.3659497868541465
482,0.9531787907785273
483,0.41324732288854626
484,0.8938671396639252
485,0.9392651868423023
486,0.1327437210974312
487,0.7614105072354643
488,0.33251752452637545
489,0.8960040103405074
490,0.33436014607394066
491,0.41520794695998076
492,0.07565434385872738
493,0.829969881837693
494,0.22768935621936645
495,0.37064834726896995
496,0.3610614237004226
497,0.15986046678163615
498,0.02092747957134456
499,0.6756652873512483
500,0.9993090004276316
501,0.942115841064601
502,0.6474764255819583
503,0.9633524482078473
504,0.8574687069818165
505,0.9505920503841916
506,0.17914748937698827
507,0.5012104487590179
508,0.9589680325617543
509,0.9926136614988842
510,0.45557157691993533
511,0.9291244815718473
512,0.3891707964857505
513,0.8147923263655878
514,0.03627983799759301
515,0.7888507577221432
516,0.48591590589298383
517,0.3865629982584842
518,0.8575159840145513
519,0.21464829977176553
520,0.42659588366536494
521,0.14510194552119884
522,0.3179493484460052
523,0.7119088377153455
524,0.906099649473718
525,0.9110024256327958
526,0.8961792785603194
527,0.9416779467774393
528,0.18851672620490764
529,0.5277516533436661
530,0.9736425183817268
531,0.9854063306216763
532,0.9395944911794839
533,0.3857117920454077
534,0.8763010080019082
535,0.16135401177781197
536,0.7416128115023037
537,0.9900242671953237
538,0.06627798720734726
539,0.9837995300824458
540,0.40239498066223667
541,0.7609238547007591
542,0.8534742825975731
543,0.9887131942593737
544,0.6501632501610336
545,0.577686618530921
546,0.510051761566865
547,0.3408534537036852
548,0.9674296469785677
549,0.9542408970140952
550,0.9973402019452234
551,0.8751600513367567
552,0.1752421835680425
553,0.42411186292500913
554,0.06639231014946952
555,0.3025638994692923
556,0.9973733283365742
557,0.8770233662341302
558,0.01926137415852755
559,0.7694699774941731
560,0.2765581759692159
561,0.5737040577172293
562,0.2368068911740598
563,0.9745400401001402
564,0.04363316619254538
565,0.9244093706251711
566,0.4338380114912711
567,0.1253222765467934
568,0.49726293593867593
569,0.8035878510106538
570,0.34650413079687986
571,0.6756825544445532
572,0.11551835005552533
573,0.8700246906922008
574,0.1882855133416321
575,0.11431550033140339
576,0.027645172881589943
577,0.3202852557784044
578,0.77591368151129
579,0.9977441078460105
580,0.9658042052153656
581,0.858329642274246
582,0.6071746789575644
583,0.8554606128983845
584,0.9623537073501945
585,0.5030870493547523
586,0.9822820608387478
587,0.3635304267478504
588,0.8205942162653953
589,0.25851943577755443
590,0.9970531265970535
591,0.7489049244350579
592,0.9927388860906384
593,0.416126919730528
594,0.6477498481410453
595,0.15961689801385168
596,0.7038846654112182
597,0.9748534163478374
598,0.8341813202510323
599,0.4133506593921233
600,0.49131645448050104
601,0.9247269880915987
602,0.7214080748112685
603,0.7637757534361939
604,0.6543530319918538
605,0.911201544256076
606,0.6782625354634758
607,0.28381871513933216
608,0.8673477959287805
609,0.88029862741866
610,0.963280026595122
611,0.8121843324372204
612,0.4773881037929694
613,0.4586162533135678
614,0.16921707384328427
615,0.4016097810440854
616,0.9514720036816267
617,0.9735107575706297
618,0.6376615937650711
619,0.979512212671958
620,0.6435871739223958
621,0.8613514975271663
622,0.5754385559309165
623,0.2225724956447528
624,0.1411487455762197
625,0.9948859627428817
626,0.07446229259269037
627,0.4785682965305775
628,0.9706679698827186
629,0.39224559084130356
630,0.27611241506158746
631,0.5810213592743605
632,0.08452622167163477
633,0.8631216968746327
634,0.1660049216473632
635,0.9478903614404479
636,0.17677182199325325
637,0.7226712635208736
638,0.8089681293048558
639,0.3162090350013523
640,0.24066362976246572
641,0.7324946186470952
642,0.7281796839845543
643,0.859840236259145
644,0.9834107503349182
645,0.7167494931003913
646,0.12108765498673818
647,0.9168712760992
648,0.4954864821582966
649,0.08943324553969842
650,0.6812694474915634
651,0.8733185415140267
652,0.10984566985047213
653,0.9210431435962991
654,0.9039980560929024
655,0.5152269145800874
656,0.9363667881219907
657,0.9314112659201074
658,0.23424319112772543
659,0.40798644092835995
660,0.33488100261320797
661,0.2959974194734018
662,0.5700814634914618
663,0.23787073447869359
664,0.8304397618920029
665,0.3235253772119769
666,0.9504359125046974
667,0.7544038146301457
668,0.9105206870823714
669,0.9419728682989248
670,0.7280362404474227
671,0.36364780083208337
672,0.9145050021893443
673,0.8289075379629748
674,0.547552721507469
675,0.842886804773932
676,0.18206998766508284
677,0.28791533440325545
678,0.9569643209938139
679,0.39095440285905775
680,0.497002037530298
681,0.34210894671116704
682,0.6154195466800193
683,0.580741156941168
684,0.9183726276728759
685,0.7572650192165408
686,0.5439833131160771
687,0.8761694097958036
688,0.009847225160800464
689,0.8936767963545207
690,0.9524337775674804
691,0.8496186759085277
692,0.8910106821249664
693,0.8718816630255831
694,0.5462848231429841
695,0.05013747320427818
696,0.7981591007536273
697,0.26756636635605474
698,0.9975357481990499
699,0.6464122251157269
700,0.5610295778577336
701,0.7684178204755574
702,0.8785240212369958
703,0.12374434626763835
704,0.9807836364296499
705,0.7693694127269879
706,0.08005702318356508
707,0.30902728955518777
708,0.9287542291392406
709,0.890824503754744
710,0.5974358225407861
711,0.5171411326988076
712,0.8558435761688499
713,0.8448899470704956
714,0.18709341305977314
715,0.4196800259428987
716,0.17739804657268127
717,0.12257706128747889
718,0.1295734073906787
719,0.8342189308147903
720,0.8276583150273635
721,0.3154879025611712
722,0.20282507081505988
723,0.37649433173609304
724,0.6204694919033569
725,0.6212945507733832
726,0.9308557501885969
727,0.30389164157837073
728,0.10102802775623333
729,0.5742293591127579
730,0.8035196007519128
731,0.819116893651314
732,0.1224422614026487
733,0.28314452208811347
734,0.49618889468429445
735,0.9596356016233644
736,0.8766701251546188
737,0.881994211129056
738,0.12294526227515731
739,0.44503946718651916
740,0.663456652891041
741,0.03037416272886376
742,0.11264199067189573
743,0.9302894237489061
744,0.11278201143924406
745,0.10104692208189509
746,0.8982121433254242
747,0.41397917393366884
748,0.486313068592747
749,0.8162397286313263
750,0.6242464702672438
751,0.9478944479625898
752,0.9875066213535769
753,0.7024199797851804
754,0.0785511969851911
755,0.5690957420241919
756,0.41935959156881314
757,0.9157992163169968
758,0.02385689551687669
759,0.6923705471379702
760,0.8789833974335134
761,0.49810719123425307
762,0.06300180896422226
763,0.7630294043532271
764,0.724297806939143
765,0.9695732185583693
766,0.24547737131776423
767,0.875901838540769
768,0.8792946718900753
769,0.9446626658351834
770,0.11979289466921685
771,0.4398514794588381
772,0.1471455568376413
773,0.7502258064772255
774,0.2638362137389403
775,0.9722767683759586
776,0.6014563887403462
777,0.009890367501629265
778,0.23641731087118256
779,0.8634014931173429
780,0.7181426508662707
781,0.1951448140350546
782,0.910800818113485
783,0.7843878505974153
784,0.5004764391330487
785,0.6852661541372143
786,0.27087848526837977
787,0.9709302079356358
788,0.4433815411387153
789,0.3532323562377737
790,0.7969832845556624
791,0.5161577136462707
792,0.790877617824507
793,0.1549803493254353
794,0.2396773855801526
795,0.9336086840223653
796,0.8253138519584795
797,0.9592717607229322
798,0.9587731592240237
799,0.7163435018278006
800,0.10560270357392544
801,0.4411204780248903
802,0.9962063918783057
803,0.9675159229812056
804,0.7977972345997405
805,0.27022793254832483
806,0.14523227163804947
807,0.9706718143992015
808,0.7061298297706807
809,0.9195978361244902
810,0.5232596492602324
811,0.45486946968935943
812,0.7893217452477778
813,0.4070868439057312
814,0.9233529444918559
815,0.8357529336360892
816,0.6478026802653937
817,0.9490046249888474
818,0.1768847946730904
819,0.7632920613343939
820,0.9392952136360779
821,0.051436926878347035
822,0.2281747491420094
823,0.9833444086111115
824,0.4122544423582787
825,0.6049899445950753
826,0.6489090890638612
827,0.4665154360196807
828,0.7395998244768786
829,0.9245389090671308
830,0.7383032934442756
831,0.5103330121447626
832,0.25363332612516737
833,0.8978731819703852
834,0.08360639967372084
835,0.27226226763994343
836,0.022494167241737337
837,0.5060898824672728
838,0.8571515909278847
839,0.8064522224937178
840,0.5703103032088537
841,0.8659507043868253
842,0.9658299443015685
843,0.8009365173223444
844,0.8542070251430416
845,0.37046683078188525
846,0.6446507452929426
847,0.9226468490742795
848,0.27305786591298825
849,0.19759543614756955
850,0.9939603142596445
851,0.22189805966760306
852,0.9263091445471608
853,0.6673659366761447
854,0.7567767028641108
855,0.3631435811449301
856,0.2051392830385416
857,0.8270072451506945
858,0.6691556263825906
859,0.31042319190756856
860,0.941972355835744
861,0.9379946985592841
862,0.3758544894366199
863,0.24430639008772603
864,0.5704225115672947
865,0.8188117511852576
866,0.4079647914420828
867,0.2865363510398556
868,0.8064367995800781
869,0.7151604096546567
870,0.6977295935012083
871,0.9489976780172282
872,0.8783046431445598
873,0.11375763471633661
874,0.9275325328368484
875,0.9343102486105366
876,0.9710392213125442
877,0.957213081699956
878,0.8924699755368155
879,0.16669006143488613
880,0.1842841995355064
881,0.8259651891398403
882,0.9162196752623384
883,0.2507738953690403
884,0.022657405145666217
885,0.07777756983244005
886,0.017003490261191904
887,0.9521987991353501
888,0.6092465860118605
889,0.9399930250341251
890,0.8652462966155137
891,0.04884828584555049
892,0.7314901283967551
893,0.84065374477287
894,0.06314878037426684
895,0.9924259257693487
896,0.8943563947308388
897,0.09398742092004998
898,0.06705774561772343
899,0.8850183633477042
900,0.47911442495286294
901,0.977907463247902
902,0.9840676537623027
903,0.8393665262256896
904,0.9363774675442725
905,0.14604758141438606
906,0.18847939671369673
907,0.9436507139846395
908,0.5235941720493982
909,0.8999363211194719
910,0.9712234732967966
911,0.9430940309485133
912,0.6354249551706286
913,0.1432731319715503
914,0.9351279347295635
915,0.45317615079981305
916,0.7294467242090664
917,0.8953384409943876
918,0.7860415690621443
919,0.9707111687517194
920,0.9750435601640773
921,0.9696117567868444
922,0.36864903935623533
923,0.7456521544734636
924,0.976812617345441
925,0.3272749786044107
926,0.706416698105149
927,0.26071083411283813
928,0.10624876933753256
929,0.9977149976020084
930,0.6472076155462473
931,0.04936485981522105
932,0.19564356361122395
933,0.8663634796367667
934,0.18703233501120717
935,0.7834501567203009
936,0.15157491901671863
937,0.7129055332369985
938,0.14767361721861874
939,0.7027216622255592
940,0.8893632348675291
941,0.9239554576106571
942,0.14324232653266467
943,0.9594237685897932
944,0.09979462691004186
945,0.5819929290127015
946,0.9505664555693722
947,0.47228421921786556
948,0.8833629607432731
949,0.5251394605557511
950,0.7588688392206572
951,0.10716592177491176
952,0.46697990425073377
953,0.12470549259485778
954,0.41771264054936846
955,0.2378213754310335
956,0.9479006080684886
957,0.48005993702714694
958,0.9796053507098924
959,0.6713303285242969
960,0.3237348289104399
961,0.8301815311216673
962,0.2815630905668509
963,0.33566470646211394
964,0.5307968591571243
965,0.9167389875917741
966,0.7018189733411415
967,0.8500089200045918
968,0.3046202387463873
969,0.947474892699858
970,0.20660636385354994
971,0.9084380794935024
972,0.17539846056902764
973,0.25897483638031027
974,0.8698328998055431
975,0.5057163879181747
976,0.2700527267989743
977,0.7962232025028158
978,0.8171193584344082
979,0.9269351567363933
980,0.2646195232249047
981,0.9087647696264156
982,0.7817653929602946
983,0.21925881207286463
984,0.026492554008663613
985,0.8888350150752324
986,0.9706787313042172
987,0.9352574066279784
988,0.7990200006598629
989,0.831841869797599
990,0.38433274629251796
991,0.6347991302210959
992,0.983496651746458
993,0.9196402912823136
994,0.9489850276394411
995,0.9875823161593084
996,0.9553866243017164
997,0.008396420330899969
998,0.7192909001272539
999,0.44993273923556587
1000,0.32189807361375655
1001,0.802719315900135
1002,0.8388390573784528
1003,0.26649209269678426
1004,0.8554034453322757
1005,0.9220260085825225
1006,0.886685710967407
1007,0.09232594630089548
1008,0.8641930892723905
1009,0.78108725272598
1010,0.8674069321789041
1011,0.33471946282167914
1012,0.5395327829158915
1013,0.9864803546413552
1014,0.845237268934174
1015,0.7747481091022596
1016,0.4959915997193511
1017,0.9609461947633277
1018,0.9355631028723591
1019,0.8176120622577446
1020,0.6070658904845659
1021,0.6969813550517007
1022,0.31347986205787737
1023,0.20876144179292574
1024,0.9643692321605128
1025,0.5209528954356862
1026,0.9004729667670749
1027,0.3717094367127358
1028,0.7120882853552921
1029,0.8984260323148149
1030,0.7722665690397658
1031,0.3945706064408895
1032,0.9462776117419271
1033,0.03839173741421725
1034,0.8555374688704392
1035,0.16721325477957358
1036,0.14999626090000223
1037,0.9222174966281759
1038,0.8361837598877706
1039,0.9886893802897024
1040,0.05730595414886553
1041,0.8776553287813359
1042,0.07539494974884786
1043,0.9621975024103704
1044,0.7685719856241577
1045,0.4901620328770395
1046,0.9254941517531671
1047,0.2151066320112664
1048,0.9489824739379167
1049,0.46502844087084777
1050,0.6071239660793512
1051,0.22546509406857662
1052,0.9441622415983544
1053,0.957937380412711
1054,0.2745145435638319
1055,0.8447826751679129
1056,0.3559697979374482
1057,0.0022959412509036456
1058,0.6563563276792864
1059,0.9651802009382537
1060,0.6160671188418824
1061,0.9927032681488568
1062,0.7502023967232743
1063,0.9892918250040421
1064,0.42032535854314373
1065,0.0398401581693515
1066,0.14905927061730948
1067,0.13066626627999037
1068,0.12296617008198228
1069,0.5797438724044386
1070,0.6776391118849208
1071,0.3233589196003172
1072,0.9839787935867385
1073,0.987960080622651
1074,0.9402842294106848
1075,0.1519121803382731
1076,0.9529623673593642
1077,0.6839712351069593
1078,0.6339796894356781
1079,0.9349590282424948
1080,0.03083610503749779
1081,0.8130330187263123
1082,0.8234943819734691
1083,0.7451135523955583
1084,0.28118802106433194
1085,0.8912381998476325
1086,0.6866630181320248
1087,0.7590179127263658
1088,0.20513877764294125
1089,0.3417804309192751
1090,0.4665602438843068
1091,0.6888023721472043
1092,0.14454973154627027
1093,0.4128668906902849
1094,0.6113125311781191
1095,0.9939322217938397
1096,0.14610059581183946
1097,0.29504465137778185
1098,0.08888750798062103
1099,0.9463751588678372
1100,0.9490513583175619
1101,0.6429515078717163
1102,0.961819644290412
1103,0.4325159988625764
1104,0.40425644806774924
1105,0.9692485145928341
1106,0.28030021098895164
1107,0.5892475241675013
1108,0.7299783701720334
1109,0.07661896478360046
1110,0.85282936336102
1111,0.6175937876766582
1112,0.39386157505472935
1113,0.6502845799385776
1114,0.8484926332653782
1115,0.6561976805248738
1116,0.8711333805896955
1117,0.451848124321463
1118,0.35209338732681184
1119,0.30702918547572083
1120,0.9951055117407851
1121,0.4465587101836915
1122,0.6765083118244628
1123,0.8388427808029215
1124,0.3900048700796233
1125,0.44195056094050283
1126,0.4452448249508274
1127,0.11636851470027183
1128,0.3718345990112363
1129,0.4635242726228039
1130,0.5190703836145785
1131,0.5414819667789768
1132,0.9273270422031377
1133,0.18320650119984286
1134,0.5500621322147561
1135,0.36594290354964626
1136,0.1727455297113527
1137,0.13107708743753782
1138,0.2587109694097369
1139,0.647685711325075
1140,0.2525610939598569
1141,0.6230199438892638
1142,0.5622364700751381
1143,0.9727173771886262
1144,0.13784074867276042
1145,0.9140068049945199
1146,0.42705885650190645
1147,0.4252609963759501
1148,0.3696324295228542
1149,0.24138058480414537
1150,0.45063003767929594
1151,0.7596983894469869
1152,0.4490963051141385
1153,0.7685142204659138
1154,0.7489447276899318
1155,0.8811817622939382
1156,0.21896672410159684
1157,0.23441581565316785
1158,0.8396204905292912
1159,0.7354216063130243
1160,0.35993900174103466
1161,0.08169554399555562
1162,0.5845018398730413
1163,0.17122762241977174
1164,0.228262492514177
1165,0.6183988608822679
1166,0.9319234825250763
1167,0.29402147995249034
1168,0.2311079964132864
1169,0.9433518775754308
1170,0.6015613354282525
1171,0.9977265930902273
1172,0.7082472293779133
1173,0.05058669451984198
1174,0.0021631062158228667
1175,0.1940691980028178
1176,0.5956616150237483
1177,0.33355716741667885
1178,0.9155625747397732
1179,0.8567194819958077
1180,0.8314939426081822
1181,0.9650553657718874
1182,0.9943058823547712
1183,0.3089714866761472
1184,0.8281319971227887
1185,0.5237008842244992
1186,0.16620586849199398
1187,0.1362367678685343
1188,0.13280005913203471
1189,0.987324942638393
1190,0.9663623494586646
1191,0.13560281389490925
1192,0.6171335021385307
1193,0.6425145217264417
1194,0.5048493069646934
1195,0.38926177985809246
1196,0.9420398449191751
1197,0.4558076513896786
1198,0.9762388379177855
1199,0.8541780224591037
1200,0.8428404848833628
1201,0.08709985026504681
1202,0.46524719353914595
1203,0.13682990318892213
1204,0.9676072118287966
1205,0.9907040683136252
1206,0.8643511954838018
1207,0.8908526032123364
1208,0.36730546991985635
1209,0.09135286580773601
1210,0.8477452217584236
1211,0.8726298460589809
1212,0.8643329266912437
1213,0.3478305152673544
1214,0.022030678806312088
1215,0.8176631355833183
1216,0.6812869301314737
1217,0.6552880881395476
1218,0.827445234187551
1219,0.526613315784521
1220,0.640939651524835
1221,0.5411498065270871
1222,0.972486700064916
1223,0.8461536690267207
1224,0.4964551506053615
1225,0.9713214071827958
1226,0.9528021556857346
1227,0.011019207649317674
1228,0.0643544448585248
1229,0.13819202913649775
1230,0.2732078773043833
1231,0.11379442280041593
1232,0.8841291737490047
1233,0.7793889946974497
1234,0.9029011654662834
1235,0.669929485481008
1236,0.4363215724425389
1237,0.7037203266669735
1238,0.5334832094496041
1239,0.7943871353533716
1240,0.994070780427076
1241,0.8940156741518958
1242,0.9690200030084577
1243,0.9496145496575512
1244,0.4734308140948707
1245,0.6600635734708692
1246,0.9128961029075481
1247,0.3038170902725328
1248,0.36153350047664246
1249,0.4692373648969512
1250,0.7979479593829006
1251,0.9779378133960898
1252,0.078263856243825
1253,0.5084556762468172
1254,0.08218861838470211
1255,0.8060973769350127
1256,0.6543611870802355
1257,0.9488846120994712
1258,0.16473155033310968
1259,0.5343804557358219
1260,0.7551351009158267
1261,0.21637197500418417
1262,0.7620315337791712
1263,0.2737430141148853
1264,0.9545527809914824
1265,0.39512859297261604
1266,0.003469081203522431
1267,0.5123858337835236
1268,0.7710336877787817
1269,0.01298521169745611
1270,0.6227260079283302
1271,0.40505689776791637
1272,0.5711044217677297
1273,0.7189522449646597
1274,0.0011626369949752097
1275,0.36579172833550094
1276,0.8473567558114075
1277,0.4580977636390036
1278,0.8364946107353015
1279,0.7522356994353451
1280,0.7842218783430377
1281,0.3127801738564139
1282,0.7404602464028727
1283,0.23963888030657532
1284,0.8464220418751809
1285,0.8305635301932892
1286,0.7174076460425175
1287,0.007094172209759743
1288,0.04296317335085678
1289,0.3940656249823922
1290,0.49098225903995674
1291,0.1858820360652069
1292,0.9294774499507513
1293,0.8873049537039189
1294,0.6608658169331182
1295,0.906847355910774
1296,0.47274939650525066
1297,0.19853911379774417
1298,0.7599088324701632
1299,0.7140479103569933
1300,0.5395907026807629
1301,0.31091134082137906
1302,0.8703833030128043
1303,0.9839310853433827
1304,0.903250304940701
1305,0.549748561510267
1306,0.9451022608429508
1307,0.7229607229201025
1308,0.6897787935641846
1309,0.6698646327821773
1310,0.39316668794864496
1311,0.923857614174663
1312,0.9075609236420522
1313,0.8349698636548677
1314,0.8533180836089495
1315,0.7911040396048181
1316,0.7858697448366319
1317,0.6298660587803385
1318,0.9530945496578462
1319,0.16244604143819769
1320,0.9575221080265169
1321,0.9733747272280638
1322,0.3733860714415063
1323,0.45582921573389734
1324,0.684810991675318
1325,0.7746954754794854
1326,0.9954844746742318
1327,0.7643016582917901
1328,0.6302798053636551
1329,0.1981701578127049
1330,0.8063966935691894
1331,0.6348212632907274
1332,0.7187849421840636
1333,0.5092634042329992
1334,0.30212152218381416
1335,0.55971506826315
1336,0.9594634317265549
1337,0.02432101563618704
1338,0.5570941301854369
1339,0.9393690754252405
1340,0.7247177013303
1341,0.7328943541380244
1342,0.8305099567214463
1343,0.5285635072049215
1344,0.9161252335980192
1345,0.3348966062921129
1346,0.9187749722330242
1347,0.45797203687133686
1348,0.05889197489356908
1349,0.7870954759335268
1350,0.8933612043971055
1351,0.535374542167905
1352,0.4527900391322276
1353,0.7435691026260962
1354,0.12186885214785381
1355,0.9510892889597897
1356,0.4241642501836771
1357,0.9586088844807403
1358,0.19914606835219187
1359,0.7452352927765453
1360,0.06962649564195804
1361,0.9701548083163937
1362,0.11593104987912878
1363,0.3064746658900181
1364,0.2300993341280798
1365,0.47070415287773126
1366,0.5771980421624929
1367,0.9574018275746699
1368,0.04385727358165376
1369,0.5173863469765337
1370,0.6286858011613538
1371,0.9347880929498045
1372,0.3871491234624538
1373,0.3655990493580025
1374,0.708973851350987
1375,0.908606765319341
1376,0.04698706659783251
1377,0.08687066582700119
1378,0.7758068418969458
1379,0.4722148678092255
1380,0.5044620311914149
1381,0.37309802542798254
1382,0.9002132051715667
1383,0.5709482313717082
1384,0.48749086945699754
1385,0.13183204427957315
1386,0.9692069589519436
1387,0.964654822618657
1388,0.3412778789457728
1389,0.9637959313301816
1390,0.6882065774376511
1391,0.6520753291927905
1392,0.8926074135493082
1393,0.39339336555791093
1394,0.4780359241484186
1395,0.9910840772502831
1396,0.8943060228684141
1397,0.6834694689009968
1398,0.24867572251792638
1399,0.3403859960970551
1400,0.2582881871308758
1401,0.5053272275105749
1402,0.719158972578817
1403,0.760892530246949
1404,0.8242666158757507
1405,0.2406265835470733
1406,0.8875157161676933
1407,0.28661363642296883
1408,0.4183878207822615
1409,0.6034622284312283
1410,0.8072782958650397
1411,0.9402202702922448
1412,0.8773948745359385
1413,0.3205470269455038
1414,0.9793123087229721
1415,0.4015269256414009
1416,0.763027607310227
1417,0.2451303042186803
1418,0.530813231033189
1419,0.927239243530815
1420,0.00998892038031758
1421,0.7191197433428945
1422,0.055232732648321584
1423,0.42439610998568017
1424,0.969040213838467
1425,0.9853436995527537
1426,0.34206996966761555
1427,0.4288041415836331
1428,0.203500960708038
1429,0.6406078404998179
1430,0.8977497876897761
1431,0.5198442935458167
1432,0.8290050828667664
1433,0.7520126211022591
1434,0.9951953905904221
1435,0.48832434770289795
1436,0.8877088201755201
1437,0.5015260321224385
1438,0.1477231975885766
1439,0.9517462872948584
1440,0.9777145937877251
1441,0.0011358586192894936
1442,0.8137689354138674
1443,0.4543332467842767
1444,0.9804184182929389
1445,0.017233335973148977
1446,0.9567648940079146
1447,0.993947923177474
1448,0.7090096398623894
1449,0.6447346401859736
1450,0.3834278301824083
1451,0.8269301908746589
1452,0.22401687906220358
1453,0.9362806135437229
1454,0.7009255672519225
1455,0.35757619446753447
1456,0.4147371844505124
1457,0.395959320401228
1458,0.31303713094037555
1459,0.3699776572905701
1460,0.3011718984577149
1461,0.4059987166653644
1462,0.507433297413296
1463,0.5888458227522713
1464,0.9620836794927338
1465,0.031834859098614984
1466,0.2649550714799317
1467,0.027593788153536903
1468,0.13861350775176956
1469,0.9934605338147026
1470,0.9668209363579897
1471,0.5545823148989365
1472,0.7482418454106674
1473,0.7317922530459525
1474,0.1639901907995899
1475,0.9746278318668219
1476,0.2529194505804462
1477,0.5589833823845118
1478,0.8502392017511294
1479,0.9688379728309165
1480,0.9528805561558414
1481,0.9388510670201622
1482,0.5789199242555065
1483,0.13898738408612613
1484,0.7956891499504802
1485,0.8437293305751697
1486,0.9141225489262451
1487,0.8950106081279746
1488,0.9595899343591877
1489,0.9116634881105612
1490,0.5045681595614623
1491,0.11332131442087517
1492,0.587671548321112
1493,0.5967006606273285
1494,0.8936515085472697
1495,0.8394498927984432
1496,0.46803271516024986
1497,0.37391938645780276
1498,0.9732819387898627
1499,0.9757862401329309
1500,0.43015245292604437
1501,0.8641804657704355
1502,0.6887673651034505
1503,0.8201942530973633
1504,0.47410701579401876
1505,0.5158991776005826
1506,0.9832874462269106
1507,0.4751428739684272
1508,0.7627591409658974
1509,0.013495289496852136
1510,0.10864171683991608
1511,0.0951589905637993
1512,0.7590821556686635
1513,0.2412942213011017
1514,0.9216559506748048
1515,0.9172519685713081
1516,0.4231294495037525
1517,0.2084313670918625
1518,0.16004118478304522
1519,0.7030678495603362
1520,0.20756474970595526
1521,0.16595696191760614
1522,0.8632895217755819
1523,0.7213598671911803
1524,0.5969492109130045
1525,0.3437315528904174
1526,0.9516718792459833
1527,0.3859476922165464
1528,0.42870054677621094
1529,0.10173983027083587
1530,0.7167101377648568
1531,0.17036595403677257
1532,0.4782896587976316
1533,0.39098477280673927
1534,0.874279134309593
1535,0.6999265673543401
1536,0.9436354674904971
1537,0.8611284474577378
1538,0.8577829845267557
1539,0.148941358822365
1540,0.20809150540491114
1541,0.9271163089278901
1542,0.541346631433357
1543,0.8648568113718723
1544,0.8204486831197741
1545,0.3979083883241088
1546,0.9477292224481912
1547,0.8930017174141734
1548,0.340306654504251
1549,0.9392358273886117
1550,0.9691040469935148
1551,0.9165076304304488
1552,0.41329273345575257
1553,0.9354006239041003
1554,0.07495393263247166
1555,0.9691123717777064
1556,0.5356438370507134
1557,0.18301297771238864
1558,0.540279944921312
1559,0.9645475588403732
1560,0.39617640939191845
1561,0.8982159369985702
1562,0.9292912083130719
1563,0.14434439006967537
1564,0.9935908863275018
1565,0.6142183729945693
1566,0.23445790521373724
1567,0.6855766639546423
1568,0.08695608048169376
1569,0.3210213744581944
1570,0.974220937818534
1571,0.8864651191020797
1572,0.8636356902397266
1573,0.1361424741260517
1574,0.22133250542083746
1575,0.6145944665734371
1576,0.9817719243305212
1577,0.9935491393754129
1578,0.956583131082992
1579,0.8066461346108034
1580,0.527442193644229
1581,0.8039075872388292
1582,0.8959402435427791
1583,0.6354055166902708
1584,0.9196389319377363
1585,0.41177320382231497
1586,0.9049739609358308
1587,0.3945931476170944
1588,0.8643676279843192
1589,0.44031915168734
1590,0.5219231112650966
1591,0.7088077388176804
1592,0.882551713600118
1593,0.8949707587485739
1594,0.6276911370753401
1595,0.7592839659843993
1596,0.7807431535874039
1597,0.6533234981877507
1598,0.727036025818295
1599,0.9338355511369607
1600,0.4476020615763596
1601,0.3039716332646206
1602,0.6358881965525361
1603,0.756742740983289
1604,0.3762503034380703
1605,0.026442367677154938
1606,0.2922277578275127
1607,0.34086833383047066
1608,0.2180342482786396
1609,0.9822036999645785
1610,0.9323253700677779
1611,0.05385923445570983
1612,0.9559150668942585
1613,0.24331130076333343
1614,0.8573567877955878
1615,0.5645634266221132
1616,0.5803608009172235
1617,0.942876391371047
1618,0.6353877793342027
1619,0.822010088393312
1620,0.032811917205966254
1621,0.9848596801573869
1622,0.21370338797174887
1623,0.69088634661706
1624,0.8805199680040188
1625,0.25026859511977123
1626,0.31989227255600405
1627,0.7929891771470188
1628,0.6888731509140777
1629,0.9059974458809477
1630,0.8539281625951695
1631,0.849773650512152
1632,0.06778119998225711
1633,0.8514446937505811
1634,0.8320479207477374
1635,0.521231114870335
1636,0.3889133625819408
1637,0.9813900771988427
1638,0.9477142824519401
1639,0.9672249489712342
1640,0.015887140253134632
1641,0.1576549188871542
1642,0.04619289897706124
1643,0.08229343986172721
1644,0.8244676274206848
1645,0.2807607704038284
1646,0.9811146488989064
1647,0.8763702090408778
1648,0.810487281444755
1649,0.9740450833059634
1650,0.31486021838826667
1651,0.4468096482029226
1652,0.9799456319662558
1653,0.12222172151605634
1654,0.14246604806671526
1655,0.017440890862818425
1656,0.972329873088118
1657,0.2355446915792736
1658,0.7299514091032959
1659,0.5224705196108531
1660,0.8806899632680193
1661,0.9083211453900184
1662,0.5130253358449087
1663,0.35525305296243326
1664,0.8611947134108554
1665,0.9702869769132694
1666,0.1170464407181729
1667,0.8068068445730706
1668,0.6886014681142902
1669,0.6497418505707011
1670,0.545310253761698
1671,0.043572308342512654
1672,0.9505223947983439
1673,0.5226058186542896
1674,0.5222841610931821
1675,0.506565567726299
1676,0.21865705465533866
1677,0.9684550575806312
1678,0.9367362933972461
1679,0.0323059180575976
1680,0.32599046674114635
1681,0.033366384822017064
1682,0.592713610784055
1683,0.11325518402909121
1684,0.4194478147676314
1685,0.040429180340945066
1686,0.08278845012685342
1687,0.9463512551651366
1688,0.4700389907315806
1689,0.8915635406098372
1690,0.7172695754745608
1691,0.9657865647648628
1692,0.5962584654522537
1693,0.8688319205586225
1694,0.9776903639510429
1695,0.7633123155917798
1696,0.4279282194932948
1697,0.2029182619570617
1698,0.4595587154358255
1699,0.9797693937940766
1700,0.7907786342139435
1701,0.3287436065811773
1702,0.39398576915886246
1703,0.9915287986106652
1704,0.8759617900265069
1705,0.9088454339108751
1706,0.4476958123305286
1707,0.4672871704021632
1708,0.5761415680766679
1709,0.8801102006179795
1710,0.3930164999293425
1711,0.8062822196293546
1712,0.9107193612655924
1713,0.8607174982205605
1714,0.41542303675627
1715,0.30901816135571375
1716,0.912254546872094
1717,0.8460028798708904
1718,0.014391444476410895
1719,0.9806289001976793
1720,0.9449166438457697
1721,0.9376485737188202
1722,0.9078506393338713
1723,0.662347074679037
1724,0.08738841047832789
1725,0.9426076936203993
1726,0.6235522486419591
1727,0.9060982801566511
1728,0.16489432213569213
1729,0.6770402965775235
1730,0.9778425156531705
1731,0.31564103994600173
1732,0.39064305205845984
1733,0.5926760650315049
1734,0.651107293507586
1735,0.5220092462924047
1736,0.3127743137184619
1737,0.9658569916577917
1738,0.8619168610960549
1739,0.09078298966790661
1740,0.8718639060527913
1741,0.19957628025240684
1742,0.12204479443464236
1743,0.7311836722819844
1744,0.18725419244119487
1745,0.20313854846090887
1746,0.9096395437232039
1747,0.8177895617705017
1748,0.771614913837567
1749,0.014681898262455494
1750,0.9348011777777812
1751,0.9086649294135716
1752,0.38252595995969946
1753,0.934613675451389
1754,0.19862109063639657
1755,0.6959542633489573
1756,0.9106307255993843
1757,0.4961111684029759
1758,0.7898358125674447
1759,0.9730124482693819
1760,0.15549024837339925
1761,0.2519091095957944
1762,0.5888854846997805
1763,0.1388013203363604
1764,0.9799054546879377
1765,0.2186870242969262
1766,0.34879818921764355
1767,0.21946552239109282
1768,0.9721022589211248
1769,0.6141696786432096
1770,0.4268852582818117
1771,0.9803584809868786
1772,0.7931649369152173
1773,0.04521206940814528
1774,0.41706103286646673
1775,0.47619624828360163
1776,0.9790828251187862
1777,0.8501260127333392
1778,0.14821969611700192
1779,0.06411131585479088
1780,0.8092527197021515
1781,0.5930834211342509
1782,0.2550948013221446
1783,0.7484146107667207
1784,0.48334068795074453
1785,0.5740071420200323
1786,0.539072734842311
1787,0.8693641129875902
1788,0.13220893367725817
1789,0.6889160329462991
1790,0.9978934716587765
1791,0.29428933645926797
1792,0.890015653631854
1793,0.779587739397856
1794,0.4330479081660976
1795,0.44783395361517414
1796,0.6855595796755783
1797,0.5707873271077245
1798,0.5875653509620148
1799,0.9746381358125273
1800,0.6866796803000828
1801,0.0346219282178495
1802,0.964646374395778
1803,0.856417291938594
1804,0.8216517515814544
1805,0.9808270437775803
1806,0.5587663818071652
1807,0.9717080027949387
1808,0.8308433626240984
1809,0.27649775105029223
1810,0.6771748913330615
1811,0.7604256774089779
1812,0.9031983727991018
1813,0.9382428634373802
1814,0.26700734334668796
1815,0.47265654863679135
1816,0.7403789657195133
1817,0.7909759483403414
1818,0.3921665595937948
1819,0.4954852763811735
1820,0.7522487734967844
1821,0.9690720393992067
1822,0.8438533301977337
1823,0.6583829025143415
1824,0.660158787073452
1825,0.9418410430121269
1826,0.657081922744485
1827,0.7150600647695041
1828,0.3673124095712262
1829,0.2930133802619358
1830,0.6061967407249913
1831,0.00443711822743824
1832,0.9079269498335445
1833,0.5674936148812747
1834,0.6830571872637421
1835,0.5176206516691629
1836,0.5875530547094648
1837,0.16745926263141836
1838,0.9508612579702285
1839,0.0145062800481816
1840,0.019108158973751264
1841,0.8024890038117669
1842,0.24986179493573055
1843,0.9078559116372398
1844,0.8892969825857776
1845,0.9948271047522175
1846,0.7667307644161545
1847,0.33440485733276826
1848,0.5402292179024142
1849,0.9824238413513853
1850,0.3116662890642408
1851,0.9025609775947271
1852,0.8532128846037562
1853,0.9361875230646727
1854,0.9815435771104518
1855,0.9264943540054679
1856,0.4847709827165632
1857,0.9327235699790599
1858,0.8725197879202646
1859,0.9921342975660944
1860,0.6789833630162884
1861,0.1773183596180137
1862,0.2184269018444567
1863,0.9774376431116913
1864,0.8580498700705471
1865,0.15170369715905638
1866,0.598425650324489
1867,0.884147782600066
1868,0.6341049353964489
1869,0.3200398409124792
1870,0.820833896541459
1871,0.613934447711223
1872,0.8180856436429561
1873,0.8119385175716127
1874,0.9671961688921776
1875,0.026399520071866273
1876,0.6991345933926644
1877,0.9019370364329302
1878,0.8927637368842029
1879,0.9275068993846464
1880,0.14127530841710279
1881,0.8562263738246165
1882,0.27421849054992536
1883,0.5535656523140859
1884,0.6862367612279772
1885,0.5233517277056156
1886,0.2663045938923406
1887,0.9607008067025612
1888,0.044796503090879215
1889,0.026449848286236644
1890,0.0194296929250426
1891,0.03458088143475902
1892,0.3143666190242128
1893,0.25992930545374554
1894,0.04047322669647236
1895,0.38893806345998727
1896,0.6637422756786818
1897,0.3230530975554028
1898,0.9594637632522273
1899,0.9732679531884665
1900,0.12910465709182056
1901,0.9634897114475257
1902,0.5612324581713182
1903,0.34928829281805296
1904,0.30321575279976587
1905,0.30386937393828584
1906,0.7046449895447836
1907,0.06259382603838225
1908,0.9434403192452191
1909,0.9541175431420077
1910,0.8006505911910525
1911,0.7993832884845656
1912,0.9151022854993125
1913,0.9790076487562526
1914,0.020916144630815356
1915,0.5649748358783407
1916,0.5518785315559469
1917,0.590631062805823
1918,0.2731457385351323
1919,0.4217105654151809
1920,0.8106233088583457
1921,0.8597646195816636
1922,0.24651474866869988
1923,0.8943623106526409
1924,0.8541262397626961
1925,0.5839485724040825
1926,0.9589945683557657
1927,0.5671834578172423
1928,0.320494503068739
1929,0.9465779373898597
1930,0.8200295845865371
1931,0.9263768394713005
1932,0.13607493227322748
1933,0.9969426238343435
1934,0.313621326670395
1935,0.5992394536810272
1936,0.35670226828092094
1937,0.9490314623776888
1938,0.44666870705454914
1939,0.4673376733992363
1940,0.9171186270205182
1941,0.9827003957575078
1942,0.9975335393467705
1943,0.9360799224987444
1944,0.9497137909656337
1945,0.341622839261336
1946,0.7971840023606663
1947,0.8965307848885072
1948,0.1412301257924084
1949,0.5525854917618706
1950,0.8275934339432188
1951,0.589362946683733
1952,0.514457127219648
1953,0.6610405003617649
1954,0.23570053979885688
1955,0.9862789937481256
1956,0.9630506813832426
1957,0.5117127225678876
1958,0.8248777113997333
1959,0.4449042559621796
1960,0.6805241993178102
1961,0.9258063382902274
1962,0.9557993530585789
1963,0.468057520328276
1964,0.7750123649410614
1965,0.6922554014082162
1966,0.18346485065277632
1967,0.8547755975088556
1968,0.3530014464532776
1969,0.3775868219135841
1970,0.17608047167990779
1971,0.6190114161956974
1972,0.1210426183004621
1973,0.7697396298460608
1974,0.5149072294119911
1975,0.6823640687290068
1976,0.6587207794274884
1977,0.6172671925701185
1978,0.04204630089660384
1979,0.7698577094702029
1980,0.1587030085335474
1981,0.3588179642861098
1982,0.7678636842835681
1983,0.4278184240958963
1984,0.6573913034008055
1985,0.460063322320529
1986,0.6817565692827526
1987,0.8556249912592393
1988,0.663532640150624
1989,0.8171992591968428
1990,0.837432738345289
1991,0.01794178634952392
1992,0.9415798001960318
1993,0.004689280629003511
1994,0.16564443489704547
1995,0.028562901600657324
1996,0.779820616756387
1997,0.9617362566298987
1998,0.4205062300192578
1999,0.6324292291685891
2000,0.11992592036237193
2001,0.7427709776191149
2002,0.8151751018707011
2003,0.9211774524377847
2004,0.9347753495490534
2005,0.9097696717219614
2006,0.7459501526239162
2007,0.12264915790679569
2008,0.1554197858712836
2009,0.7860770423685116
2010,0.09765020222821803
2011,0.9995343829343651
2012,0.019001195137233563
2013,0.7667083913540741
2014,0.4435563191846651
2015,0.799821876712708
2016,0.6734849386803683
2017,0.9583967134709251
2018,0.5584561739572652
2019,0.978925181308392
2020,0.9029937825171598
2021,0.801086650774183
2022,0.7646414554957246
2023,0.39731783689571604
2024,0.9507635013249442
2025,0.7704755321240009
2026,0.7373346636177994
2027,0.9492293926369058
2028,0.4570219519326509
2029,0.08898251692009075
2030,0.018563709962682348
2031,0.9074377030399507
2032,0.8513956626515341
2033,0.8614257713290168
2034,0.9495119516820754
2035,0.9556939001363085
2036,0.7882627529141558
2037,0.22807499634367373
2038,0.8600700578907332
2039,0.4027899780415654
2040,0.42363294718949374
2041,0.7398047126261448
2042,0.22876227948341435
2043,0.07732702644145621
2044,0.6729007449728669
2045,0.8601389294631138
2046,0.2370043784068434
2047,0.7768774836640596
2048,0.7394351480879585
2049,0.8768679339721125
2050,0.567964457495448
2051,0.8878354883043761
2052,0.3279525232775194
2053,0.942103511545998
2054,0.07941678106898294
2055,0.8681896913091205
2056,0.6546871973439164
2057,0.6182667551676013
2058,0.6407746086768848
2059,0.615509570120476
2060,0.44298850685941515
2061,0.07012533614385251
2062,0.6524672793239418
2063,0.9416993500162317
2064,0.05562244267838333
2065,0.9943640730988698
2066,0.9568378739179579
2067,0.7912869166074309
2068,0.09895811549779551
2069,0.8635889673618782
2070,0.9515666100480307
2071,0.09715911297832945
2072,0.7101275862889558
2073,0.5877343446923623
2074,0.3011762452531106
2075,0.9497425898577929
2076,0.86036181336704
2077,0.04595950407230972
2078,0.46707910930288365
2079,0.9502981410378318
2080,0.9108373279908171
2081,0.17045360660002679
2082,0.1113886604943551
2083,0.9536719042935653
2084,0.6651288770867179
2085,0.22335759353475446
2086,0.04804152345350202
2087,0.8219857453728294
2088,0.5363931211172818
2089,0.8794333787614111
2090,0.5441006868822507
2091,0.12441338651058301
2092,0.6576533623092481
2093,0.7651686050376821
2094,0.13222914331113153
2095,0.85902069706159
2096,0.9953094993488909
2097,0.8860907064117853
2098,0.7326665576703744
2099,0.7172376867035469
2100,0.044256413478032414
2101,0.6836744642871535
2102,0.6493788892787856
2103,0.7048671290138855
2104,0.7575236715294839
2105,0.7134408835069261
2106,0.9495904386390962
2107,0.44016365370186505
2108,0.023496990116655302
2109,0.9139355821448436
2110,0.631921703011858
2111,0.5834996231283591
2112,0.7958640776258581
2113,0.16857099329365197
2114,0.7673989128670506
2115,0.5931074284643241
2116,0.5059835736516072
2117,0.9662295343112471
2118,0.06874014671497662
2119,0.32718021680546405
2120,0.12372244911762492
2121,0.4681319328642673
2122,0.8762690604071731
2123,0.9238719066130248
2124,0.9918172779168821
2125,0.959217320836131
2126,0.007256369189236632
2127,0.22582225004331788
2128,0.9512212930629123
2129,0.3977561335649301
2130,0.7080139787712957
2131,0.2678959478092749
2132,0.8781459459606749
2133,0.33286691100333005
2134,0.9936962803604424
2135,0.8705879830443425
2136,0.8627654746024137
2137,0.6795801602935755
2138,0.6702516017020681
2139,0.8737166041781557
2140,0.18719730485991207
2141,0.6625582766840139
2142,0.6831827445923524
2143,0.9987738789336262
2144,0.8344348227997532
2145,0.9556346748070744
2146,0.8596408879664567
2147,0.4650150082492199
2148,0.60868469616771
2149,0.009833865168545055
2150,0.4205755278985349
2151,0.10633376157846114
2152,0.18238830723351468
2153,0.29668317669942373
2154,0.8706679367601173
2155,0.30113692478786214
2156,0.813509645884756
2157,0.4637330186567495
2158,0.13742194644482883
2159,0.5883051633415141
2160,0.21019430106360712
2161,0.7786921055712671
2162,0.8938801892079085
2163,0.9500210966338684
2164,0.43207915820017095
2165,0.18358009001509876
2166,0.8227991976288113
2167,0.773306622417205
2168,0.7420039800406175
2169,0.881837299440853
2170,0.5386525618412334
2171,0.7978636122599627
2172,0.8986696140872
2173,0.7069485637397982
2174,0.8879312893824688
2175,0.9375689528582951
2176,0.7271236502749547
2177,0.11719474511026373
2178,0.8477982793690337
2179,0.09412756754976294
2180,0.15849313208849233
2181,0.9930632097664571
2182,0.7896707862765646
2183,0.6244185656526777
2184,0.8301042782097163
2185,0.015492004272920959
2186,0.9668548806044807
2187,0.03275506378658488
2188,0.8669267921958541
2189,0.5932422056695338
2190,0.7309555509633999
2191,0.9295024758284476
2192,0.3747925087300443
2193,0.9981941809218872
2194,0.5549037215186682
2195,0.9666401372929128
2196,0.4548447193742639
2197,0.21125748793338547
2198,0.04323063084409222
2199,0.22005772807106547
2200,0.9673715586321636
2201,0.539720183030333
2202,0.780308519935685
2203,0.08237113432953087
2204,0.9796618328871706
2205,0.8943535066953866
2206,0.020114417237943258
2207,0.0013074338129321962
2208,0.5417323063541368
2209,0.7133150684778118
2210,0.8250132702061235
2211,0.37568655084024183
2212,0.32328225780946535
2213,0.6036993677177649
2214,0.9466587671819229
2215,0.4204150531864074
2216,0.7289600930877507
2217,0.9896162680226305
2218,0.5522326792257557
2219,0.9667078030108645
2220,0.9630839543241627
2221,0.08284834531775662
2222,0.15242147292994748
2223,0.8616836657681968
2224,0.423567919444727
2225,0.43000263876319145
2226,0.8543537459920203
2227,0.18825987024727048
2228,0.986990307575416
2229,0.9684080307384302
2230,0.6372274049946504
2231,0.8233328363624272
2232,0.9059745146635456
2233,0.7599628245017811
2234,0.9612753227239477
2235,0.3382215567367805
2236,0.07225874085229718
2237,0.8133579679379158
2238,0.5536889444385731
2239,0.3910729726232393
2240,0.8474829724423513
2241,0.1648792091380165
2242,0.8685288307099202
2243,0.6975647533990418
2244,0.03619355381772827
2245,0.10313207181017331
2246,0.04368410292969519
2247,0.8926904924261273
2248,0.9843701181562802
2249,0.2083446981443926
2250,0.9639661153122641
2251,0.9314890922440013
2252,0.9971366714217943
2253,0.38370142608470575
2254,0.794513490825981
2255,0.8515685770914867
2256,0.5336712016123911
2257,0.6456864361803126
2258,0.8624477819357416
2259,0.43396979815550346
2260,0.9382278491167929
2261,0.5980980682468193
2262,0.22479906232865796
2263,0.47888777983548886
2264,0.6702861050172714
2265,0.835721408905424
2266,0.2564863624760864
2267,0.9470610828851579
2268,0.5465126977512249
2269,0.39577275421434743
2270,0.9950517459531152
2271,0.6952735282125567
2272,0.9411500771506373
2273,0.4073394341193269
2274,0.6323473761257943
2275,0.5789732881187015
2276,0.9866711336599746
2277,0.9509819344149717
2278,0.8002538835066882
2279,0.8070708674620835
2280,0.6430888937940528
2281,0.3427145859480925
2282,0.8302969396534225
2283,0.11164880683161461
2284,0.5989030699387132
2285,0.3484730766844553
2286,0.3935460898678301
2287,0.10492145610148944
2288,0.9151846943166411
2289,0.8230884596942722
2290,0.9514771495716144
2291,0.9958029751335977
2292,0.9202527544742282
2293,0.6846818591370839
2294,0.8508876115929551
2295,0.03160087477755734
2296,0.7659045677332257
2297,0.9495306240649923
2298,0.27841329493361583
2299,0.4172871792643875
2300,0.9974968351158867
2301,0.9298253570963636
2302,0.926037643999607
2303,0.850113178374234
2304,0.7989685069469717
2305,0.7294461910434019
2306,0.983466482569339
2307,0.32634593187395483
2308,0.11367351118465654
2309,0.8668648667560052
2310,0.9480269588415502
2311,0.6997737853844234
2312,0.9036035339887697
2313,0.44751047922413023
2314,0.3037565306766722
2315,0.5030974894392444
2316,0.9965689083256657
2317,0.9224783091107662
2318,0.9948424483430018
2319,0.40103757492417375
2320,0.5453980320627502
2321,0.14490299740512355
2322,0.6555475297995539
2323,0.8672511715435494
2324,0.8248804342691824
2325,0.043218696968530125
2326,0.7059694204807674
2327,0.23864254083551684
2328,0.8224389573191767
2329,0.8514670803673993
2330,0.39669835389879127
2331,0.626986669558169
2332,0.7478280953305227
2333,0.9597545739205094
2334,0.8697013200804962
2335,0.8006317079849163
2336,0.9429235649342107
2337,0.9643247549912358
2338,0.8053927228110499
2339,0.9476176787495021
2340,0.4624949729076946
2341,0.9142778316536884
2342,0.6720948678483372
2343,0.7645737779273091
2344,0.43036540535381973
2345,0.8730557965914431
2346,0.3951240077116932
2347,0.5064213696572146
2348,0.09736201673004809
2349,0.9200176023805209
2350,0.7495369161087762
2351,0.7069892955212764
2352,0.7600713499533481
2353,0.5725934462943496
2354,0.05906807110577807
2355,0.9149051276087505
2356,0.9399328107892211
2357,0.4932503104317621
2358,0.3295685510550619
2359,0.09085707375027177
2360,0.20984281806776217
2361,0.7955079231282508
2362,0.8490691569102049
2363,0.8578181537299371
2364,0.7914624932601312
2365,0.1235449888431422
2366,0.6377818340846458
2367,0.9568167797672114
2368,0.9171066583698836
2369,0.9302815044335998
2370,0.9490042207097202
2371,0.2199486887305027
2372,0.9560884243653563
2373,0.39254172285246697
2374,0.6273728682558162
2375,0.9280051494652314
2376,0.5665395763583276
2377,0.9230051719228115
2378,0.11514893938972282
2379,0.6880215342471627
2380,0.04936706368892231
2381,0.7784442644980781
2382,0.1855002456799782
2383,0.8908875224549343
2384,0.3457402747723284
2385,0.9723688812381133
2386,0.692857416107931
2387,0.8580466579490429
2388,0.7007213841482137
2389,0.8948001354093751
2390,0.030757317752105735
2391,0.8412531457320722
2392,0.3009492326707407
2393,0.8271400156608659
2394,0.7090030692419047
2395,0.20955367346665785
2396,0.8360622520789996
2397,0.057850107451614736
2398,0.909756830788475
2399,0.9206739275222896
2400,0.974187848152775
2401,0.6313152187104406
2402,0.28186682721727524
2403,0.9550201352494315
2404,0.34875043649942933
2405,0.978210863515572
2406,0.05096836474781291
2407,0.7551795558161148
2408,0.8197489230099043
2409,0.9671244125104235
2410,0.9720041156733985
2411,0.8659579512599355
2412,0.8489189996973515
2413,0.8179940147791004
2414,0.894116549062999
2415,0.6349223414202375
2416,0.4870758838465105
2417,0.2088357366565287
2418,0.6953114313870922
2419,0.6128620404922602
2420,0.05058524379028408
2421,0.263641292655827
2422,0.8813096471564185
2423,0.9624400574455771
2424,0.7580174904814233
2425,0.3191777245404395
2426,0.7644600729116768
2427,0.2587493017722104
2428,0.3882255930900045
2429,0.8791392922686972
2430,0.9317323231865476
2431,0.8574405511595585
2432,0.7048291546958784
2433,0.19398546768980685
2434,0.9255129712127499
2435,0.523711559643459
2436,0.9688832051629428
2437,0.901108276600494
2438,0.934883362880742
2439,0.06279853276079717
2440,0.9573035080969924
2441,0.9766828358780208
2442,0.3252921481678659
2443,0.9564281934871096
2444,0.895325738511987
2445,0.09838925422111423
2446,0.9334138668260192
2447,0.7060252328885637
2448,0.7374269521989872
2449,0.014114811721690998
2450,0.11554498610116197
2451,0.4846690284660743
2452,0.9954379457039805
2453,0.972582306474075
2454,0.9686467461344646
2455,0.9218178011029695
2456,0.9587530397951918
2457,0.05799105925114228
2458,0.09835778627863127
2459,0.22862800857115023
2460,0.5746555668058319
2461,0.25615385872071683
2462,0.6016023991040985
2463,0.9573471723619401
2464,0.9933602484126104
2465,0.9341096962630693
2466,0.8982279396649105
2467,0.23016273075319155
2468,0.9385091287954646
2469,0.4663831489108633
2470,0.21912915519556603
2471,0.7335331552517161
2472,0.35718293139791235
2473,0.757496953686258
2474,0.9945530788274455
2475,0.8870866338388579
2476,0.9506336189073339
2477,0.17786194567430913
2478,0.32752751622448456
2479,0.9217345086149231
2480,0.29923854255316834
2481,0.8099510560244199
2482,0.5909697197797711
2483,0.8074636943345314
2484,0.3516845286237693
2485,0.498161844813619
2486,0.3205365311687535
2487,0.8218881228887798
2488,0.9103119311315789
2489,0.9086769902797206
2490,0.1932898612798107
2491,0.9418832067548406
2492,0.9454121889544883
2493,0.6906850675693975
2494,0.3255705657506018
2495,0.4341749735424477
2496,0.9604763226067732
2497,0.4208147596390873
2498,0.7805513961008822
2499,0.10174803539533815
2500,0.36890823436319553
2501,0.8162391922840062
2502,0.666697223533528
2503,0.4575260663244186
2504,0.2635309349409174
2505,0.3759251206908494
2506,0.9612127115788286
2507,0.9919661652097788
2508,0.11154585966081763
2509,0.0979655304992773
2510,0.4221235244062427
2511,0.11600604234117934
2512,0.8617127119855713
2513,0.7601370453384793
2514,0.6802940393196
2515,0.5209692667941097
2516,0.7456794765409283
2517,0.9632881428161397
2518,0.024357155328642827
2519,0.9288970477497964
2520,0.9310861406404269
2521,0.8664919747482334
2522,0.9388267288393812
2523,0.7048809285960811
2524,0.8766307939938027
2525,0.7662382245156396
2526,0.1055024630610014
2527,0.6803408076165318
2528,0.9164620692260579
2529,0.9996810157723319
2530,0.7149091264962387
2531,0.6319347106899614
2532,0.866429078500828
2533,0.1216563345520143
2534,0.8388436715206948
2535,0.18193982924446914
2536,0.7311264652727348
2537,0.3003679362170526
2538,0.8365886523040761
2539,0.8129805263466895
2540,0.5530417125949488
2541,0.7610707796077973
2542,0.8801393546880936
2543,0.9348156030837942
2544,0.8847634090556182
2545,0.7846646616428028
2546,0.792655038235232
2547,0.20421443439185916
2548,0.9390402656574579
2549,0.7220727710189638
2550,0.944402709458537
2551,0.7783909544724833
2552,0.17277253089249303
2553,0.7116224124436756
2554,0.798510835280849
2555,0.6635364474326723
2556,0.6099987243002576
2557,0.39959040781785626
2558,0.9114453597796793
2559,0.1450166480285006
2560,0.9911277171157833
2561,0.868636278577659
2562,0.5878686456732478
2563,0.6426542484468227
2564,0.8955762596074472
2565,0.6255420761100681
2566,0.8478251046903735
2567,0.5685237309527079
2568,0.8963534837876508
2569,0.3128985649204493
2570,0.7309278564559883
2571,0.9379826148134242
2572,0.7150083564963452
2573,0.46828206746769135
2574,0.9579290494119017
2575,0.07387174571372347
2576,0.1583942566276067
2577,0.25733043928090626
2578,0.733041180964907
2579,0.972270248229737
2580,0.1249470036387709
2581,0.1282221924286223
2582,0.40171987207299564
2583,0.79288827056649
2584,0.9746475416282704
2585,0.6760398726804249
2586,0.8317677248171534
2587,0.19233218020717732
2588,0.1172896560944485
2589,0.63874229443183
2590,0.6655328862879064
2591,0.9384920674531511
2592,0.9244301666710502
2593,0.16058068142073484
2594,0.7373702749765269
2595,0.07754429207573793
2596,0.09420549953947831
2597,0.41056823745501586
2598,0.14915878626172008
2599,0.991494870685465
2600,0.6613156200274206
2601,0.9182745195074026
2602,0.1293311398633039
2603,0.6936552224865656
2604,0.7237530761801734
2605,0.46006781729624485
2606,0.9929564562537818
2607,0.6618760645791975
2608,0.7470870963211007
2609,0.9233437756639499
2610,0.11254214121164849
2611,0.9411857023116802
2612,0.4479941216061043
2613,0.2495972837386616
2614,0.12808671825553095
2615,0.9827478908390156
2616,0.8948574106352879
2617,0.9289987410238035
2618,0.012210523930007712
2619,0.9602466682381112
2620,0.5086866106240998
2621,0.5590218774092239
2622,0.7142591427454116
2623,0.8689942071939137
2624,0.24247372541830334
2625,0.9385053387178327
2626,0.968075391122669
2627,0.04455127718302367
2628,0.6464125493743906
2629,0.7085013172408549
2630,0.978468897713441
2631,0.7373001367330221
2632,0.42277647041923
2633,0.44418239302734547
2634,0.06444729726217327
2635,0.15119546541088638
2636,0.7169462796135243
2637,0.8836453207772672
2638,0.8889830694952363
2639,0.9890302858339004
2640,0.5751571663388294
2641,0.9758103852369694
2642,0.5556882354690956
2643,0.3271319400445479
2644,0.24802198165811146
2645,0.9780913085487815
2646,0.9540406489898202
2647,0.3255188440110508
2648,0.8525783321193764
2649,0.8570395645554872
2650,0.6083967456322312
2651,0.41167898278230003
2652,0.08598691339353842
2653,0.9193283468097869
2654,0.9843479241380391
2655,0.977473462502644
2656,0.6581371540035058
2657,0.9749213397673128
2658,0.1452664438478659
2659,0.9519762190589364
2660,0.39076106580067177
2661,0.6580283513129531
2662,0.40449924271783044
2663,0.7764566299493921
2664,0.46197694841077536
2665,0.7948781224950183
2666,0.8808832836588175
2667,0.7547039380400485
2668,0.33558171222706723
2669,0.5892672214708986
2670,0.6787773398839227
2671,0.2268760961178888
2672,0.06695677074965353
2673,0.12090245138266857
2674,0.8285085946452956
2675,0.3412708377306584
2676,0.37000382596119624
2677,0.8613089127375899
2678,0.2229433932882523
2679,0.9630229485598132
2680,0.1993468401152241
2681,0.8887265591505144
2682,0.16105800222516842
2683,0.03727049367904218
2684,0.5636450189816995
2685,0.6509570412812496
2686,0.38176141059301105
2687,0.7491225556237273
2688,0.4881242368934153
2689,0.9981856381004189
2690,0.9707026075614328
2691,0.6381486581348141
2692,0.8010081195868081
2693,0.28791542126468866
2694,0.8129729712983147
2695,0.00961138842255441
2696,0.7913765899042139
2697,0.322876247083522
2698,0.30380267932081284
2699,0.6894778534744381
2700,0.5785856691558258
2701,0.8334222179095718
2702,0.24087581226839141
2703,0.7322574945470112
2704,0.7054059316771804
2705,0.40354571407856155
2706,0.8072477157955582
2707,0.9746695783698063
2708,0.643150783964327
2709,0.4830903335442008
2710,0.6652541895175638
2711,0.8629230684258532
2712,0.36070752299284986
2713,0.7776611341151733
2714,0.6103319827051628
2715,0.047525449083858216
2716,0.22642415507231262
2717,0.9507060761409342
2718,0.8338429278698104
2719,0.9417680366513118
2720,0.7546498314259944
2721,0.8485292852747648
2722,0.22971970590254276
2723,0.8424812224567944
2724,0.09986279404334457
2725,0.3022281806459996
2726,0.09539390338052971
2727,0.5828655978564428
2728,0.06931950520473959
2729,0.6141173391957719
2730,0.9815656474515574
2731,0.06863883052825114
2732,0.757088531412109
2733,0.6913261951411007
2734,0.9628897199010067
2735,0.6824302184251911
2736,0.5563132267880121
2737,0.7543645012355239
2738,0.0375756369359705
2739,0.3165600024900979
2740,0.9006365536507568
2741,0.5402777375083683
2742,0.12041952888016395
2743,0.9868130720860117
2744,0.983284018393096
2745,0.8843690197407919
2746,0.2539352405769694
2747,0.5659731866466949
2748,0.42090907189994897
2749,0.7600362302314028
2750,0.5099895652645243
2751,0.4761285384880863
2752,0.18017750455178533
2753,0.04433215166898473
2754,0.6440669717705956
2755,0.4173181565925448
2756,0.8934759157596507
2757,0.5342016238264273
2758,0.9425763377143128
2759,0.3012165083559159
2760,0.018159392473058582
2761,0.6623646231466087
2762,0.03871127406327324
2763,0.49040487452830905
2764,0.824001180926802
2765,0.11754914144000499
2766,0.07309507065235939
2767,0.6159234870828686
2768,0.15054405878022153
2769,0.27451019327204035
2770,0.6035330447443361
2771,0.7712318705486235
2772,0.9782613318667082
2773,0.8376165145667869
2774,0.09599999564714223
2775,0.9591061859399829
2776,0.481078367521817
2777,0.7424912542576967
2778,0.7989100925272907
2779,0.07106003024866454
2780,0.9787729261484039
2781,0.34148425156365025
2782,0.883086107044782
2783,0.6670910305160878
2784,0.2648013672103928
2785,0.644543271570846
2786,0.7168043892186605
2787,0.7062380917451363
2788,0.9955749964884391
2789,0.9943985458995797
2790,0.08904586734216219
2791,0.8420456972446022
2792,0.771685162974366
2793,0.5082772845457088
2794,0.5489125569810049
2795,0.24472257022623714
2796,0.8961159241499841
2797,0.7244035890114545
2798,0.8000959407491658
2799,0.6328501911175218
2800,0.483724282013638
2801,0.8338760397722008
2802,0.9241305586087102
2803,0.3679008148971959
2804,0.004737181342770772
2805,0.5253006344571397
2806,0.23644000496929823
2807,0.6205122270028959
2808,0.6003085027864768
2809,0.805627970693631
2810,0.13829714890375103
2811,0.14861421066626965
2812,0.42378041424904234
2813,0.6237136733861256
2814,0.48321059996779975
2815,0.9794242475794244
2816,0.791129645274863
2817,0.629788877384367
2818,0.565660167985354
2819,0.10176620301740306
2820,0.9125148129545884
2821,0.8115585896701307
2822,0.9464094763408771
2823,0.9205325347409953
2824,0.6537187890432515
2825,0.9413510695024482
2826,0.772992681717355
2827,0.8609203832811304
2828,0.5781333795881672
2829,0.6994567590212496
2830,0.945290667807804
2831,0.9058748019454976
2832,0.7195687643828997
2833,0.6372809038184081
2834,0.7890100954846158
2835,0.43106608283746417
2836,0.2887719001327085
2837,0.5893039508493574
2838,0.5673055653662732
2839,0.20657191296799207
2840,0.46977250513749613
2841,0.8204566006184104
2842,0.4330906451128658
2843,0.9160406166231178
2844,0.9333394374896247
2845,0.8299813434191289
2846,0.6937183797998251
2847,0.7552509418011705
2848,0.12864718272334974
2849,0.10648925547410039
2850,0.7435464122087767
2851,0.14808724535095885
2852,0.3419533197252969
2853,0.9561745242070324
2854,0.8144363085306998
2855,0.9371624372746331
2856,0.19625644739487721
2857,0.5540801562849815
2858,0.727379850355245
2859,0.9764353906246259
2860,0.5926704556010528
2861,0.3103481641041156
2862,0.7905370668423393
2863,0.2330154567555226
2864,0.7471962625723424
2865,0.7798026243965023
2866,0.9771019492813355
2867,0.9982824224780676
2868,0.9636216682273494
2869,0.34627143772701724
2870,0.5405859615146462
2871,0.5007467168165805
2872,0.6916870402734547
2873,0.5682262530178762
2874,0.2310464860715689
2875,0.6548909528096544
2876,0.42928973540187815
2877,0.9399575247836066
2878,0.7896384966101602
2879,0.253731496059105
2880,0.0702850875281598
2881,0.5182143915845573
2882,0.9423856524625485
2883,0.998000277125323
2884,0.39065149748579464
2885,0.43358174338904115
2886,0.4734501523672307
2887,0.06104601557909474
2888,0.11505423321392197
2889,0.3571283323717148
2890,0.6837521184077456
2891,0.5456158808694905
2892,0.8174825219455437
2893,0.31685957526197234
2894,0.9292731890504089
2895,0.8647219891889205
2896,0.9958141017010894
2897,0.9541074091106755
2898,0.7077677414501907
2899,0.8624919593710323
2900,0.818507596052397
2901,0.12130950223575851
2902,0.8610835041884182
2903,0.3165233958591528
2904,0.999882129517382
2905,0.9888087744619721
2906,0.9396498328622874
2907,0.1803540486786027
2908,0.9730987321807831
2909,0.363834630030551
2910,0.9489198599413985
2911,0.3092576745485318
2912,0.978960240950064
2913,0.6671039917291913
2914,0.33210699555600803
2915,0.8215542131279047
2916,0.17361527393879692
2917,0.5747615304352625
2918,0.5653444334302214
2919,0.9205253000664535
2920,0.4679999305258872
2921,0.21394546806826492
2922,0.8300615916272093
2923,0.876989124824185
2924,0.20652012704773343
2925,0.9932398901523612
2926,0.7427670521489396
2927,0.6771269898143595
2928,0.6964673533754309
2929,0.18278247859261215
2930,0.821095460425273
2931,0.9135914787362629
2932,0.9581985121273374
2933,0.6619472588863599
2934,0.3160026828820903
2935,0.6148813002980072
2936,0.8879639219405386
2937,0.6333021035269041
2938,0.10042557954155501
2939,0.3566057345673573
2940,0.1255966140869498
2941,0.8780278916637946
2942,0.6471210671845091
2943,0.9497061150794917
2944,0.07131968364900045
2945,0.9510154150829144
2946,0.6723017457737182
2947,0.541149156390119
2948,0.05722599165894304
2949,0.9749891240452232
2950,0.10295509741037472
2951,0.740042990215625
2952,0.929081053701869
2953,0.7750578055860599
2954,0.6167520550559704
2955,0.989433873871239
2956,0.4951914665316878
2957,0.8527419561876586
2958,0.24772712275016578
2959,0.894106304974378
2960,0.5924853788335052
2961,0.7296466744475543
2962,0.6135301189235737
2963,0.948439185058159
2964,0.40259970241776694
2965,0.07965990914120573
2966,0.2934659180511595
2967,0.32796383071043017
2968,0.9927939356027448
2969,0.5927972729375285
2970,0.24927121182721965
2971,0.5214323924772126
2972,0.944912545949048
2973,0.7320687794563077
2974,0.34909725330584784
2975,0.7279960054009917
2976,0.9859656427498621
2977,0.10562415805243144
2978,0.8386100750896607
2979,0.9193792934619482
2980,0.8499253910046779
2981,0.6982628432934096
2982,0.5855408255241557
2983,0.7882874317193662
2984,0.5572516327747259
2985,0.7915582184284861
2986,0.45693867586635944
2987,0.8932936332065595
2988,0.9913357601975679
2989,0.5143902581403913
2990,0.6968568011265402
2991,0.13928809228655326
2992,0.9345548590838072
2993,0.5775872202994129
2994,0.22663462039184173
2995,0.873478023851085
2996,0.5972380457349596
2997,0.5458340864651748
2998,0.5939185162078946
2999,0.7129492073162977
3000,0.00896057708774174
3001,0.7061108957326657
3002,0.4480359041774754
3003,0.6310600691913949
3004,0.7091965028046866
3005,0.8384526958307345
3006,0.027136056430793244
3007,0.7632789968856581
3008,0.9720584934732653
3009,0.4909450439741873
3010,0.974693988568865
3011,0.06648767115691016
3012,0.7580734371757423
3013,0.2858759033259412
3014,0.9613815702244415
3015,0.9869879594070777
3016,0.9517259275333435
3017,0.8873823757689476
3018,0.9668116769966739
3019,0.1338368022753491
3020,0.6488034506098013
3021,0.6511933654900602
3022,0.18417333703500824
3023,0.6325983995698825
3024,0.6232741559319588
3025,0.07434650544693513
3026,0.22550500728414982
3027,0.7658924794907542
3028,0.8305037042305649
3029,0.21634961110991455
3030,0.9750213598493676
3031,0.7002338671439966
3032,0.9062863954296483
3033,0.34817940472694686
3034,0.4466892250883561
3035,0.5947620082414292
3036,0.9284063279909586
3037,0.5323912916857125
3038,0.6768711941422734
3039,0.8233564826578279
3040,0.9902440650356864
3041,0.7212076595630686
3042,0.6411523922936101
3043,0.18318774707787497
3044,0.9877422314886253
3045,0.9456991090427621
3046,0.3046447870694417
3047,0.9928239829399692
3048,0.7128649116603445
3049,0.22043967506078987
3050,0.7572343824218972
3051,0.9962217800866073
3052,0.11956280080642148
3053,0.8942717434596358
3054,0.9210828816935188
3055,0.2384620701287545
3056,0.2034128696922544
3057,0.09686060017453314
3058,0.9825460086324346
3059,0.9698933151831732
3060,0.4215077218695859
3061,0.9586878209023784
3062,0.9671033473369746
3063,0.6516079627714894
3064,0.10690718869124173
3065,0.7644715845771752
3066,0.3431983403293324
3067,0.9854460938282732
3068,0.8942609614308671
3069,0.6683040281577907
3070,0.9968168088720921
3071,0.9793607862245182
3072,0.5593573592575622
3073,0.9805032201262653
3074,0.5407372908913857
3075,0.8560656745199722
3076,0.7322727647031563
3077,0.6067947996589163
3078,0.5998809951732835
3079,0.7925584382726102
3080,0.2887208670380954
3081,0.11578577305521241
3082,0.6139373397706381
3083,0.9060130037941082
3084,0.8916393705046437
3085,0.5899161295369036
3086,0.9792263816467391
3087,0.982062930100024
3088,0.14896952735705135
3089,0.7673751975261521
3090,0.6596342874124786
3091,0.9697735196017778
3092,0.9316722751751647
3093,0.9576720498485907
3094,0.016099431063839393
3095,0.8306287907471329
3096,0.9314495589155184
3097,0.5851066571622252
3098,0.8283465261744505
3099,0.7648552092192523
3100,0.14817412097583535
3101,0.9166421287913182
3102,0.854549163328631
3103,0.3573591331996292
3104,0.6503308967989208
3105,0.9553199773115955
3106,0.06690871304075977
3107,0.9606490193550502
3108,0.1988775909010209
3109,0.26637232776836794
3110,0.5995392058968974
3111,0.9189507380734462
3112,0.6685198586784917
3113,0.7110954458986447
3114,0.9501868181053963
3115,0.9949333392245645
3116,0.006605000121041554
3117,0.81542779988357
3118,0.7748791667196059
3119,0.704823871909346
3120,0.9410680083174444
3121,0.43480086523014266
3122,0.8554370595875235
3123,0.4255367801045449
3124,0.5332020194107383
3125,0.14473575282782497
3126,0.8208730152413664
3127,0.5074228452052413
3128,0.17113477120913198
3129,0.3590786898096992
3130,0.959876568095745
3131,0.3171174492050909
3132,0.16187695998985213
3133,0.5335829584980507
3134,0.05243258713174539
3135,0.17581653586646045
3136,0.3282843849752053
3137,0.9242861576950309
3138,0.9763216441046823
3139,0.6597541554544996
3140,0.05588909475004015
3141,0.551510400186606
3142,0.4155699221289255
3143,0.5103804948379979
3144,0.258323743939304
3145,0.5076987397340117
3146,0.6799856265946767
3147,0.7880862327326073
3148,0.5776428335847968
3149,0.6217037946211251
3150,0.27911898648643524
3151,0.8018668398647416
3152,0.08055951385306563
3153,0.7532560726863824
3154,0.9735188566317775
3155,0.4660894999406925
3156,0.7782139867290719
3157,0.7316533417013777
3158,0.40718454098906326
3159,0.9185938671099263
3160,0.27890240216762846
3161,0.9461811605128773
3162,0.8890854189739205
3163,0.6580227381479462
3164,0.8221789275170315
3165,0.98256238041021
3166,0.9634753455158105
3167,0.6242012506838582
3168,0.8267588235416803
3169,0.9814508597115266
3170,0.790847879244283
3171,0.9687940068367192
3172,0.17474227562099234
3173,0.9922165481003988
3174,0.33524343455557293
3175,0.9593005915507207
3176,0.9519035959576648
3177,0.09126072407160102
3178,0.6629486205779956
3179,0.8742972389037686
3180,0.8702036424283083
3181,0.6943648673550332
3182,0.8353761324380202
3183,0.9753455085350706
3184,0.3966912752470226
3185,0.42241320956965084
3186,0.0442222123160677
3187,0.1339494431867598
3188,0.9908169855397342
3189,0.8369369770933687
3190,0.734984734593502
3191,0.7109852788487849
3192,0.31587408253395216
3193,0.7996437783436446
3194,0.3480709807776672
3195,0.7525173128767988
3196,0.7762349384563538
3197,0.1285446589480064
3198,0.39098383941533055
3199,0.97213901363336
3200,0.15249439336141773
3201,0.9819040224144369
3202,0.9748578740242074
3203,0.9509907494805113
3204,0.9147036240814874
3205,0.7865494069603961
3206,0.5145063458588103
3207,0.7665004409777014
3208,0.8618445166311831
3209,0.5209174546160901
3210,0.9336542023508995
3211,0.13417176639732792
3212,0.8135809649255115
3213,0.08485776130867297
3214,0.9462712136346053
3215,0.0559775054089007
3216,0.42420590654894036
3217,0.7928179167617849
3218,0.32361469442413177
3219,0.578480022944814
3220,0.5650067418916814
3221,0.6733403452812539
3222,0.25983608949621184
3223,0.6518308613254661
3224,0.7567845822025764
3225,0.7773527499334807
3226,0.6534431793366247
3227,0.3985729274312471
3228,0.5030840141152859
3229,0.23956047297587596
3230,0.8756886989911089
3231,0.5751696270862616
3232,0.2512688124571106
3233,0.9294284704721405
3234,0.33741893415779484
3235,0.628762465865056
3236,0.42546388498704474
3237,0.863498596622832
3238,0.4673148506714506
3239,0.7562132836051303
3240,0.9778961037289018
3241,0.7692773783177456
3242,0.6451146989827623
3243,0.9739279707769471
3244,0.8057094481617533
3245,0.9234156872304334
3246,0.7869672030265412
3247,0.8876503220056202
3248,0.9432061469555876
3249,0.4648212189544551
3250,0.07714066124839578
3251,0.9775596781731709
3252,0.9861135132204908
3253,0.6240655998845271
3254,0.38261634897296226
3255,0.8452676299798461
3256,0.894935958842134
3257,0.2778209571373172
3258,0.7508275759053168
3259,0.3481835495865331
3260,0.0402896926002117
3261,0.04208672402582663
3262,0.3336534442921445
3263,0.10889199477330391
3264,0.978917775297808
3265,0.9256229126308885
3266,0.9943119922968504
3267,0.060103797918215816
3268,0.9786042235440715
3269,0.01419975294985263
3270,0.32511729891911334
3271,0.9619336860481758
3272,0.19388539470687474
3273,0.27889795396018735
3274,0.6486886332217174
3275,0.1321670401084077
3276,0.7595093592880333
3277,0.3929750543474261
3278,0.8914388077289087
3279,0.20695905043045304
3280,0.9610962663880107
3281,0.8728870238137574
3282,0.6886908160962005
3283,0.7880402031905344
3284,0.9247516923891044
3285,0.09348565473170492
3286,0.2724356858268698
3287,0.5861239062011363
3288,0.7004065747784154
3289,0.8945888958005496
3290,0.8779306712747361
3291,0.8854183503070049
3292,0.9722741551038169
3293,0.7179017536140313
3294,0.40854350517010457
3295,0.9594705074237362
3296,0.5373719160283067
3297,0.8671805575838404
3298,0.0851527771699879
3299,0.15034884990902886
3300,0.2677799624609064
3301,0.27225431780027476
3302,0.2197884428697348
3303,0.22248092637837102
3304,0.7484712352604015
3305,0.9971139509254424
3306,0.02072776725368683
3307,0.936721047839835
3308,0.9172484788588986
3309,0.4579190046702154
3310,0.6449246726387372
3311,0.3372218304725549
3312,0.9858620693318739
3313,0.7995359995183651
3314,0.7021572437055303
3315,0.3347462083449029
3316,0.0519077955581614
3317,0.9847017642190925
3318,0.14326761912893324
3319,0.46785478240505657
3320,0.9897850871336591
3321,0.9154840371329157
3322,0.7138187625509307
3323,0.7353316636953817
3324,0.6802269699373348
3325,0.74810201502531
3326,0.07191980141363759
3327,0.7903429509536269
3328,0.8661645352430589
3329,0.8785486214700929
3330,0.8789883591852977
3331,0.9979091743422899
3332,0.031079346225177835
3333,0.63741691429252
3334,0.1608878958540292
3335,0.4278351694697985
3336,0.9447055547752745
3337,0.5133853628735875
3338,0.657287039189057
3339,0.293197811080984
3340,0.4012788251417223
3341,0.9695699831636204
3342,0.7861274652944197
3343,0.09083937932425865
3344,0.19984748725240686
3345,0.5029358236331337
3346,0.6925562136716261
3347,0.571947979035907
3348,0.8587677751654436
3349,0.900353329753924
3350,0.35542160511368354
3351,0.012021529345166598
3352,0.8504543340667258
3353,0.3285818289779442
3354,0.10188443031001425
3355,0.9829989872835246
3356,0.7347158385482263
3357,0.9477936734601368
3358,0.016027375916928186
3359,0.6900542786366528
3360,0.18616565346523314
3361,0.17570207437993227
3362,0.9594275448778418
3363,0.36728161135585047
3364,0.5718977498784905
3365,0.7335321944236854
3366,0.2657155415499954
3367,0.9142072571242585
3368,0.9617289665408448
3369,0.3298239633471325
3370,0.3028393706154067
3371,0.8578677411732001
3372,0.9587320139702815
3373,0.5345035487857638
3374,0.12190658551590858
3375,0.5542052589212683
3376,0.9663283069017604
3377,0.35093234027022296
3378,0.9823643230097315
3379,0.6150930470067668
3380,0.07305559730482933
3381,0.1982254989192405
3382,0.9031178725552045
3383,0.01815286081487191
3384,0.8920231768272189
3385,0.9563844295675429
3386,0.6675430607453808
3387,0.5219457343088911
3388,0.25740023830017583
3389,0.6584066222959853
3390,0.30780987352867173
3391,0.03379882140070436
3392,0.03301758226688054
3393,0.8746417152717285
3394,0.7746967091016737
3395,0.27245104376584517
3396,0.5022871113132512
3397,0.43211177844852283
3398,0.4470159431828125
3399,0.6693012871212299
3400,0.22314439179162324
3401,0.5734598131084011
3402,0.7234873751122354
3403,0.3768790139615871
3404,0.07610012783406753
3405,0.6915617854518249
3406,0.8211826999273052
3407,0.8792721523432998
3408,0.3031450500259229
3409,0.9383998692967418
3410,0.4947602192014362
3411,0.26312043805023944
3412,0.9936380096662171
3413,0.5734077465077222
3414,0.3460500986193434
3415,0.9266397399184662
3416,0.8686276782964808
3417,0.3897152791145415
3418,0.25010943784427675
3419,0.2856271853902431
3420,0.9978510134931512
3421,0.0860425369869727
3422,0.8853795009601003
3423,0.18697899764243667
3424,0.14554353187651098
3425,0.31454709928654295
3426,0.1757529377723346
3427,0.8503086730988747
3428,0.9643973274984835
3429,0.592531067635116
3430,0.12309487760794155
3431,0.5900208667871524
3432,0.0809433773337997
3433,0.8968289415144433
3434,0.2300971507777471
3435,0.8230037103174597
3436,0.045256819049781086
3437,0.7641437803968119
3438,0.9168033910831309
3439,0.025252832184306576
3440,0.9425656512527955
3441,0.5341014573691066
3442,0.1943426250988846
3443,0.5334701470778546
3444,0.9958359059715824
3445,0.22082550154175937
3446,0.2943625164004655
3447,0.9762365165725788
3448,0.2505178619110781
3449,0.8180301376502142
3450,0.00847414438507322
3451,0.6529256422350906
3452,0.9686386597255412
3453,0.9211533679369641
3454,0.7970726124439262
3455,0.6255409851401159
3456,0.8595177939478476
3457,0.961907610917717
3458,0.35450040254397436
3459,0.8355372622204184
3460,0.5343394247439262
3461,0.8991116669053433
3462,0.5947199580440918
3463,0.912407926489923
3464,0.9593874382949589
3465,0.5315680839279273
3466,0.8525052649012375
3467,0.5834281189256798
3468,0.13697466152836207
3469,0.9405615198657583
3470,0.9097971617191296
3471,0.5948367153072439
3472,0.9741677264647658
3473,0.9440677270673545
3474,0.8732420428338438
3475,0.9082740619910138
3476,0.08900364549534132
3477,0.042661026098600396
3478,0.6298058748572022
3479,0.6313475453154466
3480,0.5750184885764904
3481,0.5963401975386499
3482,0.9852011632309948
3483,0.8542081911334877
3484,0.7799314338085775
3485,0.9098716129834764
3486,0.1407807606261534
3487,0.933782174299697
3488,0.850300627736139
3489,0.9069678560202291
3490,0.9855842965945242
3491,0.9782451809582798
3492,0.8584235602216046
3493,0.931184700084868
3494,0.653467573407097
3495,0.3908698058059733
3496,0.7154373671209735
3497,0.8595803870666209
3498,0.47471013172983917
3499,0.03743060316907342
3500,0.7290728300669757
3501,0.024484082315369533
3502,0.21815790655819423
3503,0.32298312211772273
3504,0.27014098214347754
3505,0.8841181791089991
3506,0.6761260440817268
3507,0.13264529452872453
3508,0.4125099068970412
3509,0.05173679389607211
3510,0.19837288934656983
3511,0.6335374812656259
3512,0.45503561496575134
3513,0.6673460733222685
3514,0.9510187759941933
3515,0.7621671158233462
3516,0.6526226515189608
3517,0.41061005441015774
3518,0.8583646423309153
3519,0.832781581832829
3520,0.9212101053383529
3521,0.4219625133513192
3522,0.8786962178193567
3523,0.7845749731493388
3524,0.8630408061762961
3525,0.5239492937297553
3526,0.9277053193938516
3527,0.328083562597626
3528,0.8560994666345083
3529,0.8775597643542173
3530,0.03133077950693194
3531,0.7724636400837319
3532,0.892887359225157
3533,0.7411552265600242
3534,0.7103247842362933
3535,0.9275514522519694
3536,0.6623111636275704
3537,0.755902178879845
3538,0.9917637127594882
3539,0.8810956585988632
3540,0.8848077420460891
3541,0.6903282009481897
3542,0.08203470386221524
3543,0.5939419347453669
3544,0.7122679093098222
3545,0.9914144066383885
3546,0.40452207387001343
3547,0.8646423343460371
3548,0.9300829293295018
3549,0.8653371930642695
3550,0.291425352820319
3551,0.7189879441188669
3552,0.27887888104547703
3553,0.656713541123999
3554,0.19960889658757483
3555,0.8932123957738578
3556,0.9951444800767042
3557,0.1349920500856618
3558,0.8812890174007473
3559,0.7861213503030288
3560,0.8709088127047819
3561,0.8367183995462945
3562,0.9834004640828116
3563,0.037374102645355296
3564,0.9684319336067185
3565,0.8727670843826025
3566,0.836843321816067
3567,0.6577360591494849
3568,0.4326886843060306
3569,0.8130496138085272
3570,0.5960471976355121
3571,0.8244846276777725
3572,0.5548084973730566
3573,0.31707999889735655
3574,0.9943733007650165
3575,0.8367685909245105
3576,0.04725143995754238
3577,0.4778703792390991
3578,0.678994007163488
3579,0.831260993668981
3580,0.06751586534210922
3581,0.8484747811633427
3582,0.41921034003784247
3583,0.5602117248898978
3584,0.8571349490593101
3585,0.897571592556063
3586,0.22689876013082338
3587,0.9157084988605467
3588,0.5032765826995125
3589,0.5898624474507007
3590,0.4534715194145913
3591,0.08528349523843913
3592,0.38255492464487084
3593,0.9827208399647114
3594,0.33965443801687206
3595,0.8430275219065516
3596,0.12065736696020919
3597,0.023222733857454114
3598,0.1861843935816127
3599,0.4002009026592918
3600,0.7790707054816672
3601,0.27206500439745895
3602,0.992481121892457
3603,0.41380306444981874
3604,0.4803918637192888
3605,0.27968655479103094
3606,0.7187291439539472
3607,0.3878256559454019
3608,0.5265755760073658
3609,0.5204170297666749
3610,0.9146306822178354
3611,0.9926022619421777
3612,0.7072577806731145
3613,0.8662678587982624
3614,0.8308559882368577
3615,0.15099753028249774
3616,0.9968067211644113
3617,0.6824926107374965
3618,0.964530521417324
3619,0.9777829348846464
3620,0.6097174957551135
3621,0.21624874795288446
3622,0.20002199508189164
3623,0.8527956857767869
3624,0.6816489161864728
3625,0.5263827465253854
3626,0.13507729852121625
3627,0.905750156488587
3628,0.9584466619802603
3629,0.9483661953144146
3630,0.9979217182740712
3631,0.5321166052043924
3632,0.09333670438396076
3633,0.9680619873098226
3634,0.5682005832576761
3635,0.9633692360088114
3636,0.7500327966213569
3637,0.266666525385067
3638,0.6510164491649189
3639,0.272000954321772
3640,0.009509439915725138
3641,0.9386108112786765
3642,0.9481222776749967
3643,0.8976933316839849
3644,0.40052226398769275
3645,0.02779647230635853
3646,0.8389512439387357
3647,0.9561477980281332
3648,0.15894131977467893
3649,0.9171148648750627
3650,0.4293629900314143
3651,0.2609321987739901
3652,0.39757597485665896
3653,0.18197638973320107
3654,0.3985206883387433
3655,0.8960248856445153
3656,0.3185028993192389
3657,0.9327148932187289
3658,0.9824535528773413
3659,0.9466062470741999
3660,0.9286481007854199
3661,0.7478093728193164
3662,0.04042611609389747
3663,0.03377292798341265
3664,0.27653362011973925
3665,0.04885493708927252
3666,0.5679116905286791
3667,0.4857659760564574
3668,0.9440351283014062
3669,0.9905293390191172
3670,0.652670767079448
3671,0.6040593159857671
3672,0.131469742813856
3673,0.9834378352484618
3674,0.8576067779578942
3675,0.0707775680639451
3676,0.23076546304313986
3677,0.23994965856108832
3678,0.9651532031348321
3679,0.7592492852988132
3680,0.6794654384210891
3681,0.7990919556027453
3682,0.34370178827714715
3683,0.9480526413574005
3684,0.8586105109706251
3685,0.9519384104674019
3686,0.4232248590370088
3687,0.6687696998291237
3688,0.4099737912596503
3689,0.9658797882442156
3690,0.9176962364302825
3691,0.4375458755820333
3692,0.8433677734932187
3693,0.9654950561888441
3694,0.5924540743404351
3695,0.2873499065655282
3696,0.13331786675345317
3697,0.556096192781873
3698,0.9932709406597136
3699,0.94194979432278
3700,0.9935705563012105
3701,0.9758531943860654
3702,0.9629760964757589
3703,0.7864124279443362
3704,0.3444276558550506
3705,0.27403055488124906
3706,0.7613791602072391
3707,0.2172969311760776
3708,0.6138698161535646
3709,0.8043672958835878
3710,0.33049292638564004
3711,0.43914662592961984
3712,0.8767201926935535
3713,0.01895188818816733
3714,0.6806436777012462
3715,0.12429526192998226
3716,0.971646680807229
3717,0.00795770875714663
3718,0.2268432585090729
3719,0.9817018200713883
3720,0.9655669374577251
3721,0.00916381572021216
3722,0.8465899667848773
3723,0.9635887734923418
3724,0.8311571629647874
3725,0.06034182226469219
3726,0.5537694838843776
3727,0.17980694410543685
3728,0.10740758251054013
3729,0.013063655865473757
3730,0.8498948540125192
3731,0.6585813487452414
3732,0.1344425930157392
3733,0.34295918197755093
3734,0.9493835511381067
3735,0.8816660017064643
3736,0.8639724456257458
3737,0.9682024557760532
3738,0.39897459844578576
3739,0.24202869639824334
3740,0.8072321505787069
3741,0.9183579308333746
3742,0.2275265160459746
3743,0.9517220149170315
3744,0.9937625609926672
3745,0.8739263199952634
3746,0.8385857357706792
3747,0.3160623723951087
3748,0.1321582570957691
3749,0.9060591678047335
3750,0.7368738259761333
3751,0.043046716181213744
3752,0.8197109113998006
3753,0.698546709280732
3754,0.9920454116727885
3755,0.9808832035265344
3756,0.3421921943961542
3757,0.27550985504829983
3758,0.9813080788001048
3759,0.9879905554178207
3760,0.5769406998310113
3761,0.47778247416250186
3762,0.1704118009543017
3763,0.8327651610344052
3764,0.11847112675131248
3765,0.9481756677539317
3766,0.18383505246989298
3767,0.8634216903869424
3768,0.554010782101384
3769,0.32952008767439084
3770,0.9379567742695749
3771,0.5734069623191314
3772,0.7616234284377389
3773,0.1740507462916505
3774,0.5061440811650707
3775,0.02304049619829013
3776,0.4639387033046352
3777,0.5268745358186534
3778,0.22662330222525154
3779,0.6863954571991738
3780,0.76558203526922
3781,0.21709833128331954
3782,0.9221848342229219
3783,0.5682191103509996
3784,0.3097156987421927
3785,0.849421996631544
3786,0.16849229305594654
3787,0.9775622737064724
3788,0.07465860488243833
3789,0.15225468788939492
3790,0.42485726321392514
3791,0.09647023786042812
3792,0.022125893094170693
3793,0.14959955994226912
3794,0.7593168787499961
3795,0.9017042421876736
3796,0.05581582200458587
3797,0.3571880913472234
3798,0.9674238406816638
3799,0.10057974974269832
3800,0.0680111988740007
3801,0.9534792653093033
3802,0.9229492112903002
3803,0.8035507873270973
3804,0.9814361729103154
3805,0.16727885900360784
3806,0.48975797695774315
3807,0.673263570314437
3808,0.33503887630384793
3809,0.5390767369756437
3810,0.06975147736490227
3811,0.3702942822461834
3812,0.9961630241587591
3813,0.6493744678169147
3814,0.9026424390199652
3815,0.20898375516261425
3816,0.28582362074197043
3817,0.21816287943914633
3818,0.6875565691325626
3819,0.6288388931174108
3820,0.9256090225257486
3821,0.2181364229148126
3822,0.5063305646396774
3823,0.6149749700421855
3824,0.4038855038920547
3825,0.9933011215269256
3826,0.2129148864817632
3827,0.7672119818148111
3828,0.916699243946218
3829,0.06418412688521742
3830,0.7370820703668034
3831,0.30355371322960534
3832,0.21376585240578624
3833,0.6089342912343997
3834,0.006022847792085024
3835,0.08964671153885365
3836,0.299618356679933
3837,0.9837436664186394
3838,0.9688520007901353
3839,0.47944317515434853
3840,0.4336272408362569
3841,0.11392564561001747
3842,0.8667605884886793
3843,0.8844859116979439
3844,0.07148711219174674
3845,0.1071776313611846
3846,0.719470575895855
3847,0.7248543625393454
3848,0.7966303200756759
3849,0.8022137629258255
3850,0.23691578465463523
3851,0.7849451303208796
3852,0.9754298934262958
3853,0.9629406062350583
3854,0.06717076240208462
3855,0.7563070389920563
3856,0.9330302404766619
3857,0.9683371726460688
3858,0.5410003064544184
3859,0.9861524867199943
3860,0.961781063663081
3861,0.9125263603506408
3862,0.19619110302524886
3863,0.7150723953186519
3864,0.8577372343597508
3865,0.3134911841433607
3866,0.38409629187538014
3867,0.07957872873167413
3868,0.820639724136648
3869,0.8550310431626441
3870,0.3539513270797941
3871,0.08652473286513322
3872,0.7146395743983548
3873,0.12309251536182325
3874,0.7943092715170671
3875,0.041006676704207226
3876,0.863393481112598
3877,0.30203196863759574
3878,0.9237650830593344
3879,0.8571503599231167
3880,0.4395058022536619
3881,0.22762803755542296
3882,0.22930462404783344
3883,0.185391090158164
3884,0.7516647918405053
3885,0.35926700267111555
3886,0.7394108797526234
3887,0.9752476651427576
3888,0.857103773341372
3889,0.32672591263038303
3890,0.3052468553715104
3891,0.3725157524974447
3892,0.23373968506502427
3893,0.9717164822519986
3894,0.9531225727463276
3895,0.9575573559314591
3896,0.4107447498522795
3897,0.05378613899100527
3898,0.5687917494119483
3899,0.5844148590408623
3900,0.20590987153966298
3901,0.7652913086686577
3902,0.6184851722988024
3903,0.13463102244576003
3904,0.1305810616995239
3905,0.9118518818569904
3906,0.5909400751126364
3907,0.7918242529918815
3908,0.3153119427241128
3909,0.9632284416607843
3910,0.6915708320971485
3911,0.024624339098002383
3912,0.9508960017547606
3913,0.841372987007014
3914,0.12226168057498535
3915,0.9401508790783252
3916,0.8885642643217911
3917,0.9880671932452372
3918,0.833351169185276
3919,0.5340033353898611
3920,0.7234972413152819
3921,0.028179458434921038
3922,0.8720338342194824
3923,0.9592175713993571
3924,0.5767118371924672
3925,0.9556629370059767
3926,0.7023442539171856
3927,0.9817251265078383
3928,0.32536036048298494
3929,0.038855959563372997
3930,0.9869932765834549
3931,0.9458765430896147
3932,0.23752322633906592
3933,0.2608362459337715
3934,0.761073512434781
3935,0.9231217274484038
3936,0.7924093024964556
3937,0.9033020226036093
3938,0.7446681558026657
3939,0.015763439065627917
3940,0.5203572780637185
3941,0.01256548301734015
3942,0.16446905271517306
3943,0.037579376048437294
3944,0.9440400513041101
3945,0.8833284692965222
3946,0.35107026563079136
3947,0.40064163337521475
3948,0.7256306389633443
3949,0.6773038667570748
3950,0.6261030456972315
3951,0.5647535479659216
3952,0.6782368226451091
3953,0.28328931676882707
3954,0.7161937339038136
3955,0.47980664306775045
3956,0.9399428881307129
3957,0.21026518418373616
3958,0.025357123850032855
3959,0.23421301388718913
3960,0.9197210066159025
3961,0.3536295060745284
3962,0.5226379020741957
3963,0.2287681245254381
3964,0.7332058711241498
3965,0.04951868418297661
3966,0.9721490302316482
3967,0.5381911747192761
3968,0.7799575690153833
3969,0.2230504367093798
3970,0.690069660676946
3971,0.5574134185801464
3972,0.8621524415758073
3973,0.14276113790780393
3974,0.9722476955157288
3975,0.5306111423529873
3976,0.9861062813246184
3977,0.4415720314962076
3978,0.1766656301161532
3979,0.9907888928711253
3980,0.4484541969219647
3981,0.09551204436084705
3982,0.23328152448601006
3983,0.18190210215990735
3984,0.7761886462420658
3985,0.7254009169490513
3986,0.8697453351009822
3987,0.9367455263807797
3988,0.9701725972186316
3989,0.40723696168227846
3990,0.43570803116927775
3991,0.335732472656771
3992,0.37949226392393604
3993,0.7044522586603038
3994,0.9659127489763099
3995,0.6782676626991679
3996,0.9308928945715115
3997,0.43695127807015477
3998,0.7450633368985947
3999,0.14678338982195124
4000,0.9231902238879183
4001,0.2235451299851152
4002,0.7999678405586983
4003,0.7168281562044316
4004,0.4441844711348612
4005,0.958797475266628
4006,0.11851961582249967
4007,0.6318397980644651
4008,0.8790303530589523
4009,0.5340325611853768
4010,0.7085413589307226
4011,0.8578921104994477
4012,0.04204301517508104
4013,0.7012439701491074
4014,0.8802960247429065
4015,0.7199870735084886
4016,0.8169715858971032
4017,0.9908288362151693
4018,0.9360171256492568
4019,0.9102581391108625
4020,0.375523232502908
4021,0.9391086426064698
4022,0.7301089762637056
4023,0.9775307617131591
4024,0.6453171155705248
4025,0.4413465051593974
4026,0.9500326362169595
4027,0.5823447028442292
4028,0.2698670649475409
4029,0.3526384595593198
4030,0.7163019258062948
4031,0.8613638123254881
4032,0.5571264563541648
4033,0.956963815105078
4034,0.7251107198886418
4035,0.5889309334873096
4036,0.8997721258664373
4037,0.6450391372290611
4038,0.9787602208103827
4039,0.0993058012121537
4040,0.18904853495464635
4041,0.8845479605580016
4042,0.5455708479504112
4043,0.4495690066136903
4044,0.09776429668352535
4045,0.7810972329551553
4046,0.788647469637889
4047,0.2604124075940902
4048,0.2137830670602332
4049,0.33861318963744563
4050,0.7588662331968039
4051,0.9824358982280483
4052,0.09224288405949002
4053,0.9929143656956907
4054,0.26242939715170055
4055,0.8574819586942034
4056,0.9296487606065469
4057,0.41801183622692656
4058,0.4060406204905731
4059,0.9222656852184139
4060,0.49482995264425456
4061,0.5255035671910344
4062,0.9411381001547338
4063,0.696417520417149
4064,0.8732956405248987
4065,0.4126940596421542
4066,0.8091743848693507
4067,0.18725375805942507
4068,0.3139039922526401
4069,0.9698388871474373
4070,0.07612621176045306
4071,0.447276007440703
4072,0.08521909521026433
4073,0.5919019940522505
4074,0.9758171046473393
4075,0.3349099117608053
4076,0.7589552659829493
4077,0.40068418955689084
4078,0.4508109990844372
4079,0.9351704026802218
4080,0.9917460735814483
4081,0.7170921766044658
4082,0.16669557051920394
4083,0.9388162850874426
4084,0.9119907409659929
4085,0.7279582140208006
4086,0.17526478979152918
4087,0.705087636465876
4088,0.2928219056686075
4089,0.5931423258364124
4090,0.17461803987187102
4091,0.03426524834756097
4092,0.9379868823153995
4093,0.2772615604646433
4094,0.5618162465275373
4095,0.593295807656746
4096,0.5324703347492015
4097,0.10058531873976966
4098,0.8109737093975684
4099,0.7063455365571127
4100,0.4510288857291802
4101,0.44342513416514623
4102,0.9201493463279539
4103,0.02162027411466741
4104,0.11074736839620386
4105,0.5096794118575898
4106,0.9521784811024608
4107,0.7858966356978211
4108,0.3418520507030978
4109,0.880059582334446
4110,0.7715953569451391
4111,0.9064704084534416
4112,0.18778019878576996
4113,0.7687308455246109
4114,0.32345484073374303
4115,0.4707299194528729
4116,0.30147870846894786
4117,0.9305704090689373
4118,0.9819280126922728
4119,0.6550949456622093
4120,0.9724413544737517
4121,0.6927675786994705
4122,0.8436165069279636
4123,0.8937937298831325
4124,0.7562562009871778
4125,0.31530770587286466
4126,0.6864472404859505
4127,0.004283984337481564
4128,0.5198642559153135
4129,0.43865358089583684
4130,0.05056809783097472
4131,0.8549050756572005
4132,0.7976411289976135
4133,0.23103549403005164
4134,0.2437456877830302
4135,0.9895464258120292
4136,0.9263627324310918
4137,0.6047860140300727
4138,0.9580434984597962
4139,0.56429994702291
4140,0.9781964745519132
4141,0.8933695463156527
4142,0.05426678514080056
4143,0.01998158512059927
4144,0.9226992180702807
4145,0.19616388355914977
4146,0.3543766943181597
4147,0.8633524852488151
4148,0.6039114158037452
4149,0.5066236636535465
4150,0.7203805935920168
4151,0.2967415182160744
4152,0.8283097216693611
4153,0.9911152812102998
4154,0.7098002110656962
4155,0.22907843454503252
4156,0.5880887052695803
4157,0.7733641005080533
4158,0.9962867928099371
4159,0.8790580739641822
4160,0.9939789275253794
4161,0.13166382779480468
4162,0.05128675804188727
4163,0.8600603903191963
4164,0.5986597429717175
4165,0.9899805364852764
4166,0.7783774949509004
4167,0.1406615819266949
4168,0.7180350448589912
4169,0.9405119762726439
4170,0.43428438587877055
4171,0.3999921160734946
4172,0.76958090185398
4173,0.9869757993536068
4174,0.5803433836997997
4175,0.1615505089392935
4176,0.7059739001786968
4177,0.04038033653281316
4178,0.9829720411464636
4179,0.46237706381266425
4180,0.06515129878497909
4181,0.9682453904895237
4182,0.9395539824953276
4183,0.20036454435629056
4184,0.969526938719124
4185,0.8988577496778242
4186,0.5887151020304361
4187,0.8754347507978136
4188,0.7798302116549426
4189,0.9741234225064122
4190,0.19776052071531028
4191,0.8088790314664592
4192,0.07297324618961187
4193,0.5060599575028383
4194,0.30593749557111766
4195,0.834190721713211
4196,0.7057408292508338
4197,0.9607222419842713
4198,0.7486118457393843
4199,0.5306434376331318
4200,0.7097417054108053
4201,0.951282600329785
4202,0.08174179100607393
4203,0.24123251356550918
4204,0.4554751924798756
4205,0.8697288433616672
4206,0.68455123804167
4207,0.11706778880406823
4208,0.7621708325551408
4209,0.8809609233927442
4210,0.5768461832099506
4211,0.13005223458366125
4212,0.4344934617512354
4213,0.09191554822711666
4214,0.7296605940896064
4215,0.25042417045652493
4216,0.40855682000720256
4217,0.10941743850397208
4218,0.7533986019035485
4219,0.24314310234944797
4220,0.8688754547877763
4221,0.1867410578368488
4222,0.35165494309133666
4223,0.4695316137044076
4224,0.2311138350640229
4225,0.9958512649652879
4226,0.9716117271271907
4227,0.85126224367568
4228,0.9142543881157965
4229,0.9487281127925783
4230,0.9774307968399328
4231,0.7061595927857358
4232,0.6540461359450129
4233,0.9403242008492138
4234,0.9930377821392259
4235,0.4538664778950999
4236,0.9231182865443912
4237,0.4276968873433923
4238,0.4643655258980277
4239,0.9532407912487683
4240,0.899302446713534
4241,0.8135492022622011
4242,0.9259841135491049
4243,0.06954537366981611
4244,0.47364839895448096
4245,0.6007279384041463
4246,0.07966022527002459
4247,0.4524619137437681
4248,0.837679734556526
4249,0.7351678990346175
4250,0.05282752636219516
4251,0.2109239998232902
4252,0.19716368897816966
4253,0.9603948817466674
4254,0.06945995304050152
4255,0.4532882791900694
4256,0.12151587270062145
4257,0.386167828178854
4258,0.9866562798079358
4259,0.9823092602926717
4260,0.9728494966075338
4261,0.762525416120228
4262,0.9931518735775899
4263,0.9174222325248946
4264,0.7008283950048725
4265,0.2856283839862555
4266,0.9440222987063935
4267,0.11993753139206179
4268,0.21560137568244703
4269,0.5510303160996626
4270,0.2379538214516775
4271,0.8711746303366602
4272,0.4124388260125656
4273,0.021593275792602888
4274,0.9224139296192834
4275,0.04242658362119001
4276,0.3557612651559343
4277,0.6693818095192854
4278,0.3768174492495236
4279,0.7682231346882301
4280,0.6649479397340273
4281,0.9753249268156073
4282,0.12396153057081363
4283,0.9912632876246241
4284,0.03337719188676861
4285,0.9227518066837979
4286,0.7493436891671399
4287,0.872156335996251
4288,0.43914387114614595
4289,0.6313648614693721
4290,0.911687623558284
4291,0.7747433291635379
4292,0.00396218260009217
4293,0.33050500897830626
4294,0.8665959507045121
4295,0.798387276696223
4296,0.9420263371622459
4297,0.9261296481267995
4298,0.727020674249705
4299,0.00872967681874442
4300,0.09664015252997252
4301,0.8499476583298377
4302,0.03670015845311095
4303,0.6858429006447574
4304,0.23815082571126986
4305,0.8512985956894826
4306,0.07658779317360831
4307,0.559495674914564
4308,0.5299012436125677
4309,0.8654911289099917
4310,0.8657546894776075
4311,0.4848120688474106
4312,0.5043057703262283
4313,0.5454197746179241
4314,0.8254692082865087
4315,0.1029852865248114
4316,0.2416402460899538
4317,0.7409510179161625
4318,0.3484546504512725
4319,0.8966195982644853
4320,0.846986999482278
4321,0.37656833330634915
4322,0.9871803887500856
4323,0.36896993538306944
4324,0.3478794182194073
4325,0.8412146783484958
4326,0.9553940607616576
4327,0.0280795500885528
4328,0.1904184498936573
4329,0.009420479290723354
4330,0.11816427713233268
4331,0.7992167939374537
4332,0.9703384516039241
4333,0.561507405984985
4334,0.5920000714386765
4335,0.14571089047152533
4336,0.011084525963207335
4337,0.5659094456634981
4338,0.38802575632698183
4339,0.11384400100296917
4340,0.20368154803230817
4341,0.2169776162188659
4342,0.5203529769292142
4343,0.8149078940246381
4344,0.9789481046864169
4345,0.6650401851726421
4346,0.97078187420674
4347,0.9429621004776408
4348,0.4464880130382715
4349,0.19058206930768445
4350,0.5260590787368559
4351,0.655403064393506
4352,0.6620023175655798
4353,0.7952952031349106
4354,0.7633126359755577
4355,0.8022579646562639
4356,0.6257973888619486
4357,0.13295019382485493
4358,0.2690732211681222
4359,0.5001200527808033
4360,0.03291491826834874
4361,0.10354849650875805
4362,0.9711498740937401
4363,0.30772963154187133
4364,0.05135801894006111
4365,0.759901730695382
4366,0.33691419223613406
4367,0.9911056846235652
4368,0.15758171300059223
4369,0.18962138351002802
4370,0.9343267066473289
4371,0.01500173917595854
4372,0.36868196101908424
4373,0.06512945375621637
4374,0.5479782332541694
4375,0.028717780229525997
4376,0.8435526847824002
4377,0.8313663685593695
4378,0.4584975462387674
4379,0.9822066502384352
4380,0.15436983436698934
4381,0.9723439781535318
4382,0.06213021859765597
4383,0.12099903355821795
4384,0.3093408464729812
4385,0.9379720711986206
4386,0.6127395491477082
4387,0.7587885403093035
4388,0.20534484432874964
4389,0.2909526347150156
4390,0.8175614198146868
4391,0.5784219237847947
4392,0.8665432591115415
4393,0.8770347115145044
4394,0.9190330938587976
4395,0.257393057364986
4396,0.7162851179340091
4397,0.21715927098022791
4398,0.2997707419609916
4399,0.042351484520656506
4400,0.9121666233946575
4401,0.34300566885524947
4402,0.9524867497522786
4403,0.23363062866597756
4404,0.23301036965758756
4405,0.3153799673930676
4406,0.797481545128822
4407,0.10183389212645905
4408,0.07873856678111454
4409,0.7162671043286036
4410,0.5466715261763408
4411,0.7086546113658335
4412,0.6895599961903085
4413,0.736239737238379
4414,0.45812576160246055
4415,0.24807253988308484
4416,0.7601330475536437
4417,0.05498475776070938
4418,0.8355113810353376
4419,0.01633652023497785
4420,0.9720404813991661
4421,0.9930773380357388
4422,0.35034689574655214
4423,0.9527685620090168
4424,0.4917302932235483
4425,0.9633970774623417
4426,0.8548766896182037
4427,0.9802123465384087
4428,0.5585952169373273
4429,0.7949192255614898
4430,0.029015300426197113
4431,0.9778824787895702
4432,0.9923638993883691
4433,0.963132659688639
4434,0.023799471395089804
4435,0.9599830191780951
4436,0.9654191184899127
4437,0.7934785497547465
4438,0.6445816787652113
4439,0.9393138320989334
4440,0.839479954592451
4441,0.9094575871551958
4442,0.9941297097436177
4443,0.4315481254125307
4444,0.27423085872901815
4445,0.3488098148863141
4446,0.9019807126813064
4447,0.5062106458626748
4448,0.7634919293751239
4449,0.9166472301146903
4450,0.18276534266780362
4451,0.98037896371055
4452,0.33091904820128765
4453,0.7851409450546897
4454,0.9563554018335986
4455,0.5899048947376109
4456,0.5848534627393578
4457,0.9574559846865612
4458,0.9800273732756843
4459,0.04759517938922183
4460,0.5098563288448046
4461,0.8059670537447324
4462,0.35948153572935626
4463,0.5094410037615033
4464,0.8723051807448982
4465,0.3817768940545348
4466,0.12033298750886455
4467,0.811471314692433
4468,0.3326726767295325
4469,0.8676607513273963
4470,0.9199781131514406
4471,0.07056287230897068
4472,0.024909040727985086
4473,0.032428359409830146
4474,0.7259432332287714
4475,0.11317822177449363
4476,0.9816749631657217
4477,0.7406931250717679
4478,0.49346674114034456
4479,0.9971128924233179
4480,0.9170908088457882
4481,0.3944329056648924
4482,0.9778384832937781
4483,0.7989229479048763
4484,0.7073837493541151
4485,0.7670653456269004
4486,0.8302832989594877
4487,0.5138325934604723
4488,0.24721535840740627
4489,0.9344227882003028
4490,0.11068165997385782
4491,0.9935808314026747
4492,0.16162659784523337
4493,0.11857146980746117
4494,0.4788999641417776
4495,0.8182789124511829
4496,0.7403468326387747
4497,0.07566372789467866
4498,0.1970862982438155
4499,0.525109704115535
4500,0.48434857517633456
4501,0.5026534176812174
4502,0.8236095641726472
4503,0.23646740765398058
4504,0.8368900281981283
4505,0.09850444231646423
4506,0.8117293099773756
4507,0.8595722180600107
4508,0.9146172375467719
4509,0.8155931918798783
4510,0.503400581260432
4511,0.307643191054486
4512,0.4373857633243446
4513,0.7163856299741724
4514,0.22445900453162693
4515,0.7250648443742659
4516,0.9332677480031897
4517,0.2916893523943473
4518,0.46811283711049756
4519,0.45829901279739627
4520,0.7709179128685355
4521,0.8909871798928956
4522,0.733690098587651
4523,0.21522021928235563
4524,0.8678236510299651
4525,0.6707030480689509
4526,0.8651043973412745
4527,0.024186745327311455
4528,0.898151300908284
4529,0.3772639849694581
4530,0.08755225682976533
4531,0.2810613909549246
4532,0.8339329753522251
4533,0.9229582707923231
4534,0.9534603757547594
4535,0.7051291776096297
4536,0.4307810459116004
4537,0.8321563190925994
4538,0.9048921905182987
4539,0.06282831747443168
4540,0.28574693088555025
4541,0.05340524294140723
4542,0.6103723902090029
4543,0.46413260883557994
4544,0.6715026519221388
4545,0.767789368460572
4546,0.9552206864670019
4547,0.8780149257536397
4548,0.8386415558120028
4549,0.2022090194639106
4550,0.26976220030545484
4551,0.9898112466573656
4552,0.9521166712162586
4553,0.582576781939889
4554,0.8094595826662221
4555,0.9805476494132204
4556,0.5088413568623807
4557,0.4381972626244645
4558,0.44440698979471466
4559,0.8340586733257804
4560,0.7748140943525516
4561,0.781293625486012
4562,0.03854110757657009
4563,0.9744220915658608
4564,0.6700363493845434
4565,0.87079688307007
4566,0.7674053437737274
4567,0.6259371708547303
4568,0.8523747374781053
4569,0.15405539972322096
4570,0.9370043166690107
4571,0.35249357184880126
4572,0.7021861343324091
4573,0.6494964485410963
4574,0.9952617216470754
4575,0.8810363238105756
4576,0.7450470906835639
4577,0.2585038032639168
4578,0.7506265977103372
4579,0.13659801791092813
4580,0.9766547077443891
4581,0.04115678699047244
4582,0.7720841804159918
4583,0.2518872451183165
4584,0.9951143865843272
4585,0.8656327285010594
4586,0.051060055734363494
4587,0.6812773831664738
4588,0.9965470056638013
4589,0.03881807413865673
4590,0.2737255219902519
4591,0.9484276053437599
4592,0.6089336572902647
4593,0.8091368309855032
4594,0.6094998058922625
4595,0.695641048000974
4596,0.838107949706259
4597,0.887458118008837
4598,0.9722162727240862
4599,0.8468124434385144
4600,0.6847328873847216
4601,0.09926702285051071
4602,0.6215660964804731
4603,0.8937935657412795
4604,0.900681993465884
4605,0.07106305655765065
4606,0.9745062814522261
4607,0.2412152089024384
4608,0.4607667530961652
4609,0.744736047279896
4610,0.7293452999860414
4611,0.9281651555849786
4612,0.6281781297671573
4613,0.3324455764168289
4614,0.6846536351323849
4615,0.8266108799403149
4616,0.7203314490959786
4617,0.042907401705880255
4618,0.951775691140366
4619,0.8271158567303151
4620,0.9453162098470652
4621,0.8709863657464615
4622,0.03690389726121273
4623,0.8220478279216962
4624,0.7712577705102353
4625,0.1083262799176157
4626,0.08533306184473713
4627,0.9261027389234104
4628,0.42332102437254426
4629,0.11698914766398741
4630,0.311302180560297
4631,0.9672982601817958
4632,0.9597988718360562
4633,0.37016709588727587
4634,0.8174955060781232
4635,0.7100975528510532
4636,0.03273032013239447
4637,0.9780372212700843
4638,0.07931039025404694
4639,0.5576269420188293
4640,0.3934587794145156
4641,0.11045399390430838
4642,0.42922718068809995
4643,0.48425084806751006
4644,0.9079570575502736
4645,0.8846279316631799
4646,0.7765668116846292
4647,0.0744498901727539
4648,0.9391840994058697
4649,0.9264063222763824
4650,0.280230069516594
4651,0.5738938987327793
4652,0.8452689332097612
4653,0.8879755200640927
4654,0.9550869066026036
4655,0.002482967430993767
4656,0.181057692255983
4657,0.008378703371013624
4658,0.6204258547701659
4659,0.3513445152645329
4660,0.9386549983433209
4661,0.6468520352680345
4662,0.797410681801959
4663,0.647831102378655
4664,0.947287797762049
4665,0.9005287030444836
4666,0.9802917675086406
4667,0.5021555402023483
4668,0.6174506432571965
4669,0.4004160123147238
4670,0.9195251676933873
4671,0.9859391919249048
4672,0.6561520789553731
4673,0.7975600641626294
4674,0.0380791784351781
4675,0.2918549696471125
4676,0.4770738199722347
4677,0.14746354378553397
4678,0.878709248255563
4679,0.40103438607553654
4680,0.6385028687211461
4681,0.7821291937162083
4682,0.6378654208705627
4683,0.7542100653725475
4684,0.8779966253411409
4685,0.5587017263128419
4686,0.8210775622280032
4687,0.6250244160790298
4688,0.38675174132453105
4689,0.616810081980569
4690,0.6595940100164117
4691,0.9322124595083143
4692,0.688559326663418
4693,0.32413155371655994
4694,0.8320838582805296
4695,0.5759834680979736
4696,0.7345885275435619
4697,0.8544424676376406
4698,0.6412152319134246
4699,0.9387779361510046
4700,0.44027025158281113
4701,0.08005950887179462
4702,0.5584354119261677
4703,0.25102827153897744
4704,0.9420263222549531
4705,0.006851469729789312
4706,0.8412223296038682
4707,0.29431272402972586
4708,0.5956589933187689
4709,0.7794823327785882
4710,0.9214714440513192
4711,0.7445455519121541
4712,0.04718945719894056
4713,0.7102613909689953
4714,0.5331812671166272
4715,0.9035805660800612
4716,0.5644611698044192
4717,0.975343383899066
4718,0.8658779111037114
4719,0.9786933046020542
4720,0.46450324199055626
4721,0.6229381724632169
4722,0.9464386771033685
4723,0.21631474850695817
4724,0.10801499414491278
4725,0.10649998363666752
4726,0.9771172385494215
4727,0.11624027049266245
4728,0.09682927233668631
4729,0.6092442204703749
4730,0.9765618085836711
4731,0.6002253724191142
4732,0.8897425737650706
4733,0.3583216501035952
4734,0.9005779947540047
4735,0.8017766318785395
4736,0.9638811075877737
4737,0.5330924942360172
4738,0.7268231448046238
4739,0.7140345545566102
4740,0.9292754679927507
4741,0.14931963432301107
4742,0.6113730422113445
4743,0.482614306616989
4744,0.9550859143430546
4745,0.4189546593275413
4746,0.9335492611327222
4747,0.7998693812387354
4748,0.1124059773779376
4749,0.31042687473028735
4750,0.9571605301902665
4751,0.9777203731203915
4752,0.0775595076155097
4753,0.22412608860364527
4754,0.34157144398461003
4755,0.12865604941145625
4756,0.38930602386064994
4757,0.6550028594065793
4758,0.7636692149513339
4759,0.8524977425789365
4760,0.9664419042536816
4761,0.9830358255619679
4762,0.4707807948955741
4763,0.24919920891421707
4764,0.8632787470311738
4765,0.9416203989800273
4766,0.9942086715502675
4767,0.44904907730873916
4768,0.2002985701888117
4769,0.8058716676275706
4770,0.9466761649917769
4771,0.06437335169031927
4772,0.7130332923364261
4773,0.9005624820026812
4774,0.09562805593636883
4775,0.6274104738798435
4776,0.8651073057150486
4777,0.9350013234382565
4778,0.939821218533761
4779,0.6490925448722482
4780,0.8224484196501544
4781,0.8129577526447185
4782,0.7970133492045948
4783,0.5965012680607731
4784,0.9244260627631595
4785,0.9041203855230695
4786,0.5172789785091518
4787,0.5009511466262084
4788,0.11757577888465265
4789,0.9276871130692169
4790,0.7569051257975604
4791,0.9469911358970651
4792,0.3421460747174924
4793,0.227469240329685
4794,0.7851006380521567
4795,0.16976923412963027
4796,0.8000249407513733
4797,0.6346845141676706
4798,0.9047761764751826
4799,0.8922227088058226
4800,0.15111429243610053
4801,0.030433222148970457
4802,0.7510225830367195
4803,0.803932360718771
4804,0.6386645413277702
4805,0.9985738992308114
4806,0.9499460099252826
4807,0.766101570475787
4808,0.9828968326453366
4809,0.9959827055267878
4810,0.7014404185842823
4811,0.4790667906851275
4812,0.9548360847544541
4813,0.3952840654746257
4814,0.5312521787256769
4815,0.9879490422144162
4816,0.8331489816877458
4817,0.14575946961773598
4818,0.28834763581703254
4819,0.7263753669489934
4820,0.7035167437060276
4821,0.2415074870247628
4822,0.819329592818331
4823,0.1415739819002739
4824,0.8542462930283538
4825,0.8299318528950291
4826,0.5700382344229954
4827,0.5931297812667274
4828,0.9932333462276813
4829,0.9402378983887267
4830,0.5851189935388368
4831,0.7278166390741615
4832,0.26572759526305656
4833,0.45282615745506216
4834,0.16788947200352475
4835,0.3612258772189563
4836,0.16115830385714236
4837,0.35681745756185873
4838,0.6184980551148974
4839,0.7684296558793033
4840,0.9623981765445596
4841,0.5679916338375423
4842,0.4814357552312971
4843,0.9168081434404531
4844,0.24267094232202227
4845,0.6150410605586094
4846,0.6787991785246149
4847,0.12196663675328531
4848,0.9930411608191048
4849,0.03968889903205117
4850,0.3121239537282848
4851,0.19750282268683453
4852,0.5681893592872517
4853,0.21997217593587282
4854,0.8692826986768537
4855,0.9647912253101132
4856,0.760377560822428
4857,0.43052914256740166
4858,0.6149028698057052
4859,0.5922667493622524
4860,0.7590660839426834
4861,0.1750478033415509
4862,0.970596671393506
4863,0.9934109614736794
4864,0.8541959826487622
4865,0.9410738504141808
4866,0.7138298575156102
4867,0.047958530084878624
4868,0.29424546698555454
4869,0.7646865254641215
4870,0.17143573079511298
4871,0.22972602463313996
4872,0.17258001199149686
4873,0.994606376924546
4874,0.8519014963821341
4875,0.09473049243169346
4876,0.5732589998726964
4877,0.92615775805222
4878,0.6904283004798273
4879,0.9183327576985929
4880,0.9784047516149434
4881,0.7466587281995487
4882,0.36988900307959693
4883,0.021746634277192787
4884,0.9943846405889056
4885,0.5920257791916065
4886,0.7883065050971123
4887,0.9053168232608898
4888,0.9057124330923131
4889,0.1613798306592493
4890,0.6759642128266046
4891,0.6939052555429924
4892,0.957334561171724
4893,0.35861756820646745
4894,0.14977799535129416
4895,0.8115623113683319
4896,0.3576217238903639
4897,0.511144294233139
4898,0.04737174437444338
4899,0.11311454660584556
4900,0.972062400139409
4901,0.8274060492431763
4902,0.9763615552370435
4903,0.09031477706255309
4904,0.24204079064604023
4905,0.9205470297952113
4906,0.15929789791936774
4907,0.840654032631045
4908,0.5873183243056288
4909,0.7483764934903757
4910,0.9344175220302178
4911,0.4018010512620226
4912,0.06811916158849585
4913,0.683425556045938
4914,0.579009604498023
4915,0.9161595513853622
4916,0.24836068963249666
4917,0.6742905479313221
4918,0.7785855868776084
4919,0.4889475850927045
4920,0.8887398597310464
4921,0.7975928855665805
4922,0.3249542863729097
4923,0.9189612772335536
4924,0.3759928711947735
4925,0.62580454492569
4926,0.33949970027648413
4927,0.9914166540838407
4928,0.11029298376392266
4929,0.34754368147845777
4930,0.21060204372181973
4931,0.5743834246692391
4932,0.8850677298357662
4933,0.2929927961121785
4934,0.9653319665580165
4935,0.09181474630123432
4936,0.9402750323879051
4937,0.006869277426645403
4938,0.9749269817695247
4939,0.8545587438519417
4940,0.6828621096278424
4941,0.8105081466011165
4942,0.14943483569541471
4943,0.33513063462847137
4944,0.34232280603537335
4945,0.014056963373574115
4946,0.04406443800098351
4947,0.8556551014697183
4948,0.08097689753017494
4949,0.38624256831079185
4950,0.7660221750945743
4951,0.04137294906376467
4952,0.46069800870039823
4953,0.3887025223404074
4954,0.8974003245022046
4955,0.06588329447301314
4956,0.8841723329814437
4957,0.8600479474292559
4958,0.6421056250540051
4959,0.7964735114421905
4960,0.09992668560750628
4961,0.5977907438904803
4962,0.8669417426773113
4963,0.11810711357895437
4964,0.2861085252192568
4965,0.9125610108431673
4966,0.9845178106300999
4967,0.184769449351646
4968,0.9043666152679503
4969,0.4719656790704256
4970,0.9960249805663974
4971,0.9081226321770587
4972,0.3176712572383937
4973,0.14540937202644885
4974,0.6659179347983486
4975,0.1637834124412746
4976,0.2867644127525293
4977,0.3362010871479258
4978,0.413947151919346
4979,0.16651125968031324
4980,0.9964663429897677
4981,0.6729345336617694
4982,0.9382465712612267
4983,0.9429586647030093
4984,0.9032629792117379
4985,0.7924805879967088
4986,0.9946665127163468
4987,0.3788458199956546
4988,0.7677527060199919
4989,0.06732660079963791
4990,0.08752631206735209
4991,0.9434163451873749
4992,0.41349579686901644
4993,0.41993677272264957
4994,0.09790689845225667
4995,0.67854768366965
4996,0.9685406269100127
4997,0.9672212579659456
4998,0.7856506547244094
4999,0.9882004483627352
5000,0.45413381385890855
5001,0.8535410338390388
5002,0.42940377053769163
5003,0.9389937489686684
5004,0.8857946139322037
5005,0.003121492145051849
5006,0.944679477872403
5007,0.7496174685292156
5008,0.5085396111399137
5009,0.11483072328847219
5010,0.5571353388555228
5011,0.12339766981597688
5012,0.9542056024110952
5013,0.9991812181220334
5014,0.9425913768887669
5015,0.14716044205834491
5016,0.7768891642190583
5017,0.3747117404530312
5018,0.9962665832646495
5019,0.853063916959515
5020,0.987109595068739
5021,0.18707163218801867
5022,0.22358910815953423
5023,0.66171993855827
5024,0.16289189749744515
5025,0.5161174222757405
5026,0.934231358487039
5027,0.2511093849599626
5028,0.8503280991775712
5029,0.727030368367554
5030,0.6117073172934502
5031,0.7522581738648949
5032,0.06098291125105166
5033,0.8861719552527048
5034,0.3477088512945895
5035,0.9488190188943434
5036,0.9704168948799576
5037,0.8075150714540426
5038,0.9905935614416899
5039,0.1735078346030498
5040,0.3287873446745811
5041,0.8237342257826911
5042,0.703682772516589
5043,0.37370201378158546
5044,0.11477537153144544
5045,0.35125288001687993
5046,0.8903394523793887
5047,0.9620783443412584
5048,0.40862264563621065
5049,0.8960085694513171
5050,0.62530488565769
5051,0.948697422238683
5052,0.410011104776569
5053,0.25200924344684444
5054,0.28526253226656323
5055,0.9072529424815579
5056,0.815298218266127
5057,0.8307614188443477
5058,0.006599064005973579
5059,0.8752932552249202
5060,0.9748351649930622
5061,0.046636933706522096
5062,0.9758099721822545
5063,0.3637101125097361
5064,0.9216462372600965
5065,0.2038587086976785
5066,0.7970339643385586
5067,0.26896779488454775
5068,0.3780491002294043
5069,0.9242644650598147
5070,0.7699165014770464
5071,0.9886334290926552
5072,0.11902965719730153
5073,0.782474168410925
5074,0.9530300259098626
5075,0.9964868400904501
5076,0.8931036421343386
5077,0.9536391015398138
5078,0.9570078450046509
5079,0.08067227512060249
5080,0.135716615257002
5081,0.23560844201392142
5082,0.6466175122532514
5083,0.9920983087283561
5084,0.8914664475497004
5085,0.5757164060994412
5086,0.498990866313567
5087,0.446987815789125
5088,0.35964514909417167
5089,0.006652416126728192
5090,0.8706740817265988
5091,0.9751454202336165
5092,0.39414640468606865
5093,0.05566153791533133
5094,0.4879069889274872
5095,0.0577298700187944
5096,0.40063668466277347
5097,0.9143152976525445
5098,0.06565651441240669
5099,0.7581927298524543
5100,0.9991286372934142
5101,0.9555469715079589
5102,0.7757723703959843
5103,0.1016063265479287
5104,0.6842695115065219
5105,0.6340543278828927
5106,0.7967516944437513
5107,0.5617185689666203
5108,0.9746550686475082
5109,0.26373143487660866
5110,0.9634999425902433
5111,0.3744120057731913
5112,0.22198150225048935
5113,0.9872744110185089
5114,0.11753707629745139
5115,0.006154538533013125
5116,0.02700866111412589
5117,0.9158967976295277
5118,0.22462448172487798
5119,0.8423214405749503
5120,0.6422328526033292
5121,0.9723950133416129
5122,0.21601634576530698
5123,0.991435446773115
5124,0.4672165661721884
5125,0.36962918198064126
5126,0.07599441641186706
5127,0.13671818682377743
5128,0.9969490643753494
5129,0.9436683795797288
5130,0.45129617116961884
5131,0.9438719947404048
5132,0.6150636442997618
5133,0.3665748764911306
5134,0.00498434772190597
5135,0.7346737145907513
5136,0.9912931671907547
5137,0.32548678942736603
5138,0.1203378313871506
5139,0.7902937636810539
5140,0.4536003258616789
5141,0.8795161276922513
5142,0.12254087270284963
5143,0.23111252221388975
5144,0.6951551349228805
5145,0.0702149168556516
5146,0.6528084361650972
5147,0.5167220156834458
5148,0.9863647081298051
5149,0.8878419066623437
5150,0.7180204516031324
5151,0.9844888235717395
5152,0.983163914636108
5153,0.9969479244328152
5154,0.6826005913095393
5155,0.08335377433184114
5156,0.21036021031530774
5157,0.17459744599494129
5158,0.04089111841897458
5159,0.3145293808356383
5160,0.13908027645989746
5161,0.5756827426249415
5162,0.48307780315620863
5163,0.9738925455186453
5164,0.7789155805291788
5165,0.21369664526451912
5166,0.9243087839087142
5167,0.20642344437629523
5168,0.597768547735305
5169,0.4311878974570987
5170,0.8097855929638089
5171,0.0063731659868534775
5172,0.7968545816007696
5173,0.8729875321666537
5174,0.9247451492502919
5175,0.972875720292882
5176,0.3331454227520214
5177,0.8137298373027427
5178,0.6443489797312533
5179,0.8270984007314917
5180,0.5300478735113654
5181,0.4928816607865078
5182,0.9906568262157864
5183,0.7874781569362383
5184,0.32644700947383504
5185,0.3001082471668294
5186,0.23249984323983502
5187,0.1228075346236944
5188,0.4114649798121681
5189,0.33104036816705584
5190,0.9616776878815869
5191,0.959260360734486
5192,0.3033480735853634
5193,0.4679914940068887
5194,0.9706714416712551
5195,0.1307572341010738
5196,0.9821258869335108
5197,0.8060702748351838
5198,0.4115043377052201
5199,0.8488322117632248
5200,0.2567980806359612
5201,0.15544489282835058
5202,0.31564901864972733
5203,0.5455216430084341
5204,0.3720433948359182
5205,0.49437404460612333
5206,0.005641220650668322
5207,0.996021425848429
5208,0.9931291839683618
5209,0.6638640512055975
5210,0.8803252011960937
5211,0.9209363423827059
5212,0.09641790840624648
5213,0.9143011374533829
5214,0.9762244932524843
5215,0.0261539189416251
5216,0.04218049466768805
5217,0.5820932551164099
5218,0.9185280703909797
5219,0.27001092496759393
5220,0.2290658651542837
5221,0.09057874637126555
5222,0.7600042678510598
5223,0.18298574140365315
5224,0.9734790085273395
5225,0.9888728716079269
5226,0.11577270150421202
5227,0.9561039867640945
5228,0.6429343132032691
5229,0.8247397825797343
5230,0.8797146277712694
5231,0.8140533629214507
5232,0.9553011164736306
5233,0.8781422734460123
5234,0.5070309901952551
5235,0.8011562378530477
5236,0.8970213975412471
5237,0.5786913541289546
5238,0.6421340016918072
5239,0.6512638714555841
5240,0.7728433591707274
5241,0.5755107684907674
5242,0.784596809838242
5243,0.7245795742185948
5244,0.9578686237064956
5245,0.6745354429070591
5246,0.8493820538698579
5247,0.7491179323592914
5248,0.9769435750029044
5249,0.8320223925576057
5250,0.9484798280110062
5251,0.925893359934384
5252,0.8898683805679909
5253,0.2620501873495784
5254,0.24217190970180522
5255,0.8219178055700253
5256,0.3022991842513012
5257,0.9415827341641987
5258,0.7566955096616342
5259,0.735016062664283
5260,0.08345168327770189
5261,0.6139657038294639
5262,0.12802714752282524
5263,0.5157643230608263
5264,0.7895436432997355
5265,0.707879027489791
5266,0.05350838306494207
5267,0.6219639996040561
5268,0.9373562876371637
5269,0.28984693166539527
5270,0.9353436178604333
5271,0.5646437140834589
5272,0.09014902241288111
5273,0.3930239190563765
5274,0.8644381403701561
5275,0.9065007719795584
5276,0.3850319131853292
5277,0.2970670597632667
5278,0.9723718231693947
5279,0.052251929342920535
5280,0.9923706859175707
5281,0.8544090724597058
5282,0.790255137260851
5283,0.9921903112129062
5284,0.7904562304194999
5285,0.9116772529755597
5286,0.5804906914038036
5287,0.21462717129955822
5288,0.05158235813896149
5289,0.570791619851846
5290,0.9772256643034365
5291,0.969525706297018
5292,0.3089803572144827
5293,0.6269161832474356
5294,0.9617429761222283
5295,0.5584467843121947
5296,0.10704283343313425
5297,0.3142430595327406
5298,0.7501646474721674
5299,0.3293333580222283
5300,0.7802416554246734
5301,0.17860163851930727
5302,0.7466742602568528
5303,0.7654324443724367
5304,0.23431060227962955
5305,0.652646952191906
5306,0.44200405621684835
5307,0.8786938768213559
5308,0.7194144672816308
5309,0.4408746824324072
5310,0.7757465698672132
5311,0.590008368488212
5312,0.5033562562222528
5313,0.3272164627518606
5314,0.7976367438588885
5315,0.6206163517191914
5316,0.4942422354259489
5317,0.6906098688825922
5318,0.652495226869839
5319,0.9568644390730069
5320,0.6256182383474965
5321,0.7967617717695092
5322,0.9605589001623598
5323,0.011368975741407229
5324,0.1829274897379057
5325,0.15055339306248466
5326,0.9974977839056853
5327,0.9989226131458759
5328,0.9093614003749114
5329,0.8964097890891458
5330,0.9349089769071306
5331,0.9090937059275792
5332,0.009898345280467801
5333,0.1300921225156109
5334,0.8972929759533195
5335,0.21517088325816494
5336,0.9037016881369903
5337,0.6111326582153032
5338,0.4783765821861732
5339,0.6877814128362209
5340,0.1759345485367263
5341,0.3059773653629256
5342,0.8435262661840118
5343,0.7963383443281572
5344,0.8788173569875468
5345,0.6525462880788442
5346,0.5998847440341099
5347,0.6020986218838387
5348,0.6407963062942232
5349,0.10976751930390159
5350,0.8234970606613105
5351,0.6761854170964049
5352,0.982667782272501
5353,0.9810458258608274
5354,0.925471464085866
5355,0.31738102990338357
5356,0.5149856327709135
5357,0.8822582378274608
5358,0.71944376930693
5359,0.06036968975398263
5360,0.03387955978538599
5361,0.21462648663679076
5362,0.1361741701127855
5363,0.6716438349545484
5364,0.037657458980254147
5365,0.6530127804951301
5366,0.8152433036073161
5367,0.901073390492359
5368,0.9719219620959122
5369,0.1349792162955052
5370,0.5512329693797305
5371,0.9141771742598098
5372,0.6703764172989153
5373,0.07562855330377848
5374,0.4164628494291245
5375,0.9944902465640599
5376,0.04257802220839529
5377,0.87922788614874
5378,0.020608873957825524
5379,0.19749844866594662
5380,0.1083775510707854
5381,0.2672184134167179
5382,0.6062629980673016
5383,0.06076038149595597
5384,0.23590358396126293
5385,0.7648193817177037
5386,0.7180658549306186
5387,0.1493731243776657
5388,0.855544384457028
5389,0.49558419921998953
5390,0.7456714212378721
5391,0.7733703660052168
5392,0.6705730871729363
5393,0.8736669580899523
5394,0.9599318077236226
5395,0.5790493137419154
5396,0.6434267705572014
5397,0.09038061072953239
5398,0.37478692735550095
5399,0.6677682441216385
5400,0.3574909210384865
5401,0.6736064263420833
5402,0.1798019995310528
5403,0.9592383104141997
5404,0.7618862355140521
5405,0.9774482923143869
5406,0.1512607855870397
5407,0.9971009312802173
5408,0.9923737897394205
5409,0.5460942331117435
5410,0.4359118166241866
5411,0.9361300376460192
5412,0.2142546826001222
5413,0.14708203547415324
5414,0.7311154320520048
5415,0.7169209959114267
5416,0.07454965794295429
5417,0.5806179115523318
5418,0.8920450674962173
5419,0.829524009935852
5420,0.9375592751226687
5421,0.9623232475175284
5422,0.8054577596252214
5423,0.9143598582875484
5424,0.834511138663158
5425,0.9744937834210631
5426,0.9177271023741469
5427,0.1754529949677147
5428,0.15961936397605714
5429,0.5746682310333743
5430,0.10611210017075647
5431,0.6461737286434316
5432,0.8481181460467165
5433,0.9290012488426693
5434,0.8850654727896436
5435,0.763939137748041
5436,0.6469501725877065
5437,0.31595276054363913
5438,0.6203689341617339
5439,0.947253326358224
5440,0.5222548011040038
5441,0.3456560957560802
5442,0.13034087354805307
5443,0.8216062581210641
5444,0.5636841520329158
5445,0.9140840233403317
5446,0.7317819238131035
5447,0.0884747004003901
5448,0.040229015716182405
5449,0.9067048873505401
5450,0.295020020804805
5451,0.9506887377093961
5452,0.6995671889113033
5453,0.6275704897321248
5454,0.8005174616393651
5455,0.5568743252859314
5456,0.9345148007435548
5457,0.9732400365755475
5458,0.10762951972439498
5459,0.05609179586459674
5460,0.5053491600490622
5461,0.613365681571287
5462,0.9244250673179851
5463,0.0588143175791046
5464,0.9258843905387604
5465,0.1909154924843178
5466,0.9207333242472947
5467,0.7921529687585278
5468,0.3279792460892365
5469,0.38197972919599626
5470,0.8751116977081081
5471,0.10749467688559618
5472,0.6376970036292082
5473,0.9897887875050243
5474,0.22536479932504305
5475,0.04547104402685835
5476,0.9583469127644191
5477,0.5072999774818292
5478,0.033134050917324784
5479,0.5066486630534489
5480,0.03359272767311744
5481,0.7285706966645829
5482,0.12960821857140248
5483,0.8205651376642011
5484,0.26283995425576806
5485,0.7574589584777552
5486,0.8320654025418567
5487,0.4055727682976172
5488,0.3130758415404055
5489,0.7537012465764006
5490,0.527762863359612
5491,0.7775895644253654
5492,0.8896449978473356
5493,0.6018556181148936
5494,0.14057347752126034
5495,0.371432597345118
5496,0.5053536344775896
5497,0.9264811420894138
5498,0.8427189584251882
5499,0.21679181872943845
5500,0.8695310343515601
5501,0.978919581102926
5502,0.044731840761249426
5503,0.42237430785861924
5504,0.9698080404674222
5505,0.02388881650323516
5506,0.9191376740757722
5507,0.9658937542927806
5508,0.19525062741376986
5509,0.4810922873283269
5510,0.5885171894255062
5511,0.7844836404578905
5512,0.6904980738850082
5513,0.9747130573757055
5514,0.016804663958159126
5515,0.061697745720484684
5516,0.5515566264707248
5517,0.2057457079853988
5518,0.2506670946538376
5519,0.9792397470631894
5520,0.8388653336300584
5521,0.15096902848623042
5522,0.9988667897269752
5523,0.8126259313773248
5524,0.9849830176162981
5525,0.9482634676393645
5526,0.9630277896952614
5527,0.9566377368658293
5528,0.5861812477461337
5529,0.6462666852176884
5530,0.7015574398671794
5531,0.6188613537355213
5532,0.8760751870963402
5533,0.9024493513017472
5534,0.28769505344516233
5535,0.22363009756417737
5536,0.7340795662615593
5537,0.5130626431873717
5538,0.2684997928886365
5539,0.029015098364893133
5540,0.6771974783671292
5541,0.2711065712017059
5542,0.7531403359924027
5543,0.9810475701312281
5544,0.9726539953442831
5545,0.9836775110067979
5546,0.08020844994702232
5547,0.09721852768826417
5548,0.8482252784054248
5549,0.670032789709818
5550,0.9739777017384216
5551,0.5045251145579042
5552,0.26141948849120694
5553,0.9583402091019019
5554,0.7725793194346322
5555,0.9980481505566356
5556,0.9798147754987573
5557,0.10002438262610064
5558,0.811046746294342
5559,0.9155600489430706
5560,0.28503401556876706
5561,0.14955984068126651
5562,0.05978231773983366
5563,0.5014948425519988
5564,0.8740719848442472
5565,0.9645803422096084
5566,0.9033658241867814
5567,0.968396187613207
5568,0.8269249697967828
5569,0.26921937074402796
5570,0.9117312331565981
5571,0.9417987370017428
5572,0.538453339326508
5573,0.9950677929553797
5574,0.007643588864320532
5575,0.8301560546268789
5576,0.7007235513242639
5577,0.41143067145806883
5578,0.9028477207087265
5579,0.9619949480108481
5580,0.9797100190896384
5581,0.701813257185014
5582,0.0927164184878171
5583,0.0712471583078034
5584,0.9788062932616797
5585,0.5730081693191328
5586,0.1222838730771944
5587,0.40294418235540264
5588,0.8585537167541607
5589,0.40195449381166126
5590,0.9950406265394026
5591,0.5397491455990369
5592,0.9536168669882417
5593,0.9166647995726782
5594,0.6493637629494443
5595,0.5778828013643044
5596,0.9553507720118551
5597,0.42678971798786713
5598,0.6618344353158214
5599,0.17724838127494444
5600,0.7710490000742034
5601,0.6887412959784627
5602,0.9706016127324144
5603,0.465164589093671
5604,0.9746186975274269
5605,0.2450818280486743
5606,0.3135041913909685
5607,0.18360986880606606
5608,0.9452149417051788
5609,0.841036009967713
5610,0.15452175071820498
5611,0.5782735185712826
5612,0.9436474374857409
5613,0.8621139683450229
5614,0.10413145653944797
5615,0.9647384602533671
5616,0.9941343104002631
5617,0.12845188097855287
5618,0.9180141965615436
5619,0.48094406260002903
5620,0.6309460342209849
5621,0.7696264012675146
5622,0.8713586333628192
5623,0.9371366857762848
5624,0.8888994037839631
5625,0.039439260639484365
5626,0.8856246797466664
5627,0.6091846452650963
5628,0.9784693432646691
5629,0.8220086248496034
5630,0.9913160899445759
5631,0.505188875468181
5632,0.7433778402731738
5633,0.3434030121769868
5634,0.41143086580313704
5635,0.7259819828632013
5636,0.4657479197352786
5637,0.4881983699701831
5638,0.9679831099685539
5639,0.9052398429484064
5640,0.994392410636628
5641,0.5581130686823679
5642,0.6999684229527162
5643,0.29494808302952163
5644,0.21587975273932075
5645,0.4050849919481845
5646,0.32237803663979264
5647,0.5466467536488414
5648,0.07691500756955935
5649,0.28958507431579206
5650,0.034931984791334414
5651,0.2486393569857348
5652,0.7214329767733935
5653,0.2872769204275615
5654,0.6421750652696897
5655,0.8027877335881685
5656,0.053832133357724646
5657,0.7615491632843925
5658,0.720200020354421
5659,0.09079895861444763
5660,0.09122363323354268
5661,0.433876666360119
5662,0.19129376394427694
5663,0.9471582454489016
5664,0.904778109938824
5665,0.6642078743405466
5666,0.5232828392730994
5667,0.5795232548188506
5668,0.9659443645551976
5669,0.8368378933575812
5670,0.96466284233082
5671,0.9714596331549098
5672,0.6820764340035015
5673,0.23727104771850405
5674,0.5128322393819215
5675,0.4733823656784092
5676,0.40363263570082375
5677,0.49653927614139165
5678,0.3828685189683384
5679,0.907365787620321
5680,0.8247793651303399
5681,0.5238798653531798
5682,0.9477981316371776
5683,0.32776500771186046
5684,0.9536376897878795
5685,0.819550395456313
5686,0.5836636111879077
5687,0.583590392641145
5688,0.04250256205000984
5689,0.9400063174743974
5690,0.9960697427575319
5691,0.2369415118502748
5692,0.21446362818337
5693,0.050971005621657496
5694,0.8272546321273229
5695,0.9099841730999466
5696,0.36931332173694925
5697,0.172685146299407
5698,0.4713330348232045
5699,0.7579474189381505
5700,0.9228324874712874
5701,0.3729487116352676
5702,0.6805077794088121
5703,0.5533734470990114
5704,0.9851599408086598
5705,0.9808707865119287
5706,0.9603789791629013
5707,0.04775368969897649
5708,0.5637096023422212
5709,0.04356465598633747
5710,0.7907229720019558
5711,0.5952372381940836
5712,0.9132265131223272
5713,0.8099578277947034
5714,0.9095902418766135
5715,0.27836830846455823
5716,0.7357678570400094
5717,0.508291947465118
5718,0.7150386400948239
5719,0.906091023980642
5720,0.9817520791334533
5721,0.7548760043850122
5722,0.175726381102566
5723,0.7027310900470073
5724,0.01376289156605663
5725,0.3392354815461574
5726,0.9518382953596299
5727,0.9130798043546713
5728,0.4638906216214623
5729,0.06896514039388335
5730,0.6442560802981109
5731,0.37945386955185917
5732,0.8836328576694535
5733,0.8558462426192737
5734,0.9635720103968214
5735,0.7460917070488517
5736,0.8494656237858044
5737,0.4566242406230591
5738,0.9808158096473426
5739,0.405442072333689
5740,0.18590117459830388
5741,0.8640968035854056
5742,0.5907822445802755
5743,0.3144089994943889
5744,0.6427833543518121
5745,0.574696470327835
5746,0.9844689707698026
5747,0.9525687166844599
5748,0.5781204826929988
5749,0.7419319016142736
5750,0.951005921715244
5751,0.20443635382326356
5752,0.9523893505706562
5753,0.8351376886520504
5754,0.5932810063746115
5755,0.9954781858985563
5756,0.279963572147019
5757,0.7179918173183598
5758,0.24028039201909718
5759,0.7953204172808449
5760,0.9030437204018747
5761,0.8542456515896515
5762,0.9850496269279142
5763,0.3770871722654117
5764,0.5931691939071861
5765,0.8370360784341069
5766,0.11650440125103131
5767,0.8951991794413319
5768,0.9780765219544983
5769,0.6840798699021985
5770,0.9096006174293377
5771,0.21975441851328456
5772,0.8113530237162806
5773,0.9857321225382643
5774,0.5734448586482273
5775,0.6267190541351754
5776,0.5362816853686571
5777,0.9724435516363504
5778,0.9981013310911815
5779,0.1469494600629879
5780,0.44467204487719275
5781,0.7847902935527737
5782,0.49803642736499776
5783,0.9296977186824674
5784,0.9788415097873615
5785,0.9460410944444985
5786,0.7102677060582646
5787,0.12746938327394375
5788,0.4844498297389412
5789,0.017861043939633236
5790,0.8817918932214884
5791,0.11884466822019207
5792,0.21433502017083703
5793,0.9618010619763553
5794,0.9776337029567819
5795,0.5723308265583646
5796,0.8575063344453892
5797,0.04284774952178194
5798,0.9663262822085724
5799,0.06750828717868172
5800,0.8625494605112313
5801,0.2398302862152552
5802,0.389354309739652
5803,0.31931447427150766
5804,0.79896593813992
5805,0.8469962006758953
5806,0.06531127350386148
5807,0.9759887485344738
5808,0.963848762807651
5809,0.1901373954478566
5810,0.9511777731939519
5811,0.21878199193802014
5812,0.43824132958084977
5813,0.9613807838419499
5814,0.9235248842757021
5815,0.13182882537814528
5816,0.8569397967504563
5817,0.05469655285284376
5818,0.2647872885948664
5819,0.5668427336897531
5820,0.8336191162455572
5821,0.8694918971010526
5822,0.246702036986116
5823,0.6787058555759559
5824,0.6885194603870428
5825,0.25882019737375184
5826,0.7316818361594469
5827,0.1730872422692008
5828,0.42051363198930236
5829,0.677576022823925
5830,0.07357642116760806
5831,0.6192165056585128
5832,0.21286228303540727
5833,0.9770355925489881
5834,0.7385073196421879
5835,0.20053438654713363
5836,0.691958192232803
5837,0.2166565259839524
5838,0.07202465589859437
5839,0.7371274808051713
5840,0.34495774246666006
5841,0.09975940381783496
5842,0.8677707567342885
5843,0.9616827883667046
5844,0.3068936158137809
5845,0.9080433579751962
5846,0.5675536498126189
5847,0.966555874940269
5848,0.9061822454586518
5849,0.36206803188946146
5850,0.886699121042497
5851,0.9197943337113343
5852,0.5263622079407436
5853,0.8579380168531308
5854,0.3402786355692675
5855,0.8635944243560683
5856,0.08377643164766722
5857,0.860691624419554
5858,0.34022126164682265
5859,0.9012992971377309
5860,0.26376664785760473
5861,0.0279719904870499
5862,0.2996546340282833
5863,0.9314278016469717
5864,0.5206618772213009
5865,0.6883613000110328
5866,0.35973227687453513
5867,0.29310250810619176
5868,0.8087749693698418
5869,0.8792830186124735
5870,0.7713933962017074
5871,0.9336167039605523
5872,0.38548026038435085
5873,0.7775924139128925
5874,0.12372649474727
5875,0.9786653420906455
5876,0.9778234813310877
5877,0.8504292774361316
5878,0.9373550945372173
5879,0.09034113233013719
5880,0.15265176844763803
5881,0.008442043514806923
5882,0.8163070235557404
5883,0.3096345975181502
5884,0.7554897888141774
5885,0.8364495330443305
5886,0.734874490285501
5887,0.6554498239359169
5888,0.907086594178884
5889,0.6074160992960929
5890,0.03230582836648045
5891,0.7297657335858969
5892,0.7375876131284432
5893,0.35852177829520976
5894,0.39480537958192313
5895,0.9633601503911852
5896,0.4824724665087819
5897,0.7289969902984502
5898,0.8340366319678523
5899,0.28989030674034005
5900,0.3774502080739323
5901,0.9521155378996511
5902,0.03160036024311374
5903,0.738876405044205
5904,0.17658792575352353
5905,0.8777451449461814
5906,0.4569618689193565
5907,0.9876413159781583
5908,0.6089176613542102
5909,0.8454107975417403
5910,0.9630635546301475
5911,0.033142212565772336
5912,0.7262816815117835
5913,0.3123137837473949
5914,0.795440537054451
5915,0.37988948482200624
5916,0.9821591739386241
5917,0.565278518683308
5918,0.07669306303886264
5919,0.3978116581614323
5920,0.5113522040281581
5921,0.3592715149847576
5922,0.8220949288729172
5923,0.944791555059998
5924,0.3590591080404583
5925,0.15474900676567413
5926,0.6902585323350072
5927,0.12096287794106188
5928,0.09091317383645524
5929,0.986833545674436
5930,0.02718817256282297
5931,0.9500696897253863
5932,0.7821827601686965
5933,0.16603818817076393
5934,0.08421910215153575
5935,0.1384830626248341
5936,0.8145906983646319
5937,0.23388538512123555
5938,0.02537833880172708
5939,0.0717872350013642
5940,0.9906083906410512
5941,0.9031267136741493
5942,0.8745773553263575
5943,0.9896724539543087
5944,0.6094180275359227
5945,0.9364581336578613
5946,0.6334735637544175
5947,0.04905218802779492
5948,0.7555085517043216
5949,0.009459521998027794
5950,0.6448275224856208
5951,0.5707669797152246
5952,0.7617127953916115
5953,0.5554069674346711
5954,0.3557906304902672
5955,0.011574729403148284
5956,0.09963573867163683
5957,0.9265365574600931
5958,0.6535975180606608
5959,0.3309242437358718
5960,0.9787162071527605
5961,0.9463918883351029
5962,0.3438954368993855
5963,0.028877995517431906
5964,0.4730981000469457
5965,0.7865630478709682
5966,0.9822118509066944
5967,0.8502379856557895
5968,0.9086178359379021
5969,0.9279351785829743
5970,0.9724940210214111
5971,0.1899731766549159
5972,0.8425389854712761
5973,0.8494172365244734
5974,0.5274041040395068
5975,0.8344710523287726
5976,0.8912307130499904
5977,0.4706128071936043
5978,0.4548059525268177
5979,0.02163170696071698
5980,0.9255832193902818
5981,0.419424308472247
5982,0.8379115256924347
5983,0.8061998007253431
5984,0.6919140426072806
5985,0.21884832644990668
5986,0.5112575718999283
5987,0.47697345234597327
5988,0.30341406844382085
5989,0.45166909778873754
5990,0.2709570180966095
5991,0.9173906068121425
5992,0.7673261512854596
5993,0.14816040607392156
5994,0.7653763993969958
5995,0.405590505842831
5996,0.5480867817421492
5997,0.9065410615100464
5998,0.30931707853048895
5999,0.7342424461494998
6000,0.9843094943145824
6001,0.4331453832981518
6002,0.8708391786451826
6003,0.9523009589413904
6004,0.6338717975154218
6005,0.8468183517839881
6006,0.9578581928311618
6007,0.20211274558172873
6008,0.8069888763028036
6009,0.5041692238857394
6010,0.5948521983162584
6011,0.7433308347439121
6012,0.9667807905297996
6013,0.7979563291568723
6014,0.020185621449446463
6015,0.9839189935127447
6016,0.21550062495729522
6017,0.874511222887159
6018,0.6436552389202298
6019,0.9651416932132934
6020,0.7142881063946452
6021,0.997207054584144
6022,0.10276224506417704
6023,0.16990652985127366
6024,0.7488096696879486
6025,0.6562797942562462
6026,0.639645651233101
6027,0.061098087048008745
6028,0.8430001630869841
6029,0.01477382267033741
6030,0.18597381436246765
6031,0.9464622588505258
6032,0.18096126145446695
6033,0.8451662108975619
6034,0.786977101634477
6035,0.9331748016092588
6036,0.6388051834778681
6037,0.15119529353547193
6038,0.4413991191530487
6039,0.7794785864693085
6040,0.21197266378551433
6041,0.9372012008411656
6042,0.7313845459182949
6043,0.89791964093332
6044,0.6950106269780689
6045,0.6356907472626733
6046,0.2482412612313083
6047,0.82369095381639
6048,0.4441248187204422
6049,0.4450741342656304
6050,0.2995980670583482
6051,0.8588655145066939
6052,0.9375879590466956
6053,0.9655529209420447
6054,0.9151846481681634
6055,0.7858309583728453
6056,0.9344230704974996
6057,0.8790176598932755
6058,0.1731956698046167
6059,0.959467831557294
6060,0.7920013274888733
6061,0.2010542126493517
6062,0.9591865144562285
6063,0.972712681964619
6064,0.7793963523382351
6065,0.7094024613826606
6066,0.937852945785141
6067,0.8740121916459603
6068,0.20960906855509953
6069,0.5474822994652249
6070,0.2638343081626599
6071,0.7814213508301652
6072,0.8198334679193138
6073,0.32838221069804524
6074,0.07391931248101352
6075,0.14671308643695327
6076,0.7283052816684992
6077,0.9914854464968167
6078,0.49252694689629495
6079,0.5034617879515377
6080,0.8668199312739039
6081,0.5584345071409836
6082,0.9435400756337121
6083,0.60420776328913
6084,0.891626502359817
6085,0.9693930487484054
6086,0.10185214174401384
6087,0.14916036910922884
6088,0.1271641134783964
6089,0.4344891082436492
6090,0.9970935239280531
6091,0.9727218766021587
6092,0.9577278616383588
6093,0.7368600656214523
6094,0.10255232960434284
6095,0.5361943613284387
6096,0.9915400942034511
6097,0.27961161554586367
6098,0.6445386947655284
6099,0.11276757085385336
6100,0.13631310120686094
6101,0.9885700040559117
6102,0.033965405149260906
6103,0.9869046857371758
6104,0.06688947084288797
6105,0.8489062791407019
6106,0.813676140648774
6107,0.1770296794253032
6108,0.5828018937406589
6109,0.8893415817943764
6110,0.8449018502667803
6111,0.5889597212201946
6112,0.8879628931829435
6113,0.8368578782651688
6114,0.3125653764943443
6115,0.7015830953551425
6116,0.5235009147873322
6117,0.7401986680738633
6118,0.7225676081190722
6119,0.9279644455560586
6120,0.5815819582310745
6121,0.9586618597138801
6122,0.8653176457422134
6123,0.914953889394711
6124,0.7004530206386527
6125,0.15311319470119572
6126,0.6595526822052874
6127,0.2759102428163711
6128,0.5025707409168567
6129,0.7346337321773168
6130,0.5723618642411865
6131,0.054339176903553825
6132,0.9639268333702371
6133,0.018328126175292475
6134,0.2961223167936031
6135,0.9880655480449745
6136,0.69586951791661
6137,0.3865314414634539
6138,0.969261566881671
6139,0.2270131938281434
6140,0.6006457372402629
6141,0.17876731334522405
6142,0.5949390003073041
6143,0.6685484317242969
6144,0.009498565831052165
6145,0.0545220105276004
6146,0.4718561577532447
6147,0.9457038150148127
6148,0.2602681442883984
6149,0.8158854668726965
6150,0.1538147421805886
6151,0.1619649018487246
6152,0.9946823279269119
6153,0.3999540492963916
6154,0.21421048166176523
6155,0.9812610350473694
6156,0.942617298449506
6157,0.8500258083317971
6158,0.1973128076300421
6159,0.48710605755419917
6160,0.6780317871500655
6161,0.4045655558779253
6162,0.6726529245111671
6163,0.14336874933681612
6164,0.6089599157942203
6165,0.8245908738365465
6166,0.16918722946361028
6167,0.04180520593479554
6168,0.4512800332590985
6169,0.10059979140961965
6170,0.8784566625716285
6171,0.8950108532280989
6172,0.9781226876171022
6173,0.7085433782208784
6174,0.5335770952806705
6175,0.90950568008418
6176,0.8928683751011394
6177,0.48644543909125937
6178,0.37591052595113617
6179,0.24010718977615797
6180,0.8513009752492355
6181,0.9953415050950978
6182,0.694386229977663
6183,0.02106664905230478
6184,0.974671663985513
6185,0.22448600932562
6186,0.5103862870886239
6187,0.1353461184648782
6188,0.9656263111789996
6189,0.37329452005735264
6190,0.4263128113576139
6191,0.5476570697237271
6192,0.9248271431507368
6193,0.5478507683439572
6194,0.9287788147780863
6195,0.19781708326511502
6196,0.16268403144798793
6197,0.7872196263986995
6198,0.9120221759199846
6199,0.9648092604264904
6200,0.8834577584348712
6201,0.7726675156588131
6202,0.9680848252058372
6203,0.961632948603706
6204,0.5181149809245216
6205,0.9836908787791803
6206,0.47696423622734585
6207,0.8764013546047835
6208,0.9517670657493261
6209,0.6116581758073157
6210,0.9252984664254228
6211,0.263740224212275
6212,0.39650142546626144
6213,0.6954841345723545
6214,0.9024393366434412
6215,0.9327677117304953
6216,0.981453526910578
6217,0.9446879551129939
6218,0.33464825765852313
6219,0.27936069069155367
6220,0.749573481389708
6221,0.9315161282694043
6222,0.22368936241025816
6223,0.6372991280362474
6224,0.46075409307446474
6225,0.6753093277530122
6226,0.9941884425261505
6227,0.5011588269714929
6228,0.8408334252626645
6229,0.908118066048809
6230,0.1345863060342326
6231,0.3709825053445528
6232,0.7787380106934232
6233,0.970777138235141
6234,0.20673857619578692
6235,0.46104506261863687
6236,0.6405717949133105
6237,0.8676327489456657
6238,0.9169493498417757
6239,0.02471730591302219
6240,0.5230449711519221
6241,0.579641702373903
6242,0.29699412347573373
6243,0.8295245001404334
6244,0.46328976412353906
6245,0.9452008497013172
6246,0.7021306270416424
6247,0.678395274598774
6248,0.9096291953562438
6249,0.7764934278464476
6250,0.10706570771931545
6251,0.33767387529054105
6252,0.20344007471882017
6253,0.9587537414376947
6254,0.2738588704006583
6255,0.16486408254044985
6256,0.3499972903281764
6257,0.9468272716518252
6258,0.8471467475666836
6259,0.9662349043393514
6260,0.5113729181874389
6261,0.8342904909956871
6262,0.937131237223742
6263,0.6290646271578517
6264,0.14653149621078784
6265,0.062233411952982494
6266,0.9920529108224878
6267,0.7899598328448512
6268,0.5008346366082973
6269,0.8550855713182038
6270,0.23345032858509987
6271,0.7870276564239678
6272,0.816636883172305
6273,0.6968658686316098
6274,0.29461322699983455
6275,0.32985011887882254
6276,0.9225102660143748
6277,0.937358978534206
6278,0.8843401961453541
6279,0.14058576378108065
6280,0.6666946569058115
6281,0.4348234082028548
6282,0.19806142758213363
6283,0.954628305313562
6284,0.6158745201496028
6285,0.13544044730475252
6286,0.9130188269499849
6287,0.7128695451198652
6288,0.9379109748942555
6289,0.638637599124577
6290,0.8408168732226378
6291,0.4709078763400018
6292,0.3269906621738685
6293,0.8821873905059082
6294,0.6858470810822503
6295,0.7827487194361021
6296,0.43556872684228437
6297,0.946560277194952
6298,0.7508155969304047
6299,0.996082753841437
6300,0.4499812155785692
6301,0.8999806736318056
6302,0.8743120781690379
6303,0.6288777658051635
6304,0.3288109557214962
6305,0.29475603343077406
6306,0.9648560372184274
6307,0.2841455720845365
6308,0.3373129828943653
6309,0.7392245588626877
6310,0.555753830513202
6311,0.823900708003895
6312,0.9755439335972366
6313,0.8611540569111588
6314,0.5251885347898296
6315,0.4653499768240818
6316,0.04942246257878416
6317,0.8651229315747283
6318,0.663311823950783
6319,0.6847755719006654
6320,0.512668461349091
6321,0.34589082550644323
6322,0.11811790264301203
6323,0.01030098475382721
6324,0.11346242211542695
6325,0.1916679549821902
6326,0.5593318693699179
6327,0.13795006303062946
6328,0.18314846912497176
6329,0.9088768595899372
6330,0.6595480627649253
6331,0.12532954214205885
6332,0.843851291073703
6333,0.14427061686654405
6334,0.020704125047208866
6335,0.7547611840839686
6336,0.7656216891392453
6337,0.6734381039882344
6338,0.5879869531352245
6339,0.9419206140383493
6340,0.9795268438589535
6341,0.9462647627839811
6342,0.7664321073348374
6343,0.6472160591412371
6344,0.418339244300401
6345,0.5696948470407995
6346,0.27698130744359795
6347,0.894968273376186
6348,0.7035301599369886
6349,0.16006433450662308
6350,0.6430702458832906
6351,0.09031780721263533
6352,0.39759142461487623
6353,0.7932177856876932
6354,0.43891653522252877
6355,0.17220989163535408
6356,0.553237534001764
6357,0.4139331641018463
6358,0.021260746246056852
6359,0.9576994442467919
6360,0.32250816446009795
6361,0.44258047551333046
6362,0.05178481697328814
6363,0.0598856889102473
6364,0.9822466495024629
6365,0.9515672287818806
6366,0.46148423715503956
6367,0.4065857129435507
6368,0.8097480351052428
6369,0.8208749719947168
6370,0.41107498024204026
6371,0.7651880811915325
6372,0.6497304889998375
6373,0.9545648539211554
6374,0.29735544601808533
6375,0.9539328718721943
6376,0.7883998161957526
6377,0.27682040045425604
6378,0.5919595678561295
6379,0.6360872635168515
6380,0.3018474371455055
6381,0.30120042575254424
6382,0.4631088266729689
6383,0.7430331775734482
6384,0.7327604066270739
6385,0.12921458217504223
6386,0.9438972111693009
6387,0.9469781511590097
6388,0.8175074948448625
6389,0.16007680078325598
6390,0.5006180054188138
6391,0.4214396811010245
6392,0.4283584643193725
6393,0.6791115352277516
6394,0.4388210952140317
6395,0.886115832632487
6396,0.5779205168174386
6397,0.899376311214388
6398,0.6966404155591117
6399,0.8953148344220985
6400,0.06452543947558166
6401,0.8329186435834576
6402,0.8620397298007529
6403,0.8212707947159554
6404,0.09680599881823818
6405,0.07646479363696888
6406,0.7462102722126841
6407,0.019662849549270764
6408,0.9180366800421809
6409,0.45445156363724765
6410,0.15002801149833053
6411,0.9551473067070897
6412,0.35138691588195076
6413,0.9555772413195895
6414,0.7728274991930322
6415,0.8218200343243864
6416,0.21250731537739262
6417,0.06045439339601194
6418,0.9652597618338425
6419,0.9830366206634503
6420,0.8751560739222916
6421,0.09958316045540067
6422,0.13392660490883895
6423,0.7855773194161234
6424,0.9042554781758092
6425,0.32383379634349313
6426,0.54419747938332
6427,0.5001683129444773
6428,0.9521206790583421
6429,0.7946479203652712
6430,0.9944026694266211
6431,0.09855975024910947
6432,0.35440894285679164
6433,0.4478493637584503
6434,0.7981743348777118
6435,0.9131932526625635
6436,0.98779355307527
6437,0.8769423918116334
6438,0.7904850541501155
6439,0.14057843725846023
6440,0.09487338610424521
6441,0.42008578785966766
6442,0.2147706076848278
6443,0.3213513707968276
6444,0.8060525100448025
6445,0.30246721051492065
6446,0.6628619015131179
6447,0.9403108048326903
6448,0.919789832314734
6449,0.9773549623338081
6450,0.6540360403298814
6451,0.3065958401905449
6452,0.8155539981827451
6453,0.9039209227749114
6454,0.8316133708049506
6455,0.9840791252405837
6456,0.8927417745020422
6457,0.7858872292325574
6458,0.9155441121347447
6459,0.3567589408326712
6460,0.8269885412309179
6461,0.7876357587563926
6462,0.07341476298221086
6463,0.7293237660191809
6464,0.8598493137526633
6465,0.18242578309025367
6466,0.9369478431538341
6467,0.5595450072461174
6468,0.8950146057611588
6469,0.8202940412974736
6470,0.8444790917646164
6471,0.6652327853803551
6472,0.9955278429310637
6473,0.37275053349013343
6474,0.41164523016559773
6475,0.5227976836571628
6476,0.9684175084544988
6477,0.9374802004950544
6478,0.9950503398432381
6479,0.5457181211817606
6480,0.6396829209174472
6481,0.9448266118654418
6482,0.30741290092949963
6483,0.8583676053600139
6484,0.14175715428342486
6485,0.9805773061945758
6486,0.20558745469134793
6487,0.5763654678468324
6488,0.9863701831940781
6489,0.7044537876596253
6490,0.9184102642984259
6491,0.40403588073721686
6492,0.11028824085616422
6493,0.28884603040238616
6494,0.898956239077368
6495,0.5237710266818768
6496,0.678296118298632
6497,0.9331864846456344
6498,0.01215589160311401
6499,0.8889502964489251
6500,0.9571653549647964
6501,0.13815214576551507
6502,0.7600546674705034
6503,0.3270801536872917
6504,0.6288747903537371
6505,0.984613443963773
6506,0.8475568048078199
6507,0.047532298982312524
6508,0.20008571362755553
6509,0.4316039339027352
6510,0.4913401740723845
6511,0.06709579269268798
6512,0.9447550111310504
6513,0.4792094064271263
6514,0.7621204298252398
6515,0.7210954724138369
6516,0.6492778424133762
6517,0.5478860365240272
6518,0.9072219947340145
6519,0.033400338611592396
6520,0.2898571271135904
6521,0.8689010182199867
6522,0.7184777159648547
6523,0.967555346790621
6524,0.9533272675720277
6525,0.13360624575774957
6526,0.5762492622435096
6527,0.4591077848496875
6528,0.04404097883747709
6529,0.21275886491613885
6530,0.8056435305571382
6531,0.9504405220485754
6532,0.997643873814387
6533,0.8873478342187076
6534,0.8473691009574315
6535,0.6273505171001896
6536,0.9701108214368399
6537,0.10566365533307079
6538,0.5757506438266883
6539,0.14273294074932316
6540,0.870049473364593
6541,0.7276950986217068
6542,0.8421483150717167
6543,0.3206299160142058
6544,0.13537685932295987
6545,0.6818827013557763
6546,0.8622982194660445
6547,0.5298789760078453
6548,0.30609116131968384
6549,0.8087198900817785
6550,0.37052529683408725
6551,0.6274630252758872
6552,0.23922926797681968
6553,0.9605884777597101
6554,0.0676109972664785
6555,0.498830994713606
6556,0.5880966009027253
6557,0.9028055623123831
6558,0.13572022346247253
6559,0.28782636744526313
6560,0.9782081499659259
6561,0.7612696519970569
6562,0.5875508857621137
6563,0.822806116608653
6564,0.9886891714793143
6565,0.8821377211110228
6566,0.6844441318570383
6567,0.6142850362199684
6568,0.1467851108095158
6569,0.16946237522869428
6570,0.26331676003839966
6571,0.5736573211622562
6572,0.033662804204264915
6573,0.8848015602718201
6574,0.1363881746495942
6575,0.4006290470062061
6576,0.8140575735468321
6577,0.11282381668140946
6578,0.9134088113045036
6579,0.8843846360372334
6580,0.11355867457172991
6581,0.11603446880003868
6582,0.22194826633253073
6583,0.9360238644372177
6584,0.9794125067194234
6585,0.6946133397535734
6586,0.22221220710710365
6587,0.9749788880325584
6588,0.038497940800366316
6589,0.022479295614189862
6590,0.44087996945997426
6591,0.13156306008591265
6592,0.07987991713458818
6593,0.9135417101247778
6594,0.03761880032361847
6595,0.9003050660093285
6596,0.15143127047419305
6597,0.5070922249628342
6598,0.2322671330513926
6599,0.07688194811637046
6600,0.8404872612296052
6601,0.1224995144825796
6602,0.9296712696083533
6603,0.509881061699423
6604,0.8313432564559158
6605,0.873450551067869
6606,0.9313977473404843
6607,0.7725853694276021
6608,0.2870762161809058
6609,0.09935642468500919
6610,0.20639997436907845
6611,0.3446097476321302
6612,0.08317098428189347
6613,0.9051021196079805
6614,0.10398373396030085
6615,0.11700642369416377
6616,0.695473334349711
6617,0.8505494732637048
6618,0.42342718455077666
6619,0.5734498670810272
6620,0.596284605410973
6621,0.052500912381242604
6622,0.4398718570378
6623,0.03890370649803572
6624,0.3583718885808444
6625,0.03298779053594492
6626,0.9902046568591653
6627,0.9150343559110232
6628,0.9165165110340249
6629,0.7911776048152316
6630,0.6878445314950614
6631,0.8177287465435081
6632,0.45856935263094745
6633,0.8136569282466914
6634,0.36001142040521217
6635,0.8260190993388096
6636,0.0477882141164028
6637,0.22901924546815672
6638,0.8327695461907131
6639,0.8129110534788223
6640,0.3731763488274703
6641,0.13587339760034362
6642,0.5622957549742778
6643,0.7442377339227283
6644,0.4632041988835775
6645,0.9747253175420216
6646,0.8441862638158852
6647,0.9863597773143173
6648,0.8239004777371545
6649,0.6820005045045856
6650,0.9903163018623774
6651,0.08181174346701908
6652,0.917092023182313
6653,0.9887818599422333
6654,0.2807979285416282
6655,0.682473294503942
6656,0.9939755524063062
6657,0.10235645564627618
6658,0.9946257102005138
6659,0.1946654336873688
6660,0.4208103611066676
6661,0.17877252965537796
6662,0.5243004983993848
6663,0.9749455360827257
6664,0.909878866019452
6665,0.3960212645637277
6666,0.8598836432281765
6667,0.12883423164765756
6668,0.35380620193517043
6669,0.9192022191601273
6670,0.13037581613742433
6671,0.9871428776503113
6672,0.022740486931829798
6673,0.4639512667708636
6674,0.7915426225270628
6675,0.047042936076268214
6676,0.9520963612703853
6677,0.8382870644631119
6678,0.5969853232479164
6679,0.9250426359861458
6680,0.021203259463462482
6681,0.8037387424731983
6682,0.8218198934130091
6683,0.3858845694549848
6684,0.9355255669386557
6685,0.7493351221739072
6686,0.6438243254594292
6687,0.8847100447094671
6688,0.36487394906101855
6689,0.9137935172543094
6690,0.7304620990857619
6691,0.9719486915142108
6692,0.9195690317403378
6693,0.09073641368903033
6694,0.5209211919877745
6695,0.8007888535645076
6696,0.31089969202929935
6697,0.3398404769832325
6698,0.8718747183964292
6699,0.33646106283232996
6700,0.9005132418160412
6701,0.974602520679466
6702,0.16217110104044052
6703,0.14861585897895396
6704,0.8961173471272424
6705,0.8739023047756216
6706,0.07912124041998628
6707,0.9744255756564202
6708,0.7658313552147832
6709,0.9168674288180111
6710,0.3312416851543181
6711,0.4534448644220568
6712,0.7027600313498602
6713,0.047863983741945434
6714,0.1420145326239706
6715,0.7749248965688713
6716,0.3922526665128835
6717,0.8240072309806091
6718,0.9627381737689932
6719,0.8430959957075642
6720,0.0037669991266429475
6721,0.8061249960033057
6722,0.1614888289149319
6723,0.4551479149556961
6724,0.08068622654117147
6725,0.7024320257650764
6726,0.9056143767321397
6727,0.8525331257921746
6728,0.3350699957520991
6729,0.8718787646875827
6730,0.9834222213380591
6731,0.6346998508596936
6732,0.4985275582636841
6733,0.679112100466386
6734,0.6575163638157518
6735,0.5673346881758422
6736,0.4829171033636577
6737,0.9672649353529748
6738,0.9609002945846046
6739,0.9094090119335692
6740,0.32632755225270044
6741,0.48239635942720505
6742,0.39342197353680297
6743,0.368378944551088
6744,0.3298907469447448
6745,0.7219227152000506
6746,0.9431579151330451
6747,0.3560821635013897
6748,0.28487618668662057
6749,0.6856915961946078
6750,0.9181217891217278
6751,0.8916269675304342
6752,0.8642882153344719
6753,0.29988317449667534
6754,0.9776936328540342
6755,0.14475129032400844
6756,0.7108861839255418
6757,0.7489073528697457
6758,0.35109675525452455
6759,0.3052113188125194
6760,0.6164264998081136
6761,0.9685323921738881
6762,0.34412602522920205
6763,0.068576405442819
6764,0.20709668280986748
6765,0.5044073470092172
6766,0.9150310888678067
6767,0.11402923638791702
6768,0.17401092029151566
6769,0.8594171769957123
6770,0.2243597297463206
6771,0.8956491188176989
6772,0.974961301577755
6773,0.030070682100233215
6774,0.5462300920679446
6775,0.9313890410817843
6776,0.8140466776645446
6777,0.034435774498110215
6778,0.738345567221066
6779,0.7280813451887348
6780,0.8529860567574743
6781,0.6514091061937796
6782,0.4648067381163083
6783,0.4282773799522027
6784,0.5243629189197266
6785,0.7471736453281425
6786,0.8538929277750129
6787,0.6671235222734466
6788,0.9330930052409782
6789,0.7351121658175328
6790,0.34729771128483844
6791,0.9673626752963383
6792,0.5603738975335054
6793,0.8093847010872416
6794,0.21705034826353356
6795,0.05009491869969159
6796,0.9267269321999511
6797,0.9819229382283066
6798,0.12609231472196344
6799,0.1439417627728591
6800,0.7229494589439049
6801,0.6412227360054494
6802,0.8453166747421381
6803,0.9866909768894816
6804,0.09961335559333329
6805,0.5179441988990449
6806,0.9780048033981849
6807,0.028274898516107577
6808,0.11955804019266858
6809,0.6951895103061666
6810,0.8578748511460427
6811,0.8079017786765383
6812,0.9512889138003956
6813,0.992482331878384
6814,0.9906106556252888
6815,0.986164755711859
6816,0.1467843213637242
6817,0.3713274101833891
6818,0.9726753542204927
6819,0.0169091228681904
6820,0.6240470237830894
6821,0.03918666539193684
6822,0.5397736424858707
6823,0.9849877964108076
6824,0.9070363677947318
6825,0.13916079249587185
6826,0.5146501188698852
6827,0.9674457544967546
6828,0.09324851205895994
6829,0.2867957821800871
6830,0.8906611258900355
6831,0.34497686672917444
6832,0.9924094375276252
6833,0.07689203275665367
6834,0.9859946079638321
6835,0.9036500332347873
6836,0.22614433539489276
6837,0.14252628517503302
6838,0.9054330621372216
6839,0.4877633506171109
6840,0.5003139066151233
6841,0.5676756121940223
6842,0.7429138623742478
6843,0.7500089916196526
6844,0.6275939121330801
6845,0.16899452969585968
6846,0.3262815544134939
6847,0.21598321456608327
6848,0.25172039051080014
6849,0.8919246083985748
6850,0.6862659945585657
6851,0.9517145426749276
6852,0.7067936980553016
6853,0.9874723995883845
6854,0.9663723924918688
6855,0.9519201448767385
6856,0.9247197749852778
6857,0.4470334351231476
6858,0.840989113365611
6859,0.33053885361452723
6860,0.10763898296601064
6861,0.2537413598757828
6862,0.9438243617617542
6863,0.1247402949110775
6864,0.9167902401232659
6865,0.7523757283458791
6866,0.9527546837678177
6867,0.7681889077115874
6868,0.8664005156136976
6869,0.08955914749745564
6870,0.7638377315700596
6871,0.9822503159685728
6872,0.9375291856820628
6873,0.507016496457223
6874,0.9851405777688813
6875,0.6008550984344532
6876,0.7472800256721681
6877,0.35360702668850924
6878,0.699691936502062
6879,0.6323832242258648
6880,0.348978911322137
6881,0.8101753605671577
6882,0.17702459105983523
6883,0.6006213530681994
6884,0.9876536518750404
6885,0.05207690423663286
6886,0.829424595611635
6887,0.8459160955876434
6888,0.2654710412767187
6889,0.5577120614741541
6890,0.9605356113529049
6891,0.8275758432910229
6892,0.7261656656331558
6893,0.8870929600925943
6894,0.6450530789587942
6895,0.3765592491568079
6896,0.44451600797848095
6897,0.7924529194861295
6898,0.24287606200519135
6899,0.9136971433415433
6900,0.588975986582503
6901,0.6558128126284326
6902,0.8205515216035785
6903,0.79156046088975
6904,0.8002062804140113
6905,0.20873494450368918
6906,0.6171734849195274
6907,0.8552296033125877
6908,0.8254898232504165
6909,0.552863589674188
6910,0.6455568090034995
6911,0.880338709766876
6912,0.9833194193595682
6913,0.795269797315056
6914,0.8602773822679151
6915,0.3040642154202993
6916,0.1387104347795537
6917,0.9839579184505359
6918,0.2821760984537662
6919,0.7413442159261306
6920,0.9843350542550168
6921,0.06067856219449149
6922,0.5468767878937267
6923,0.6044999235627175
6924,0.14369544770878037
6925,0.7404179832908961
6926,0.011764914949240365
6927,0.5826992433597513
6928,0.7587932562473927
6929,0.8228087376906136
6930,0.8572604027927452
6931,0.9095308054064383
6932,0.9176890026686297
6933,0.7833051259277184
6934,0.9798960050771294
6935,0.208128115145702
6936,0.5032458489349956
6937,0.6566072658275357
6938,0.9820760390901551
6939,0.7534600566402303
6940,0.31943867267369935
6941,0.188303259870817
6942,0.27340248552396823
6943,0.9957169745959468
6944,0.9567092580151474
6945,0.6941802947397833
6946,0.7126274093314934
6947,0.9098504320344061
6948,0.06693614055580972
6949,0.9272997367232518
6950,0.9316762255600466
6951,0.37250543283506976
6952,0.7390061701138579
6953,0.904435990593924
6954,0.9300821858212164
6955,0.8643920132059213
6956,0.16823671541779722
6957,0.8228940061536036
6958,0.7009861611020884
6959,0.6615143191576713
6960,0.8984736939438082
6961,0.034772903252280565
6962,0.8777382442080289
6963,0.9798462917400798
6964,0.4527103983207347
6965,0.33363744465907014
6966,0.7533345164473735
6967,0.6717445931620358
6968,0.17858467539311307
6969,0.8442981564173702
6970,0.6933795773688122
6971,0.8892304776204202
6972,0.8575174104224088
6973,0.9650358299950312
6974,0.9944108188860772
6975,0.5069625502306652
6976,0.809893948450016
6977,0.4871907239036016
6978,0.12951128619502322
6979,0.08582009795440698
6980,0.09369970686641578
6981,0.7298993680814269
6982,0.25422560792312776
6983,0.5968019880617115
6984,0.5482680495091516
6985,0.13455920778449665
6986,0.5798682343198491
6987,0.33399057436574653
6988,0.9305332050544418
6989,0.7277952801566473
6990,0.9987321581303494
6991,0.6734322290768526
6992,0.9903614353324465
6993,0.001029105333595548
6994,0.39995575033936664
6995,0.9713006274638085
6996,0.4738669820281639
6997,0.702207589540182
6998,0.6183696329254849
6999,0.916054527364707
7000,0.3244541726059961
7001,0.5083145572912713
7002,0.45444142529409187
7003,0.21011769095376154
7004,0.017275171997323927
7005,0.3062588908130901
7006,0.7541762572651917
7007,0.015998442177345428
7008,0.4845589202223281
7009,0.9213993313458493
7010,0.3364696928788182
7011,0.9418197944303925
7012,0.8115333801179702
7013,0.5072892351087726
7014,0.44764245768207744
7015,0.9451806806311982
7016,0.9115313510736989
7017,0.8947685083154601
7018,0.5813165097922036
7019,0.9559665159496208
7020,0.9994433170564423
7021,0.380523824497064
7022,0.7394780171810317
7023,0.9899399896294862
7024,0.7468970155233438
7025,0.8436218402821909
7026,0.14243239279869513
7027,0.010440992977058113
7028,0.6293556280592221
7029,0.9338526841260039
7030,0.2944702763610659
7031,0.06755711169881196
7032,0.6582422688652831
7033,0.6792522100195401
7034,0.1349280117239051
7035,0.813031612864767
7036,0.522711011372399
7037,0.19644775294844102
7038,0.8383140652779291
7039,0.6795575535298198
7040,0.7319029564883003
7041,0.46080165805391715
7042,0.4603049671043192
7043,0.7574525928694067
7044,0.24480287755373048
7045,0.4834737841458732
7046,0.8129989356033059
7047,0.7412471495648525
7048,0.935855588257006
7049,0.26671634688540735
7050,0.01183799797270109
7051,0.8285808637538119
7052,0.01809908796836967
7053,0.9432825018423581
7054,0.4053394227336186
7055,0.29242745857627345
7056,0.9516076572510709
7057,0.23559909043162613
7058,0.04731343178103114
7059,0.6015938669842112
7060,0.03940022664760036
7061,0.7469705367531309
7062,0.9855661887528475
7063,0.9063284385213606
7064,0.48683250698961994
7065,0.6132283256315798
7066,0.658682635951568
7067,0.8621115269536247
7068,0.4342371155997694
7069,0.9713998654658414
7070,0.444284546944836
7071,0.9646473319585942
7072,0.2911617212779375
7073,0.6968420383679574
7074,0.1998133872356158
7075,0.7503315829984865
7076,0.5922485831149695
7077,0.9886912546761546
7078,0.03889668043525727
7079,0.7128053124634444
7080,0.7768192740618088
7081,0.35307956702850773
7082,0.6031567348284306
7083,0.8386550127566623
7084,0.07926403978888014
7085,0.994838681574229
7086,0.20352838220285813
7087,0.8215045402289785
7088,0.7964102845573987
7089,0.8907234817941369
7090,0.44801085352687575
7091,0.9691333740564471
7092,0.41332260585327946
7093,0.047817282570823204
7094,0.8606532068835095
7095,0.8302301302847387
7096,0.5663350982148133
7097,0.9304808102888914
7098,0.38805470837071065
7099,0.471021455255115
7100,0.7592293883851337
7101,0.8293800713509694
7102,0.010460840319515247
7103,0.928794444260324
7104,0.1887197966898449
7105,0.8358983730822667
7106,0.0424034730655388
7107,0.17405731648103734
7108,0.9569450089277435
7109,0.9400376443847317
7110,0.8156407656179131
7111,0.5890821591608022
7112,0.41433078946584967
7113,0.3412719993528601
7114,0.7981450266301896
7115,0.9971078812647693
7116,0.6425483469156535
7117,0.5976969112077227
7118,0.6865934954574855
7119,0.8801988641061144
7120,0.8011719819845704
7121,0.7355180872505962
7122,0.4028370086472348
7123,0.9659738556367917
7124,0.7825132994574862
7125,0.9186164659820685
7126,0.05836949378344919
7127,0.979697512408939
7128,0.9696671307546972
7129,0.33457913254269356
7130,0.7467255387069371
7131,0.9339446379728131
7132,0.3710498890406335
7133,0.08282108220439029
7134,0.8011465731026414
7135,0.6906045878019189
7136,0.8363981061321069
7137,0.959397227028727
7138,0.8260176055009497
7139,0.13885553172781295
7140,0.6449055615520112
7141,0.3117081692020276
7142,0.4671818826529524
7143,0.8573585609248463
7144,0.8627675698837317
7145,0.5435789779900809
7146,0.7767798605828244
7147,0.8781853302613847
7148,0.7290594992894095
7149,0.5558947618636395
7150,0.7541233983824651
7151,0.5655585252175073
7152,0.8639083483338602
7153,0.899277653697813
7154,0.9573299169803527
7155,0.5889413458928892
7156,0.2178749559282174
7157,0.1236615602276431
7158,0.9083628047378561
7159,0.7283287916707217
7160,0.7156967665769842
7161,0.5048669595686304
7162,0.7937040482325519
7163,0.6549151779298317
7164,0.11086428117136657
7165,0.4778928031226992
7166,0.14850172479857832
7167,0.16812670432403884
7168,0.5670092677533112
7169,0.7126850492525534
7170,0.7954100693464831
7171,0.9663118689065087
7172,0.6506443690938363
7173,0.8851592207530563
7174,0.9631838904675015
7175,0.07912184823201489
7176,0.9221447096570087
7177,0.9965507787064056
7178,0.11808164887752466
7179,0.023526905004130443
7180,0.9929749375748428
7181,0.04226631720169946
7182,0.008528605640847814
7183,0.10700136337602341
7184,0.8506596951583738
7185,0.6490823314687563
7186,0.3927274280297442
7187,0.8906430285809422
7188,0.9242103677175171
7189,0.8127435861662315
7190,0.9065204530205373
7191,0.5412481763216794
7192,0.948049977449925
7193,0.11789978720447628
7194,0.3434089338562846
7195,0.19507133397073267
7196,0.9953821167880373
7197,0.6395319306597488
7198,0.9833761577064144
7199,0.09942147917155601
7200,0.36068749232947633
7201,0.9670478122821454
7202,0.21488758641748065
7203,0.9484429238973217
7204,0.4345846398373826
7205,0.6181768938297441
7206,0.8510915127724905
7207,0.07019525316087474
7208,0.9654854540898177
7209,0.746117608250072
7210,0.8051395684360821
7211,0.04726680220419061
7212,0.5164687304226837
7213,0.3360208978167517
7214,0.07110750681919581
7215,0.6512909625521122
7216,0.5159015557151275
7217,0.6844336112299232
7218,0.5405210099851054
7219,0.8827962013993778
7220,0.7645040722709547
7221,0.03447102826477523
7222,0.5268311023414687
7223,0.05284684377166893
7224,0.5590337164290013
7225,0.9113577044279185
7226,0.9824236683328698
7227,0.6778570519651121
7228,0.07485536092910093
7229,0.31405171665019116
7230,0.02107203215887639
7231,0.9337374633768781
7232,0.21053821971601044
7233,0.8773520537725551
7234,0.7022553296379719
7235,0.06653152545083563
7236,0.44231052985358815
7237,0.47255110397688016
7238,0.9365587935478187
7239,0.6393970806231476
7240,0.997214104268803
7241,0.023655791039280172
7242,0.9645843273287608
7243,0.8387266196494682
7244,0.6350893136804531
7245,0.6552580959142045
7246,0.9916898464699375
7247,0.6748331610460622
7248,0.9331893707728295
7249,0.6121867470589218
7250,0.9807840523623869
7251,0.44388428203300395
7252,0.8556121699107826
7253,0.3503744449154717
7254,0.5837149900594756
7255,0.46644738336549657
7256,0.8723684227996329
7257,0.42421904624987766
7258,0.7726441016698694
7259,0.37829569051181366
7260,0.6526576081162653
7261,0.9859404581370083
7262,0.03729250103143336
7263,0.8297493619159042
7264,0.467366653985769
7265,0.34195431451708114
7266,0.8319783131051455
7267,0.9242727721447453
7268,0.5511045052515011
7269,0.7068283248710414
7270,0.4357981641160214
7271,0.8954451163664764
7272,0.9946371952608843
7273,0.7524037949528577
7274,0.10043412539933781
7275,0.9354826618790743
7276,0.12005275436366704
7277,0.9459473555011625
7278,0.13394960485559246
7279,0.6259662854849587
7280,0.8712355865136333
7281,0.44025040914736996
7282,0.820873593567588
7283,0.14737596142203818
7284,0.7297083181245748
7285,0.9909395049041936
7286,0.9814704505773004
7287,0.9979356460463317
7288,0.5519784678416314
7289,0.12477880979731994
7290,0.47848177695966027
7291,0.8477621319769317
7292,0.02198529621142279
7293,0.739465894240273
7294,0.8674091506747812
7295,0.9897463894099379
7296,0.2847817976191846
7297,0.6771819985016596
7298,0.9721536183074514
7299,0.48377149431464905
7300,0.22662002710232157
7301,0.969529124984654
7302,0.09915250602931254
7303,0.9625214117303098
7304,0.8845630268572356
7305,0.4702572387656241
7306,0.5916834597610637
7307,0.15200819816051905
7308,0.19028580830501732
7309,0.15272829744736047
7310,0.697018550392073
7311,0.9378783772742699
7312,0.5220210794095244
7313,0.6295774635387232
7314,0.9522023031092915
7315,0.8943061524605099
7316,0.9722682011684564
7317,0.625872025454202
7318,0.9547606300656694
7319,0.024835276085894052
7320,0.03386972142482752
7321,0.9175986316352418
7322,0.6469458321000622
7323,0.6681936072408905
7324,0.8344212785576202
7325,0.7929158370951953
7326,0.8381465223416497
7327,0.19837838884077094
7328,0.7486859592139943
7329,0.6242957728912423
7330,0.9065556798500692
7331,0.8128470029976441
7332,0.2839329260729895
7333,0.7067502379152274
7334,0.3677770357581817
7335,0.795980385069327
7336,0.9080783007874585
7337,0.9392294878312508
7338,0.2784999922180856
7339,0.9065780232008763
7340,0.6314869815579809
7341,0.8838939753409811
7342,0.9965117209559493
7343,0.06956830707595658
7344,0.11596134866292887
7345,0.27230856054589936
7346,0.9343305268037715
7347,0.4495294798076234
7348,0.055473198543815806
7349,0.9017806447977633
7350,0.1659105862425134
7351,0.4208287853844622
7352,0.8583453159762223
7353,0.5849077912183325
7354,0.3913738175861612
7355,0.07809711004453843
7356,0.613741713791584
7357,0.6674497931417454
7358,0.7400204765359034
7359,0.010653222470134631
7360,0.5148283175983198
7361,0.99402932573913
7362,0.3285383459613645
7363,0.4070854998737593
7364,0.7653904296286634
7365,0.6658009512613926
7366,0.9487172251558017
7367,0.7229600332981716
7368,0.5064044603625996
7369,0.3863310965137066
7370,0.10545292891960276
7371,0.2442924097422748
7372,0.7311644230809805
7373,0.939815181909514
7374,0.02196287495822914
7375,0.5778914087432124
7376,0.4346895956552312
7377,0.6997860460323511
7378,0.11947584836858834
7379,0.9356438390493783
7380,0.7105637450329885
7381,0.9740874047892253
7382,0.4127114025795317
7383,0.5401340121980628
7384,0.7256503431956073
7385,0.8505569301402719
7386,0.5187337515913725
7387,0.9726959378181741
7388,0.5480480985730124
7389,0.2056503405950917
7390,0.39252540260325225
7391,0.9898317206761231
7392,0.964697111884051
7393,0.08552588377044834
7394,0.8841602407271896
7395,0.6651787919665493
7396,0.9673748542733143
7397,0.9042954005631767
7398,0.9089970314002117
7399,0.7219248469367129
7400,0.17202427035362652
7401,0.9254770790691061
7402,0.03897702657451804
7403,0.03525950250466147
7404,0.8228841670204693
7405,0.9038208460330104
7406,0.08213464273084899
7407,0.9255428609837653
7408,0.7156323457129089
7409,0.3417533206524851
7410,0.9523381765423999
7411,0.5188486103519461
7412,0.23372436854600426
7413,0.5366187636603181
7414,0.5029267368824074
7415,0.3270717810484815
7416,0.46401839887508217
7417,0.8655296040239009
7418,0.8190607217331508
7419,0.947931822229987
7420,0.9824471956599704
7421,0.6329587291430963
7422,0.4693240342848882
7423,0.8276646970903637
7424,0.297589911536021
7425,0.9317414589719746
7426,0.9540840242278921
7427,0.8210877179300559
7428,0.14801432385890548
7429,0.8557653088209753
7430,0.892083920299312
7431,0.23838681275140303
7432,0.17048717886363274
7433,0.28214845725835586
7434,0.7997791760908584
7435,0.6618646513215025
7436,0.874266238656441
7437,0.13479116909503297
7438,0.4572169739193472
7439,0.25423758962820914
7440,0.2849627672539695
7441,0.9040758013020602
7442,0.6467896695125985
7443,0.5937313155618005
7444,0.5873509139698396
7445,0.9672255556683033
7446,0.7787068750437502
7447,0.7305446785055524
7448,0.6412064533092935
7449,0.8583976325507391
7450,0.7656497143707367
7451,0.9670161009135525
7452,0.5786250438715278
7453,0.010812453954628168
7454,0.5766479666907136
7455,0.018805640293102444
7456,0.8377969109474687
7457,0.7787512800413401
7458,0.4982060747336962
7459,0.7692140209115707
7460,0.9793282085267949
7461,0.3558923568155722
7462,0.5450959457926845
7463,0.9778213306576362
7464,0.9554700359929224
7465,0.049711984884899175
7466,0.7165954187055515
7467,0.2813670717470738
7468,0.49148731957779124
7469,0.052218149847255355
7470,0.926385360976898
7471,0.8784982047458246
7472,0.3069377179648932
7473,0.9019605182031794
7474,0.8776559181900817
7475,0.34873153587995676
7476,0.8998475179822262
7477,0.1335607441766953
7478,0.9501761609242149
7479,0.9770612813828722
7480,0.6458259066449316
7481,0.4932855632025664
7482,0.034545088690690964
7483,0.91117420480627
7484,0.6536197728364531
7485,0.9526868564080627
7486,0.27738489485259643
7487,0.13438875382791213
7488,0.055475720884230896
7489,0.49602335803174286
7490,0.6853609966245467
7491,0.6977465818657914
7492,0.714306722943629
7493,0.818043526142197
7494,0.9824735093977256
7495,0.2079617237515307
7496,0.5724890216508457
7497,0.4252402655756067
7498,0.9374875491394888
7499,0.9387626017401481
7500,0.6196604207774397
7501,0.2571383079135879
7502,0.5997155093891393
7503,0.9421486347722222
7504,0.7802526768246859
7505,0.5850140337728914
7506,0.45619509275471
7507,0.003942324598317411
7508,0.4678659229589658
7509,0.7846298597128283
7510,0.36144379336295673
7511,0.9722991450039931
7512,0.6417940806887164
7513,0.8518299319373704
7514,0.06866778675801444
7515,0.44259112787584365
7516,0.23680679546335714
7517,0.2134392645139069
7518,0.6368095475012089
7519,0.8766332050172327
7520,0.06744210960204637
7521,0.7664371235133598
7522,0.9691458802538655
7523,0.20281617242339847
7524,0.026677864787439696
7525,0.5911635331744598
7526,0.432193354142573
7527,0.5627036396447278
7528,0.7352198339931237
7529,0.29431993450088406
7530,0.31234418314888845
7531,0.2991148960509269
7532,0.8606181574936692
7533,0.6128895059689375
7534,0.8682632934504106
7535,0.6650596608867889
7536,0.5279827358648183
7537,0.15271316643290128
7538,0.7566829417896846
7539,0.8451678494776036
7540,0.5969883842941512
7541,0.9487439293397463
7542,0.8234733815490154
7543,0.9217608473089333
7544,0.8799858073368536
7545,0.8804586959750189
7546,0.10166363939939034
7547,0.5492178989865399
7548,0.6254320654577166
7549,0.18474557574070516
7550,0.9531227324639293
7551,0.9726697027089367
7552,0.24862859020407807
7553,0.7128947135224944
7554,0.9779227550751108
7555,0.5490748802291023
7556,0.6340339913346498
7557,0.3679198686888635
7558,0.4965531917412261
7559,0.20331532827773727
7560,0.7023498313816267
7561,0.14715268525148079
7562,0.2332846016823464
7563,0.8131471961715069
7564,0.667962779239773
7565,0.6682641557235129
7566,0.8053221129768174
7567,0.973879230146594
7568,0.2644505030959405
7569,0.04562501441113034
7570,0.24309530810166557
7571,0.9930592428595637
7572,0.024929767680776756
7573,0.972470133372059
7574,0.05070242478869685
7575,0.10328295530408173
7576,0.5306229230315298
7577,0.06871471085691006
7578,0.8391404151642745
7579,0.8737533071989448
7580,0.6157201378841167
7581,0.6551055148655864
7582,0.755592247562305
7583,0.39156952619664614
7584,0.8956557625493291
7585,0.9939328754638652
7586,0.9385336327349948
7587,0.8476334734641124
7588,0.9332407010540781
7589,0.6259358685104822
7590,0.746938321374109
7591,0.7467541425130402
7592,0.9138987175466267
7593,0.7566204582483534
7594,0.7408317772264301
7595,0.8358744182770503
7596,0.8943970029499972
7597,0.9523900615577507
7598,0.8604796174097631
7599,0.9034723351098809
7600,0.8099063954650625
7601,0.8952193157478826
7602,0.2654909591107886
7603,0.9742960930683405
7604,0.48748071835776446
7605,0.961961017076473
7606,0.6249725386095359
7607,0.954292210638866
7608,0.8807770188534355
7609,0.9071644501488877
7610,0.8500369720193963
7611,0.9091560040278496
7612,0.7696200121248681
7613,0.029527421883366285
7614,0.13715866295427193
7615,0.05742686538155572
7616,0.45099040754733527
7617,0.7805907313168354
7618,0.9295539642256606
7619,0.08956199168298232
7620,0.996894988694754
7621,0.3291414669033989
7622,0.12328297173461272
7623,0.08719729336355186
7624,0.8826322942664943
7625,0.4671613414747187
7626,0.07815378663267002
7627,0.7207225913678601
7628,0.014027871545673413
7629,0.6789276564195933
7630,0.21465150282126785
7631,0.786732689542082
7632,0.9291094440412072
7633,0.6840890105774654
7634,0.8283596393349638
7635,0.9682478492204554
7636,0.3181641102283522
7637,0.5206389641313643
7638,0.2817802463106461
7639,0.884717809050441
7640,0.7915727685146599
7641,0.9768993828524015
7642,0.6201513555972705
7643,0.8538564115926884
7644,0.9010390178584406
7645,0.21479093743697203
7646,0.13116634938391775
7647,0.2445966485560841
7648,0.9303643756393619
7649,0.036413793683706834
7650,0.3288496488887609
7651,0.05082564599677567
7652,0.9199382993467848
7653,0.648940814455484
7654,0.11545095202113845
7655,0.3253119127970732
7656,0.3872982909282545
7657,0.3622128622938945
7658,0.6262499406954403
7659,0.961254786280225
7660,0.39298004008703197
7661,0.22930113498108964
7662,0.06426478236446942
7663,0.5468088254026525
7664,0.14301089137168158
7665,0.9836649247795417
7666,0.019642538145315618
7667,0.7702070613333237
7668,0.5279365031395199
7669,0.6092754492403312
7670,0.93375782107075
7671,0.4901535838961241
7672,0.9008254610851997
7673,0.8971740799011905
7674,0.7926642103091152
7675,0.7495958266351159
7676,0.26436653589298964
7677,0.9890754802479512
7678,0.8428912529877599
7679,0.8158997238488268
7680,0.9865745692138728
7681,0.893703015200086
7682,0.6865941450136208
7683,0.915676382581721
7684,0.9601203273989645
7685,0.8966411333070942
7686,0.6492461717039305
7687,0.9451139913190357
7688,0.7907250108863463
7689,0.9307410710682454
7690,0.05093542376687384
7691,0.03306386328095806
7692,0.9765552847941428
7693,0.5048065466638265
7694,0.9256314838500215
7695,0.8995568443850512
7696,0.33774045894319654
7697,0.9242224349019473
7698,0.9361688582443726
7699,0.7264543773878516
7700,0.9144661700642592
7701,0.7404733704922616
7702,0.9798819041911633
7703,0.7985010691944758
7704,0.011527697430153073
7705,0.3720474122797278
7706,0.11258553583061134
7707,0.3669053023638398
7708,0.6946130417805233
7709,0.49241813413931323
7710,0.9689418161205726
7711,0.9430720009170678
7712,0.11058847219725897
7713,0.3591315705465424
7714,0.2905985435056297
7715,0.2515960439811507
7716,0.5681184377279368
7717,0.987739492443363
7718,0.662276678345999
7719,0.6083039008707886
7720,0.9108734861011007
7721,0.19209327651362448
7722,0.8759604688557739
7723,0.9610483745208781
7724,0.7290635356873305
7725,0.23837758678306883
7726,0.801054280050901
7727,0.9769048212555594
7728,0.9959505738288075
7729,0.6992861814492638
7730,0.9051296645337562
7731,0.12405554824086255
7732,0.9776800310600338
7733,0.8280365634910721
7734,0.9668003698121402
7735,0.1590814284446098
7736,0.8918705339896124
7737,0.12240935791855437
7738,0.09561912172485051
7739,0.42058247784930225
7740,0.415025935011779
7741,0.927580703423632
7742,0.1306123755833738
7743,0.6172707686174542
7744,0.37434534961806576
7745,0.6494535732098613
7746,0.2224318341105717
7747,0.9913622840212659
7748,0.5891699650251302
7749,0.6146947251375018
7750,0.7414099899889397
7751,0.2534656635279323
7752,0.2871016308637937
7753,0.5484802516805976
7754,0.3140804172220029
7755,0.11975129938760491
7756,0.5744424134417615
7757,0.3523652641481424
7758,0.517663527274466
7759,0.3655085507480363
7760,0.7770533241050938
7761,0.8499027673330711
7762,0.1820532260644302
7763,0.9127396587084097
7764,0.19593253140958838
7765,0.22360414794904868
7766,0.9653591736925179
7767,0.8280649417155577
7768,0.997115220934409
7769,0.6670598315998855
7770,0.09036265127757316
7771,0.9105246107879026
7772,0.1123333768311258
7773,0.0519017696180433
7774,0.29915266148928504
7775,0.9916638827526627
7776,0.8856308661900126
7777,0.8558222901125321
7778,0.9881126137002764
7779,0.26942032141232297
7780,0.9531580912691977
7781,0.36720939820976034
7782,0.9705063285607727
7783,0.6671487824561473
7784,0.7586320391123117
7785,0.27721032343004104
7786,0.12166773012897553
7787,0.5216758585667723
7788,0.7762620018206137
7789,0.6679907910633509
7790,0.7564758619708092
7791,0.7109892734222946
7792,0.9813492763197985
7793,0.7947155529173463
7794,0.7029345444972408
7795,0.9042900022674905
7796,0.2565965270305199
7797,0.580051045472391
7798,0.6183265528379869
7799,0.3755343705581643
7800,0.4029766812036385
7801,0.9656599272491877
7802,0.9880154431348566
7803,0.3018734530556482
7804,0.741674105823033
7805,0.9499215412935749
7806,0.5084279788109892
7807,0.6090628460961555
7808,0.6135893584684976
7809,0.28189282320986353
7810,0.9444911358920306
7811,0.1201790324779046
7812,0.9929662195464161
7813,0.80183727825373
7814,0.9945323151623855
7815,0.819342716490061
7816,0.5412344306405764
7817,0.2347389987065367
7818,0.6476583970741434
7819,0.290485374768804
7820,0.19709520409490766
7821,0.9893023842100604
7822,0.5540691676029856
7823,0.8986873498769455
7824,0.9044797896821711
7825,0.2900309298635299
7826,0.22952520799550524
7827,0.9586689497416501
7828,0.8749712811892383
7829,0.9090543352708076
7830,0.11698511484079163
7831,0.2634282441229021
7832,0.1854546169295508
7833,0.6972529585785894
7834,0.030053444353755208
7835,0.6618028699084164
7836,0.3092718742633828
7837,0.9484368228074284
7838,0.07016238536395175
7839,0.07354377553501604
7840,0.7885975982780726
7841,0.5203033485945207
7842,0.3246759402575318
7843,0.9931546876264371
7844,0.8133089172448719
7845,0.08519848167062462
7846,0.562699219710487
7847,0.2484801425628442
7848,0.44720551975565387
7849,0.9952128390037864
7850,0.7604717108212005
7851,0.9674696550867342
7852,0.10420418628192192
7853,0.9123703472034431
7854,0.8328246591715115
7855,0.7178679841448685
7856,0.4938135768667005
7857,0.9138658104303026
7858,0.622278752536418
7859,0.7211380207834435
7860,0.7054368790168313
7861,0.9193467909517757
7862,0.8548209820473153
7863,0.886944741785168
7864,0.11137187747343613
7865,0.6044328545998842
7866,0.1637416211177241
7867,0.2903550795566283
7868,0.764638000041945
7869,0.7735259115967607
7870,0.9686247184943672
7871,0.7321489801900902
7872,0.27508938913449144
7873,0.7607735415772283
7874,0.8039098851009372
7875,0.9520682090842989
7876,0.358222396855714
7877,0.8859136930891839
7878,0.1567802271460217
7879,0.12931425709436747
7880,0.7162479596716609
7881,0.03737781613318971
7882,0.977844919218476
7883,0.9759416904748479
7884,0.4339055104692395
7885,0.8286080420775408
7886,0.6371219561387509
7887,0.2555014441783575
7888,0.8604261320901515
7889,0.6441662916320625
7890,0.6134301933865248
7891,0.2811199925516023
7892,0.8673845244615334
7893,0.14604798323339188
7894,0.8635267350464343
7895,0.903277337168347
7896,0.34813370701656793
7897,0.4150673341319071
7898,0.8715787938286342
7899,0.8703329212134987
7900,0.1254052385670681
7901,0.9040281282262507
7902,0.3193627866793153
7903,0.9362074360574653
7904,0.7143774336135386
7905,0.8236359199993606
7906,0.4646888905351783
7907,0.7413106019390779
7908,0.8548223046795391
7909,0.9946825302832806
7910,0.8664492986491582
7911,0.9917805316986866
7912,0.10243261255744009
7913,0.2008302365127974
7914,0.938789253844998
7915,0.6273443494455682
7916,0.6019311037793135
7917,0.47246780264145266
7918,0.8026407473873123
7919,0.916582340331646
7920,0.4915184579352785
7921,0.0360365793102764
7922,0.7145071065728462
7923,0.4875414602642142
7924,0.44069961008802094
7925,0.9916785359288461
7926,0.38662399315219087
7927,0.42807351513865477
7928,0.9940623506034812
7929,0.643970118144233
7930,0.68026654562476
7931,0.9920616148616452
7932,0.9927205234640027
7933,0.8231482223736722
7934,0.2161941790633783
7935,0.13531233945761717
7936,0.8714045329700844
7937,0.7438141433847036
7938,0.8585392177987963
7939,0.9582454238549241
7940,0.10754678674100182
7941,0.11436382424431032
7942,0.8023744896381613
7943,0.9054501207823505
7944,0.8960554727474007
7945,0.9152902984977245
7946,0.9056630113259497
7947,0.9887852404897572
7948,0.9706898391819474
7949,0.03279798237314768
7950,0.7626227419140951
7951,0.7780654588388659
7952,0.4820424489067693
7953,0.8790051019079512
7954,0.12632646793256894
7955,0.13618311345940123
7956,0.9955042423067753
7957,0.27124114660364834
7958,0.005630318770259968
7959,0.2414165823087497
7960,0.7526331480627738
7961,0.12977570403478172
7962,0.5717207113016443
7963,0.5218300126618595
7964,0.32437483883842944
7965,0.9642141820635207
7966,0.015609780466993411
7967,0.844635267336932
7968,0.038908318757848614
7969,0.7745935996850565
7970,0.2547025958115027
7971,0.5090946112185548
7972,0.5284362314688046
7973,0.7346237857686279
7974,0.2791250321935103
7975,0.1604284264585588
7976,0.7486195847500281
7977,0.027985503162945066
7978,0.8303949594536669
7979,0.7393416976887728
7980,0.7688943501715048
7981,0.9197437725048166
7982,0.832345901257035
7983,0.11950120975417809
7984,0.9751029077103399
7985,0.9199478388855543
7986,0.9955319507186253
7987,0.8030338243349981
7988,0.9844641329078023
7989,0.9458857766481304
7990,0.988647350991122
7991,0.9844170052460913
7992,0.9891178901463293
7993,0.8289906779920687
7994,0.4975901008471316
7995,0.611867734186282
7996,0.22138602649558414
7997,0.8512855179835239
7998,0.8540800911414826
7999,0.16406007022335828
8000,0.877164431082567
8001,0.8251800497546766
8002,0.8902432793216887
8003,0.8596956597898191
8004,0.8444755882784992
8005,0.8033851527425231
8006,0.2570046808927535
8007,0.5730453108487092
8008,0.6818974550555587
8009,0.6834558156017276
8010,0.6713948700408802
8011,0.9617706566849901
8012,0.6616499003308933
8013,0.9814575587651905
8014,0.6093247114878046
8015,0.8914536789015292
8016,0.4887810147813716
8017,0.8259268753963195
8018,0.8274052383340492
8019,0.9408827830427919
8020,0.7709407331036577
8021,0.9282760894220219
8022,0.5217603602128116
8023,0.8679446089451569
8024,0.6874889263647449
8025,0.9296639468382241
8026,0.34151157734734494
8027,0.8994254595927439
8028,0.6735320328964953
8029,0.9422524541181618
8030,0.901534795646677
8031,0.8860890907873881
8032,0.9460114656500078
8033,0.062273930403949816
8034,0.3452092504346977
8035,0.43941967177110713
8036,0.5391481612062902
8037,0.04480128496405507
8038,0.41239535848121117
8039,0.6411132053090306
8040,0.8228707158958792
8041,0.012742352678189224
8042,0.02860890538864422
8043,0.05877283189783372
8044,0.8578867545119251
8045,0.23083395929267678
8046,0.01736465302810422
8047,0.9967936887996572
8048,0.26974921819413056
8049,0.9107010008201002
8050,0.9883873219721966
8051,0.9350582114089464
8052,0.2169331943063423
8053,0.6690417019656422
8054,0.5550791066572419
8055,0.4788690302273204
8056,0.9583310128418381
8057,0.855862820238289
8058,0.5232368132767423
8059,0.10300360542776638
8060,0.013617242436072404
8061,0.9778090345258706
8062,0.8552545373863941
8063,0.1857231399398746
8064,0.9680663279020908
8065,0.8475907067202821
8066,0.22690588500777317
8067,0.7584560851697434
8068,0.7912777451627351
8069,0.6238070556540821
8070,0.33713763258594426
8071,0.7895833899348242
8072,0.757148187954686
8073,0.9728805063890805
8074,0.832378153883285
8075,0.27369658304268746
8076,0.7875847628076096
8077,0.5354687307185393
8078,0.8790449512555731
8079,0.3496446977310413
8080,0.20640573489825403
8081,0.9065326144932061
8082,0.035321329538895704
8083,0.9365882119279094
8084,0.48242672789739405
8085,0.7094959758288799
8086,0.9526260841089063
8087,0.5812796174531294
8088,0.9064156278988601
8089,0.6217275051306602
8090,0.7513754753195687
8091,0.41731512072728244
8092,0.9566655792701497
8093,0.3059050799821572
8094,0.763403424683534
8095,0.02368444251321835
8096,0.9745054385659186
8097,0.6512051665148918
8098,0.9794232699500053
8099,0.4890021241994722
8100,0.7422199119625568
8101,0.23623698323239264
8102,0.6378896517896958
8103,0.2544589434993676
8104,0.8450443937879222
8105,0.723555517677781
8106,0.8768495541932555
8107,0.38689448795214415
8108,0.9141528045227401
8109,0.8961426147822509
8110,0.970773955248632
8111,0.19485906848297355
8112,0.5085966580308963
8113,0.9643922055237427
8114,0.6746250176561545
8115,0.984385472141969
8116,0.8922743474756132
8117,0.2471939405617762
8118,0.5707867322391076
8119,0.9369116421522612
8120,0.9866124849371235
8121,0.5978459117389616
8122,0.502424612643505
8123,0.746562142320902
8124,0.589127368660423
8125,0.9510893917084561
8126,0.9941208290077056
8127,0.9894524570623828
8128,0.9704906916504672
8129,0.5822028161112709
8130,0.09431109561586343
8131,0.13855914560204471
8132,0.8922357263236365
8133,0.48643057597068873
8134,0.19367267494816331
8135,0.28059180069926964
8136,0.044952443335523035
8137,0.937156965604719
8138,0.9374567456423392
8139,0.88225853460335
8140,0.12680562607129994
8141,0.7081410874771629
8142,0.8637576297458865
8143,0.25091310215043455
8144,0.9946619101544406
8145,0.3575972576623698
8146,0.5286011887969142
8147,0.5068632193680305
8148,0.9853446961136743
8149,0.6323132963087313
8150,0.8523751726744454
8151,0.4740542411639413
8152,0.8648240254619872
8153,0.4168833367511068
8154,0.08359083344784922
8155,0.9792494128318132
8156,0.9874370654512976
8157,0.08903809442083632
8158,0.9958380117090261
8159,0.8158967208551057
8160,0.5553362681939263
8161,0.24388888701047176
8162,0.46631527417160384
8163,0.7490093319168117
8164,0.12926946473911186
8165,0.837307991706328
8166,0.7760176402888567
8167,0.7768598366801378
8168,0.18681897800717798
8169,0.7455448831505811
8170,0.6445484714293044
8171,0.4665961795046096
8172,0.6460345719461258
8173,0.8538079306657165
8174,0.8321660412550055
8175,0.8696392594289785
8176,0.37272188571624315
8177,0.791962331890909
8178,0.036439118539413465
8179,0.2902539796407158
8180,0.9322308741924853
8181,0.7208952481485216
8182,0.6809346597647733
8183,0.09079355222156012
8184,0.9445991731773972
8185,0.9887449053472064
8186,0.1638501910503082
8187,0.3951832781000301
8188,0.08048894776287749
8189,0.0184413245642016
8190,0.9952529326275696
8191,0.9932913197563477
8192,0.5868909958044628
8193,0.7138947192987836
8194,0.1159473096354511
8195,0.9363038096787386
8196,0.9682215407934656
8197,0.16304732984171946
8198,0.9899280633434114
8199,0.6212465310537205
8200,0.2830342291658588
8201,0.8895375656001394
8202,0.6578787996082949
8203,0.6139074890323045
8204,0.9837915272913257
8205,0.859624548772351
8206,0.832547476023085
8207,0.9653698537689763
8208,0.9997974459077485
8209,0.9785881834435378
8210,0.9820462391813043
8211,0.001838764139665501
8212,0.47953011900289
8213,0.4317104053585804
8214,0.8791929974336911
8215,0.6945914115444084
8216,0.9421966764441092
8217,0.04606803335980766
8218,0.9122082788663217
8219,0.8500278663570042
8220,0.2914522721205279
8221,0.3764191179958475
8222,0.11744125252539875
8223,0.4533907557743291
8224,0.8438551502208267
8225,0.9704216677650194
8226,0.8753014324084076
8227,0.5660703780152294
8228,0.864873398957817
8229,0.7052585504802925
8230,0.9546199066122276
8231,0.8765810873194458
8232,0.2627270148292037
8233,0.8582826022167823
8234,0.8080227583885188
8235,0.5162274565487729
8236,0.40342667914775504
8237,0.22129366927145286
8238,0.770278212957322
8239,0.5220060849183795
8240,0.059657591999156614
8241,0.7227845230956645
8242,0.9180201073147591
8243,0.9600320861765769
8244,0.30120289565093744
8245,0.7122215753552441
8246,0.3658519939817069
8247,0.4036864602942276
8248,0.6569151093695318
8249,0.26656124093132894
8250,0.7153478992847361
8251,0.41604333298624974
8252,0.9799428041822876
8253,0.13899246892304068
8254,0.5284043828382466
8255,0.9518370457279641
8256,0.7256583860096595
8257,0.19026889177908
8258,0.3425239190515818
8259,0.9826096531707781
8260,0.9415319996184193
8261,0.258307461420484
8262,0.24078415487443722
8263,0.07020261786503869
8264,0.34925755642404155
8265,0.8107710237971929
8266,0.7535203704860015
8267,0.7012284154821299
8268,0.8089510950486546
8269,0.10864853838534558
8270,0.8878526469895299
8271,0.850822798724158
8272,0.29980223115316834
8273,0.13582451180320562
8274,0.8079948323435721
8275,0.6513728910337048
8276,0.821665417892919
8277,0.6378213130563908
8278,0.3261658523533042
8279,0.7495696228810915
8280,0.6896232328910247
8281,0.9672507342203522
8282,0.3007377012015059
8283,0.8986082837245936
8284,0.4986312416568279
8285,0.7909233350953325
8286,0.2841976231090347
8287,0.20090939911563982
8288,0.08334927746447429
8289,0.9523964102908754
8290,0.9436984617591079
8291,0.7079624513223265
8292,0.45572740501902576
8293,0.6954491479509062
8294,0.8607522825115358
8295,0.4921125812860141
8296,0.06349706727714283
8297,0.8573853430517049
8298,0.6564683713725378
8299,0.7275690153723224
8300,0.6882117895242337
8301,0.19909979046276324
8302,0.40577957896063
8303,0.9920716038656555
8304,0.98827727152056
8305,0.8437688728376055
8306,0.3010134959863497
8307,0.9799887047261343
8308,0.47863848183966684
8309,0.24767837870760417
8310,0.20757647004539595
8311,0.8350554953348074
8312,0.6663963590188603
8313,0.6302854981156447
8314,0.31487645828928273
8315,0.9153004590992114
8316,0.1609347213365529
8317,0.8317964677317063
8318,0.9983490688036679
8319,0.6024409743307979
8320,0.9649368885427642
8321,0.08971852141489438
8322,0.5568010882312799
8323,0.8780388362836864
8324,0.46816088276852924
8325,0.21084677495770748
8326,0.03530056729547147
8327,0.8479279370924208
8328,0.06257301288980577
8329,0.7971617480705037
8330,0.3187166917065121
8331,0.5492006021655175
8332,0.1588592847576769
8333,0.7999558398564285
8334,0.8035968110563704
8335,0.575573897640247
8336,0.3878820303021022
8337,0.8056441240302861
8338,0.9196436493994872
8339,0.9776868728005572
8340,0.972206355947877
8341,0.7882907675327191
8342,0.8606493924445416
8343,0.10071613714202589
8344,0.033838610842883775
8345,0.9624775134947535
8346,0.3182837951728098
8347,0.31970467961709254
8348,0.8075186210685167
8349,0.9836882661374063
8350,0.362531123959409
8351,0.7783228112058282
8352,0.47940237631179344
8353,0.5617071903420983
8354,0.4896645992971821
8355,0.7524540894474658
8356,0.7267703665844513
8357,0.48137732191142235
8358,0.7522039686426809
8359,0.9277610867942863
8360,0.4082529254023102
8361,0.9965156060943998
8362,0.9908724045260663
8363,0.9803983844506287
8364,0.46316738543794544
8365,0.9144888096901281
8366,0.18213449504114962
8367,0.05951813214973992
8368,0.25068403745582907
8369,0.628753063917338
8370,0.3326478729332065
8371,0.6305994788443803
8372,0.9916187774635742
8373,0.6573848426931852
8374,0.9209407306220846
8375,0.06751283751208316
8376,0.12101362760026949
8377,0.9592719866887395
8378,0.4509914121987027
8379,0.8905811175969004
8380,0.030255348815191978
8381,0.5816341140985029
8382,0.5421097527405391
8383,0.24285896970640292
8384,0.02446606548395968
8385,0.9713140099833529
8386,0.9780760453797296
8387,0.34211946895982914
8388,0.755829468794056
8389,0.28444224626122766
8390,0.4454733368081846
8391,0.6791447634215867
8392,0.944536605813214
8393,0.9807311993469299
8394,0.8948614369511413
8395,0.3513419991130411
8396,0.9596383433458567
8397,0.7407906761932501
8398,0.6384521321661241
8399,0.9545752297688056
8400,0.9332895447759142
8401,0.6438028783905854
8402,0.04277888161310229
8403,0.7066961759438134
8404,0.6367667586326352
8405,0.9427868577603054
8406,0.9962463481877056
8407,0.275410369780095
8408,0.904034291902583
8409,0.13600625643901776
8410,0.10195810101850802
8411,0.9254099146209057
8412,0.8427806372296144
8413,0.6762014818997522
8414,0.7299492608462304
8415,0.27231287438385327
8416,0.4949087490731633
8417,0.41509233001575885
8418,0.9893293631602118
8419,0.9460385332792262
8420,0.9738091044060198
8421,0.5409413200070124
8422,0.6246531400153983
8423,0.05733661134869938
8424,0.9596772963042127
8425,0.6753575997740868
8426,0.9457810004918619
8427,0.8746206794907299
8428,0.7053485653097228
8429,0.3448507034657357
8430,0.9983266331015765
8431,0.4103093736314227
8432,0.6845455166917394
8433,0.8779269335025444
8434,0.3337335765819126
8435,0.8463875575369886
8436,0.9214892835316493
8437,0.1821372648625508
8438,0.10503635724807707
8439,0.7309324847757822
8440,0.9705817019921748
8441,0.9538275424512247
8442,0.6632947237975582
8443,0.3748627294380357
8444,0.75856792941158
8445,0.10638471795797164
8446,0.07032875564544114
8447,0.9766975466153033
8448,0.24694485871525076
8449,0.9953209772801903
8450,0.7080990075058585
8451,0.8653134106716709
8452,0.9656036557717008
8453,0.9853077776363987
8454,0.3155336239504383
8455,0.8152121354675422
8456,0.5137097845339501
8457,0.584373141249391
8458,0.8788849459372152
8459,0.9137250036168652
8460,0.4260542548402779
8461,0.4382487004011376
8462,0.507008913810883
8463,0.4016723545238081
8464,0.31215085210952137
8465,0.669138017745937
8466,0.5681704365343786
8467,0.03244645580033512
8468,0.1417528240090286
8469,0.6905383547948357
8470,0.8817852345243725
8471,0.6487668019779625
8472,0.4009788092872601
8473,0.6838076239191335
8474,0.7575870141478454
8475,0.9989342825228488
8476,0.5166411816095773
8477,0.8280970737101833
8478,0.27087332700555317
8479,0.8759253569517549
8480,0.775036933866703
8481,0.09411641705576265
8482,0.6124634851554384
8483,0.8899253879924467
8484,0.5747297254177205
8485,0.6838191739514877
8486,0.21446293557770013
8487,0.9849295602285716
8488,0.5471563595873354
8489,0.9903087423003727
8490,0.4201904940614832
8491,0.8591069962704879
8492,0.5831611343500076
8493,0.33180865339131116
8494,0.7606596287561823
8495,0.3223906584621268
8496,0.7225004816293833
8497,0.915236377330287
8498,0.006742870551359866
8499,0.7096723893411031
8500,0.8719132028357558
8501,0.33959466803832644
8502,0.16073750825774094
8503,0.17224421954504754
8504,0.9314854190954419
8505,0.2611278737523308
8506,0.8484122444595411
8507,0.3466926605838056
8508,0.6238817643164555
8509,0.5399021046087581
8510,0.6468535191751797
8511,0.467154168675838
8512,0.7038797066195163
8513,0.6934180027750907
8514,0.028421013753867633
8515,0.7290153280145221
8516,0.8115050855957641
8517,0.09061435591545901
8518,0.24290482358166282
8519,0.016462655785970583
8520,0.05512933343931489
8521,0.2692130051200806
8522,0.35350341061556284
8523,0.8438386818511813
8524,0.9191051346245844
8525,0.9507319251203887
8526,0.9725991450745579
8527,0.6444601257606712
8528,0.992131074068486
8529,0.9096092732304524
8530,0.9409752197101491
8531,0.31073249121116325
8532,0.1403615073488066
8533,0.7369942927658508
8534,0.6614789377692144
8535,0.3828369854295026
8536,0.4403838820508928
8537,0.9912203511345443
8538,0.11419985483101833
8539,0.07403087354441448
8540,0.9799626974877518
8541,0.5920375534186931
8542,0.8951922084811533
8543,0.9008466229405933
8544,0.49958479401524136
8545,0.5304132731915866
8546,0.3541398219706249
8547,0.762894891356287
8548,0.10432739876667976
8549,0.9020227721719623
8550,0.7608904078165796
8551,0.7761617226217178
8552,0.4696462546734707
8553,0.6263395388005557
8554,0.4693128082097051
8555,0.9514055564474925
8556,0.7624129577296279
8557,0.8658334761180587
8558,0.9266889334352819
8559,0.9898713180827831
8560,0.7283067954744946
8561,0.30839956411251745
8562,0.41350438882312346
8563,0.9581569919465236
8564,0.3767615604681717
8565,0.10539163037608736
8566,0.8615443288349255
8567,0.09717900853748422
8568,0.9699704378769726
8569,0.2643119320087025
8570,0.8645273789494557
8571,0.9693216115182416
8572,0.5583527819444025
8573,0.6190266151834409
8574,0.8509993044753418
8575,0.9044694324811163
8576,0.98149414263531
8577,0.9847048764777726
8578,0.6509146373828004
8579,0.46259319640906893
8580,0.04661518397812773
8581,0.5174439577109547
8582,0.01862284202475342
8583,0.36057586734177705
8584,0.9920696433021718
8585,0.5209693350617951
8586,0.9002382599424481
8587,0.8743539212271886
8588,0.5656263854200647
8589,0.47702828634168193
8590,0.5344004943250862
8591,0.5656621649335472
8592,0.9768015157784062
8593,0.7556710226290441
8594,0.8460869462467118
8595,0.6930616894769012
8596,0.07833088096392188
8597,0.6001827488489255
8598,0.10178362990545557
8599,0.7643054541024268
8600,0.8404870572093728
8601,0.8320715385424067
8602,0.06694184537219366
8603,0.9773576187391443
8604,0.37975558629878986
8605,0.7962800646261937
8606,0.9552733445480618
8607,0.8612695054987248
8608,0.05124438722468814
8609,0.7873738600928604
8610,0.3931825092449634
8611,0.9064234761272218
8612,0.23874940404911235
8613,0.907107002077014
8614,0.8412689861367234
8615,0.21672601096177035
8616,0.07175594321946435
8617,0.9317633874772594
8618,0.32988144622397486
8619,0.5845430364582754
8620,0.018922122537765335
8621,0.9882835463263607
8622,0.3340082656288405
8623,0.2747152642094877
8624,0.4605678444679307
8625,0.008571820045910868
8626,0.7327062909107487
8627,0.16382208940847984
8628,0.10904659805865106
8629,0.1654175672261531
8630,0.7641942258837472
8631,0.5657071777008781
8632,0.49502230181964957
8633,0.9748483721292789
8634,0.8710212493533019
8635,0.06372449559702441
8636,0.7075746168593569
8637,0.4285166737455095
8638,0.21761157643071186
8639,0.8257395524024995
8640,0.577117402024623
8641,0.6001129300961743
8642,0.2480489034157107
8643,0.9719914767792895
8644,0.8221043790942533
8645,0.9808102086109142
8646,0.09710916048563951
8647,0.8665301866881465
8648,0.43345618676405406
8649,0.990025809553264
8650,0.033737533914188024
8651,0.018054233951046425
8652,0.8394373540613227
8653,0.06460851050843479
8654,0.008436870426185456
8655,0.38334772116704774
8656,0.24650398581699684
8657,0.7133205011132542
8658,0.9945032877102807
8659,0.38169045556311243
8660,0.6337986593753779
8661,0.8525370693683895
8662,0.8219879532968103
8663,0.993086279163453
8664,0.4533363869189716
8665,0.01426288652374972
8666,0.9049565619819065
8667,0.7693773556057426
8668,0.5683347455373005
8669,0.7903844995499816
8670,0.9130167241701767
8671,0.35051255844538104
8672,0.10013747983374274
8673,0.42860749079770694
8674,0.5642158833210964
8675,0.015282013477472432
8676,0.9457670362608918
8677,0.005922039077688927
8678,0.398444919735591
8679,0.17510256904957755
8680,0.7440917685476789
8681,0.6954170887143095
8682,0.8493442070468943
8683,0.24445277231213347
8684,0.9917044493027044
8685,0.8481834548095554
8686,0.06837614229474
8687,0.9586166552056438
8688,0.6380616919282616
8689,0.048288386116885185
8690,0.8860620697041415
8691,0.7184716572082113
8692,0.9535879268048568
8693,0.920528781323078
8694,0.9245570319640994
8695,0.988797547356532
8696,0.9348690397666629
8697,0.9219691347370643
8698,0.10209837944474905
8699,0.6886676641599456
8700,0.720366576526421
8701,0.67944448978417
8702,0.8152269906540285
8703,0.9573722186869855
8704,0.23943944600289635
8705,0.9138546387648089
8706,0.7200383109390301
8707,0.9387405270214204
8708,0.6727812466635315
8709,0.5030854153905308
8710,0.2235129529668265
8711,0.527009027808613
8712,0.9600981228076647
8713,0.9938265663137903
8714,0.0460540330331806
8715,0.989273228121979
8716,0.8453335422258565
8717,0.029435035265075613
8718,0.07576327155333232
8719,0.9244715618457303
8720,0.9059072614221029
8721,0.6013061151872503
8722,0.015435985332666761
8723,0.4360190575732614
8724,0.9280647047243002
8725,0.7441859086643197
8726,0.7580410494796285
8727,0.8305750059222217
8728,0.4189129916477985
8729,0.05751065159629132
8730,0.45219733365584663
8731,0.6706835753141438
8732,0.052633382773797165
8733,0.9801626394126253
8734,0.9835317453721258
8735,0.7847611210401623
8736,0.19981031589781278
8737,0.21750578886540148
8738,0.32850688843795417
8739,0.9820499668366774
8740,0.8688498523044343
8741,0.45318505153960253
8742,0.08809467771446305
8743,0.4283446641054476
8744,0.4240039828799243
8745,0.9581406779903426
8746,0.8067149922814851
8747,0.06931989350345746
8748,0.10252317210482707
8749,0.3651733460847449
8750,0.2704381541908772
8751,0.8888869239829246
8752,0.230873489136397
8753,0.7006513849872118
8754,0.8081077228305901
8755,0.808576360337685
8756,0.9835667212973866
8757,0.5339216534519979
8758,0.8691313309386164
8759,0.10290348949541765
8760,0.6282925706464905
8761,0.8863856478914092
8762,0.3246493570462392
8763,0.5197903068725852
8764,0.7026312355897905
8765,0.08289673477473335
8766,0.9354009664993175
8767,0.22635201925456594
8768,0.22371631104240206
8769,0.8476113483466958
8770,0.6233275403931905
8771,0.4425226313339954
8772,0.7375762749636879
8773,0.5243127764441953
8774,0.7874894258666059
8775,0.7508791475908927
8776,0.9392490031715541
8777,0.8303410815219839
8778,0.28277557215621857
8779,0.9680515886743294
8780,0.6309254209814006
8781,0.6528553179791134
8782,0.6971829710017816
8783,0.5511661087103215
8784,0.20139717372161578
8785,0.6123331984799524
8786,0.9617043432019512
8787,0.6935983005095286
8788,0.973501461522564
8789,0.985916444452931
8790,0.6328657443489809
8791,0.9846822291332662
8792,0.7206788187605014
8793,0.01736781072773264
8794,0.13090166571605474
8795,0.0653511986178831
8796,0.916798280551362
8797,0.8788360510149466
8798,0.8319668628365042
8799,0.7249383011654773
8800,0.8692016028563344
8801,0.18020261323402215
8802,0.8025617922402569
8803,0.2320380457543143
8804,0.10486676314016605
8805,0.3059060338662242
8806,0.7954209392448156
8807,0.8548112539165112
8808,0.9691900040326086
8809,0.5491524897835475
8810,0.11945694267648177
8811,0.843584628796593
8812,0.25617736798122176
8813,0.97101952529713
8814,0.2387480643934623
8815,0.6807950022392303
8816,0.26712806603548206
8817,0.7626782535200196
8818,0.2665956817573239
8819,0.039183427274042504
8820,0.10284827362628647
8821,0.04810557038375619
8822,0.8003337482915911
8823,0.8062972507559001
8824,0.3041554477896915
8825,0.7559723664655812
8826,0.9273880490039461
8827,0.8795247612847642
8828,0.3934262460462989
8829,0.7159108079246901
8830,0.8984765161906604
8831,0.58148713264986
8832,0.6083456748796507
8833,0.36549480769685455
8834,0.24134886727709748
8835,0.2279908266037531
8836,0.8881647822779792
8837,0.5808383163639785
8838,0.3806440968999074
8839,0.3716246196077479
8840,0.5784158009605483
8841,0.012439910192768692
8842,0.9880550936850431
8843,0.881386343833001
8844,0.6579044209950943
8845,0.5011313182530734
8846,0.8109188673352984
8847,0.9944314822481722
8848,0.7335061482874605
8849,0.46218657648607286
8850,0.8038940061937606
8851,0.9545912790996723
8852,0.08118150052527576
8853,0.96860366689328
8854,0.9182543702057776
8855,0.39645276175066646
8856,0.4609473309736603
8857,0.6137107341293611
8858,0.08783363892419235
8859,0.9847052144607523
8860,0.8973671023323889
8861,0.6354112371028836
8862,0.897652425368012
8863,0.7479334088619797
8864,0.8440064147875922
8865,0.8089233484291153
8866,0.622838744289481
8867,0.4282028354452005
8868,0.12368578622093734
8869,0.5010195409747835
8870,0.5095508492401551
8871,0.5157159809462981
8872,0.7709795339011212
8873,0.7479498583643371
8874,0.9286885447773257
8875,0.17550626485602233
8876,0.9632414322356098
8877,0.8013727036270352
8878,0.9933029315401113
8879,0.3224590319558856
8880,0.979566883670425
8881,0.5989768402992401
8882,0.9360829774897929
8883,0.417499861372131
8884,0.5790307955321982
8885,0.1631372376038403
8886,0.08884649815912483
8887,0.26053810404930267
8888,0.9671946868011709
8889,0.49040252150347147
8890,0.8709015267105864
8891,0.04502587671879689
8892,0.9867669738742467
8893,0.5514183443420008
8894,0.1740396622931015
8895,0.5914507477215182
8896,0.8192953547792622
8897,0.8043233950376351
8898,0.92571768278282
8899,0.7925594475055767
8900,0.6582168304164893
8901,0.36450209084811
8902,0.9080076954665494
8903,0.15733948039676163
8904,0.15610386334606904
8905,0.9833984462093419
8906,0.7783252015078157
8907,0.27744089750986795
8908,0.8832840230123281
8909,0.4390512505371377
8910,0.8463757686525839
8911,0.9981945650953765
8912,0.5608711033352342
8913,0.9507893168475211
8914,0.28760025851589116
8915,0.5439493651287856
8916,0.8419365668594349
8917,0.4759060942536048
8918,0.11808651407513639
8919,0.8168187475365997
8920,0.9794514831236972
8921,0.24594168735812427
8922,0.9536616810544706
8923,0.06061881004798295
8924,0.9088457084808398
8925,0.9110665826424692
8926,0.10684443592662103
8927,0.2566796680311558
8928,0.8798301705954501
8929,0.07364763688445178
8930,0.9420700104562677
8931,0.7829871919796267
8932,0.4665621692975998
8933,0.8027729164875987
8934,0.7960052064941958
8935,0.26559383170036915
8936,0.8739640225613443
8937,0.9906017309906644
8938,0.9681640351471206
8939,0.9689195133545987
8940,0.25552479837788056
8941,0.5679094854707532
8942,0.6795217965313978
8943,0.46432900646675623
8944,0.9550622377416818
8945,0.769518900577879
8946,0.9456422257066535
8947,0.20279626794855024
8948,0.18975978927034248
8949,0.5203042832438917
8950,0.8593387047410548
8951,0.8756099497495219
8952,0.3073326940073907
8953,0.9744493342810132
8954,0.781648419817541
8955,0.5075116186046115
8956,0.580207118785028
8957,0.8692704330041489
8958,0.961101694222898
8959,0.023855645682325895
8960,0.804743681980088
8961,0.2791052181225814
8962,0.7193291336633101
8963,0.9847897500891261
8964,0.9164775681122909
8965,0.997160677318664
8966,0.8012870316392184
8967,0.263162018974156
8968,0.9329066339609491
8969,0.9494307230820739
8970,0.474889460298348
8971,0.1136659763058959
8972,0.8801471270763324
8973,0.9868628423542579
8974,0.294332885155755
8975,0.9003267605155953
8976,0.983616178551135
8977,0.8317005014632579
8978,0.033085170097268975
8979,0.6416009981130554
8980,0.20056758102887773
8981,0.7967992951364611
8982,0.9844308147671527
8983,0.03497971085498826
8984,0.6947075103602758
8985,0.5251169838883384
8986,0.03779029813393239
8987,0.8469140062558358
8988,0.9909691995559191
8989,0.738683788876932
8990,0.09894736665869938
8991,0.9870345258975832
8992,0.7377784182854151
8993,0.11894776532071949
8994,0.42136841211046366
8995,0.675890235577161
8996,0.9801454322819317
8997,0.7447429769318914
8998,0.24573285385401641
8999,0.38611632392635464
9000,0.40554894783483136
9001,0.9892166094914301
9002,0.9968724600168078
9003,0.895158540458428
9004,0.12658788559482187
9005,0.9735045907979339
9006,0.8716048748753846
9007,0.5359535699157778
9008,0.27331802204575095
9009,0.5160887574742862
9010,0.6326686221433809
9011,0.7401346730051274
9012,0.9953790321515797
9013,0.9672246883025196
9014,0.7566240864971197
9015,0.1780862503923136
9016,0.5927067547797712
9017,0.5906726260457038
9018,0.05831797386494817
9019,0.9809909976484987
9020,0.9855839808041498
9021,0.032313183592440245
9022,0.9662534394439385
9023,0.8746969294178718
9024,0.6939291127406354
9025,0.39083551980467507
9026,0.5520684677979281
9027,0.7093558176209926
9028,0.619875732594397
9029,0.42707797454145346
9030,0.028158439231865937
9031,0.9614697405355802
9032,0.912743987552261
9033,0.695725053705991
9034,0.8806526129874824
9035,0.4927362874233951
9036,0.8880870564458171
9037,0.16909828374641078
9038,0.20839674210936143
9039,0.46158299154733967
9040,0.045089433128670746
9041,0.7619030098935284
9042,0.33233396387555475
9043,0.33245932903939457
9044,0.9711348409556076
9045,0.9912698187134765
9046,0.2099633411183636
9047,0.10618481366641126
9048,0.029843450167903067
9049,0.47471091660862286
9050,0.5851443542400924
9051,0.9334076126631018
9052,0.701980776672281
9053,0.9954870718558355
9054,0.08783006227313624
9055,0.460737663232395
9056,0.8883981324392651
9057,0.9171172118221402
9058,0.7049023659553311
9059,0.11040203272243837
9060,0.12788990415158152
9061,0.07026226563258244
9062,0.6158959118678805
9063,0.9493822714345302
9064,0.8075126546353845
9065,0.7594520100118454
9066,0.8782256339940437
9067,0.5679949961036035
9068,0.8125735141035411
9069,0.9890828743931303
9070,0.4326468375533253
9071,0.9961814820449206
9072,0.6285128344778333
9073,0.9620687179918485
9074,0.724410662053992
9075,0.26868331612170626
9076,0.8617646040334357
9077,0.1342938927590127
9078,0.6704374044292906
9079,0.974822395266421
9080,0.4171063964753071
9081,0.40243899689830787
9082,0.9405330125909809
9083,0.4582102652198193
9084,0.2352553765586744
9085,0.5375167683374018
9086,0.08759424496974438
9087,0.17720964661656502
9088,0.3280270139269492
9089,0.7839187389653657
9090,0.6719139612412485
9091,0.526229161906785
9092,0.9098931685743908
9093,0.270643237259609
9094,0.29392257891432905
9095,0.4773474160220955
9096,0.9927892303772226
9097,0.32723182538256856
9098,0.013564161881509032
9099,0.8460386144475565
9100,0.8618300451461768
9101,0.8279246526919813
9102,0.6570919671918779
9103,0.6793804945290436
9104,0.008616044882667604
9105,0.7791668508458556
9106,0.5964748865656316
9107,0.9350901997710468
9108,0.5121588142688472
9109,0.30079851578699646
9110,0.21433130307039633
9111,0.4545273222174032
9112,0.11087641953551709
9113,0.725885172039905
9114,0.71784997622701
9115,0.6505104435058046
9116,0.8679515193717502
9117,0.9636919921539282
9118,0.8375502997344688
9119,0.01936254464348539
9120,0.8911393965800065
9121,0.8940148519500094
9122,0.9554286946054705
9123,0.09087658015950156
9124,0.5006969176410319
9125,0.43605186765768716
9126,0.8819453280032932
9127,0.2431636388873642
9128,0.350679628444894
9129,0.7670817703778269
9130,0.6129399691232351
9131,0.9973943612423314
9132,0.18629313983447246
9133,0.9625345122038292
9134,0.6797050601767854
9135,0.8852500539909396
9136,0.2602986459679192
9137,0.9413435602651183
9138,0.6061976033633751
9139,0.9178807669467257
9140,0.9859178039750308
9141,0.6825547614382453
9142,0.9792592710035815
9143,0.7678541443875926
9144,0.26733618105925216
9145,0.7256157997435082
9146,0.9372381046223464
9147,0.8651533866594233
9148,0.8165471812101354
9149,0.18366746701769998
9150,0.7339562316774967
9151,0.9326912099981253
9152,0.4902407638083775
9153,0.04453035002891966
9154,0.8805894294119472
9155,0.8430980367322747
9156,0.5279212441922544
9157,0.6829121134981377
9158,0.8384437985616848
9159,0.26535507088899973
9160,0.5483025479033602
9161,0.7771679731856902
9162,0.35827073574873747
9163,0.08567685280694519
9164,0.9507364520901829
9165,0.9532298013882115
9166,0.8388042018774039
9167,0.977532257521817
9168,0.06483973859700522
9169,0.2994797106361589
9170,0.9180336267095894
9171,0.2518390499552862
9172,0.5100871909272899
9173,0.9356781009261437
9174,0.21820879930628032
9175,0.6640965106172609
9176,0.6261677622022026
9177,0.02080273421582808
9178,0.884815056414377
9179,0.6176868469684904
9180,0.23142427562527954
9181,0.09081176514473757
9182,0.4302064200767788
9183,0.961538923715602
9184,0.21415974178354835
9185,0.9654886994657456
9186,0.23951254166530384
9187,0.46128105144360615
9188,0.9628758936120329
9189,0.14159425124232053
9190,0.4970080339704721
9191,0.8055087589437786
9192,0.5390501192833833
9193,0.6070823140883843
9194,0.8980307165523401
9195,0.02442615700871836
9196,0.47928024184260465
9197,0.843273910523623
9198,0.7079398911046958
9199,0.9540555310233969
9200,0.987245299057004
9201,0.9463816058900203
9202,0.9180355898146607
9203,0.9366925712177635
9204,0.9426330902461639
9205,0.9365499006718625
9206,0.2815249472482368
9207,0.9845110494551614
9208,0.34313786539383184
9209,0.6142699222538377
9210,0.23613572810749886
9211,0.8230242484418244
9212,0.10416028129599965
9213,0.795879124845029
9214,0.028860979265957116
9215,0.9084447052501388
9216,0.710891864241862
9217,0.3125875881235657
9218,0.4510101094136156
9219,0.8985613275238027
9220,0.2975296757232185
9221,0.8388588180389526
9222,0.6496901026708317
9223,0.6016023724690738
9224,0.7021494522870804
9225,0.5156813682311107
9226,0.3482540619210374
9227,0.6861466182495016
9228,0.9996140804854069
9229,0.48044768161005097
9230,0.9793507627481416
9231,0.46588353951986045
9232,0.3423026608831478
9233,0.4644344751805267
9234,0.5791230233950713
9235,0.9499074304868592
9236,0.3575614126676615
9237,0.6344411629014494
9238,0.9809494739569957
9239,0.2486637352265971
9240,0.8034244526875907
9241,0.11198767734359394
9242,0.7491208540289983
9243,0.07137606407638046
9244,0.6806593064797511
9245,0.45270464176996794
9246,0.2513557383354252
9247,0.04321616642433038
9248,0.46104267242733066
9249,0.11470438786127167
9250,0.9513051222809291
9251,0.7818546437076725
9252,0.9662811060363979
9253,0.4938546560636924
9254,0.9940444697056567
9255,0.980521241756629
9256,0.9539614455646727
9257,0.89950172051998
9258,0.6977389259565786
9259,0.05687039718948226
9260,0.8285813387986541
9261,0.6859092594192707
9262,0.5186632966886018
9263,0.6155447782190266
9264,0.9579256618233494
9265,0.20251548551500387
9266,0.5002698705624965
9267,0.8411254771645639
9268,0.45640787984715103
9269,0.1842515125206666
9270,0.9885778216064016
9271,0.44117314819405895
9272,0.9029518628003003
9273,0.2401453955235041
9274,0.22674799350698843
9275,0.9675368456833955
9276,0.8296086544503146
9277,0.2849531380961252
9278,0.8747328518814906
9279,0.9356784218215906
9280,0.16379478920680007
9281,0.13998154887146771
9282,0.9624505696311874
9283,0.035205243659216734
9284,0.590388688077611
9285,0.41340997185347717
9286,0.8777478321485475
9287,0.8720001681200851
9288,0.6252672498975449
9289,0.5651178954391325
9290,0.6694045880481655
9291,0.4234233388495798
9292,0.9322517816543681
9293,0.9644869437999897
9294,0.991014215318359
9295,0.35269151519893965
9296,0.8088080631861436
9297,0.41555995532306156
9298,0.9807280914319467
9299,0.5635201195005396
9300,0.7943772558702021
9301,0.7795885753580791
9302,0.2811805211326168
9303,0.9611094827739345
9304,0.23637154663630966
9305,0.8945602653520347
9306,0.9616413662023016
9307,0.00825762518182377
9308,0.8870144257496423
9309,0.6322686107232983
9310,0.7457979242584907
9311,0.9554270673084535
9312,0.2879047327453499
9313,0.29924658836330853
9314,0.5705362101895041
9315,0.7218230066675754
9316,0.07882483990181784
9317,0.4489873651114572
9318,0.588334985492426
9319,0.8340831555727032
9320,0.2152080390997582
9321,0.02623409305766879
9322,0.7303563004971007
9323,0.8381642372687239
9324,0.9200791509846736
9325,0.09357043517659576
9326,0.15410707518840797
9327,0.48562021173690356
9328,0.22653057975902255
9329,0.9564086395775976
9330,0.14240172389319003
9331,0.984630553708099
9332,0.9842627619561387
9333,0.35978617031466076
9334,0.3672031578236635
9335,0.9421810563883317
9336,0.9806767194231761
9337,0.607932932918892
9338,0.144133593178217
9339,0.4727019741693756
9340,0.1593633485120509
9341,0.688028280631053
9342,0.6841157699207192
9343,0.7708855294394625
9344,0.5334368457210216
9345,0.8633622385631923
9346,0.9368402378185395
9347,0.9607586591247049
9348,0.08998868267000039
9349,0.7954371325098354
9350,0.5745241785685714
9351,0.7283703638729944
9352,0.07110645009774841
9353,0.9826846158611514
9354,0.5673530980761273
9355,0.883542630646056
9356,0.1321886297746489
9357,0.9333393447452372
9358,0.13037557832858027
9359,0.6378962812092185
9360,0.9609520927833684
9361,0.9809345720425172
9362,0.07424078534015197
9363,0.9174213899319731
9364,0.95818891140002
9365,0.09277068999576293
9366,0.6660325911620752
9367,0.933389271098394
9368,0.7227686936706114
9369,0.9713177686735563
9370,0.34226110231019985
9371,0.16924663765652675
9372,0.6577521518806557
9373,0.39479570162391714
9374,0.8419273321464072
9375,0.7464499088306652
9376,0.8376131348589986
9377,0.7876283553070532
9378,0.3882818739217216
9379,0.8086221096570432
9380,0.13351065815712443
9381,0.8695450925893622
9382,0.9205086053838343
9383,0.12917084986435182
9384,0.9947218143943978
9385,0.1371780036146507
9386,0.3676045457079143
9387,0.7913874693485289
9388,0.8884772133467804
9389,0.21892474275618448
9390,0.6105725149367422
9391,0.46029329310113754
9392,0.0562522221646495
9393,0.7401527728079221
9394,0.4509514291009481
9395,0.8420063963474828
9396,0.62105407658347
9397,0.21945404066711136
9398,0.2462828005470718
9399,0.414722404725986
9400,0.8632552932712515
9401,0.12639137109946735
9402,0.7158949816585988
9403,0.6530529286190166
9404,0.702008262333484
9405,0.2532832669420495
9406,0.10792673852784855
9407,0.9709278346256415
9408,0.909970779536195
9409,0.3219599780125123
9410,0.7358514331590839
9411,0.8262106869959741
9412,0.05016873814388588
9413,0.9518795911549144
9414,0.9694305587787371
9415,0.9476581333644198
9416,0.7610007160848106
9417,0.2816640813344772
9418,0.1590317379158139
9419,0.9093433626226702
9420,0.8398497193468526
9421,0.9264410237914195
9422,0.7316090204125805
9423,0.9891674334492678
9424,0.8308345597161645
9425,0.17516583259824475
9426,0.044970593351591814
9427,0.9182368493161868
9428,0.6562927480660993
9429,0.9339906156122618
9430,0.7616265177770067
9431,0.8207675626946185
9432,0.18531708144798306
9433,0.9367983225330827
9434,0.8444374442914848
9435,0.5777003748846025
9436,0.3128645468648663
9437,0.9449315035164084
9438,0.36086236573654723
9439,0.534880886048803
9440,0.703597227282846
9441,0.9902150676587212
9442,0.17300641020167665
9443,0.23311663161526275
9444,0.05610619769197876
9445,0.9253189328620036
9446,0.7859576073011886
9447,0.6272221037548489
9448,0.6385383039029887
9449,0.15502786947883535
9450,0.7364130600106091
9451,0.279399925632266
9452,0.5877560312741008
9453,0.4427618709332768
9454,0.5406748876489261
9455,0.7736087804579289
9456,0.7922963918902861
9457,0.08257561307504302
9458,0.9848558691878275
9459,0.5796859889943483
9460,0.8350379757215166
9461,0.015855206312190794
9462,0.9570764328440865
9463,0.14188145993538623
9464,0.09457744430813746
9465,0.9883338141453469
9466,0.9488511877292312
9467,0.9095269594794151
9468,0.8127103415172545
9469,0.7715037476498063
9470,0.11508452352655364
9471,0.8271680149315165
9472,0.9066217869856287
9473,0.899860682027539
9474,0.9257758933786444
9475,0.6437568665530886
9476,0.04175607675748914
9477,0.952793743968669
9478,0.41023844538504245
9479,0.8808588989151324
9480,0.7308564237559082
9481,0.7924422662085284
9482,0.9848406847410671
9483,0.7753265297330528
9484,0.01906505413671502
9485,0.29996608667730695
9486,0.9519017963915128
9487,0.041361383237557066
9488,0.35227123671646327
9489,0.19038728342955807
9490,0.6604729954285992
9491,0.3827523662771404
9492,0.9918649058962512
9493,0.9264226852443103
9494,0.8442727900412424
9495,0.7814913855766414
9496,0.5328321779254933
9497,0.8005789835939691
9498,0.20787403623461154
9499,0.27977661680136096
9500,0.5017988251281655
9501,0.027538243830381164
9502,0.840790912119998
9503,0.4369757053395219
9504,0.8888145560894523
9505,0.9345709548993744
9506,0.8934079544748382
9507,0.43091127599422885
9508,0.22712496860284026
9509,0.7234801862676398
9510,0.2634508699651212
9511,0.7923489541171675
9512,0.9809352227821989
9513,0.25951770700892257
9514,0.8931277467097234
9515,0.7711253868943604
9516,0.6615578832498951
9517,0.8956374599523645
9518,0.8429901785196738
9519,0.9264140281725074
9520,0.5555574015930527
9521,0.9783631529401402
9522,0.6026391908309348
9523,0.6784999450097718
9524,0.9979277918918443
9525,0.8652706806529438
9526,0.6207225246746093
9527,0.3112059912239556
9528,0.9273074742547733
9529,0.287274227006831
9530,0.9469619104148608
9531,0.8697092779080229
9532,0.8481801459428203
9533,0.07347628289094549
9534,0.3599707088142046
9535,0.5589307729511367
9536,0.6791826231895213
9537,0.470090669707896
9538,0.8865617330830846
9539,0.06140773753306975
9540,0.8588207510336322
9541,0.8589494454022166
9542,0.10233187836665127
9543,0.8817200049886553
9544,0.9230131266246528
9545,0.8285170691039309
9546,0.9068840698338451
9547,0.9152743684950811
9548,0.07078129513177732
9549,0.63656092571911
9550,0.08779914453179918
9551,0.7110541345606843
9552,0.2488705536208499
9553,0.7667703448336383
9554,0.7032505769775459
9555,0.40793021722917644
9556,0.9629959982364457
9557,0.5230161045795308
9558,0.36591684660893686
9559,0.37320763686582537
9560,0.7998424389984188
9561,0.5612208702957535
9562,0.2617308885066826
9563,0.9475395915123477
9564,0.3692998142277142
9565,0.2259004034108248
9566,0.5754532300250845
9567,0.03492374803063577
9568,0.16228296119707106
9569,0.3720791961578368
9570,0.8688180550939726
9571,0.5217401720887628
9572,0.6999343699773581
9573,0.8227331653681567
9574,0.024587917500328755
9575,0.11714752459438575
9576,0.939290929553251
9577,0.21127114126209667
9578,0.8251542692766559
9579,0.9719757707578597
9580,0.9348238403829824
9581,0.00862589389028997
9582,0.8340797912005615
9583,0.7876346127529991
9584,0.6799859563543061
9585,0.9465602374274755
9586,0.7807965926759544
9587,0.032786086831367425
9588,0.8136506318437076
9589,0.45968804546375913
9590,0.7111254361569818
9591,0.2278615690138344
9592,0.44565318553346195
9593,0.13907824311200953
9594,0.8279297140693853
9595,0.2804024966592373
9596,0.6570934961791781
9597,0.3865703361403847
9598,0.7137321647840486
9599,0.4235994676003189
9600,0.9784669765624671
9601,0.9488929467417629
9602,0.6537972738891553
9603,0.38947121683505614
9604,0.566750229050041
9605,0.816332322132267
9606,0.7090163042726739
9607,0.5233453389225139
9608,0.9850172123160232
9609,0.08365425287762004
9610,0.36359557967783807
9611,0.9800942227516917
9612,0.6212922780834628
9613,0.4941628286326893
9614,0.5665411680170598
9615,0.29623047490664406
9616,0.5178660668163889
9617,0.9280429669829268
9618,0.9803769012747362
9619,0.7782829384471123
9620,0.24405759522340384
9621,0.9323959292003412
9622,0.21278890504646295
9623,0.08146880903065512
9624,0.445520866189265
9625,0.9310935522707185
9626,0.9333882022010433
9627,0.5613207571385247
9628,0.5108847008454154
9629,0.0570592066989264
9630,0.427507507670945
9631,0.08276532461434852
9632,0.6188741920980027
9633,0.9229356499423972
9634,0.017273986459988837
9635,0.49874751961132124
9636,0.9617766818005724
9637,0.374683978678681
9638,0.46307057070998175
9639,0.4672787237931719
9640,0.23465057707679607
9641,0.6472066422723479
9642,0.8661192107511387
9643,0.7012873649218956
9644,0.64962996353215
9645,0.2056316058202646
9646,0.9306257813106298
9647,0.9609770286731972
9648,0.36041899909559805
9649,0.018797191127261977
9650,0.6309979089759202
9651,0.3826636331261973
9652,0.7184066581625801
9653,0.6524196660070293
9654,0.8553297202550885
9655,0.2530872559773835
9656,0.3227762805682354
9657,0.5857705337874242
9658,0.46086207230174
9659,0.8981695631701674
9660,0.8643094006663673
9661,0.2673017089534608
9662,0.9588985298170001
9663,0.05141420663072868
9664,0.6440724757710631
9665,0.9491175863157209
9666,0.45180903092018115
9667,0.6832456857604161
9668,0.9720953104411049
9669,0.8382206274112856
9670,0.17806586428570842
9671,0.5706397103296978
9672,0.04091050632149852
9673,0.9134550833728782
9674,0.6802366844731306
9675,0.8111861379181036
9676,0.7056206823399407
9677,0.934752312563804
9678,0.8402471615559532
9679,0.19862305524796095
9680,0.8561948317830885
9681,0.8659093585972584
9682,0.9383778839027969
9683,0.39952539649270186
9684,0.30622845306433866
9685,0.11536501494607786
9686,0.919058756654589
9687,0.9248087945468574
9688,0.12499388525831967
9689,0.8829826592930049
9690,0.72603762141773
9691,0.4986273150217764
9692,0.6352201859590543
9693,0.8113294424411163
9694,0.7959663468936378
9695,0.26346911004170315
9696,0.9952644275190359
9697,0.9276186045294158
9698,0.7246124357598172
9699,0.11757849238385104
9700,0.42099592351368137
9701,0.92522140216006
9702,0.4413850046753715
9703,0.26223972988051975
9704,0.8576260391625418
9705,0.9827704640773883
9706,0.3938863622448885
9707,0.7958202218773829
9708,0.03788053407849267
9709,0.7916767721307372
9710,0.6725326373037686
9711,0.14791192516123708
9712,0.3539777539484409
9713,0.44424594343301255
9714,0.4550649491397015
9715,0.8786852559090421
9716,0.7356048771831275
9717,0.8709589237089438
9718,0.9465237420743937
9719,0.7838596056799468
9720,0.385942882675406
9721,0.7658009892535175
9722,0.95616993198508
9723,0.9196024875254648
9724,0.3488082865861796
9725,0.9826074455127051
9726,0.8040006463613274
9727,0.3088408773451092
9728,0.022614465428863906
9729,0.04295956605896925
9730,0.4710610337234747
9731,0.18957139442269158
9732,0.17358994055695784
9733,0.6730870757721503
9734,0.18068032922912505
9735,0.759535071141154
9736,0.27774664279103434
9737,0.1300192761333878
9738,0.8767975993090266
9739,0.19151885514946074
9740,0.06472102989548466
9741,0.3972618447796187
9742,0.15486845477307729
9743,0.7136401953653999
9744,0.8379078666124049
9745,0.9221515857915729
9746,0.9906135270842092
9747,0.9504156543514413
9748,0.4141646725474701
9749,0.899563856213267
9750,0.7442870821425347
9751,0.5909219918979226
9752,0.7205857821361046
9753,0.39550628623667944
9754,0.3075458662889972
9755,0.9609409625334088
9756,0.16269426408854454
9757,0.1626957620403681
9758,0.1784960885690637
9759,0.8606995753250101
9760,0.9040277121984983
9761,0.9803733056879583
9762,0.6618454397271837
9763,0.9297363384159202
9764,0.8729733239999978
9765,0.6596861445104131
9766,0.873308648616814
9767,0.024943921079105865
9768,0.7241033754193776
9769,0.540651253691047
9770,0.5784974673277925
9771,0.3776211772810174
9772,0.5355969216385913
9773,0.26660325437807436
9774,0.12348299217476846
9775,0.6947284043289831
9776,0.8793705755940086
9777,0.46317768802805115
9778,0.12409833008903978
9779,0.3776244050984689
9780,0.8014737053145244
9781,0.5288707004628512
9782,0.18870805536768678
9783,0.5864945728512208
9784,0.7674895502977354
9785,0.42653023405518287
9786,0.029919825352643138
9787,0.07921133251982328
9788,0.4297488004884154
9789,0.1417441600998169
9790,0.18320960605663608
9791,0.7047978221845025
9792,0.21859803772358452
9793,0.626202481155894
9794,0.3562140243827193
9795,0.8955365903046723
9796,0.872027508858893
9797,0.7700020791340288
9798,0.7817491819023284
9799,0.9897625055162337
9800,0.17458509136553274
9801,0.7773836853519238
9802,0.5789425785409773
9803,0.46562330451040035
9804,0.9200527439173823
9805,0.42002220478953506
9806,0.2585045600891321
9807,0.8458040793106513
9808,0.9775468240442415
9809,0.8692639063713845
9810,0.01529736263670301
9811,0.31038681380228933
9812,0.9941933585221875
9813,0.08063189143787439
9814,0.898741175529547
9815,0.41115965422071254
9816,0.9253256776928268
9817,0.02914130996574907
9818,0.6467401570225271
9819,0.049118776250842246
9820,0.6178953530584681
9821,0.8745741555200965
9822,0.8266647466242292
9823,0.8667297449798579
9824,0.9944740883005739
9825,0.6808086668727968
9826,0.41096918118679693
9827,0.28928431600502197
9828,0.9483605510490419
9829,0.12013110339911294
9830,0.9793803016836525
9831,0.9558631013528327
9832,0.9734366671644347
9833,0.4647652978796527
9834,0.3520249470187084
9835,0.8943567301445279
9836,0.16867207868515474
9837,0.10272925214510509
9838,0.7231367765725322
9839,0.8021150235517985
9840,0.9907114550266236
9841,0.037881225848650946
9842,0.9539767104830893
9843,0.7388536643868562
9844,0.23924281094342983
9845,0.8622573429182795
9846,0.14969929403939594
9847,0.8967510472414142
9848,0.9848535998791705
9849,0.6089537050219288
9850,0.3619028007862176
9851,0.04896074225174338
9852,0.9317171836457523
9853,0.8705330422580769
9854,0.7089851352141917
9855,0.8441491651579994
9856,0.2032702756365617
9857,0.6210721637442776
9858,0.9891715274160374
9859,0.7328261745557002
9860,0.4661827501243203
9861,0.9114031392879574
9862,0.5082031126213533
9863,0.6479942961983742
9864,0.5120833305810853
9865,0.9354699771967168
9866,0.6022473296943467
9867,0.09613369935939187
9868,0.351999612658464
9869,0.30173915436483845
9870,0.5459850022094149
9871,0.6434322419625748
9872,0.5302137819104211
9873,0.1641342047188103
9874,0.918671286745605
9875,0.6767657653695397
9876,0.9393584653365653
9877,0.9192147986719774
9878,0.7225840856169812
9879,0.8961649157582039
9880,0.9546216094671062
9881,0.41897655019575003
9882,0.9825093337907851
9883,0.011752753814484077
9884,0.6658602569863601
9885,0.8525259666563013
9886,0.7344710138918965
9887,0.06596396750432795
9888,0.9895646206485097
9889,0.21500266612905683
9890,0.3221702968240572
9891,0.7802725336329941
9892,0.6388177623306927
9893,0.8337822551157548
9894,0.6142226652284921
9895,0.4040149627257934
9896,0.8972015201864825
9897,0.8607708583329395
9898,0.3812321630825533
9899,0.9584073764447725
9900,0.11894258118953906
9901,0.9253524328196484
9902,0.5747932521663046
9903,0.5826241496130373
9904,0.6970945676202782
9905,0.9889259298199127
9906,0.10540963065168948
9907,0.8279333833594881
9908,0.5019128292427627
9909,0.34659467645723435
9910,0.02929695006596588
9911,0.48211483583443937
9912,0.9772653212674167
9913,0.9254008697922876
9914,0.15904522134063567
9915,0.6884790775143681
9916,0.6095925126205437
9917,0.7966930615822081
9918,0.877372335525036
9919,0.42097125754706755
9920,0.05858561092369006
9921,0.9141729490151295
9922,0.017659979483479277
9923,0.1371494779759291
9924,0.18804953961546875
9925,0.01588106113341745
9926,0.9426050342099405
9927,0.7147088246063533
9928,0.895319070381969
9929,0.9601574987541406
9930,0.6610011149432544
9931,0.14331040848514598
9932,0.8888506306015783
9933,0.3525740919025082
9934,0.7579796466637306
9935,0.8175106854679796
9936,0.7694250277409588
9937,0.4279902128459646
9938,0.6920001936543785
9939,0.9755839771981478
9940,0.37993670149619263
9941,0.9648538299975926
9942,0.46907619763143166
9943,0.961285112768426
9944,0.9985701357458658
9945,0.3686914707778909
9946,0.44291860879748063
9947,0.8364048454612023
9948,0.08252922674806785
9949,0.42089074126099957
9950,0.8787577221986728
9951,0.10964870017376926
9952,0.7833174393671207
9953,0.870384078535624
9954,0.9070301422327284
9955,0.9730024089540991
9956,0.6081049236962651
9957,0.8360417280720076
9958,0.6748433883788274
9959,0.09240320915902848
9960,0.9743613808412923
9961,0.4580601669172783
9962,0.8368606051682231
9963,0.8323406903286594
9964,0.023603291062790906
9965,0.6574759090917757
9966,0.29878743215349446
9967,0.8688979726942606
9968,0.08938715639051514
9969,0.07049992593106086
9970,0.06730058079132861
9971,0.23858842033620514
9972,0.9642189656113725
9973,0.3041112233957403
9974,0.5154514774787023
9975,0.24604169007009483
9976,0.7619840449468464
9977,0.9356600832123118
9978,0.8832096694935622
9979,0.8372762669876566
9980,0.23121346368219
9981,0.41761798805350087
9982,0.21967042676446996
9983,0.9971662306179245
9984,0.8508465251750016
9985,0.7257538612647602
9986,0.6101815712447903
9987,0.6671397264702754
9988,0.8879314679354162
9989,0.8997716914425467
9990,0.9014972782456422
9991,0.9907232623301637
9992,0.26290611938279235
9993,0.9084346270531013
9994,0.8262750565335107
9995,0.9557804173924622
9996,0.732426686950562
9997,0.5579720748977641
9998,0.6149458990595459
9999,0.2849968433792013
10000,0.012067135820484418
10001,0.9175477895811203
10002,0.9593842458739076
10003,0.7862619554575663
10004,0.4860945343608288
10005,0.46659069798324526
10006,0.956940708344311
10007,0.3917805562789618
10008,0.06540577875095269
10009,0.403202008941379
10010,0.21623906026830741
10011,0.13403254455791475
10012,0.7623861396243029
10013,0.31509554905322307
10014,0.9966785788381322
10015,0.7444398889168957
10016,0.37709555180167537
10017,0.7035770512415124
10018,0.7859156742982323
10019,0.7478321256803966
10020,0.8737185768865275
10021,0.6103657722906866
10022,0.1721867461905784
10023,0.2698705810348455
10024,0.38686651105254044
10025,0.6210912332744289
10026,0.25130173087451296
10027,0.6345552852479027
10028,0.7857191570574503
10029,0.9439655200853936
10030,0.5893335319261778
10031,0.051958338539466076
10032,0.5012337544569779
10033,0.3830872678775624
10034,0.775834360456854
10035,0.4577628626936353
10036,0.6213898391537717
10037,0.8428788411095528
10038,0.859347878065615
10039,0.5618598721950427
10040,0.8434448075316273
10041,0.5336407512934499
10042,0.7443681256712766
10043,0.12066232266205298
10044,0.9687197269103078
10045,0.3907502293804129
10046,0.43070609655915765
10047,0.8685797623925402
10048,0.10904915995219579
10049,0.0870793658202408
10050,0.7366988818032597
10051,0.7393619046529663
10052,0.13065285187243472
10053,0.45695521933568994
10054,0.6921857042737367
10055,0.41726868115112303
10056,0.27134848170063885
10057,0.5623815159084419
10058,0.3199522160000664
10059,0.692293447165802
10060,0.5566483811253808
10061,0.21057687023901545
10062,0.4422990747023588
10063,0.6572469178526025
10064,0.5801018288067604
10065,0.026758844591105824
10066,0.8320475499017602
10067,0.3737763645391905
10068,0.028250276047605404
10069,0.5787454461016596
10070,0.21963195014726747
10071,0.9013873958209502
10072,0.9304358631062312
10073,0.8968061168450536
10074,0.899266033740136
10075,0.11357780051035668
10076,0.6617565842309022
10077,0.6224022182333256
10078,0.5246563272676269
10079,0.3507819747113948
10080,0.557687975812665
10081,0.584388445767893
10082,0.08802992752495535
10083,0.9915423916385079
10084,0.8222670984709406
10085,0.892697679841455
10086,0.4003374668262695
10087,0.10226300384294629
10088,0.8747927017547392
10089,0.17194516269458607
10090,0.0515735617480722
10091,0.7028748034105547
10092,0.9598868030044305
10093,0.7959201546510004
10094,0.0333676352760758
10095,0.905359429981243
10096,0.9383864763309626
10097,0.9587269775400827
10098,0.4329316851257499
10099,0.6701563045873418
10100,0.9533570617696009
10101,0.9973834849545987
10102,0.8625941380818007
10103,0.6919812714156909
10104,0.46537865802771783
10105,0.5517835821118914
10106,0.9579339633675714
10107,0.04552617161275243
10108,0.8714887033217583
10109,0.7831958496176111
10110,0.7353014154235488
10111,0.8884461183362526
10112,0.8290197953073045
10113,0.4627288529408165
10114,0.9033288800452253
10115,0.5898191074363683
10116,0.6747887164374688
10117,0.9448561339940095
10118,0.8344146924217597
10119,0.9959011831766597
10120,0.9508889423449879
10121,0.775310696409882
10122,0.9230899753829608
10123,0.40943548570890065
10124,0.9368440192594941
10125,0.9294189716093103
10126,0.32897310594582135
10127,0.9039895202756254
10128,0.03642248492843689
10129,0.2481380500289614
10130,0.7641948828892873
10131,0.5928150294852848
10132,0.2607046372672691
10133,0.9936780647601811
10134,0.005178705458758289
10135,0.9562590925440116
10136,0.660583366202735
10137,0.1678810093831502
10138,0.9786857740688868
10139,0.8483475994604976
10140,0.9328272464227082
10141,0.6213217551186433
10142,0.18098282803669682
10143,0.9042177794078899
10144,0.6910514373856608
10145,0.5534976724003472
10146,0.3987513637255976
10147,0.35652576583585166
10148,0.05589990431976353
10149,0.9868988749353996
10150,0.41518715851725213
10151,0.9161951692536378
10152,0.8973778570274915
10153,0.9368078139434104
10154,0.16251217215516864
10155,0.9325638370809138
10156,0.7441794984371074
10157,0.0320921675811942
10158,0.058213846212408105
10159,0.9502933242162044
10160,0.24088989990238432
10161,0.020175583907692057
10162,0.7704533150113495
10163,0.7703039915996495
10164,0.5825443895960468
10165,0.7426616102123481
10166,0.0944964272607132
10167,0.8140605780574002
10168,0.2697113543545585
10169,0.05209284885786188
10170,0.9918625701220796
10171,0.37570372272975444
10172,0.11500900657597458
10173,0.152294747431595
10174,0.9083035127689142
10175,0.7272402764865937
10176,0.33923768923740366
10177,0.7862261143898284
10178,0.9593183913607433
10179,0.9744654835778535
10180,0.7820700299973211
10181,0.5552135932945057
10182,0.24231211844808997
10183,0.9228124970603926
10184,0.7377640842155647
10185,0.9177731404178101
10186,0.5398843989839399
10187,0.30769066592271826
10188,0.5012450635984452
10189,0.5266642588202908
10190,0.9761324052169253
10191,0.506028171615136
10192,0.8410478291896382
10193,0.270074145630442
10194,0.9478568751173366
10195,0.9099096401904919
10196,0.9820302416046003
10197,0.7099934926841369
10198,0.9346442764867166
10199,0.9526931326459279
10200,0.43180250541138315
10201,0.15526226589728448
10202,0.7345738941950456
10203,0.47108686645663445
10204,0.08868370657637259
10205,0.5208612189510695
10206,0.9376203721263893
10207,0.3670938010612097
10208,0.25916593652145026
10209,0.796858536002562
10210,0.9696366694463316
10211,0.25340387307036094
10212,0.10745177516491179
10213,0.9897165949467555
10214,0.09228077074693461
10215,0.983946550264342
10216,0.6882037033473968
10217,0.0953872888994856
10218,0.9528836034565475
10219,0.37171683969414365
10220,0.19418135824185925
10221,0.2724566515983385
10222,0.45341521934000667
10223,0.9805295065517767
10224,0.9158068910085077
10225,0.9541239430252522
10226,0.024724539248810816
10227,0.09868614530905498
10228,0.863744337724286
10229,0.7178134429848082
10230,0.7802133002704755
10231,0.8886926183422189
10232,0.39302373197339957
10233,0.6103064553848958
10234,0.4880849369692366
10235,0.9258845564357145
10236,0.43502621586805384
10237,0.5490718951521114
10238,0.7753355155430348
10239,0.05883443956205587
10240,0.9508637619732929
10241,0.8798995079596186
10242,0.8816875411703864
10243,0.07022762540707275
10244,0.6257600508781876
10245,0.29366228811344935
10246,0.44643806726745155
10247,0.924230101905924
10248,0.26046777910895286
10249,0.036623537010252394
10250,0.9205339419203621
10251,0.9619354594309344
10252,0.9861487779427462
10253,0.5990546455948549
10254,0.4673797218353179
10255,0.5542081393340178
10256,0.8616677358899841
10257,0.9723044699488514
10258,0.6959837550636357
10259,0.036785229795782345
10260,0.8540436892170784
10261,0.8714230537605745
10262,0.04899476591453213
10263,0.782950611178691
10264,0.879589010310725
10265,0.9348371221045473
10266,0.8978736519226331
10267,0.7502792219965622
10268,0.378224406472221
10269,0.9250368721406976
10270,0.03863455713315738
10271,0.9692207343468218
10272,0.43953225539626006
10273,0.8102177580797568
10274,0.29353829711721224
10275,0.1467055628047743
10276,0.48083318441468037
10277,0.3020887855564772
10278,0.9599027287112722
10279,0.9952681000080392
10280,0.26843419653936573
10281,0.04650894493235309
10282,0.982433978890251
10283,0.4493028123236601
10284,0.3597353342489267
10285,0.3310750255857134
10286,0.5124814019219932
10287,0.19373380226156664
10288,0.9805039084135926
10289,0.7490869325779048
10290,0.889464211750312
10291,0.7823306207945039
10292,0.9172232716525023
10293,0.6884523110839353
10294,0.2255072775957358
10295,0.5402770291139296
10296,0.901758298010483
10297,0.4401574217859143
10298,0.9782808716084553
10299,0.5857442248023098
10300,0.6135809151535542
10301,0.7529523306140068
10302,0.9370116334838394
10303,0.9457473177025584
10304,0.992657120667627
10305,0.5965606500430579
10306,0.9887132304388168
10307,0.16507680802143102
10308,0.37699074137031213
10309,0.05496585978544497
10310,0.15616555677355617
10311,0.42428688321221264
10312,0.9356146620396211
10313,0.8607061342641475
10314,0.9966605075073116
10315,0.8910183363958495
10316,0.5980802625485696
10317,0.9335691376511182
10318,0.2558393178364966
10319,0.5511732914797056
10320,0.9583632496236996
10321,0.5500718865367697
10322,0.923973504484846
10323,0.08378944156234432
10324,0.851208400733478
10325,0.9597036670098728
10326,0.9939277016456336
10327,0.8523519204813806
10328,0.6206886673315316
10329,0.8260728495108928
10330,0.790479562886378
10331,0.6203530779825408
10332,0.3187693149884054
10333,0.9032903909947003
10334,0.9103881740756802
10335,0.8898297518420847
10336,0.3275206865141589
10337,0.9019748023915934
10338,0.45666355065701164
10339,0.18049133745555968
10340,0.2833740362975444
10341,0.1803942027081136
10342,0.9030932994425797
10343,0.46754154290368527
10344,0.9976815057043867
10345,0.2990018560482477
10346,0.4078952830055555
10347,0.926316797796823
10348,0.3599969494826592
10349,0.9187520663189461
10350,0.4821053863105147
10351,0.9131295827053455
10352,0.9899971877619209
10353,0.7546786431852646
10354,0.893387715165933
10355,0.7700224312656059
10356,0.43798740958511356
10357,0.8397544701990742
10358,0.1664254632482948
10359,0.03848325235137436
10360,0.9182191747425705
10361,0.939704472852749
10362,0.6902928588715512
10363,0.06045231766783669
10364,0.7769751287872944
10365,0.6000140518626124
10366,0.7578467540703714
10367,0.7616008210044596
10368,0.06900892465266603
10369,0.09549281446624668
10370,0.7578735195648763
10371,0.20629680747983656
10372,0.08226538777469386
10373,0.27497919367936513
10374,0.8386675774436648
10375,0.9734216721530936
10376,0.9669534038989749
10377,0.42116458129759293
10378,0.850215985846414
10379,0.6077380803637314
10380,0.6664377659582655
10381,0.49461799593551653
10382,0.48089354816220464
10383,0.360638118372321
10384,0.9391414608584624
10385,0.5226465902519971
10386,0.9009968612163045
10387,0.960879230173368
10388,0.7099417792234892
10389,0.688387225475736
10390,0.9474181695530666
10391,0.5717280317129101
10392,0.9790740166016263
10393,0.8745455963545187
10394,0.48658964792625947
10395,0.035827037330754374
10396,0.8538134743077287
10397,0.9318983795026905
10398,0.05885283785822615
10399,0.5998130452351134
10400,0.9518973952683762
10401,0.2187453765986022
10402,0.4629434980541681
10403,0.9660343384521652
10404,0.8767161830482146
10405,0.35357876221491413
10406,0.23715612624934657
10407,0.7614847436910005
10408,0.21024796866636525
10409,0.9806527051801798
10410,0.07864646612073646
10411,0.7663578907285518
10412,0.6548908940449518
10413,0.9795483302651694
10414,0.7259435217601661
10415,0.5732836778288758
10416,0.07916810930534295
10417,0.8955143671346969
10418,0.18176680148852592
10419,0.08717395235928216
10420,0.944198294903453
10421,0.02792111107850876
10422,0.9402061806876092
10423,0.3180834804443214
10424,0.4158701214060268
10425,0.5312888202597462
10426,0.20251106323091897
10427,0.4221214637829983
10428,0.9693441587892927
10429,0.09619658034423657
10430,0.7191907547355704
10431,0.5746775581309796
10432,0.4621669143939456
10433,0.7773348828477293
10434,0.26784222686079906
10435,0.014445631909820343
10436,0.9845437999857135
10437,0.7058616955032634
10438,0.9038819785854727
10439,0.9677844874650153
10440,0.9021741170875998
10441,0.974719893372152
10442,0.3787710423779862
10443,0.7329835878337614
10444,0.28478346515626685
10445,0.979974202100499
10446,0.9930472467591401
10447,0.4629144038030026
10448,0.15562237820658478
10449,0.17018577548123426
10450,0.8698871374740627
10451,0.9979679731522764
10452,0.23067386372374132
10453,0.07169671811250869
10454,0.6093999442218645
10455,0.7263797350816136
10456,0.5999097588831064
10457,0.19709551974162945
10458,0.781406088372928
10459,0.0885307875845216
10460,0.9302823926442182
10461,0.7486252730112679
10462,0.04426804352882319
10463,0.15601327448620128
10464,0.49282829026330094
10465,0.7244341756277635
10466,0.4544067642333234
10467,0.7690580536099587
10468,0.9822095351216293
10469,0.2587206541774285
10470,0.1050557730890915
10471,0.1649892360202589
10472,0.9587932716204406
10473,0.12120695909861078
10474,0.8465002181899814
10475,0.899989477025696
10476,0.24175553747027342
10477,0.712081937517852
10478,0.8996528960260005
10479,0.21605744728293025
10480,0.9567030296411269
10481,0.7621025191303741
10482,0.2545815819763498
10483,0.6334781309777094
10484,0.13046060505875529
10485,0.7651213295218826
10486,0.9872991156154286
10487,0.8496088753201824
10488,0.6260397202619868
10489,0.7781186633435158
10490,0.24107216667673073
10491,0.9179000998357503
10492,0.40435782298002004
10493,0.8373328731835461
10494,0.5224061375586542
10495,0.018989437702390033
10496,0.37517191372101855
10497,0.5411163569216955
10498,0.7983493458786456
10499,0.8427318737088155
10500,0.06365662927625626
10501,0.9339227755214523
10502,0.6539239998546388
10503,0.9672302791656247
10504,0.8942793098609094
10505,0.001216271541269987
10506,0.9496926945787519
10507,0.14984002748886693
10508,0.8727475010564295
10509,0.9726588897276977
10510,0.9904501457980924
10511,0.4350361442181782
10512,0.9346316551334862
10513,0.5169049454657468
10514,0.9036760627110844
10515,0.20700508798207587
10516,0.8811129025099955
10517,0.07490381977324867
10518,0.7922182302896685
10519,0.06110340278904949
10520,0.9621609004528967
10521,0.46102873549944273
10522,0.9000673204865028
10523,0.7424019731889515
10524,0.7328906169105909
10525,0.07124533713476881
10526,0.5326997488696634
10527,0.4173243987263416
10528,0.8906554648423444
10529,0.8638555043194384
10530,0.028552618499071494
10531,0.8809803453349486
10532,0.9209457489034384
10533,0.8533956002602462
10534,0.18634586020936483
10535,0.6843685024785602
10536,0.185126783197185
10537,0.7892948232473926
10538,0.9933540845029687
10539,0.22854476465994977
10540,0.7316418302597065
10541,0.029601264943692914
10542,0.45544607461003467
10543,0.36344136039783176
10544,0.20605205304121135
10545,0.02947733761316968
10546,0.9123888289084925
10547,0.029522408224548255
10548,0.6576774183086218
10549,0.26151469547815115
10550,0.0412971836177944
10551,0.2812932882948507
10552,0.9222635406317845
10553,0.4396468032294476
10554,0.2587175273192116
10555,0.34253829127364943
10556,0.5600326795851229
10557,0.3554511080724519
10558,0.874947406036642
10559,0.1552446223375375
10560,0.7238102579418624
10561,0.24696293799355054
10562,0.47345726278697003
10563,0.06151950958801312
10564,0.7984929473687211
10565,0.8506933278656784
10566,0.917014802995542
10567,0.870778626787708
10568,0.8154799104606494
10569,0.669944255630711
10570,0.19685638961581184
10571,0.9534358787498006
10572,0.7675177866286756
10573,0.9468972270171764
10574,0.5803145786011924
10575,0.5316124498082333
10576,0.7321451415448688
10577,0.9034336361463022
10578,0.9648453829191205
10579,0.7449198600336289
10580,0.924129703546738
10581,0.7269299624665394
10582,0.5535182654207034
10583,0.9793588264065604
10584,0.25264911289666253
10585,0.9793088540485496
10586,0.05409634228819658
10587,0.5084928663735008
10588,0.9329231023882569
10589,0.3398098627708019
10590,0.863661937979662
10591,0.3363435807026557
10592,0.9887483150319094
10593,0.9170015416700453
10594,0.11423870455146658
10595,0.7337395235924089
10596,0.8752435263634512
10597,0.8945137165659709
10598,0.5735369922522479
10599,0.07124618020363557
10600,0.670374645781405
10601,0.4173759491580683
10602,0.2473476884685773
10603,0.4896573876122767
10604,0.41542759571231
10605,0.781372587256004
10606,0.006871055683396216
10607,0.8786923689770628
10608,0.33489772025071624
10609,0.08801777746729239
10610,0.5762155914243304
10611,0.49459663717718527
10612,0.4652102610346916
10613,0.5020052072354617
10614,0.9765775953970095
10615,0.7455643820932445
10616,0.5520163923042487
10617,0.9179370022133434
10618,0.30506540492726697
10619,0.7213106107282611
10620,0.19774573737607032
10621,0.1060285532758273
10622,0.7026008376931845
10623,0.6484215778512942
10624,0.9795758164780227
10625,0.17755213827078004
10626,0.8823059595387993
10627,0.7214233461879823
10628,0.0756205503972447
10629,0.9410684933342242
10630,0.44059772359807553
10631,0.7649351980700944
10632,0.3684909893727143
10633,0.7764167597607069
10634,0.8147878329487672
10635,0.12508647443954388
10636,0.8882030322303588
10637,0.7924595021781461
10638,0.750956408002149
10639,0.11126291697238941
10640,0.6289608267274625
10641,0.267762068370641
10642,0.4038900774525824
10643,0.9714851198812887
10644,0.971480293136812
10645,0.900783888132883
10646,0.5282797115642751
10647,0.8960311968587528
10648,0.3013416213880351
10649,0.7736678612484356
10650,0.5929576004368156
10651,0.5514383421474754
10652,0.7577000970481782
10653,0.9074901140630727
10654,0.06681544152101059
10655,0.3540487308994533
10656,0.6323544385622172
10657,0.10176306505174673
10658,0.9047635703101018
10659,0.5779583686818797
10660,0.044691159223589655
10661,0.314770267217984
10662,0.8204574495223477
10663,0.6109841252460813
10664,0.6212045212249525
10665,0.3211644602312954
10666,0.8602789659450231
10667,0.6963123867585446
10668,0.9095084358281669
10669,0.7139127417477287
10670,0.02032327082186362
10671,0.7554670519415815
10672,0.6851152599609768
10673,0.018187845780147774
10674,0.9708574232252811
10675,0.6594033711903339
10676,0.3245166158074274
10677,0.9857598323663405
10678,0.09806832824012497
10679,0.08940043470476135
10680,0.910497087935084
10681,0.917749074334767
10682,0.4387892643174138
10683,0.763833346744977
10684,0.6174185686178137
10685,0.07769717166722004
10686,0.08690249903043806
10687,0.8882918407322171
10688,0.6262445655346401
10689,0.9768321317468754
10690,0.14660500078965952
10691,0.8903742183931491
10692,0.010892806606938813
10693,0.9290576762008591
10694,0.97904633733285
10695,0.976566031219759
10696,0.9706669878732008
10697,0.23019007320768506
10698,0.20090707009012634
10699,0.3542823365019062
10700,0.4361764140961249
10701,0.44497999061289445
10702,0.6606697745346851
10703,0.8491329388327942
10704,0.007620898956661748
10705,0.5769425347932913
10706,0.9919643632666877
10707,0.02285988430290952
10708,0.7093849455102563
10709,0.9770142690116055
10710,0.9426753605310646
10711,0.9019851610852858
10712,0.19638361110166713
10713,0.8631430608345342
10714,0.4812980390538259
10715,0.5453520326057597
10716,0.8499850460751369
10717,0.8736994066941979
10718,0.21870415043433647
10719,0.7433972868095529
10720,0.945575920229343
10721,0.33295176088039347
10722,0.9833973273836346
10723,0.9773450846607238
10724,0.7098414245913004
10725,0.3062650000616877
10726,0.7611050736606532
10727,0.4865360205853807
10728,0.5911595286782892
10729,0.47297084393878136
10730,0.6065974691678107
10731,0.989984313785749
10732,0.5070733488959267
10733,0.468757713162145
10734,0.9666213559465574
10735,0.8485749706637651
10736,0.45149812437079123
10737,0.1332249871470833
10738,0.9861916362835893
10739,0.9230795717184621
10740,0.9448450420749894
10741,0.8707807568059684
10742,0.9022388054669124
10743,0.49273983205229777
10744,0.7203851948724525
10745,0.9931305360692254
10746,0.9576242320753049
10747,0.3365060918294941
10748,0.02118968421042435
10749,0.6770768802403381
10750,0.03626901051039515
10751,0.9797863874004293
10752,0.50449791973165
10753,0.9002925721207687
10754,0.3869949215130556
10755,0.7578014437052175
10756,0.9353407845462913
10757,0.9726950750475659
10758,0.9295369811586957
10759,0.42902847585820963
10760,0.11890237477976935
10761,0.13139633468322365
10762,0.9912512864416043
10763,0.4551155597015357
10764,0.9656186422312604
10765,0.5684811104718716
10766,0.1889394699206708
10767,0.4418911258153178
10768,0.8052921877778209
10769,0.9227006417330358
10770,0.469244399923257
10771,0.9558325180092885
10772,0.5610070128402607
10773,0.03867767292400973
10774,0.6981499351045943
10775,0.7115833079890451
10776,0.9651084058453269
10777,0.6878542450330846
10778,0.0234937319230546
10779,0.19793589888225543
10780,0.8908587405311571
10781,0.8100116502583131
10782,0.45486533454802
10783,0.9267155596879971
10784,0.5484342109974693
10785,0.6408083478506015
10786,0.7574713078192511
10787,0.6074094157394822
10788,0.9660335079171075
10789,0.07814405703001982
10790,0.13886157673242389
10791,0.24381311678985632
10792,0.8560422848003004
10793,0.9880270264528159
10794,0.40953242249019967
10795,0.8656279067284481
10796,0.8477384491252158
10797,0.02854923349607476
10798,0.9032587476521717
10799,0.13317489338789362
10800,0.5696666664187056
10801,0.11901596851554123
10802,0.34230209400808176
10803,0.40211522657816634
10804,0.9007555741500014
10805,0.7338342556454961
10806,0.5800758683515193
10807,0.9793133011393137
10808,0.9933214964416535
10809,0.6695598513439578
10810,0.945214757401694
10811,0.3564904451869783
10812,0.6945103413994245
10813,0.3795998708956276
10814,0.6546843059724989
10815,0.9121698760162721
10816,0.5378778781233181
10817,0.5913298429249892
10818,0.08873058486359929
10819,0.9602370214297139
10820,0.744476979366839
10821,0.9618752602856483
10822,0.7658228888957019
10823,0.8178165343849452
10824,0.6204721713679188
10825,0.38134351943514777
10826,0.9224572103179363
10827,0.555415566190059
10828,0.4835097653325939
10829,0.9624098522345795
10830,0.5946085459085427
10831,0.5866786025948918
10832,0.0673378391798849
10833,0.8432239167359902
10834,0.9658981933070535
10835,0.1726075770145538
10836,0.6944721913456136
10837,0.1226584386420323
10838,0.21004784930293594
10839,0.9104105627406883
10840,0.38283868631989354
10841,0.9575244464392781
10842,0.040254879382652646
10843,0.4380913979595705
10844,0.9900298456815533
10845,0.0615182171073961
10846,0.06811263790480941
10847,0.17720881325704468
10848,0.8050888776419908
10849,0.9973697371216822
10850,0.6786535335283173
10851,0.944426795231431
10852,0.9694898174836323
10853,0.9666248423866656
10854,0.6351937151538859
10855,0.011451260142101778
10856,0.3731601968774266
10857,0.6283858587491867
10858,0.753278046020436
10859,0.7817732277333358
10860,0.7303237479235816
10861,0.7582432704213047
10862,0.027776313677359808
10863,0.9905420724606453
10864,0.9734529889239135
10865,0.9501727336525294
10866,0.8348001939057128
10867,0.1446505870841903
10868,0.00878905806880416
10869,0.28420140104997266
10870,0.8203852742303761
10871,0.4770981016338898
10872,0.792307857287785
10873,0.03177233604652644
10874,0.8104673978368125
10875,0.8901651649149894
10876,0.33997600154465235
10877,0.05853599717809004
10878,0.9974602641487622
10879,0.5387559519589582
10880,0.06822967621574912
10881,0.10707169654006991
10882,0.998736889629051
10883,0.926414904987658
10884,0.572445310057377
10885,0.7610640107571405
10886,0.6989405285379481
10887,0.14516814244320078
10888,0.9366420936069557
10889,0.19080929100756633
10890,0.6414504871438593
10891,0.9766208671075434
10892,0.370381379290098
10893,0.8712605357265437
10894,0.5471521873389152
10895,0.12417587542100471
10896,0.07060145298670258
10897,0.8758275197360694
10898,0.8135736594717335
10899,0.30398522972126074
10900,0.32114510462362633
10901,0.35531503911997525
10902,0.9726200876449073
10903,0.017264768317351527
10904,0.9766486912496771
10905,0.955535741808602
10906,0.8173016657552411
10907,0.9247468409821545
10908,0.45490400835840006
10909,0.29798703061615717
10910,0.4600693302183487
10911,0.9253660886391233
10912,0.027808670475629075
10913,0.9827180561142043
10914,0.4740971632308632
10915,0.9385914534001069
10916,0.7987709952571084
10917,0.5907743304956219
10918,0.9750805436438984
10919,0.09453069924212072
10920,0.21026524300857946
10921,0.9309877762294956
10922,0.24763608324756153
10923,0.92648046806954
10924,0.15640006294315548
10925,0.19189145305786026
10926,0.9605893663499102
10927,0.662706166683319
10928,0.7355899712962837
10929,0.5624285127982661
10930,0.13665876933136098
10931,0.1805191220232599
10932,0.2968493140086133
10933,0.7902897962006276
10934,0.9864934438299996
10935,0.2442641567838948
10936,0.6809924512050867
10937,0.7181166823735591
10938,0.979830144633252
10939,0.3081809482613385
10940,0.9878416787189349
10941,0.9490485813438971
10942,0.02382108877407599
10943,0.06273838400496459
10944,0.4822158896139546
10945,0.21668392669825673
10946,0.6782360938510288
10947,0.9470672323045151
10948,0.03815738226368159
10949,0.9601146489091745
10950,0.7318283349961205
10951,0.848776074611875
10952,0.7308460638817476
10953,0.9205457452660306
10954,0.578769035443007
10955,0.6109479600779303
10956,0.889384541974664
10957,0.7862489161411651
10958,0.7680664111872982
10959,0.366034496780921
10960,0.9655321827717106
10961,0.43449845423379446
10962,0.047825931431030665
10963,0.4429374319772726
10964,0.9307409704758542
10965,0.9902135962562716
10966,0.23968864839551718
10967,0.9533956869793315
10968,0.15328159255480922
10969,0.4831593029091606
10970,0.8469505965146578
10971,0.6332600467014109
10972,0.6308308739257465
10973,0.8695240219583593
10974,0.06291153344840204
10975,0.6390127839562884
10976,0.09593014610731707
10977,0.14413753299817317
10978,0.6978569868605187
10979,0.8073230417875509
10980,0.8370075305889421
10981,0.7383923170568429
10982,0.8933230335210567
10983,0.7278806367318009
10984,0.8642298484078107
10985,0.9772847283441554
10986,0.9696817040908021
10987,0.7221808335225073
10988,0.6395920503742867
10989,0.9317394415151434
10990,0.7306043228692636
10991,0.9149248783124541
10992,0.7138245415460809
10993,0.38188025869039777
10994,0.7714986456806693
10995,0.9536194704897056
10996,0.9474142182079329
10997,0.023254009769941738
10998,0.8633856312241809
10999,0.9319641366559122
11000,0.949535377320092
11001,0.3349760469964054
11002,0.9561487007191003
11003,0.8997472501347312
11004,0.11144587289325728
11005,0.510523826601817
11006,0.2595049646691426
11007,0.8380701837182438
11008,0.8290228288112059
11009,0.7480776998354844
11010,0.7785083871545946
11011,0.8467985493966342
11012,0.06913571797018452
11013,0.7689156704242417
11014,0.24326982990041776
11015,0.9955797043315466
11016,0.5686678227952706
11017,0.9587106564612344
11018,0.9913005433952214
11019,0.5139502472471718
11020,0.032903521997114216
11021,0.46011943438896935
11022,0.44284886155022735
11023,0.9049927382620407
11024,0.00373188672945966
11025,0.2879604632086514
11026,0.7044949792387547
11027,0.9797685634475188
11028,0.834297973620135
11029,0.828881990701121
11030,0.776330293971221
11031,0.06573716493547473
11032,0.8857328317581442
11033,0.89922810186066
11034,0.47861482741562134
11035,0.6134715032104799
11036,0.8964417526145534
11037,0.9526770940132369
11038,0.128464649438102
11039,0.9620203845686631
11040,0.715258924473829
11041,0.9391658627033763
11042,0.8331530811992306
11043,0.6674081449479824
11044,0.9262762325158111
11045,0.36230284467724244
11046,0.9679843947031999
11047,0.22039777174936767
11048,0.726364643088773
11049,0.7215809271185353
11050,0.13333091849364007
11051,0.7102558846050495
11052,0.3046688787837581
11053,0.24032443527399536
11054,0.7392446031327573
11055,0.4303505242641572
11056,0.8367490584972992
11057,0.18669569970270386
11058,0.9952236962217506
11059,0.07758090949839275
11060,0.2221530566775406
11061,0.9666030751679469
11062,0.653137163355428
11063,0.16865142143093234
11064,0.9421943247969476
11065,0.6553437559023595
11066,0.9410072652766288
11067,0.9572939127155476
11068,0.9549506554741175
11069,0.47770519591505184
11070,0.4224699934034986
11071,0.6530338601132447
11072,0.6497776527307761
11073,0.9210811888123152
11074,0.9880882119923967
11075,0.7985119341333594
11076,0.6782908814131942
11077,0.9604689698085196
11078,0.3693154130328312
11079,0.5787540399074685
11080,0.9963620738323632
11081,0.35301792150073885
11082,0.26629305950972304
11083,0.7785249312163135
11084,0.10303911906010152
11085,0.7607712437293997
11086,0.3876286183610609
11087,0.7110759929808949
11088,0.7746436636265928
11089,0.8864715424233894
11090,0.8825803964375174
11091,0.17118680002255054
11092,0.9895786590919388
11093,0.35335269845087214
11094,0.5329230851173469
11095,0.9653292453417434
11096,0.921436220162458
11097,0.8833716296430246
11098,0.9686315103604883
11099,0.9690462972886633
11100,0.8427414223081504
11101,0.9860693053165897
11102,0.03458523321382103
11103,0.7251848452661371
11104,0.6624166213074381
11105,0.982497952612769
11106,0.9813695456163544
11107,0.7337337788556352
11108,0.27189283302053174
11109,0.9553934645869363
11110,0.45422551997236066
11111,0.9219721322505174
11112,0.5612386775627379
11113,0.6487160821020505
11114,0.8830755600899757
11115,0.05859289215470054
11116,0.9255673068739242
11117,0.9946266080178247
11118,0.8792894291870713
11119,0.10933682355680903
11120,0.1868028502286573
11121,0.49094052043220726
11122,0.8353568874946643
11123,0.6672150015951849
11124,0.4178466550973525
11125,0.7582379747876345
11126,0.4047506200973895
11127,0.6339069744716296
11128,0.6898829903586726
11129,0.47374894761983544
11130,0.7236746881979607
11131,0.8896814871145173
11132,0.20339421195876534
11133,0.3671519293043655
11134,0.9376670193940446
11135,0.9866615419452239
11136,0.9103021231353164
11137,0.3829662145250641
11138,0.06703367512099533
11139,0.913993698715335
11140,0.8595294104010011
11141,0.20566794220762577
11142,0.8396265979983647
11143,0.8507323189807419
11144,0.4819273580075623
11145,0.8994263037056612
11146,0.5922489771055242
11147,0.4087988559477396
11148,0.08843364509272215
11149,0.6598235536118244
11150,0.11769201793305958
11151,0.5872727173227201
11152,0.5406757168259003
11153,0.3603216503550268
11154,0.9698461738910479
11155,0.9127557460873597
11156,0.592488958853409
11157,0.8621075211653161
11158,0.9067465702516366
11159,0.9715924457120082
11160,0.7717796736359973
11161,0.26295048825862455
11162,0.9252530254578285
11163,0.9387801551875704
11164,0.6561182802382571
11165,0.9608241803763805
11166,0.6832146678994473
11167,0.48154735539222665
11168,0.024041417372865925
11169,0.965987778626774
11170,0.9195280569039913
11171,0.7854612905152218
11172,0.6490965723493357
11173,0.41870223980792437
11174,0.9516820664691785
11175,0.03867942382006559
11176,0.9648892195887571
11177,0.6071867218164795
11178,0.6127162037283711
11179,0.43820790937161375
11180,0.7036273913097953
11181,0.9353012437773117
11182,0.441217193010722
11183,0.8255139684152967
11184,0.6264485912934771
11185,0.7738482966473492
11186,0.9059142520509118
11187,0.01488703499277226
11188,0.40676020209689545
11189,0.4133061130517268
11190,0.565192935169972
11191,0.8378130478117758
11192,0.16675577883653755
11193,0.6752470875508325
11194,0.2580193302153523
11195,0.645034907992771
11196,0.501346397102398
11197,0.258346148312833
11198,0.405224339493484
11199,0.9254948308954344
11200,0.8890097103140273
11201,0.9631497358209953
11202,0.44311333293806693
11203,0.5113007726217569
11204,0.926917892130398
11205,0.7949965670292045
11206,0.27287447350181615
11207,0.9795404963198094
11208,0.980263020241475
11209,0.7221536221342479
11210,0.10699538324091121
11211,0.9747226052279582
11212,0.732401282604075
11213,0.6393223696685671
11214,0.7292672124854785
11215,0.09733819580663765
11216,0.5652655627666063
11217,0.8408539187717065
11218,0.2682660187939955
11219,0.7466076780140904
11220,0.5544573534751621
11221,0.606257130778753
11222,0.6205693544403947
11223,0.20594404525228904
11224,0.09745420891610299
11225,0.8656481614382224
11226,0.8913019941225614
11227,0.22947633481698773
11228,0.1398082086031737
11229,0.9007978895829194
11230,0.5738742755324198
11231,0.8132856680202898
11232,0.7007705553277542
11233,0.6692135641050465
11234,0.8927517450463335
11235,0.9075289705097934
11236,0.7285244993267418
11237,0.9077471705315653
11238,0.29859944566571056
11239,0.32199278220361693
11240,0.9605108402057138
11241,0.248077172927107
11242,0.3309498006269105
11243,0.9408512907226342
11244,0.9987411596727636
11245,0.3180215424587703
11246,0.7947387928066041
11247,0.7009381546854958
11248,0.5837420322456857
11249,0.4994654202777932
11250,0.9420969321342467
11251,0.7301175340687058
11252,0.016527497771075813
11253,0.6898824635850661
11254,0.24103884807440323
11255,0.9910596679472573
11256,0.22404120172097106
11257,0.5191947550283752
11258,0.9064652638386036
11259,0.960484895677173
11260,0.2259554197075412
11261,0.8485611494337705
11262,0.9792537650308776
11263,0.275691322021444
11264,0.8838717360164959
11265,0.3565220233633745
11266,0.15343896108276472
11267,0.9133840661494336
11268,0.8667816457174096
11269,0.3855295687758057
11270,0.13955402078440915
11271,0.20797465876317947
11272,0.3767224391244117
11273,0.7342332483650134
11274,0.46471284685883313
11275,0.37604790472779104
11276,0.9679807252549899
11277,0.854295248053402
11278,0.026404753878759214
11279,0.0511011514791072
11280,0.6751061495366852
11281,0.062123103277503554
11282,0.5075390679784638
11283,0.07327882384578427
11284,0.6380657901510686
11285,0.8198513012655628
11286,0.9267721967359921
11287,0.9626210229990754
11288,0.9572262799105825
11289,0.13451388239025305
11290,0.356387134922782
11291,0.35283448343576795
11292,0.38490000629835047
11293,0.5345323092286832
11294,0.24978699970022444
11295,0.681946448318374
11296,0.4703932395658318
11297,0.42766072095023855
11298,0.09423570397120488
11299,0.6951497968713929
11300,0.9629407472551084
11301,0.5683203979762088
11302,0.36326411353895627
11303,0.4876055213925923
11304,0.9973165789901026
11305,0.9694509186069868
11306,0.49002489577078334
11307,0.936848780104264
11308,0.8881656368344147
11309,0.40034804767331117
11310,0.9029425642109192
11311,0.779756841924857
11312,0.27357435432841815
11313,0.9600283992949752
11314,0.8948385764396971
11315,0.2913013856759083
11316,0.9354007457416554
11317,0.9073649853353564
11318,0.7556784034010824
11319,0.9939063347658575
11320,0.7643579370468648
11321,0.8009494160238447
11322,0.9938923690662838
11323,0.1983246532486836
11324,0.49484090503728156
11325,0.596678221447969
11326,0.9528924320119412
11327,0.877006055471773
11328,0.14867863177473437
11329,0.25875708418118387
11330,0.8285744986815707
11331,0.4971548628208001
11332,0.413226659654601
11333,0.33315654271373
11334,0.846622198288918
11335,0.45679757357109513
11336,0.409835299720869
11337,0.012063487019331659
11338,0.2951962999213483
11339,0.9925987664410243
11340,0.7673418639568381
11341,0.33780210790939696
11342,0.0768026541626925
11343,0.7588722016391491
11344,0.3936306861808894
11345,0.9290630840237146
11346,0.08572625191859648
11347,0.3768567053771701
11348,0.379671572424183
11349,0.2581077888920178
11350,0.9726102807080628
11351,0.777128881147469
11352,0.7067007898941378
11353,0.3817723342355208
11354,0.8287569725785933
11355,0.0862503942925425
11356,0.16853250332877198
11357,0.9574898584558951
11358,0.7366171016630224
11359,0.6417244378950316
11360,0.6350779960758527
11361,0.9909872912365294
11362,0.5561307341380147
11363,0.06159991017824033
11364,0.06810166915629287
11365,0.8225614994432217
11366,0.30943512301635584
11367,0.4241497633468378
11368,0.6524858701695684
11369,0.98553997174187
11370,0.941708375408716
11371,0.7550364531135084
11372,0.7164647698373222
11373,0.44366104417089197
11374,0.7651603338908881
11375,0.09759731736624952
11376,0.8201872989033989
11377,0.04622852116448897
11378,0.9003051722589156
11379,0.5036098320835558
11380,0.00842718325187728
11381,0.8021008318048625
11382,0.8039603758534912
11383,0.37401671946756776
11384,0.5745405398974034
11385,0.14962312269998054
11386,0.9679568011954606
11387,0.9428437323723322
11388,0.935056647620336
11389,0.9914236746973236
11390,0.007914592111261744
11391,0.45887151321642233
11392,0.75718981500922
11393,0.6967864788530361
11394,0.17599619262779118
11395,0.07908902728749752
11396,0.603339116908653
11397,0.2046466818338922
11398,0.3429168544906901
11399,0.7512567707936171
11400,0.8803607772151956
11401,0.9668182528432631
11402,0.0863424515343013
11403,0.8153300794882196
11404,0.3334580630876726
11405,0.45166673487739795
11406,0.993395343379141
11407,0.956813917251814
11408,0.9950445796451804
11409,0.9757778300506977
11410,0.3638660921203441
11411,0.9808238168590562
11412,0.2460073056463885
11413,0.6348344996214698
11414,0.16389849885115493
11415,0.7411506538925866
11416,0.19264900012910877
11417,0.228109846508828
11418,0.15385224990322896
11419,0.4343133655109119
11420,0.9529494608010216
11421,0.7312738149988399
11422,0.9921467526531523
11423,0.23440005449233836
11424,0.9099794128665551
11425,0.1723939167422985
11426,0.6060144243249215
11427,0.9694346353563065
11428,0.46935238533210316
11429,0.07015398444675813
11430,0.7180991696849474
11431,0.23977938031234663
11432,0.9062474795265991
11433,0.582488860187297
11434,0.3212516547958567
11435,0.7989945801555185
11436,0.845447146274634
11437,0.810739654188228
11438,0.9886742425573356
11439,0.9945963145509342
11440,0.0845782136400482
11441,0.9245572907034673
11442,0.6943521854576277
11443,0.690642469391062
11444,0.8281626138445874
11445,0.4393809033092196
11446,0.938212677415615
11447,0.9398476580929608
11448,0.15378244160394597
11449,0.5287119361014161
11450,0.2995205463505545
11451,0.3416216611941535
11452,0.42894017364876846
11453,0.6602126021604409
11454,0.9095414274368563
11455,0.2002438372932791
11456,0.7274062346041534
11457,0.8333000005417038
11458,0.10042063289298403
11459,0.9656329448222022
11460,0.9573648255775917
11461,0.5346830577516721
11462,0.9782577196596199
11463,0.0922060919842253
11464,0.6940602462177247
11465,0.17752916737844676
11466,0.637880718370537
11467,0.07581381016247132
11468,0.9713272362057113
11469,0.018795349403735822
11470,0.7123090004853558
11471,0.2993118605381619
11472,0.8325546326238449
11473,0.1105376743571885
11474,0.7934198299803694
11475,0.2706761667037718
11476,0.9544830611336225
11477,0.5036801344279852
11478,0.7701740041053464
11479,0.9547625329695143
11480,0.7537594491254872
11481,0.6975431955542635
11482,0.9611249687282302
11483,0.15113059778930116
11484,0.5803651265682094
11485,0.7958448820615592
11486,0.015334411564918668
11487,0.9575412958026399
11488,0.510837529956063
11489,0.8446337285617254
11490,0.22289693027125218
11491,0.8099754480630442
11492,0.8266581656114845
11493,0.8184795015802621
11494,0.04969775490643395
11495,0.4190635052589295
11496,0.3020017420256134
11497,0.34019494156497426
11498,0.8827216566390435
11499,0.08416984342221816
11500,0.6262456083702719
11501,0.9890928459433751
11502,0.7376239452542664
11503,0.7898097442493285
11504,0.20024151120788844
11505,0.5892181595992245
11506,0.05370143174756549
11507,0.021271145996947547
11508,0.9129053582868653
11509,0.7060304750842754
11510,0.22328323429692587
11511,0.47080103365532094
11512,0.5779085190957098
11513,0.09548893981996615
11514,0.9626727203033378
11515,0.9994111334086466
11516,0.6238086899702463
11517,0.9481413298019222
11518,0.6062222345063065
11519,0.7319631199051606
11520,0.9502146297605009
11521,0.8043487692480595
11522,0.34575687312373676
11523,0.8827390978059919
11524,0.8593141140624864
11525,0.011762326750402223
11526,0.10246274128278747
11527,0.7203510065105582
11528,0.8787593371830305
11529,0.9639992045933831
11530,0.9908220390383033
11531,0.8645660257196048
11532,0.7761094156418445
11533,0.7838765137268682
11534,0.9235913010689345
11535,0.08642058793671732
11536,0.6779384293630418
11537,0.35262388836565206
11538,0.26193232277208484
11539,0.8676161991844384
11540,0.8306410268595733
11541,0.7664611835289313
11542,0.5280279625050062
11543,0.8934061576787695
11544,0.6297618455201769
11545,0.7876165852435724
11546,0.18645588654563391
11547,0.9674096282711726
11548,0.8236160691060204
11549,0.9159319228372974
11550,0.29469648521906616
11551,0.21684013076746173
11552,0.6286480443735716
11553,0.9984047614430354
11554,0.21945245077621423
11555,0.7280700691454287
11556,0.31916590041499143
11557,0.11745077916342211
11558,0.18940928214786795
11559,0.8395133206064641
11560,0.8743905652353208
11561,0.8570378883719467
11562,0.9592213981449049
11563,0.08519878505399617
11564,0.07373228178501348
11565,0.3878651160003211
11566,0.9616341862868522
11567,0.6215815417764647
11568,0.07445413903419412
11569,0.21287067882856456
11570,0.9789153323611806
11571,0.489761977978705
11572,0.3560831961936494
11573,0.8329119304674182
11574,0.31397513838587865
11575,0.9660831457384933
11576,0.6599700003823366
11577,0.7837718045787863
11578,0.9103877239534466
11579,0.06244180257636233
11580,0.9141985066321371
11581,0.040526860787470746
11582,0.6982275911212775
11583,0.04099544966219352
11584,0.8636451907326067
11585,0.7131529063297847
11586,0.9976639248554845
11587,0.006673384666211433
11588,0.4764956453517077
11589,0.8511092902391052
11590,0.21160101159013286
11591,0.835176174395934
11592,0.7262902976566874
11593,0.9557196864437268
11594,0.8247256054067903
11595,0.09085554328095934
11596,0.8816097488689324
11597,0.1006710404553608
11598,0.7198770806150229
11599,0.12663044936785986
11600,0.9283935139051452
11601,0.8118565359118217
11602,0.4954044181424619
11603,0.9969676731549394
11604,0.24008412249221386
11605,0.3782721879621638
11606,0.4472866109357918
11607,0.6014826483733323
11608,0.5276832862564043
11609,0.048447876946558395
11610,0.7740834805544508
11611,0.2513154512750074
11612,0.9477759998580658
11613,0.9565406235483598
11614,0.09748774993361266
11615,0.9039874753976667
11616,0.9945079975321862
11617,0.22269681128121155
11618,0.07254316397163192
11619,0.674984124644014
11620,0.27918873912845993
11621,0.407268642975253
11622,0.9224721005644745
11623,0.9610920908101885
11624,0.8552441967396885
11625,0.7807368109644759
11626,0.9372321622930676
11627,0.16166420263513145
11628,0.38079460123050474
11629,0.5651520942296054
11630,0.8483442820898941
11631,0.15684935787025212
11632,0.20112660687866954
11633,0.9871098317398481
11634,0.4429841744105853
11635,0.16172022300397457
11636,0.6968772248935817
11637,0.9702473372513463
11638,0.09076525452882749
11639,0.8162433741028783
11640,0.9963869962100109
11641,0.9011514452852475
11642,0.5035615436635293
11643,0.3194154230198403
11644,0.253786475789582
11645,0.9959068593908725
11646,0.3118555087828783
11647,0.8097122302894839
11648,0.4322194720621048
11649,0.9299051110967133
11650,0.5998728904237488
11651,0.6789209865127073
11652,0.9337777370292457
11653,0.8273621199736745
11654,0.09976978103408986
11655,0.14628381594759257
11656,0.9607890769038843
11657,0.4935850316328001
11658,0.03335692521550671
11659,0.43572422018967044
11660,0.9631507402689484
11661,0.1025582809422452
11662,0.9563201657665902
11663,0.4204400267438977
11664,0.9034579473054646
11665,0.0618090984853472
11666,0.3405168648324277
11667,0.7900360272077832
11668,0.8804243816399175
11669,0.012669565045649023
11670,0.3611865644520665
11671,0.5933435677501808
11672,0.17856676948271932
11673,0.04650749722392227
11674,0.6789177110909969
11675,0.8958325715984232
11676,0.8161325061748281
11677,0.5436386746064622
11678,0.690984275062081
11679,0.9513942663029085
11680,0.7881939719621961
11681,0.5236997540760338
11682,0.9138700507975241
11683,0.8312774575322796
11684,0.05692616556471977
11685,0.07674745282997752
11686,0.23322071102550576
11687,0.7769274354064287
11688,0.9459324305900609
11689,0.9810558644945244
11690,0.7049326082865406
11691,0.9625950385967132
11692,0.7215579693559634
11693,0.1378855834360106
11694,0.8985709990807776
11695,0.9252405053963878
11696,0.4270236559897202
11697,0.04357597519163036
11698,0.8138514766363331
11699,0.8899879799803408
11700,0.28234236852101596
11701,0.64791562279831
11702,0.15185145667048358
11703,0.6556278923482961
11704,0.20355777324939345
11705,0.09944118641949848
11706,0.7724865554510272
11707,0.10622080084157125
11708,0.7826235751593631
11709,0.3317649994971644
11710,0.40610755711515384
11711,0.8985104861462988
11712,0.07928661874702334
11713,0.03052414409661008
11714,0.32520147639367036
11715,0.1641468363863945
11716,0.6272144487653548
11717,0.3825608698254232
11718,0.8258298304228365
11719,0.6280112866390705
11720,0.7358551015021529
11721,0.9589966756889925
11722,0.9642829521174268
11723,0.9685105317506969
11724,0.9474114531855998
11725,0.8815892623861363
11726,0.05644249410569703
11727,0.9481908397912967
11728,0.09722569638056483
11729,0.33812055911269506
11730,0.007944648747431985
11731,0.37427981304154706
11732,0.34365426670010024
11733,0.9638478102875995
11734,0.2247861533282226
11735,0.7846432583863946
11736,0.6809263193112539
11737,0.6156330909598788
11738,0.855798909883703
11739,0.1181829196635703
11740,0.9084884819485604
11741,0.9779601550615912
11742,0.6600780024688738
11743,0.8816206572468364
11744,0.9311201031001274
11745,0.7772197969479011
11746,0.6260077564154083
11747,0.10700301782270678
11748,0.7773670996046687
11749,0.957016039075248
11750,0.9015618510005409
11751,0.0769323960361703
11752,0.08277022462930408
11753,0.9623104169909726
11754,0.8486173644877667
11755,0.920877899871056
11756,0.2679884833548336
11757,0.1696378833587381
11758,0.36149983440008465
11759,0.671471435448237
11760,0.23583589829443924
11761,0.9506417828866683
11762,0.9652490742160771
11763,0.8348738337076881
11764,0.12952664268111877
11765,0.5360645650552452
11766,0.492276922149138
11767,0.16886251904305508
11768,0.7690411306496999
11769,0.04175289464355535
11770,0.8943774437581231
11771,0.1563316595153648
11772,0.2651161599712122
11773,0.6411119621270699
11774,0.2803545230606185
11775,0.8274233578261851
11776,0.6407520720546681
11777,0.7532345699375139
11778,0.764941491320001
11779,0.10610461535099344
11780,0.968362050978664
11781,0.6070223770166296
11782,0.7193185492240918
11783,0.04651424243048437
11784,0.10804751742104528
11785,0.8482734310368243
11786,0.27063790936720017
11787,0.5161912752284545
11788,0.3638402129617112
11789,0.04999797426337497
11790,0.45231029257565336
11791,0.05380691968102611
11792,0.9624873894237047
11793,0.28594894941704246
11794,0.28306901781441474
11795,0.6640601513216865
11796,0.8343087319513032
11797,0.12196123117774427
11798,0.44530056420971986
11799,0.8751458648051945
11800,0.9424775552893145
11801,0.06310500674554774
11802,0.9087853603545996
11803,0.06203972347006569
11804,0.7901961036960967
11805,0.9172286253156694
11806,0.9934293482368984
11807,0.9392646779795695
11808,0.989874127233234
11809,0.8273080295915803
11810,0.9424177890902327
11811,0.8702575631266535
11812,0.2915654303272455
11813,0.7185492240698326
11814,0.17258683012121237
11815,0.8027557651751492
11816,0.7524165469032577
11817,0.020586101335323043
11818,0.8136108213715719
11819,0.13526083189026772
11820,0.6504747301500351
11821,0.9133075046826797
11822,0.6973971638524736
11823,0.6013876227127734
11824,0.03679955805654664
11825,0.3793440229788695
11826,0.9509441059008071
11827,0.9866655394745693
11828,0.4596442948182862
11829,0.9826838800897112
11830,0.6568654216997515
11831,0.9372200434740761
11832,0.07688925647708739
11833,0.5704726933537837
11834,0.3226223331451558
11835,0.7198105746992276
11836,0.9207527668070701
11837,0.36985762768556635
11838,0.8631665084224334
11839,0.6835915154571404
11840,0.6538565536386353
11841,0.9800923678909954
11842,0.9421605827745451
11843,0.7888361401933168
11844,0.9851665093231512
11845,0.5988209578320981
11846,0.632253714912077
11847,0.9976662071825547
11848,0.055745299860516184
11849,0.7326268652550849
11850,0.3473120447692133
11851,0.20408730498275984
11852,0.8885188895463254
11853,0.9916570440407244
11854,0.47705367661116965
11855,0.9055584962556251
11856,0.05413601536579851
11857,0.9993251657969252
11858,0.9544625403829836
11859,0.08648869335994647
11860,0.8159673025781511
11861,0.4991923193102498
11862,0.9861599167435051
11863,0.3836678081273309
11864,0.8211087276471188
11865,0.823765646871447
11866,0.5833443420753508
11867,0.5370914677270082
11868,0.02262750584781563
11869,0.8930889137894477
11870,0.5685943709130936
11871,0.8094162871316949
11872,0.5536187033663329
11873,0.9171284138875554
11874,0.9445204750856446
11875,0.9580094462696175
11876,0.9111246064394646
11877,0.951377361553399
11878,0.665070367998736
11879,0.35592576747987753
11880,0.924094527318063
11881,0.9222514235463581
11882,0.1265176554112145
11883,0.8174765251967655
11884,0.7529308610769461
11885,0.7291709006214071
11886,0.40370356639459276
11887,0.15418551178846765
11888,0.4883262541784545
11889,0.35987669576578274
11890,0.25721758194209793
11891,0.9269112758288128
11892,0.9946336676586937
11893,0.9603374139679778
11894,0.04058837190973781
11895,0.8774200805222192
11896,0.3857648777361718
11897,0.5721761107217591
11898,0.20526137734421887
11899,0.9598285688179199
11900,0.9880421408935504
11901,0.9842813787940482
11902,0.8542888166668093
11903,0.5229076285966519
11904,0.5676639116764867
11905,0.8670532614156045
11906,0.8406774056662989
11907,0.04792452954999293
11908,0.9096062029382158
11909,0.9086497774092755
11910,0.8256818846039067
11911,0.8217543114069585
11912,0.25849654710411935
11913,0.547543656109527
11914,0.8784029548765722
11915,0.7345036631580516
11916,0.925084546225895
11917,0.5762544931625467
11918,0.04053921828528716
11919,0.41359625697086355
11920,0.9207123339854539
11921,0.7144140029802787
11922,0.4415841926833954
11923,0.4861786717294001
11924,0.022677696033903568
11925,0.1586491729863629
11926,0.3793436288518237
11927,0.2420528763247346
11928,0.46294341541173945
11929,0.9828975053817204
11930,0.9595497459873735
11931,0.9361513804983125
11932,0.24122843088086152
11933,0.9001277576975304
11934,0.4491924088524728
11935,0.11113091319050472
11936,0.8311328843454294
11937,0.8548985517505564
11938,0.9936516119177793
11939,0.9574366343626917
11940,0.9552086086060361
11941,0.9630451207933437
11942,0.17001183636024034
11943,0.07756861054659554
11944,0.03677905542192097
11945,0.7360704916687366
11946,0.9213333894947577
11947,0.45029090377140835
11948,0.8203584198240121
11949,0.9364573475733342
11950,0.6069965304511825
11951,0.2182908317393958
11952,0.4090103182495879
11953,0.4675229623499353
11954,0.03482575164940117
11955,0.3151742665706622
11956,0.5192319424756138
11957,0.8269039852782574
11958,0.49182948208264493
11959,0.9432664295387908
11960,0.3107603285782676
11961,0.9924202666239992
11962,0.9699262696384106
11963,0.890520447824487
11964,0.8468890590253307
11965,0.5696142803886906
11966,0.9206075858672284
11967,0.5257722768140375
11968,0.18617970361318342
11969,0.6296501939208755
11970,0.555549124291178
11971,0.7923478467977909
11972,0.4404684842552515
11973,0.29227823917601403
11974,0.342869515350083
11975,0.9566233721812356
11976,0.7685373320322575
11977,0.04049853454435782
11978,0.7848408483120444
11979,0.904963310189605
11980,0.9065746481833973
11981,0.6778259819361839
11982,0.2443103596890521
11983,0.04321212890490661
11984,0.10271716075417686
11985,0.16703415866075666
11986,0.9796822581050114
11987,0.5148533867453788
11988,0.4794111633275573
11989,0.6897629415356769
11990,0.6660169463335756
11991,0.8282230166787861
11992,0.985895217392669
11993,0.988892517017211
11994,0.20212806001613726
11995,0.7700913020249595
11996,0.685051373523636
11997,0.9683958903981198
11998,0.09609173691204474
11999,0.9181567405541597
12000,0.8903901172362817
12001,0.6795639940740051
12002,0.9599036755907732
12003,0.6724200863939513
12004,0.6508890708639572
12005,0.1596098367462389
12006,0.3144183660812336
12007,0.9131685634248027
12008,0.9793402731723708
12009,0.7053506769299493
12010,0.9589730926305658
12011,0.057570975544647976
12012,0.49122702182803113
12013,0.6073037624664248
12014,0.15102920573652218
12015,0.04975739081674997
12016,0.623634077631646
12017,0.5809664024297472
12018,0.5423564695655502
12019,0.9129754330955572
12020,0.7190858378338633
12021,0.8166132341155273
12022,0.21968192738324183
12023,0.07088352002458334
12024,0.8187521623372308
12025,0.8502892503055461
12026,0.9675318515166089
12027,0.784814333748973
12028,0.5823393484214867
12029,0.9323618842231165
12030,0.7176636984818754
12031,0.6803137568294082
12032,0.7756415865211487
12033,0.4576572645108045
12034,0.26354997032276906
12035,0.33340307719967427
12036,0.8200253803723949
12037,0.5821515170392606
12038,0.16377004268885872
12039,0.7562353914821639
12040,0.4481047866341598
12041,0.5141921960037457
12042,0.9886861102299196
12043,0.4424478940649718
12044,0.14936043281569322
12045,0.5404849989885222
12046,0.6518763545615327
12047,0.6373696598867719
12048,0.1891489549271831
12049,0.18715289352479392
12050,0.9229020325764538
12051,0.3764615738236183
12052,0.9151650783255444
12053,0.9455328197563703
12054,0.16641498828786178
12055,0.9477563204018684
12056,0.1039128137971853
12057,0.06101807989861652
12058,0.7593356594901897
12059,0.8349071994351772
12060,0.9748791628235278
12061,0.2783944595274425
12062,0.37788687612561817
12063,0.08053063665464541
12064,0.8712086426612025
12065,0.6016017046711624
12066,0.4033279839625983
12067,0.8416581774005366
12068,0.8158619462264725
12069,0.380603994161648
12070,0.2024239043846389
12071,0.797192027280768
12072,0.834139946710174
12073,0.3780351124482831
12074,0.28834430202717887
12075,0.5380747129182933
12076,0.6517719497333703
12077,0.4091992790136304
12078,0.5258203968321057
12079,0.7077081361406216
12080,0.36272330927229646
12081,0.9776882338179279
12082,0.2853040864426829
12083,0.01735900385512242
12084,0.9844455952826813
12085,0.7510897957135794
12086,0.49156269781954015
12087,0.1973623219515845
12088,0.08061281958762304
12089,0.8064943940822886
12090,0.12960759582331677
12091,0.05648283796145266
12092,0.9849103725600665
12093,0.5698445336044856
12094,0.7694697251311646
12095,0.9860008527754988
12096,0.7316703777898453
12097,0.01700475149900027
12098,0.942648272110007
12099,0.7241870782300845
12100,0.9177725521251906
12101,0.6747759167436825
12102,0.5524133096817093
12103,0.08794276454304542
12104,0.10535524588728185
12105,0.7751486060952006
12106,0.6326569217409721
12107,0.10535775665117461
12108,0.15556539566293034
12109,0.9722799864301377
12110,0.8287417306073515
12111,0.640123048800356
12112,0.7763298100748007
12113,0.9383124297960397
12114,0.9339501421218069
12115,0.9554835686322797
12116,0.8268175548716895
12117,0.9456021794854594
12118,0.8449915394670872
12119,0.8826020151950383
12120,0.7287661344499522
12121,0.37680880458315297
12122,0.2658910471783383
12123,0.5248221184153455
12124,0.4570352344517908
12125,0.7460923319459333
12126,0.7179034516718048
12127,0.6636585372606286
12128,0.8487501700029203
12129,0.29251275343002464
12130,0.9045497651880947
12131,0.31821058094004256
12132,0.134031694446022
12133,0.41987289017337565
12134,0.2317921651121559
12135,0.6388951485152417
12136,0.8517306045645059
12137,0.5642991832800558
12138,0.6489685635516511
12139,0.3620724777929173
12140,0.9717798075112114
12141,0.391677030788358
12142,0.3518016191246039
12143,0.6651466146354275
12144,0.9289488103309365
12145,0.692902426210203
12146,0.8612812081809609
12147,0.888052716348011
12148,0.2721222937392286
12149,0.9715541828181912
12150,0.5820392113387819
12151,0.6622180081881177
12152,0.8224789664722243
12153,0.9088285113061958
12154,0.12287544140526806
12155,0.98724484410902
12156,0.9951551754878059
12157,0.9770114388564742
12158,0.9805352869917969
12159,0.881396565906843
12160,0.32469100821939717
12161,0.7794264842162303
12162,0.38234391065056605
12163,0.6430806561274602
12164,0.040146074801241736
12165,0.14181083405713288
12166,0.08348817170918316
12167,0.8200376586104959
12168,0.710150206871256
12169,0.6651553976918447
12170,0.9812869933369308
12171,0.8467041435368992
12172,0.47082354269451326
12173,0.8311500401064406
12174,0.9509752884494113
12175,0.5163362863153639
12176,0.10591938306626403
12177,0.43826444992931374
12178,0.9230138139381527
12179,0.35709699529721367
12180,0.8334980940130107
12181,0.5574338393285396
12182,0.39791208460639016
12183,0.9998014736778951
12184,0.6623593165955878
12185,0.9280712418795257
12186,0.5566572337822071
12187,0.1550379654528988
12188,0.9497702819075085
12189,0.13421418433595567
12190,0.15774877367508022
12191,0.5502137694531051
12192,0.05873825737958003
12193,0.2682134158101034
12194,0.33075982856290514
12195,0.8459203021232747
12196,0.7379654656990152
12197,0.589395932740904
12198,0.7449553042314818
12199,0.09849275397108391
12200,0.12903027492510155
12201,0.08548942578568923
12202,0.938986012742956
12203,0.4316359186774937
12204,0.5905435636468749
12205,0.50155718742671
12206,0.8498645390756276
12207,0.9173879557108101
12208,0.050596892709769935
12209,0.15815299192775897
12210,0.056045290149106954
12211,0.45310134466334073
12212,0.6435320189034825
12213,0.9303049814958249
12214,0.6929772879346353
12215,0.39568361380422407
12216,0.9674983196224888
12217,0.6930797479767756
12218,0.8977597680166305
12219,0.8403677712525638
12220,0.07333688033296727
12221,0.2657323982526744
12222,0.7904287695493769
12223,0.5859035918672714
12224,0.5048027844964511
12225,0.40495685453263336
12226,0.5223363920338356
12227,0.44132829019320935
12228,0.7982314850181401
12229,0.9720335769425856
12230,0.9892849421429172
12231,0.7506872821053215
12232,0.6347003357526138
12233,0.35456552371470645
12234,0.3665809435807762
12235,0.060131559042897416
12236,0.19728174610204446
12237,0.4084436232316919
12238,0.668812812074326
12239,0.19261092869169555
12240,0.8676213189152177
12241,0.8673089728078048
12242,0.6167335586918004
12243,0.8939862243733211
12244,0.2593702623173623
12245,0.8692847705017643
12246,0.7140756140676998
12247,0.6325164998776108
12248,0.47023054529315655
12249,0.9881585651324997
12250,0.32903300748264214
12251,0.16903453309530192
12252,0.3719199063656548
12253,0.48740826393427206
12254,0.9324577089191224
12255,0.4701260905442804
12256,0.14927343248516428
12257,0.8282181383991153
12258,0.4990094826506577
12259,0.695145982642979
12260,0.9388839751989108
12261,0.27813171295322514
12262,0.8186277002549901
12263,0.6335062248680668
12264,0.3445593247852922
12265,0.06374831024642436
12266,0.01662503886842209
12267,0.4278031942126464
12268,0.12314930117982514
12269,0.24741576250891922
12270,0.1959479985075875
12271,0.324258221169115
12272,0.9358476638203637
12273,0.08235376288696679
12274,0.9621893916021697
12275,0.9591253896051047
12276,0.32771077072906574
12277,0.9678564601256617
12278,0.9263134044769421
12279,0.5993025027055227
12280,0.24638057888614387
12281,0.0527347377493292
12282,0.23118777440933022
12283,0.9989488002829547
12284,0.9104044505775913
12285,0.982075514860992
12286,0.5908856017076809
12287,0.11979556918085063
12288,0.035811839974625545
12289,0.9958344077368622
12290,0.5069743945446449
12291,0.9865456581057226
12292,0.9451325939754942
12293,0.47220590366189813
12294,0.44395186000059206
12295,0.3538651781498902
12296,0.9136882570620782
12297,0.05928908126551991
12298,0.8294747072156161
12299,0.613147838009404
12300,0.17098352583139048
12301,0.8740042572333506
12302,0.6650913489566725
12303,0.9697346026872812
12304,0.37537035870490115
12305,0.8139018821869205
12306,0.9780700348816018
12307,0.8074739836849428
12308,0.8051800298092906
12309,0.04139515101660749
12310,0.3669324537744001
12311,0.8899364766463683
12312,0.428866576847033
12313,0.9761828358902217
12314,0.8494228279837897
12315,0.9513954728140047
12316,0.3629655485165145
12317,0.2902104036880451
12318,0.8722717334922145
12319,0.22741149449305414
12320,0.8759387592967766
12321,0.941528732256893
12322,0.3395431473176487
12323,0.9327213914433858
12324,0.9814945596394914
12325,0.3913364021448992
12326,0.9265202094455113
12327,0.961325970525142
12328,0.4849110281984494
12329,0.7974611028213869
12330,0.9676736674171463
12331,0.7044812145544924
12332,0.9350982134933743
12333,0.2753481491638776
12334,0.7034557371429898
12335,0.465168794365896
12336,0.950480673386532
12337,0.6806908817655911
12338,0.761410216741628
12339,0.46601445865347846
12340,0.980709843280605
12341,0.883045847928517
12342,0.16669967884215223
12343,0.06422971277489774
12344,0.14601982373472144
12345,0.8738883898497944
12346,0.19186880343482693
12347,0.7101752829305006
12348,0.9899838750245842
12349,0.9905561056379152
12350,0.993631834057469
12351,0.420140544979762
12352,0.789020125692268
12353,0.3557935845115573
12354,0.8665838477516169
12355,0.2264437831487931
12356,0.6610927659000813
12357,0.7644098032355491
12358,0.2947793733409311
12359,0.4306901414452165
12360,0.3859751823334058
12361,0.12535091939521428
12362,0.7969435543380523
12363,0.24927448060010893
12364,0.6324966291145407
12365,0.2625980400192882
12366,0.946052544815728
12367,0.30824690727182097
12368,0.6973478035432951
12369,0.9554939134621079
12370,0.42618350954574213
12371,0.2748438915921744
12372,0.46829496313568
12373,0.8144277985919081
12374,0.7906346897208646
12375,0.6546518778506863
12376,0.10534625778667094
12377,0.9236764601697094
12378,0.679946198149539
12379,0.9930501224490077
12380,0.5290499881208945
12381,0.459900046428541
12382,0.7312166074679588
12383,0.45450789793887736
12384,0.6620721710864428
12385,0.956356909439656
12386,0.16806204049655343
12387,0.9105961820479332
12388,0.4080607516151364
12389,0.7786809384470509
12390,0.9979933044023663
12391,0.2976176232198587
12392,0.9301722134979917
12393,0.5553541032377042
12394,0.8144833413280989
12395,0.811004363977227
12396,0.8661866876666477
12397,0.442330009671025
12398,0.6652954356172642
12399,0.8789333410019667
12400,0.9895634462496675
12401,0.19584135177584616
12402,0.6030981153880771
12403,0.8604547597248636
12404,0.6494989642126596
12405,0.6914026688875385
12406,0.9199034248704976
12407,0.7935477697029543
12408,0.9281997885779466
12409,0.46024036578412797
12410,0.8854808298094927
12411,0.34902334962146775
12412,0.8143285904592322
12413,0.9108852500937231
12414,0.4709540278584447
12415,0.7485332253928114
12416,0.7988557348509681
12417,0.43138259209794844
12418,0.42364282366800976
12419,0.7473027944476848
12420,0.9347734227186747
12421,0.976850826806237
12422,0.931877251623756
12423,0.2721392464012539
12424,0.5790396763004649
12425,0.011833404577620492
12426,0.9986299898253693
12427,0.9796000642957065
12428,0.9371041193386443
12429,0.858803902587678
12430,0.61744949096491
12431,0.7437077764783938
12432,0.43173207819420023
12433,0.3419320503351606
12434,0.5798920124492492
12435,0.39772005025589807
12436,0.8446049581708828
12437,0.5395568431733153
12438,0.32178353825431816
12439,0.6212789263975322
12440,0.8628842876617372
12441,0.3609020076850735
12442,0.18742132525190683
12443,0.8910523712834054
12444,0.993488271897514
12445,0.9533265697284873
12446,0.1836940139273542
12447,0.9655877157348792
12448,0.9633173617022674
12449,0.9914250324599919
12450,0.17601844639700812
12451,0.9909998363926396
12452,0.984616868846989
12453,0.7723536429064293
12454,0.15374050271057468
12455,0.9471847225097928
12456,0.7084619076404661
12457,0.6702324365908665
12458,0.3499522087063876
12459,0.994563639544351
12460,0.3317175015827009
12461,0.7093172371091679
12462,0.1481689095013999
12463,0.5816262638535837
12464,0.8258491773606729
12465,0.9600587216552388
12466,0.1537792665526474
12467,0.3100530861223643
12468,0.6360718095936614
12469,0.2723214993270419
12470,0.9280004732402587
12471,0.8985314634801692
12472,0.35254670720447906
12473,0.38941425586730744
12474,0.3127296083450398
12475,0.7424541283809047
12476,0.8422739285752182
12477,0.491570534639241
12478,0.17668303737051155
12479,0.634949535183522
12480,0.7813427614649067
12481,0.9066715592395161
12482,0.5772418618705029
12483,0.9609435363201835
12484,0.8011050217316573
12485,0.026300396157283853
12486,0.004337815228886597
12487,0.9202351944127111
12488,0.8707306606739318
12489,0.8093330652113386
12490,0.9938251911507769
12491,0.9394459361232831
12492,0.777424441042542
12493,0.07881862288567017
12494,0.7429734748435913
12495,0.5068228613147346
12496,0.9415594869924083
12497,0.9667198129917459
12498,0.1568467284804446
12499,0.0076424005248189745
12500,0.2787472469823627
12501,0.4107779521763334
12502,0.7507882367560851
12503,0.5053101916437815
12504,0.07487550624503173
12505,0.5482242654872963
12506,0.9371180678589102
12507,0.49594173100495326
12508,0.9834387766846314
12509,0.9577313082256597
12510,0.8346724094259517
12511,0.46854577708646855
12512,0.980826913282193
12513,0.5687112237137925
12514,0.913167459150616
12515,0.8236274561144812
12516,0.8254446854407269
12517,0.9999703907932047
12518,0.9954528533163309
12519,0.5075547553027157
12520,0.014768324694753273
12521,0.3186197065332356
12522,0.6931951308853868
12523,0.31360242015457085
12524,0.14201109114273244
12525,0.9870378388726299
12526,0.2187421677956279
12527,0.9543107630569245
12528,0.8699694165790534
12529,0.6514295885373239
12530,0.6604297630923187
12531,0.7287134968017326
12532,0.09480255139372042
12533,0.9121995402178534
12534,0.7819483318383191
12535,0.9484516383603044
12536,0.879511641619715
12537,0.9901551878407864
12538,0.0843982030215075
12539,0.17231933726487533
12540,0.9424205117695914
12541,0.07717926739593194
12542,0.7928598024178706
12543,0.08196304712405603
12544,0.7643338542390347
12545,0.851028704997909
12546,0.7206256555608704
12547,0.8178218494217716
12548,0.13697364830391862
12549,0.9496815977519134
12550,0.2202891331684296
12551,0.89852047421692
12552,0.39734691648519455
12553,0.1901190281870239
12554,0.5596083862190602
12555,0.9246302285982981
12556,0.9856052832448666
12557,0.599373161140657
12558,0.2970916081996363
12559,0.2379145018381126
12560,0.6239510195414395
12561,0.19534490063884885
12562,0.7353269259866516
12563,0.8396903024462617
12564,0.43412876650939025
12565,0.9363454500721823
12566,0.8422498229013405
12567,0.31135255027194014
12568,0.9416639787678432
12569,0.6956581413726491
12570,0.6451839582489354
12571,0.7261534637141943
12572,0.37777168490465907
12573,0.22305501980829415
12574,0.04846994577169313
12575,0.25732042827393203
12576,0.4162958754480581
12577,0.9620756590631904
12578,0.3585099535399191
12579,0.7154626543278574
12580,0.7564748340828827
12581,0.9107143944455629
12582,0.5515627220645926
12583,0.5549641871391476
12584,0.9839462397653633
12585,0.9755585650994179
12586,0.19239853394912607
12587,0.8827197560081124
12588,0.4295916021581973
12589,0.7348305337335819
12590,0.38016718718587117
12591,0.8591793183327883
12592,0.6886040867166492
12593,0.16591971754094056
12594,0.9887836199773833
12595,0.786112555729052
12596,0.7501546876390328
12597,0.8886001590656869
12598,0.5374428884709026
12599,0.9872924891120868
12600,0.9752973487882219
12601,0.29826310094918934
12602,0.9703982871058614
12603,0.9784669898751711
12604,0.965132138113669
12605,0.7142522291381252
12606,0.8573194013594888
12607,0.9457523564350933
12608,0.703149492516817
12609,0.2526805885056003
12610,0.5981617180542673
12611,0.42869275364312703
12612,0.7678639893943544
12613,0.2701890026893547
12614,0.1020349901077486
12615,0.982183680769156
12616,0.7074438353132151
12617,0.6468753907213983
12618,0.2553014030285098
12619,0.9749779174426637
12620,0.35604722429868774
12621,0.6522752756347306
12622,0.706093484429088
12623,0.9741376188600811
12624,0.8931966663729428
12625,0.4939243273788882
12626,0.24537096210595172
12627,0.019676862373582276
12628,0.14062747674998813
12629,0.5231671613037996
12630,0.9953438215862627
12631,0.7421328830256823
12632,0.7047501943281695
12633,0.6920184231460972
12634,0.4608449333345753
12635,0.9978809664391952
12636,0.7581976332921124
12637,0.6609147168249316
12638,0.2335544479466645
12639,0.9535261553643363
12640,0.8395134406280905
12641,0.19237522883090272
12642,0.9573252346492789
12643,0.21044157896081248
12644,0.3675964269215559
12645,0.7582832351156789
12646,0.8345509010428127
12647,0.2072688772539414
12648,0.9322195743005857
12649,0.3937453340259044
12650,0.6570072731238008
12651,0.07238011252985815
12652,0.17155279883154867
12653,0.6356832251811168
12654,0.8719410283031365
12655,0.8646268974964574
12656,0.22869349185171445
12657,0.9850714756148874
12658,0.5176082600016435
12659,0.8939374575075183
12660,0.4364279127535913
12661,0.9075126784508094
12662,0.8191278322836909
12663,0.3532983128973282
12664,0.8710735673656111
12665,0.9290321385061193
12666,0.0384282317560811
12667,0.8256687886799302
12668,0.8952598331648803
12669,0.8869016501821837
12670,0.6723303568690339
12671,0.835061209053081
12672,0.7567016610391237
12673,0.8603213439314727
12674,0.9379198350870426
12675,0.9491300652840049
12676,0.8576527203371707
12677,0.34405434136302765
12678,0.8006079275079118
12679,0.946186505486589
12680,0.726648807162269
12681,0.9288592031141921
12682,0.31739226157473105
12683,0.7312666697638556
12684,0.6476428726190279
12685,0.15932843213479134
12686,0.7227615788027568
12687,0.783007808009206
12688,0.18299489848641232
12689,0.6864576079458434
12690,0.5395611507880536
12691,0.5594584254290109
12692,0.1679434152753022
12693,0.9839379400482667
12694,0.997266877146373
12695,0.9323332464297347
12696,0.9676129904512953
12697,0.9250141633115214
12698,0.9839559511741701
12699,0.8550346328960919
12700,0.8284467434740544
12701,0.46986716595972927
12702,0.7559542502312033
12703,0.1389208435938334
12704,0.5550941524257917
12705,0.9810568226367508
12706,0.628942586472775
12707,0.9053597906329628
12708,0.2676989964758764
12709,0.9802157278992037
12710,0.8648900678161666
12711,0.1744854716414376
12712,0.9526684579646639
12713,0.8403912741868298
12714,0.9121749205856787
12715,0.8327241930841662
12716,0.15377109615230966
12717,0.01576175370369503
12718,0.8309415816065748
12719,0.6475214781424876
12720,0.08139806647718408
12721,0.4823184665799448
12722,0.783741338203048
12723,0.5644722927065605
12724,0.9164521544491292
12725,0.5492592931951145
12726,0.6387632743783473
12727,0.9040053727323784
12728,0.994910291869745
12729,0.8890422763011216
12730,0.9711787460382327
12731,0.2061434048730073
12732,0.688665175655511
12733,0.7163233697108159
12734,0.7407365380855516
12735,0.9374220114396166
12736,0.7398621227119992
12737,0.9088869925389491
12738,0.6575216398605594
12739,0.2164857201643498
12740,0.5987939407031608
12741,0.14140380016007162
12742,0.38141793122101986
12743,0.3375422192496153
12744,0.41425905545513064
12745,0.15738002131588613
12746,0.3126346111526853
12747,0.4192106553503315
12748,0.20699717751814858
12749,0.3456923758661147
12750,0.9690251850939234
12751,0.20109273183661272
12752,0.698756418354309
12753,0.8913144996903872
12754,0.9740732951070978
12755,0.026685740712463654
12756,0.11996516652901916
12757,0.6530250944570017
12758,0.9208515626322094
12759,0.5818502508915107
12760,0.8429031569243776
12761,0.8988540371559517
12762,0.5847206260861605
12763,0.9919648142330995
12764,0.9676783047594791
12765,0.13767062179418352
12766,0.5532682935125988
12767,0.46652259891109465
12768,0.8512056087895945
12769,0.7041298010444732
12770,0.14156886453917455
12771,0.8838321606954397
12772,0.05895312352813717
12773,0.7295326558524968
12774,0.7020480668426278
12775,0.821209847525636
12776,0.9337549126861268
12777,0.2052231354999848
12778,0.468969301207278
12779,0.9973840871700914
12780,0.7225942086379715
12781,0.971258636684577
12782,0.6184202136938151
12783,0.939248630667531
12784,0.9894984033255411
12785,0.098604173743662
12786,0.12578525840825652
12787,0.2576694712428838
12788,0.8993015853254644
12789,0.9278522210042538
12790,0.883075948662577
12791,0.6834078494478262
12792,0.8835531201472702
12793,0.9235319753386113
12794,0.831703704221899
12795,0.7674683190435762
12796,0.8795051622820991
12797,0.9916181585648234
12798,0.5248899582795006
12799,0.5154089246826113
12800,0.49620268628751724
12801,0.938363420074158
12802,0.7755139375464384
12803,0.9514562881878756
12804,0.039210363638446606
12805,0.7286252729493866
12806,0.8816458371029218
12807,0.7022630949989842
12808,0.320292556481487
12809,0.8677122999805182
12810,0.7873003343608298
12811,0.04745134956342606
12812,0.04048755548145616
12813,0.8958097291086914
12814,0.006040832959231159
12815,0.8376968530269534
12816,0.042141178468411054
12817,0.5193834914439815
12818,0.8502724394472531
12819,0.9284716905679448
12820,0.9204592015412938
12821,0.971001556726516
12822,0.25913038949203093
12823,0.8762245590285985
12824,0.8672412770755024
12825,0.20236292665448097
12826,0.8611090993428211
12827,0.3809072009153194
12828,0.7517122715904752
12829,0.9720199374216696
12830,0.10915515349512027
12831,0.1592738565391096
12832,0.9715945809073009
12833,0.034968934521163855
12834,0.08594694448672145
12835,0.9575790860197444
12836,0.9875798095770175
12837,0.6110577363260217
12838,0.21369998329448123
12839,0.95885395057113
12840,0.7578851775383199
12841,0.2404299401405896
12842,0.9660645925158888
12843,0.27575502165392995
12844,0.9414123042171779
12845,0.4636315384243734
12846,0.5977915114351606
12847,0.04887030603306237
12848,0.7079167291267322
12849,0.24471389843165134
12850,0.7496400288079699
12851,0.5413750218021824
12852,0.9856870444423946
12853,0.12833838782832147
12854,0.5421988765110446
12855,0.49663287354753666
12856,0.6706562000142055
12857,0.7122670562348298
12858,0.8958631004685992
12859,0.8986748887324401
12860,0.5225763123831704
12861,0.8438274224564101
12862,0.09360421184310246
12863,0.7998121129293523
12864,0.23380361329311755
12865,0.7755087856260399
12866,0.4421823255362414
12867,0.8925065070165524
12868,0.7853412807468341
12869,0.9366405291484906
12870,0.43198890990590555
12871,0.8419678540093174
12872,0.8965258888709792
12873,0.9949354784503462
12874,0.8877981737008436
12875,0.03393700357309662
12876,0.1253677983843875
12877,0.018819206093080767
12878,0.27953753708197127
12879,0.9527999208582265
12880,0.6455822191323113
12881,0.8647626399134116
12882,0.2990070506093489
12883,0.6468088103178214
12884,0.21060764628730877
12885,0.5113051843131033
12886,0.23054366785036606
12887,0.1743267783057763
12888,0.6228180982387311
12889,0.1682075996337014
12890,0.9373166283629248
12891,0.2934643982585
12892,0.9829630942741441
12893,0.03442753377348741
12894,0.5296062300413305
12895,0.8814235089464957
12896,0.2334979105662599
12897,0.17612314820830136
12898,0.06906873654082134
12899,0.07275469178876476
12900,0.5388662730247209
12901,0.6753248650474282
12902,0.42071799863137965
12903,0.14757103678591738
12904,0.16611594957218268
12905,0.4430086249840058
12906,0.7603693572380056
12907,0.9606654103771416
12908,0.49798936257578164
12909,0.6857134743757518
12910,0.24908141588370206
12911,0.0920737889370026
12912,0.9939224483146722
12913,0.8775137683617835
12914,0.9424027128655101
12915,0.18032478123410733
12916,0.9363123045236506
12917,0.665991142159465
12918,0.03583816337603116
12919,0.7156924799373195
12920,0.9662179036556269
12921,0.926175904968062
12922,0.19697150133104666
12923,0.7692091629124075
12924,0.8525182030527492
12925,0.7283105540386128
12926,0.28517919646692164
12927,0.8809077619681907
12928,0.6528848096528302
12929,0.8602406359463569
12930,0.16363629112407166
12931,0.8810136758280224
12932,0.30130565082400923
12933,0.9044653133639905
12934,0.17916390767424234
12935,0.6628222534659233
12936,0.15657732132092778
12937,0.8497289873889616
12938,0.22960493405161192
12939,0.7082087430288576
12940,0.2271026804193658
12941,0.5852919656437012
12942,0.9380202644298001
12943,0.9627562813359709
12944,0.762078832249839
12945,0.8945636896671983
12946,0.9620109490297708
12947,0.8271157395291803
12948,0.8609172645637398
12949,0.3787528276080512
12950,0.9316154537049518
12951,0.4583266717679644
12952,0.5374311929633542
12953,0.7280448418989194
12954,0.9776960354067007
12955,0.14469070376720178
12956,0.29195940682379395
12957,0.89791584785173
12958,0.23544356291249127
12959,0.6795054362210624
12960,0.9793287723483731
12961,0.9836148079572509
12962,0.9804980548671349
12963,0.28758809806664715
12964,0.7418082089059379
12965,0.1369654848024736
12966,0.6391602106510992
12967,0.4333644456797083
12968,0.4872917458771491
12969,0.3878429970124497
12970,0.04301870847578301
12971,0.9738706679797364
12972,0.6973876585297654
12973,0.9074165018453344
12974,0.9438094384468079
12975,0.5500411665139303
12976,0.42476293805343557
12977,0.25674519512680494
12978,0.9915883957401092
12979,0.11875908958157465
12980,0.9551410686575202
12981,0.655529206599744
12982,0.7584924581945403
12983,0.8715318005215242
12984,0.9453661285174931
12985,0.784726720901402
12986,0.6286850275142832
12987,0.21363132199212534
12988,0.9029363951619394
12989,0.005667929814240551
12990,0.2271947422523507
12991,0.837041237945944
12992,0.93003687998825
12993,0.8542252747871574
12994,0.8946678308995062
12995,0.19558510858543632
12996,0.11706670766800105
12997,0.05246115821423937
12998,0.9149559994579686
12999,0.9611715195417827
13000,0.42603269206839
13001,0.5382212966506148
13002,0.07008158542968501
13003,0.6780388111997014
13004,0.9896680979559466
13005,0.1894966633136267
13006,0.14918340497300359
13007,0.9583727234838015
13008,0.9638100955409804
13009,0.8492188577498287
13010,0.8630233251442037
13011,0.8715255592246338
13012,0.8185030960389789
13013,0.3372468789216444
13014,0.1381860839853025
13015,0.21943961596190445
13016,0.0005392524062297456
13017,0.011960244547746638
13018,0.6530735992377692
13019,0.4139705458301151
13020,0.710824908628642
13021,0.7524265028420638
13022,0.6231085248124963
13023,0.9541401387661342
13024,0.7900120667417821
13025,0.5690799596539126
13026,0.6486592976871266
13027,0.5529616840551461
13028,0.21241157304066327
13029,0.8085631449512696
13030,0.9389335676243826
13031,0.40312314500510626
13032,0.290734261786474
13033,0.846851203823983
13034,0.9597887509811424
13035,0.3440667363979696
13036,0.7642754418411429
13037,0.2627372523762944
13038,0.5281034259764557
13039,0.454168348090761
13040,0.041433189876263085
13041,0.16091559141652748
13042,0.5507983480048385
13043,0.03561787488088268
13044,0.5441468132727039
13045,0.9825685995092356
13046,0.7284882247757071
13047,0.3981871256090204
13048,0.02897168585432434
13049,0.6699827165985333
13050,0.3716081143023713
13051,0.8203472595035667
13052,0.6558727017093013
13053,0.23764039302346113
13054,0.9160334950167431
13055,0.9771437090375084
13056,0.09589869717066157
13057,0.9921002699951685
13058,0.12692068863934705
13059,0.976783051201298
13060,0.018793042595261468
13061,0.2771352963801793
13062,0.9729698263396725
13063,0.3398528131512256
13064,0.9007242416173549
13065,0.20586754737548776
13066,0.6926590543943713
13067,0.988460906681976
13068,0.032017274694296986
13069,0.6168881656773445
13070,0.6204930096261103
13071,0.813087682640243
13072,0.646304838216349
13073,0.3840183675055583
13074,0.7317162925789691
13075,0.6681615619732663
13076,0.8696302984477631
13077,0.7089062445982702
13078,0.8602392005920693
13079,0.9063695251151204
13080,0.7584809413022181
13081,0.7805424823407275
13082,0.6552604449201235
13083,0.5548110881090725
13084,0.16118129655213384
13085,0.510820735600437
13086,0.40563352894632737
13087,0.33702863475697303
13088,0.02265805000036066
13089,0.2706357139189073
13090,0.0811390515131932
13091,0.5082938403936977
13092,0.9087891554267307
13093,0.27617586391851445
13094,0.3447452358283
13095,0.8916833345091233
13096,0.9756328781756218
13097,0.7650825305828496
13098,0.7483539847640733
13099,0.5908745181913432
13100,0.6043323156017658
13101,0.740341337394993
13102,0.12896114447655377
13103,0.47219917005972406
13104,0.6708958527327084
13105,0.9829882848174526
13106,0.6617687761616977
13107,0.0416060881373335
13108,0.9255391393260781
13109,0.8694104827634144
13110,0.9739565148039143
13111,0.9044499415449226
13112,0.8196452154678403
13113,0.6713324167600456
13114,0.8674855003348085
13115,0.16985587100908034
13116,0.6699521414588615
13117,0.15757741355615223
13118,0.47711306883543847
13119,0.3133833477454372
13120,0.7702762603265534
13121,0.6282402462786413
13122,0.8935405921362567
13123,0.5239167053939686
13124,0.5017080409732433
13125,0.9844941239811922
13126,0.5899347876497685
13127,0.6672829212368584
13128,0.8797669566093114
13129,0.9529856222597904
13130,0.8764030064536901
13131,0.22777066825986028
13132,0.992409241600268
13133,0.9711660470178878
13134,0.5556009026818556
13135,0.4774403728610937
13136,0.995716104433403
13137,0.9854236971772994
13138,0.38557350108245153
13139,0.6688143846666317
13140,0.8178448478558548
13141,0.9956897095698921
13142,0.8841274154180162
13143,0.9534087864145225
13144,0.8673699991443405
13145,0.32026783998111136
13146,0.4401177242734758
13147,0.7212618435377163
13148,0.771873669460165
13149,0.1431390808297122
13150,0.1085953946781451
13151,0.0926970244354168
13152,0.9682439593728284
13153,0.8853087665443643
13154,0.4771860826806241
13155,0.9752111748063791
13156,0.40389620435508294
13157,0.4472496059230876
13158,0.9584952013578291
13159,0.9410581945412223
13160,0.08460342555026615
13161,0.5140869807034093
13162,0.22895715996343866
13163,0.5966046214821271
13164,0.7651256242851263
13165,0.5376181689549124
13166,0.6281849815653436
13167,0.9542315824520928
13168,0.42753073674146636
13169,0.19111912846453144
13170,0.39834682331709037
13171,0.33890177883414857
13172,0.4401538825637093
13173,0.9803154526164374
13174,0.015110815305663402
13175,0.037123598151146305
13176,0.9366447945249055
13177,0.9825663114588973
13178,0.7032128780197154
13179,0.22182417186254857
13180,0.18181541226753772
13181,0.5343178589042118
13182,0.14848631820165467
13183,0.5276369454649638
13184,0.3804929769986634
13185,0.6213905125667764
13186,0.2837340015009098
13187,0.986670240031471
13188,0.5244160992056304
13189,0.4012290899620794
13190,0.4732251824881662
13191,0.971022113594343
13192,0.14067619192740358
13193,0.8733046973201781
13194,0.9487583097473249
13195,0.8368364980461398
13196,0.9948192289452408
13197,0.15444239269022836
13198,0.7135096688349744
13199,0.025453663670366656
13200,0.5617569478243507
13201,0.45560903373743844
13202,0.6533754166183463
13203,0.3912137625391362
13204,0.2539803064975161
13205,0.9810590219830497
13206,0.5807299077769028
13207,0.7532609185403987
13208,0.5560035406690336
13209,0.9248923229125807
13210,0.0415090221435152
13211,0.964273733108281
13212,0.592951898176144
13213,0.32591539856955337
13214,0.8667767589202591
13215,0.8448640138864639
13216,0.9178903474051858
13217,0.16786989633715788
13218,0.7096943295811063
13219,0.3706437045370011
13220,0.18208863170821088
13221,0.7100733727536765
13222,0.8660821071851047
13223,0.5461082889524267
13224,0.5914908189710077
13225,0.25274937564100386
13226,0.8619713541734922
13227,0.8796991726644092
13228,0.6145816167232532
13229,0.5501265076940584
13230,0.279331511132766
13231,0.3665277810415448
13232,0.03706694195267249
13233,0.06769915275656244
13234,0.6201463835751616
13235,0.20346533336533554
13236,0.5250147816315169
13237,0.6990041897358019
13238,0.8553589499695887
13239,0.8413666042888311
13240,0.42225777858487584
13241,0.35944643056526704
13242,0.5808032735319776
13243,0.3702848844998029
13244,0.6704421597946469
13245,0.8120202131324912
13246,0.21907852508935616
13247,0.36806924901944227
13248,0.18047202261023496
13249,0.36714930105729093
13250,0.16176191976890683
13251,0.7326312526983975
13252,0.37053319487537
13253,0.6943206532103617
13254,0.6639196859713827
13255,0.9622853353080338
13256,0.0824440168110695
13257,0.8394613710959675
13258,0.9630138145515579
13259,0.9684944983267733
13260,0.9904933402416849
13261,0.7076721875083394
13262,0.08430572632862629
13263,0.7877656161038319
13264,0.9509840197506508
13265,0.7023403475148398
13266,0.613131044820767
13267,0.9501822519538142
13268,0.5899080534257872
13269,0.9106215801994473
13270,0.9770817592096269
13271,0.8062294274388141
13272,0.3197455497986591
13273,0.9978472057349471
13274,0.570368433092891
13275,0.07498589513415052
13276,0.8821879563160892
13277,0.5503001721280196
13278,0.7969176174947727
13279,0.9528632451319028
13280,0.8201488526475033
13281,0.8192146896131475
13282,0.8910962478630156
13283,0.16833633346808305
13284,0.9769592681028095
13285,0.8211372361709779
13286,0.15036923286715345
13287,0.2594488627404042
13288,0.9761514856921281
13289,0.493632444852174
13290,0.7361243306891528
13291,0.9648430392681033
13292,0.7977555245519985
13293,0.11219551219242738
13294,0.27852979605236794
13295,0.9922573120987651
13296,0.27067319652141136
13297,0.5985367990950077
13298,0.8828287415190201
13299,0.23883087356556532
13300,0.22273421935549217
13301,0.9971979787450072
13302,0.6671462541903969
13303,0.23364023148265198
13304,0.1564715364552372
13305,0.23027553484112107
13306,0.4140140732822679
13307,0.9502241267100195
13308,0.9991394810023548
13309,0.6560903949538369
13310,0.6731160155763852
13311,0.7722605443631281
13312,0.6934348224126367
13313,0.34443080678678595
13314,0.7217057431141273
13315,0.8922896735097242
13316,0.2432835403847083
13317,0.5255150816681888
13318,0.6464112853581504
13319,0.8465442436831562
13320,0.572205430019322
13321,0.3223696361311567
13322,0.35993678953839864
13323,0.6656256356355903
13324,0.10262316248260368
13325,0.8288291725199038
13326,0.45103288200177477
13327,0.3828631939791181
13328,0.7534570309608926
13329,0.14809668335117748
13330,0.3411227010932219
13331,0.6834640933328773
13332,0.31830742182169125
13333,0.6797602761326819
13334,0.5443879644241488
13335,0.8716420861399341
13336,0.6477907221882367
13337,0.9586490676561233
13338,0.5804408104794714
13339,0.4582496678580445
13340,0.5742814560131637
13341,0.06962569238798412
13342,0.3447183796585794
13343,0.8612527788961608
13344,0.3872539277029384
13345,0.9904356656093554
13346,0.5147956968504017
13347,0.9597922780452192
13348,0.9704557458195251
13349,0.3842368347162194
13350,0.42207351243413815
13351,0.5651799323837592
13352,0.6140285772147932
13353,0.29163482896983123
13354,0.8431078293922591
13355,0.9337563694383771
13356,0.18741849746727504
13357,0.9772695182888538
13358,0.910736359807263
13359,0.838529368415746
13360,0.8292354658500615
13361,0.36931261590203923
13362,0.8836998017818488
13363,0.8761080474034412
13364,0.8430276822546289
13365,0.776784212207534
13366,0.876491481499506
13367,0.61027810319099
13368,0.7681257984810378
13369,0.8600730128510099
13370,0.8111922609460361
13371,0.7048188559192026
13372,0.7927002272824548
13373,0.19387457544520556
13374,0.9081457798750793
13375,0.00356406361978889
13376,0.5630473281480833
13377,0.2966220300298029
13378,0.8857850244116356
13379,0.471335240526167
13380,0.18635350310483037
13381,0.508444125615269
13382,0.29741551577153374
13383,0.7507057694783492
13384,0.4300845570553695
13385,0.6109162657238285
13386,0.682107708506685
13387,0.9694690213754713
13388,0.2394700864720668
13389,0.36931782327411156
13390,0.2923674919686721
13391,0.9496804340459546
13392,0.06418100448729389
13393,0.8477220120600455
13394,0.5267578995428523
13395,0.2434877524489095
13396,0.6067975980854773
13397,0.11962603883167161
13398,0.3193389631923366
13399,0.30802171811209805
13400,0.33409297139478944
13401,0.8657203740720018
13402,0.6699013557816569
13403,0.889499692373728
13404,0.8614223876101016
13405,0.12380275128549408
13406,0.7629949500362232
13407,0.6520799452115146
13408,0.9301994736527546
13409,0.10862827380197021
13410,0.2475897868664863
13411,0.9983145075160358
13412,0.9600566385677625
13413,0.09898472877881294
13414,0.9389431241647125
13415,0.8586903433918605
13416,0.2594407616228818
13417,0.836922953592723
13418,0.8871505137979552
13419,0.9758222254542167
13420,0.9930736293110736
13421,0.5508938424563216
13422,0.005030976977922612
13423,0.18233744110028194
13424,0.42373801588333576
13425,0.6348125049093124
13426,0.9399478578486065
13427,0.7259419782734967
13428,0.1456149887141635
13429,0.8725598456730163
13430,0.5850811630057347
13431,0.9345843115365962
13432,0.25257908429101567
13433,0.8860203993034784
13434,0.23303964008694014
13435,0.935764101662508
13436,0.531662069784943
13437,0.660665889986392
13438,0.4685030483589941
13439,0.8848836999041496
13440,0.279553523172769
13441,0.44653017343937235
13442,0.845578847190618
13443,0.9944377729733672
13444,0.09665181476831232
13445,0.9607448787811991
13446,0.6496344518840692
13447,0.06947187508820438
13448,0.8849502890122001
13449,0.8802547407981594
13450,0.20577535714843548
13451,0.33423650975555846
13452,0.9606639138839932
13453,0.615044886295307
13454,0.7390518996788991
13455,0.9879673430734286
13456,0.4641663426786491
13457,0.9188874990305365
13458,0.5623960989050121
13459,0.6288963672723896
13460,0.24308209280999452
13461,0.4538019095527812
13462,0.05637524977270617
13463,0.4051868617083763
13464,0.990109577464415
13465,0.9572196527657222
13466,0.8564326641284339
13467,0.5297893669649593
13468,0.8190771367792952
13469,0.7869461891472775
13470,0.02339967708601288
13471,0.9184784119070084
13472,0.9955869618347373
13473,0.9389957604910597
13474,0.9350036987093236
13475,0.12585947628276695
13476,0.11088416386815822
13477,0.8284611250328294
13478,0.028155808093523877
13479,0.1663614319489345
13480,0.9652166950791744
13481,0.4568568219619266
13482,0.7914874820544103
13483,0.6319045776088483
13484,0.41104239065028875
13485,0.14376944159338712
13486,0.886050159423882
13487,0.6430492967073584
13488,0.8406570753523116
13489,0.02628123095423628
13490,0.954970116707619
13491,0.4736812662285831
13492,0.9320375670673103
13493,0.8588284950637475
13494,0.12103993476119687
13495,0.5026935116723825
13496,0.12580340033751083
13497,0.8835074826240501
13498,0.6174181534489029
13499,0.685098858442791
13500,0.13112850718065286
13501,0.9886015808839883
13502,0.9648685987749884
13503,0.9473353419307178
13504,0.025722455597225823
13505,0.7536818711229669
13506,0.901683775094339
13507,0.7484553737183142
13508,0.07175602203180423
13509,0.9808234627282425
13510,0.13898360428365986
13511,0.7931656384855595
13512,0.5242459717861783
13513,0.9289474722981211
13514,0.27339449642179625
13515,0.4512602377247556
13516,0.9434438379000157
13517,0.8985700375280556
13518,0.4449507904919788
13519,0.9736656454599849
13520,0.22465693932710493
13521,0.7704672485506209
13522,0.22665248081842598
13523,0.011855723556240252
13524,0.8403295790097003
13525,0.6340010719379422
13526,0.8901928122314177
13527,0.39755767634809797
13528,0.9010561959201079
13529,0.6947586301236933
13530,0.9940177631987585
13531,0.557846568402092
13532,0.386987251504125
13533,0.18380906935279787
13534,0.7101073029374909
13535,0.7829015420962889
13536,0.9485985457597722
13537,0.8379393916602328
13538,0.8244822269099848
13539,0.33344043861323447
13540,0.751968881226294
13541,0.938244809172288
13542,0.9502258536039251
13543,0.6202138467724636
13544,0.2288368006162649
13545,0.09698328308653296
13546,0.9701345249098335
13547,0.43967199434726495
13548,0.9490659302632022
13549,0.7919110630278925
13550,0.8880536176310536
13551,0.9066724297267638
13552,0.6521160096953913
13553,0.8599287209894786
13554,0.8543254057837324
13555,0.9313325186835854
13556,0.24950684622028166
13557,0.3085830711445792
13558,0.9943074086145074
13559,0.8752503788688735
13560,0.549582546528886
13561,0.9175368879619598
13562,0.2346110175841733
13563,0.936107800516937
13564,0.20668955721470697
13565,0.9440870572965233
13566,0.27899216118811354
13567,0.5860613417966916
13568,0.875095050321762
13569,0.29657595931875963
13570,0.4963785660854916
13571,0.9798410417070065
13572,0.34795403461445323
13573,0.6533351317768072
13574,0.1879588466540484
13575,0.9519139876138755
13576,0.6736655798597143
13577,0.7445559659054894
13578,0.8527477054952269
13579,0.08557255393596352
13580,0.42702501063490966
13581,0.3393613461184927
13582,0.45050863649040596
13583,0.25168591804197277
13584,0.712334191479116
13585,0.8979497162305237
13586,0.5235998095018979
13587,0.20881763156828673
13588,0.06319885426544616
13589,0.9337955453543951
13590,0.8108530498876938
13591,0.38547740634842376
13592,0.08069493677219743
13593,0.6228638364503635
13594,0.8881860506072973
13595,0.7040979832133464
13596,0.47049466901447395
13597,0.0762275112182377
13598,0.9988196442290397
13599,0.02724180599972191
13600,0.34968991757645373
13601,0.06909813722892522
13602,0.7078823514809919
13603,0.8306929926068064
13604,0.6771904921069257
13605,0.7663783803926525
13606,0.7876084809697415
13607,0.5063486465634335
13608,0.9622551074857948
13609,0.8518050354345951
13610,0.9945351589515169
13611,0.9190434723799777
13612,0.9252694781062097
13613,0.6357438335678669
13614,0.7113334383004956
13615,0.9990349673783405
13616,0.5546876150249155
13617,0.5772059992739029
13618,0.6642111960952358
13619,0.9886830876675551
13620,0.8705642805290654
13621,0.9903257144462141
13622,0.31647769901270045
13623,0.5969404773814252
13624,0.022737407957359023
13625,0.43640058143252697
13626,0.009770206994270756
13627,0.3989171055089393
13628,0.7789223830835331
13629,0.9675508596587156
13630,0.9355895426463987
13631,0.913635940077747
13632,0.843255911566016
13633,0.9566404757414514
13634,0.9856854241828703
13635,0.9152550227830475
13636,0.27240669855756633
13637,0.8787267409943683
13638,0.6072818560093896
13639,0.13070494578340283
13640,0.03747885945873874
13641,0.5597939945973853
13642,0.2851095497010674
13643,0.679534201557853
13644,0.1308750188405301
13645,0.3347120738022986
13646,0.8184669038105709
13647,0.5657497466177865
13648,0.14500627879956454
13649,0.6658472192270417
13650,0.4986540521990197
13651,0.12190172722734441
13652,0.8098929355546678
13653,0.4724191677824091
13654,0.9458546578527671
13655,0.027619575823244893
13656,0.5295197075663324
13657,0.89210483762261
13658,0.8156676052080416
13659,0.06911823820087128
13660,0.6859745678219751
13661,0.5865823516285773
13662,0.3675789402037284
13663,0.8458549617948885
13664,0.15237324077267997
13665,0.9354367640246357
13666,0.7813427200622334
13667,0.9142507548373238
13668,0.26755353050618
13669,0.7456012595873235
13670,0.5096802028389602
13671,0.0642366892534999
13672,0.5106899890535366
13673,0.026429308432326173
13674,0.7275821195519844
13675,0.9904766292306221
13676,0.9950463724674895
13677,0.9527106074140389
13678,0.48947816396972627
13679,0.14118284854015362
13680,0.9541953986470747
13681,0.7045983918367331
13682,0.6462538691269893
13683,0.10548911805053805
13684,0.27270140896212386
13685,0.5993906224373547
13686,0.40939937785597846
13687,0.34382242488728826
13688,0.3298570167138601
13689,0.48868237306870727
13690,0.8718961544674244
13691,0.6197114117556503
13692,0.2749583195286545
13693,0.4522534830113101
13694,0.1886849655048253
13695,0.9012600705319479
13696,0.8794529609080819
13697,0.5223477541245521
13698,0.9426202944556683
13699,0.8605502225283438
13700,0.6848269274432438
13701,0.009280083968437092
13702,0.9377381305488167
13703,0.7517336262129519
13704,0.6275592328648816
13705,0.9943516793459095
13706,0.39379113107508296
13707,0.677390311698442
13708,0.8220679080598946
13709,0.10483741718351834
13710,0.9482457987026729
13711,0.9795956225502079
13712,0.9512451295279092
13713,0.8425598324259657
13714,0.7675198905128426
13715,0.3820712047397486
13716,0.9153007189127378
13717,0.36546688057708326
13718,0.12546592519326255
13719,0.36861722284331677
13720,0.8430707883123286
13721,0.03485123080175364
13722,0.1619009234325739
13723,0.039331363977726096
13724,0.7504371309386333
13725,0.7997046792177483
13726,0.7202950207671466
13727,0.9260784502615544
13728,0.9236492980297827
13729,0.302666467687074
13730,0.8425568626098007
13731,0.8795259826350249
13732,0.956507508347327
13733,0.932796391977124
13734,0.7809781472037475
13735,0.14516504146327033
13736,0.39307722949510476
13737,0.9422103628772897
13738,0.9644397974742237
13739,0.7887734455791149
13740,0.9299579791934922
13741,0.9162038599929723
13742,0.5866383067519915
13743,0.6577815149828372
13744,0.9714813865624787
13745,0.011939645586514183
13746,0.947271006671217
13747,0.828328892814277
13748,0.2713841206221748
13749,0.7112253337497502
13750,0.25504587629801
13751,0.19181252046288358
13752,0.8700554188886153
13753,0.8298635041416149
13754,0.9744358155671305
13755,0.22954426392110722
13756,0.8799438689440919
13757,0.16187846181591783
13758,0.7634341931970413
13759,0.33301373830858527
13760,0.9585006050606744
13761,0.45126205405484304
13762,0.8413852425615024
13763,0.384027434475569
13764,0.05857941766214374
13765,0.758985791106151
13766,0.40573513935648925
13767,0.7512324658888228
13768,0.932530343901328
13769,0.26007056763433434
13770,0.04773554116994797
13771,0.4123929179844665
13772,0.9700883149966189
13773,0.995213508733951
13774,0.5273773843435203
13775,0.97113052282383
13776,0.40132241414025555
13777,0.9047814583094228
13778,0.027463156183242896
13779,0.8689864055550643
13780,0.7143313310602256
13781,0.2511957121117492
13782,0.23556482905422316
13783,0.9641174972693399
13784,0.1428369652875962
13785,0.8328326211676342
13786,0.3980817291008881
13787,0.6978658210645989
13788,0.9820180446143758
13789,0.8034546437764731
13790,0.18774149961498526
13791,0.27083599544732695
13792,0.734413054854466
13793,0.984575477163974
13794,0.10364077078619106
13795,0.20718000023349328
13796,0.3508119401830174
13797,0.2915414582914196
13798,0.6630945764040613
13799,0.7244956719122047
13800,0.8318097330841373
13801,0.6043242219139353
13802,0.4573450225212811
13803,0.6813192999943176
13804,0.9499032525616646
13805,0.09126170013588938
13806,0.9153549361347145
13807,0.09197179686634765
13808,0.810427697825569
13809,0.7287439143394213
13810,0.8611024228850616
13811,0.20020706371833377
13812,0.9080229493346188
13813,0.6532342748102756
13814,0.40314986229509076
13815,0.7089514401424871
13816,0.9327996805552182
13817,0.9061861854891591
13818,0.9638726779716651
13819,0.5219154446647284
13820,0.9406827249063091
13821,0.19872651336335453
13822,0.42240188812453333
13823,0.9022513600528549
13824,0.39701443857956803
13825,0.9385811505710895
13826,0.8371023996660253
13827,0.8917342297053087
13828,0.24533242166705416
13829,0.2596583981865791
13830,0.8678875289137615
13831,0.46473091042696796
13832,0.30491186460359865
13833,0.043405224544537456
13834,0.9406398824839071
13835,0.9184980373224638
13836,0.19469788465727383
13837,0.764218496492281
13838,0.3060800876220055
13839,0.7406505722484489
13840,0.02279945037062405
13841,0.8466541644147026
13842,0.2156119866477884
13843,0.554912925651048
13844,0.9750579419331856
13845,0.685730799429732
13846,0.993712675566076
13847,0.5339294352222727
13848,0.8525338374368092
13849,0.5756669077424281
13850,0.13794266182016926
13851,0.7793142526534926
13852,0.8468271057890991
13853,0.9981714205703283
13854,0.6678619028268737
13855,0.9803533599606834
13856,0.9504991081760655
13857,0.9258815166167363
13858,0.7630858821263129
13859,0.535326799816556
13860,0.6862879136409206
13861,0.3876779152301976
13862,0.06584222347236464
13863,0.02323825420471861
13864,0.4739251805478658
13865,0.8505945459996443
13866,0.3532459692151817
13867,0.7273748609271113
13868,0.5596980214901526
13869,0.24723531913439695
13870,0.9452220217331102
13871,0.8230956486693198
13872,0.08780571218621894
13873,0.08617437492830035
13874,0.6473734007150289
13875,0.2906632660699227
13876,0.020845602194067926
13877,0.06865390923467732
13878,0.4194262041062643
13879,0.2173352891713451
13880,0.9346605232827597
13881,0.8563891633480897
13882,0.6922846341893079
13883,0.237667129869097
13884,0.5427071471433774
13885,0.5177065279815406
13886,0.849308405113573
13887,0.31806563718197495
13888,0.8268522461486405
13889,0.2370181724038458
13890,0.9824239171678139
13891,0.2925349476733118
13892,0.2528804752104954
13893,0.48106155683116625
13894,0.10055029631799173
13895,0.6373741149838639
13896,0.36219552602656213
13897,0.07079099841965529
13898,0.6561977894594009
13899,0.9757737245872363
13900,0.37078226477711423
13901,0.5929452832153649
13902,0.05447041787704085
13903,0.49727956392184236
13904,0.38448694595451555
13905,0.06703788131515347
13906,0.8745525054643974
13907,0.6611078529828035
13908,0.9525289606179266
13909,0.4518804773473463
13910,0.0385759759908331
13911,0.8544007568342745
13912,0.6603513581980953
13913,0.4350101281649698
13914,0.4450515928325235
13915,0.6049931576182773
13916,0.10466970704660142
13917,0.6065186382646446
13918,0.06192830873325577
13919,0.9161576071806364
13920,0.17780610445170833
13921,0.0383967086437238
13922,0.5296947080167546
13923,0.2481013515510298
13924,0.12195042292343315
13925,0.19357972982451535
13926,0.9914747381443106
13927,0.4764037146225416
13928,0.7514874447948422
13929,0.6146775261446147
13930,0.21361927477413248
13931,0.16525475481004076
13932,0.9449310889808732
13933,0.6929591077546469
13934,0.6377542166457446
13935,0.3202303202459763
13936,0.9483537928579081
13937,0.5432271079344471
13938,0.9134856996687639
13939,0.683892346699201
13940,0.7181344332979882
13941,0.9526688310647685
13942,0.9735137728354357
13943,0.8637289301001514
13944,0.7305281573546918
13945,0.1909611369337107
13946,0.7957305807539573
13947,0.9751346706158316
13948,0.9812197253456425
13949,0.7265340213149727
13950,0.6277153633831015
13951,0.9638976572106858
13952,0.626533316269943
13953,0.6894774500462467
13954,0.3296139209135857
13955,0.27680978996679884
13956,0.9147957471867609
13957,0.17694674046835546
13958,0.547769772796769
13959,0.9293778835988964
13960,0.9495243516847027
13961,0.8593481216469999
13962,0.8108140038311346
13963,0.992884960365702
13964,0.6831106783361003
13965,0.9756977777814269
13966,0.8463800207890843
13967,0.7630187900230634
13968,0.09823872841467181
13969,0.9219379161593831
13970,0.6336745967906386
13971,0.9897177549772819
13972,0.8501352184288974
13973,0.16395956079734084
13974,0.8148003176136428
13975,0.29209122214690575
13976,0.22558841302876
13977,0.13807331554425425
13978,0.9897230545151331
13979,0.33682008564404353
13980,0.6019702804816555
13981,0.5633541242441943
13982,0.4403433342117244
13983,0.9706603101156142
13984,0.3441559962932656
13985,0.589784094222106
13986,0.8967464408923586
13987,0.6665632401102449
13988,0.05841226831797646
13989,0.9914741017882049
13990,0.7777076117438909
13991,0.7231219623270554
13992,0.2083716466306054
13993,0.27886817250177465
13994,0.992920454857947
13995,0.9911439729437096
13996,0.6413406102387931
13997,0.6327944325093448
13998,0.9523561678014241
13999,0.10541917875968408
14000,0.76409239788809
14001,0.7066225217135659
14002,0.99149462357645
14003,0.8527025432404907
14004,0.005225369841898644
14005,0.972695589697482
14006,0.9332928553566272
14007,0.010891706667149876
14008,0.8815186585436345
14009,0.8096881720331186
14010,0.8776625415332754
14011,0.7313395658595753
14012,0.3711500440582324
14013,0.06543998982820584
14014,0.7641276509542624
14015,0.9726318281656753
14016,0.5544529034171546
14017,0.17104131597210057
14018,0.6183983957859266
14019,0.2897151116604258
14020,0.15533782661423226
14021,0.15799983935835818
14022,0.05732392591841284
14023,0.8929986888100688
14024,0.9523896384459646
14025,0.7669677111727828
14026,0.531171252213436
14027,0.5642951281790702
14028,0.06517324310970883
14029,0.9491181169653314
14030,0.6800946009979422
14031,0.6756421524662173
14032,0.054848853961507425
14033,0.7839527824341819
14034,0.22954068590454973
14035,0.25265832036963237
14036,0.261004608395039
14037,0.9100535789312056
14038,0.5176540104356055
14039,0.9705926289705139
14040,0.21927828393303883
14041,0.22006849062083889
14042,0.9907909076215521
14043,0.8409813101737479
14044,0.9958248906936206
14045,0.8689817845192807
14046,0.7728264389422891
14047,0.4722790948365395
14048,0.901562832979411
14049,0.9899586728643104
14050,0.12156459204083542
14051,0.9521045563144055
14052,0.9861202598195921
14053,0.8237521922310429
14054,0.7115447136982352
14055,0.9684276898999354
14056,0.6363796225719649
14057,0.9984541776082808
14058,0.8705189486115794
14059,0.5041630512388094
14060,0.8760468305651403
14061,0.09505301469846009
14062,0.6658376579390027
14063,0.9950966293674598
14064,0.8772443041598449
14065,0.8385678092768982
14066,0.23018423941450464
14067,0.5141120372432757
14068,0.5259215619272857
14069,0.5731528267947646
14070,0.30198458106050186
14071,0.0765226394478369
14072,0.25067802738641415
14073,0.7233427359895593
14074,0.20966926432460822
14075,0.3597839407332599
14076,0.34168465688155086
14077,0.23664644213760586
14078,0.8567506589060149
14079,0.4628520843673327
14080,0.8915568076625525
14081,0.32729767543874455
14082,0.9477126145579987
14083,0.1975669075609184
14084,0.7603399191118717
14085,0.9877760969439519
14086,0.8862038489031496
14087,0.41224594961350813
14088,0.8473933517203778
14089,0.4633886077647613
14090,0.7774320466245712
14091,0.6182232113916379
14092,0.47307200885041956
14093,0.34920898869338196
14094,0.8144813214680288
14095,0.10536532116076933
14096,0.3675428208498954
14097,0.38703598076055346
14098,0.7460187323752926
14099,0.973393789245644
14100,0.9583483450877485
14101,0.7165216724262939
14102,0.43539274169821873
14103,0.22697321672540738
14104,0.9342747142849586
14105,0.901985868721991
14106,0.8304406787285804
14107,0.7059603402938314
14108,0.9009290631887649
14109,0.8989185081807272
14110,0.3338177281407957
14111,0.5917323797218426
14112,0.12018494833147131
14113,0.7960502086428864
14114,0.03739382108629833
14115,0.19142376049950863
14116,0.9911222980550498
14117,0.3263729149716797
14118,0.18768036388108145
14119,0.9938176777630483
14120,0.4969526345395544
14121,0.8301559612128495
14122,0.9739877109068436
14123,0.15928498088888096
14124,0.8010286702647472
14125,0.8477751818054658
14126,0.25246715010444276
14127,0.7157052048718802
14128,0.7804470393563755
14129,0.4864387376968122
14130,0.9895982663995534
14131,0.1766496982360626
14132,0.8426970490195113
14133,0.017498755799635356
14134,0.8135635121691174
14135,0.9232495829181606
14136,0.8846547389703835
14137,0.9958879302189343
14138,0.9322878918524562
14139,0.9360315239603979
14140,0.04906908476059877
14141,0.9909823531477414
14142,0.40238966910616564
14143,0.9207095321977271
14144,0.9505070265671908
14145,0.7920489867963771
14146,0.1403095281621457
14147,0.701772797291155
14148,0.7236992313644138
14149,0.5780651936143714
14150,0.949056654819835
14151,0.5505558183935246
14152,0.8721864073413073
14153,0.44776555716226046
14154,0.308027660855117
14155,0.5303288121739781
14156,0.08804216864914112
14157,0.9914266378567573
14158,0.3230632542851122
14159,0.7724024949073596
14160,0.8754574077124269
14161,0.9255912934490468
14162,0.9078330391319218
14163,0.10299162301792181
14164,0.22828999355371257
14165,0.1402639133894625
14166,0.784439902531266
14167,0.46916913961640605
14168,0.764712477143692
14169,0.993773367598487
14170,0.47252777156072423
14171,0.17135375248051438
14172,0.5959504210113287
14173,0.8669642912120953
14174,0.7031018143907001
14175,0.9843337335748167
14176,0.9805382868845238
14177,0.3409676652179542
14178,0.5844488838667834
14179,0.9622842604355473
14180,0.6215205862463088
14181,0.9279353753405701
14182,0.18477527469638189
14183,0.9974394536424213
14184,0.13079327106100488
14185,0.9739782026535663
14186,0.9282773082961562
14187,0.9106497078618786
14188,0.5489644220451982
14189,0.2799870870595923
14190,0.7089255198816075
14191,0.9618870952430909
14192,0.7345397350571822
14193,0.8172894512358385
14194,0.8497530532808716
14195,0.032190864528124925
14196,0.6369450962825896
14197,0.2755380167476317
14198,0.7036254144479384
14199,0.7258970653271232
14200,0.730497588838915
14201,0.8390907793997635
14202,0.8021049395345913
14203,0.955453954396686
14204,0.884521723328823
14205,0.8869827910433135
14206,0.8890025837309912
14207,0.0956617300390317
14208,0.841438604044838
14209,0.21344094202390917
14210,0.9278173940191801
14211,0.18633362653438088
14212,0.9397455033142849
14213,0.4640236417259293
14214,0.5631798543361757
14215,0.7273834650273162
14216,0.46638471311965035
14217,0.027026710373039456
14218,0.6847012800802759
14219,0.5741224887570886
14220,0.5605720603803365
14221,0.9969103319229984
14222,0.9088628508237059
14223,0.41294838882821844
14224,0.7966151882707349
14225,0.04550110372249593
14226,0.9612913319552424
14227,0.9931183724975692
14228,0.417477198177173
14229,0.9455174456836827
14230,0.4115270704351543
14231,0.4629836886269769
14232,0.9254976404846922
14233,0.9843957191017905
14234,0.8632258326936559
14235,0.9431659047121633
14236,0.7455526622640851
14237,0.8870197235901897
14238,0.661396565048068
14239,0.38438068136743553
14240,0.6785276105009971
14241,0.8610790679252597
14242,0.8556075073417571
14243,0.6987012558965362
14244,0.8710182461759794
14245,0.5946922307198348
14246,0.19228861462284536
14247,0.2939335234424638
14248,0.7583576658132182
14249,0.9452461401228032
14250,0.25417779289045356
14251,0.9781722754323011
14252,0.9542194276588355
14253,0.5601124966786488
14254,0.019077293440154647
14255,0.4079348207743738
14256,0.6643569860729406
14257,0.6220304830747926
14258,0.7124053404517702
14259,0.8422875062129498
14260,0.9640261896169151
14261,0.9927478801952028
14262,0.03227600394551523
14263,0.9560956068470262
14264,0.913944423986601
14265,0.13352423342211417
14266,0.6997209136594972
14267,0.5211340876826325
14268,0.9209703157554311
14269,0.5413802836034621
14270,0.8023567944434676
14271,0.2851736086578071
14272,0.9165073114723374
14273,0.9067737379388294
14274,0.23562563550872503
14275,0.7004158291559692
14276,0.09102377299385743
14277,0.447732568218195
14278,0.8675225537026244
14279,0.11875837290332449
14280,0.18590725181266582
14281,0.7832923244623603
14282,0.20568491006869322
14283,0.894875639998919
14284,0.7105813032237167
14285,0.6282688846269133
14286,0.2690205814983023
14287,0.26959682731721457
14288,0.8645927188197999
14289,0.3768188338395507
14290,0.11319587933218382
14291,0.825784430183442
14292,0.650414956483649
14293,0.7025407562101742
14294,0.3885698778030573
14295,0.520906597423434
14296,0.7248564297861575
14297,0.6384149335308769
14298,0.8537039591924619
14299,0.7666741550898785
14300,0.5878873971826619
14301,0.23218987079565376
14302,0.26130873483282785
14303,0.21741963594480096
14304,0.6835914075352645
14305,0.41168863499907177
14306,0.9669696213099681
14307,0.3642448697989465
14308,0.9202824875094782
14309,0.8141258975695481
14310,0.031618489159957776
14311,0.6875406724621697
14312,0.7743400104327646
14313,0.9067253679224563
14314,0.8086167995505523
14315,0.8880021578495675
14316,0.5736989894736104
14317,0.7004604839740075
14318,0.4366635749004549
14319,0.8948760810746881
14320,0.8170890324766663
14321,0.027409520319000617
14322,0.8715925985328941
14323,0.052040930249567456
14324,0.9691771090358573
14325,0.6591578922571069
14326,0.3935628981465475
14327,0.3431926275030649
14328,0.9819883710830387
14329,0.08766649425572495
14330,0.8554737653878783
14331,0.03793410664833478
14332,0.7075560590375014
14333,0.4289124955055158
14334,0.9818123548894792
14335,0.9025878939952463
14336,0.32453240733264965
14337,0.3931467737501135
14338,0.9319388180764496
14339,0.8291201493445037
14340,0.3263463513997625
14341,0.2541059530391578
14342,0.9839563209328043
14343,0.9245591374233285
14344,0.9664073398254965
14345,0.37159147888588967
14346,0.9513813870152614
14347,0.25894643977160875
14348,0.2898754744132535
14349,0.8342946711456197
14350,0.17296765885689439
14351,0.3652333472935743
14352,0.5975261502481474
14353,0.7824848677763814
14354,0.8818827599172512
14355,0.6390957436714494
14356,0.3082442038534726
14357,0.8169964385027949
14358,0.8063887930173925
14359,0.5624336143510481
14360,0.4664328320740499
14361,0.13992597066950288
14362,0.9144679066791189
14363,0.8031059806296525
14364,0.8633904200842005
14365,0.441524210278091
14366,0.705622980844075
14367,0.6066569963621945
14368,0.7018972605165961
14369,0.8954135969764814
14370,0.9755440315056367
14371,0.8950328729300293
14372,0.10784596612915101
14373,0.8147339947147713
14374,0.917459287241152
14375,0.646957920489956
14376,0.6655881776748271
14377,0.24844487291326137
14378,0.13058454036307024
14379,0.9129695581690458
14380,0.3759791021359262
14381,0.5829343738383118
14382,0.9686871898556938
14383,0.28556614427967303
14384,0.9845775455460056
14385,0.5509567713321512
14386,0.9106711434938602
14387,0.8277876123218229
14388,0.8579328488825486
14389,0.8824978252879099
14390,0.19175460460605545
14391,0.10908197010074035
14392,0.8506153419777488
14393,0.26785512736375233
14394,0.9938160787467506
14395,0.9782021371992673
14396,0.5235406962889882
14397,0.24396027636948947
14398,0.29263991823154145
14399,0.7206794207627114
14400,0.052729407024082735
14401,0.9319204953915197
14402,0.4283002602202665
14403,0.7275097633759794
14404,0.24553261940099763
14405,0.7096750532612011
14406,0.8381688064547764
14407,0.8521311979781825
14408,0.5825816546988162
14409,0.2164668378879522
14410,0.7569954286118259
14411,0.22040597928857356
14412,0.859499543593126
14413,0.2689938888878369
14414,0.8457665972355026
14415,0.8763545244154043
14416,0.6360637943716956
14417,0.4966057757709721
14418,0.08349322237127096
14419,0.9690342307401687
14420,0.011681554598626617
14421,0.988181907648594
14422,0.7560493624514291
14423,0.7254773067703968
14424,0.4051675475944081
14425,0.06691804784138786
14426,0.7960591454031628
14427,0.8288572289872796
14428,0.9124742585496414
14429,0.9860800336001774
14430,0.2502510846762083
14431,0.580692985208315
14432,0.07175185596873171
14433,0.010798719594371429
14434,0.7035583795744014
14435,0.9234426625614752
14436,0.640053471233718
14437,0.07877946829759615
14438,0.7049443199035623
14439,0.5232796533593638
14440,0.8682992666753945
14441,0.268468062856847
14442,0.22396905107577653
14443,0.9263171478993485
14444,0.8995469667749126
14445,0.5966380412005994
14446,0.17875351509523002
14447,0.4451885773353397
14448,0.715170628317125
14449,0.48613386062639097
14450,0.8210241278173768
14451,0.9052829399311352
14452,0.7404263752699985
14453,0.4961350664137904
14454,0.9072513223296103
14455,0.5899751510860414
14456,0.17767279546150297
14457,0.030819601137714755
14458,0.8735794921773468
14459,0.09596653221598608
14460,0.7470425111799155
14461,0.9928037259707938
14462,0.1434394494078992
14463,0.7769221412744506
14464,0.9402081673643552
14465,0.5528882421745607
14466,0.769697230615556
14467,0.18657626274460484
14468,0.2293421508727536
14469,0.39594691893040423
14470,0.7141813319175383
14471,0.9225235200370446
14472,0.5657646160387103
14473,0.07312786209264256
14474,0.9874873282011918
14475,0.8312371464857913
14476,0.8029355337049319
14477,0.21780240369772064
14478,0.8785324682423549
14479,0.9301004694760044
14480,0.9656957372347691
14481,0.367482867938271
14482,0.04289182904288753
14483,0.28218785001927743
14484,0.05203440173530337
14485,0.9993903403136758
14486,0.8820907877832532
14487,0.9930073084806852
14488,0.668209632772368
14489,0.8746055464449498
14490,0.0791412586805536
14491,0.7679783235180191
14492,0.35585104555010255
14493,0.4791052669553207
14494,0.41217063441332036
14495,0.12022024833494745
14496,0.19025130835549364
14497,0.6595962495919502
14498,0.6262547203270766
14499,0.9506518814425107
14500,0.9276750665155076
14501,0.890947604895872
14502,0.8307570899334733
14503,0.9930423159230957
14504,0.4303757757895303
14505,0.6600211624591761
14506,0.6439958794069979
14507,0.26230376342578127
14508,0.5334230110335602
14509,0.8933016460291051
14510,0.9229872481722501
14511,0.039302748616214044
14512,0.22668008088015282
14513,0.7050633774750136
14514,0.45979223660342117
14515,0.6617000529209002
14516,0.44754602760346224
14517,0.9867279443044088
14518,0.9836172852202162
14519,0.37237673618396605
14520,0.7971663531465683
14521,0.08451312552535689
14522,0.09118334209156248
14523,0.9875373762107054
14524,0.9895892391829533
14525,0.8256588923862964
14526,0.8268770459415248
14527,0.9974273227629824
14528,0.43862650149347604
14529,0.7384266987382144
14530,0.0937392287893901
14531,0.606282138083596
14532,0.8745819097271693
14533,0.20969596044390984
14534,0.4215689852206374
14535,0.5363550676750997
14536,0.9878645404007225
14537,0.8883371772263385
14538,0.8140765518755912
14539,0.18623627172131943
14540,0.08272798119595885
14541,0.7001966473804719
14542,0.9313059855440454
14543,0.6736366975613488
14544,0.6933038594392443
14545,0.2546207535297885
14546,0.9862630471559221
14547,0.5376006132024896
14548,0.033331968609156305
14549,0.9177737188618192
14550,0.3185784771773543
14551,0.9571971399421266
14552,0.17477825762259735
14553,0.1473308395058849
14554,0.37284117715834253
14555,0.6925820719387724
14556,0.8588214621767881
14557,0.34033299388937394
14558,0.9888677690427513
14559,0.8175552208873879
14560,0.9740583092390895
14561,0.1798191802010656
14562,0.9886193632235437
14563,0.2018910148796381
14564,0.5219558967139151
14565,0.41018506763799695
14566,0.8907323756204399
14567,0.9060561170957486
14568,0.364251128659421
14569,0.621214747522127
14570,0.5831660703399558
14571,0.7851989690591163
14572,0.764162864077277
14573,0.2026990322078478
14574,0.7223970553111143
14575,0.43205350780762114
14576,0.8598326861507625
14577,0.9896600480854246
14578,0.39287511154706367
14579,0.023501724907320148
14580,0.4609295415770332
14581,0.08956632815981246
14582,0.8933101500765434
14583,0.5370004714936779
14584,0.14036409829145277
14585,0.8932119667412909
14586,0.5149485885024976
14587,0.7451140295447045
14588,0.452756260562612
14589,0.15632842532060465
14590,0.2664347471639908
14591,0.13750417703080126
14592,0.901464968944165
14593,0.6985313159387923
14594,0.8625470786355216
14595,0.8991942888053269
14596,0.3870770247569735
14597,0.3418923645430878
14598,0.02830948315805756
14599,0.008495602744237813
14600,0.3539786914180895
14601,0.1605619536991746
14602,0.6066939709884109
14603,0.7293272574919367
14604,0.2930653346769171
14605,0.5548080005976783
14606,0.4581153094139504
14607,0.0783332609686902
14608,0.45721815919822445
14609,0.9359335630280896
14610,0.4712479712441945
14611,0.3717580643037902
14612,0.978206638879162
14613,0.9936855226520278
14614,0.7880629891116027
14615,0.6991637876364389
14616,0.4519674312157203
14617,0.05756753816547853
14618,0.7958952749008501
14619,0.42314720763459435
14620,0.49347678072559736
14621,0.8955538574993676
14622,0.8801752876483263
14623,0.6718095524628404
14624,0.9970125774187878
14625,0.8496185962992333
14626,0.30281755765076795
14627,0.9327118995255252
14628,0.6911618495926516
14629,0.4807177617411591
14630,0.584897440369422
14631,0.863146239207812
14632,0.902983856207771
14633,0.1484215147971178
14634,0.6999748583574342
14635,0.30164077375338744
14636,0.002466994841178937
14637,0.07162153306454211
14638,0.9984439311500983
14639,0.6790043571579405
14640,0.10680065274696442
14641,0.7882514827568813
14642,0.6443562927090056
14643,0.34664110712784096
14644,0.6935108130721671
14645,0.6271136309362747
14646,0.5098017196781954
14647,0.7710135030482406
14648,0.7304531778886262
14649,0.775387059507216
14650,0.8206901839331322
14651,0.970261805779495
14652,0.9695946983274288
14653,0.34329283433559404
14654,0.6880382260071474
14655,0.24442067712683627
14656,0.1543016950059463
14657,0.29002093412422625
14658,0.2898365141363683
14659,0.3405162076930889
14660,0.7876235279049784
14661,0.7318909063913254
14662,0.04607241493373778
14663,0.798218502593081
14664,0.831960156254648
14665,0.3098494373384619
14666,0.62838035802147
14667,0.4871497718726334
14668,0.5845920036015102
14669,0.550827947803314
14670,0.12557528415931157
14671,0.9298653714300976
14672,0.174224856328532
14673,0.9554787107316242
14674,0.9971810547296505
14675,0.9795243947068983
14676,0.9653573536606005
14677,0.17638061947342976
14678,0.8981945884959998
14679,0.7406265036358575
14680,0.8350668228007279
14681,0.03174903481356315
14682,0.7425153400518445
14683,0.7921489678094855
14684,0.3043732396248722
14685,0.8645466040170572
14686,0.577766894172652
14687,0.8873049350371726
14688,0.9627809809826001
14689,0.6465045120477342
14690,0.910378160594839
14691,0.09743140082497723
14692,0.9764833453549507
14693,0.25855280741961006
14694,0.9823436398749307
14695,0.18522360043800104
14696,0.8941277515138141
14697,0.3301578849169379
14698,0.2020597111726354
14699,0.7477345191607659
14700,0.5525770752038633
14701,0.9617406300479929
14702,0.4392518253503269
14703,0.6136630686543743
14704,0.8556383014043134
14705,0.8474106240105891
14706,0.6170052418115493
14707,0.17620879034230427
14708,0.9905039104852742
14709,0.9778346734407408
14710,0.6504597894193309
14711,0.026255612928920938
14712,0.9596878070408273
14713,0.1037033024589094
14714,0.37534112197918656
14715,0.565826133554219
14716,0.09950245412356462
14717,0.1376823441409305
14718,0.9434954488451147
14719,0.9744157215953902
14720,0.9674296051492962
14721,0.9606125778860686
14722,0.9992137898172004
14723,0.5442913349129769
14724,0.9599089435161738
14725,0.5816875357827928
14726,0.09666612453865547
14727,0.8254120911212357
14728,0.31530596056642163
14729,0.016892169187362104
14730,0.2593463151441978
14731,0.949775592323742
14732,0.9039139731675413
14733,0.09258940338731554
14734,0.18029603317904286
14735,0.9892557221670847
14736,0.4206089822217367
14737,0.1672209016422945
14738,0.9454117739980384
14739,0.7306124902355499
14740,0.6470836816707117
14741,0.057439278841241594
14742,0.9376689515612404
14743,0.24703571110388656
14744,0.9254863521584517
14745,0.9666471804543088
14746,0.9904381842581986
14747,0.5722561335475376
14748,0.43515360149049365
14749,0.8169865337547162
14750,0.43736104934754155
14751,0.32752342814360375
14752,0.6126472116004311
14753,0.9731501921309368
14754,0.7949477914895773
14755,0.9263984286064896
14756,0.899081042558294
14757,0.056126163817462014
14758,0.2319798669645244
14759,0.9770400482120133
14760,0.27403264145807027
14761,0.4214566076820137
14762,0.9745698317006023
14763,0.9983030089398763
14764,0.9395865589100844
14765,0.7314545721898678
14766,0.6362678218110017
14767,0.23639128886065544
14768,0.09960920263076757
14769,0.9932669186266464
14770,0.9994075162293222
14771,0.03120540981327744
14772,0.5083089868615037
14773,0.8427801288883477
14774,0.7465918144130276
14775,0.9782333450082132
14776,0.9654676275741124
14777,0.9272919933260265
14778,0.9667844461405012
14779,0.9523884823542609
14780,0.5335724213038395
14781,0.755362210903245
14782,0.6467413404077239
14783,0.4692225321247921
14784,0.7333941355965428
14785,0.9130920480891295
14786,0.8207121945232192
14787,0.9372735381414723
14788,0.27752594432399746
14789,0.8084324764187667
14790,0.07994731102749068
14791,0.3446176169434716
14792,0.7494648076419733
14793,0.668733719077714
14794,0.7199659719263615
14795,0.7848233787685566
14796,0.8747953707689757
14797,0.9373217186229639
14798,0.9952938190118351
14799,0.9642321392101173
14800,0.01497728224537015
14801,0.4937795174440249
14802,0.7361311517585348
14803,0.7996670015510665
14804,0.4804533707302209
14805,0.12443589524190567
14806,0.9450857940942159
14807,0.9436220205011835
14808,0.5694310239472572
14809,0.8196549498910344
14810,0.9888759444648544
14811,0.3594965241523829
14812,0.5362188341680741
14813,0.9280696934275673
14814,0.9402813229414644
14815,0.9264896097305657
14816,0.18074830593879776
14817,0.22408489527752648
14818,0.5806671551125645
14819,0.9551628808724553
14820,0.9210815150114176
14821,0.5638981323506705
14822,0.711696316183565
14823,0.42528286754943045
14824,0.26871590308456667
14825,0.8982588883558591
14826,0.24823751329653215
14827,0.2116869457186704
14828,0.9072476743130269
14829,0.40445751036636285
14830,0.9139631489174417
14831,0.5513876346339723
14832,0.15280816790989848
14833,0.035046722805528764
14834,0.9784521657339778
14835,0.10207793190630735
14836,0.9963424500072675
14837,0.8386655560018547
14838,0.7275558672879884
14839,0.672283722515908
14840,0.6092845919180176
14841,0.6856244125230155
14842,0.18222316863520494
14843,0.9125204756176396
14844,0.9294504394836086
14845,0.676353448899392
14846,0.6047930796012039
14847,0.7893390724400992
14848,0.9438231485931419
14849,0.4806156829022456
14850,0.3556370613722754
14851,0.9035953531990638
14852,0.29603159831841536
14853,0.3141842256668194
14854,0.18328831792122924
14855,0.013254000465725373
14856,0.8078060047449782
14857,0.8849150217825382
14858,0.5560811339807685
14859,0.8755974379802829
14860,0.9825686712865516
14861,0.996003466114342
14862,0.13487921468382535
14863,0.9488499005767349
14864,0.29566674649618113
14865,0.3092983944651789
14866,0.4844919300264003
14867,0.7512839385266864
14868,0.9359698214604985
14869,0.26365816729590097
14870,0.06060273022674614
14871,0.4787770746473563
14872,0.05127208555837284
14873,0.8888130037676307
14874,0.6634156846640585
14875,0.9383933620022228
14876,0.19388627883685067
14877,0.7805546203213214
14878,0.7525983470869562
14879,0.901322674837567
14880,0.9925196231110781
14881,0.2645576361118857
14882,0.5826746552908147
14883,0.4573826741519292
14884,0.9726438847062676
14885,0.7498094575521415
14886,0.9916359089693102
14887,0.8888553222689808
14888,0.6021180652426141
14889,0.39990658048061667
14890,0.9298423802655561
14891,0.9259710133548233
14892,0.529173424002663
14893,0.5550773858380765
14894,0.8892026761000366
14895,0.7807074790658558
14896,0.39920318461857285
14897,0.8963640672290629
14898,0.8967920196586197
14899,0.37154287513111833
14900,0.5366937410933845
14901,0.9327664647084566
14902,0.7683396817376396
14903,0.7940803175678554
14904,0.9560633141048973
14905,0.8560389249418
14906,0.801469225163391
14907,0.5812656238227738
14908,0.6116833088692363
14909,0.9771325791628517
14910,0.07048919561157278
14911,0.9499342312488781
14912,0.4493673226469085
14913,0.8741709782644961
14914,0.9907697651986065
14915,0.07230857819888281
14916,0.6028665775578449
14917,0.9476781475583373
14918,0.8096396110478546
14919,0.006864445527187641
14920,0.585625635096861
14921,0.8816058040195545
14922,0.8371644101643552
14923,0.7308458348024923
14924,0.8059322751321852
14925,0.985243388333704
14926,0.9817705904519015
14927,0.5043982512710478
14928,0.16719412984158166
14929,0.18019114137329992
14930,0.7034449987184591
14931,0.7909288054031371
14932,0.5633612919814452
14933,0.6106923383322407
14934,0.8714281757101727
14935,0.10791015625129823
14936,0.41206436231323545
14937,0.9936114003965208
14938,0.6221190961421307
14939,0.829278188471979
14940,0.7573587664006292
14941,0.8673342702123948
14942,0.9521752455401764
14943,0.6586196117177597
14944,0.9190871270569928
14945,0.8926712207144175
14946,0.04535146496135097
14947,0.8599931201231101
14948,0.7617913444999446
14949,0.6365457405568079
14950,0.9733422226833661
14951,0.7913356408997245
14952,0.35327008662500053
14953,0.09722086227001941
14954,0.4794176471234067
14955,0.9646033557502725
14956,0.49221743097265863
14957,0.6204456939552309
14958,0.357975273120443
14959,0.8407937202817766
14960,0.09655517298069317
14961,0.8173423285304278
14962,0.06921904314243105
14963,0.7416977263532668
14964,0.976056632845796
14965,0.8337618929517788
14966,0.4160731375627065
14967,0.5602063325484075
14968,0.9575223108965643
14969,0.5618140297171338
14970,0.8751735605239894
14971,0.7596853365260635
14972,0.993100303686853
14973,0.03703344491276187
14974,0.7269053564567838
14975,0.9487745209775696
14976,0.9793718819685485
14977,0.488177421361209
14978,0.7822638809395006
14979,0.7602666082456112
14980,0.09982452069338227
14981,0.007421278399702806
14982,0.1356030980394892
14983,0.9813732181162208
14984,0.5239424732985895
14985,0.7074337356714929
14986,0.7555706832675615
14987,0.7098825267567032
14988,0.3695744365334315
14989,0.28047521545119103
14990,0.26825662725519867
14991,0.8555897212083261
14992,0.5773977875263148
14993,0.334645804619294
14994,0.435577508165668
14995,0.8701521111091524
14996,0.9445562145201808
14997,0.7740737922443597
14998,0.06326701206963431
14999,0.818878095427838
15000,0.060261541716900784
15001,0.013039137920394087
15002,0.4819682377133197
15003,0.9729674644743314
15004,0.9160119595187172
15005,0.9709874341459949
15006,0.13692473647899028
15007,0.5357658742792791
15008,0.828960931951689
15009,0.8573140814095547
15010,0.8352547869105702
15011,0.20631590593530205
15012,0.8807301974343643
15013,0.997244329337428
15014,0.5759645846732863
15015,0.4723124457752966
15016,0.5185079979340322
15017,0.19907803285411246
15018,0.9606860759830966
15019,0.8541680819749721
15020,0.27727271795382447
15021,0.13575759909939164
15022,0.95968580409008
15023,0.5548862227017516
15024,0.1194183314069842
15025,0.1259623653070761
15026,0.9135684561212375
15027,0.9494300700518188
15028,0.13626128514325897
15029,0.7514801233916699
15030,0.21878043336160982
15031,0.6516301102653516
15032,0.7980576486025601
15033,0.29189031015576944
15034,0.5006322835995282
15035,0.6073616001843769
15036,0.9518534283682448
15037,0.985703753637276
15038,0.15693769326796006
15039,0.8539400345238094
15040,0.30434519572599705
15041,0.11432134058201314
15042,0.512077713176222
15043,0.8318422322327974
15044,0.9472768946617872
15045,0.95665049769544
15046,0.748075699526736
15047,0.8059759637987762
15048,0.9415388934271142
15049,0.9029399248321451
15050,0.11155356157898205
15051,0.03358304099521248
15052,0.4576924226441748
15053,0.749557066417313
15054,0.8220100247914416
15055,0.983552721139341
15056,0.6630032801071971
15057,0.7201317431018703
15058,0.2274569655710546
15059,0.9652468923081263
15060,0.8969178022170881
15061,0.2547904037758291
15062,0.9590852840432245
15063,0.16529550030585663
15064,0.8179595571325046
15065,0.8726539010228579
15066,0.9657554653036068
15067,0.9352179519882696
15068,0.9926191151960356
15069,0.26643694540200097
15070,0.781499362818554
15071,0.874187239518486
15072,0.05625959314782072
15073,0.8755425429628639
15074,0.5759353925360334
15075,0.9786664344418755
15076,0.25103851017913215
15077,0.8263816858189528
15078,0.24886194817702914
15079,0.09155759737584553
15080,0.6432501958955947
15081,0.8252154501644953
15082,0.7237274982634696
15083,0.05526287482115644
15084,0.9485070555471236
15085,0.7243487145162091
15086,0.8491081584878044
15087,0.9776651107684499
15088,0.9866695905803309
15089,0.29519552252313885
15090,0.9329365655188359
15091,0.8424452319193177
15092,0.16917128937035797
15093,0.8991686397996326
15094,0.8658303044556569
15095,0.3488730926733701
15096,0.7149638611501765
15097,0.9846321008911815
15098,0.8217264895851717
15099,0.0968922309442114
15100,0.06366206539228957
15101,0.45779824881969916
15102,0.6882193817504739
15103,0.5478345398839258
15104,0.7844925951116758
15105,0.9244634321505991
15106,0.916487562563933
15107,0.7814247954288832
15108,0.07052473922956688
15109,0.3058732360259532
15110,0.7794547068772844
15111,0.08547430780526065
15112,0.7174755463860042
15113,0.8172112844027603
15114,0.7411011513881492
15115,0.9625119358761169
15116,0.6242762162353376
15117,0.8012480687905158
15118,0.9711577885697921
15119,0.9859656211786985
15120,0.9313652625372071
15121,0.13456830420875107
15122,0.8621205298371444
15123,0.08018736182567901
15124,0.6872027936300955
15125,0.9695813875647671
15126,0.17102656771971533
15127,0.3640564226916605
15128,0.5706404927763176
15129,0.2583027570875614
15130,0.14174230939917645
15131,0.23256510083049053
15132,0.2670275447975684
15133,0.8598924799823137
15134,0.07994157496707133
15135,0.9228320531304396
15136,0.20160810129622345
15137,0.16853396696810458
15138,0.6270732149056181
15139,0.9962441431065628
15140,0.42251362979146095
15141,0.8020328046932489
15142,0.21580216479057848
15143,0.3736324823716783
15144,0.5858871512572402
15145,0.14229060531306836
15146,0.9411131441511961
15147,0.6036182002042766
15148,0.5877636768217094
15149,0.9862038661393105
15150,0.9995517703219746
15151,0.850416391404398
15152,0.5532519831095329
15153,0.9299235213617549
15154,0.7713071651730634
15155,0.1892103613318919
15156,0.9079837987023939
15157,0.46173235494356657
15158,0.5462140500416509
15159,0.37258954388955895
15160,0.4016950683067357
15161,0.8980731611057757
15162,0.8931216095643817
15163,0.9512785158179387
15164,0.17021079908565215
15165,0.5864743152003136
15166,0.3261076292661321
15167,0.4585680131720623
15168,0.815359241145461
15169,0.22305647939082596
15170,0.9634943897250446
15171,0.7817979257645725
15172,0.09324436131633779
15173,0.9903035243136182
15174,0.017464070108300266
15175,0.8962388240958542
15176,0.6607470492618912
15177,0.9923339044881986
15178,0.3981067432410744
15179,0.5553110555546168
15180,0.7124778621965467
15181,0.993923676040075
15182,0.4222987475794118
15183,0.8385563305550119
15184,0.44886144963137986
15185,0.745891542231657
15186,0.9324861673080339
15187,0.418174759023753
15188,0.7267534474817039
15189,0.8403390799234932
15190,0.9213950915703174
15191,0.995653909658736
15192,0.8661935806205563
15193,0.052450849634895914
15194,0.01888761911492965
15195,0.35649509741406427
15196,0.7291449158866841
15197,0.9232192251308761
15198,0.8850398900362288
15199,0.5716836028907488
15200,0.4456020380996984
15201,0.5782249314929488
15202,0.8771266059647694
15203,0.5050142925178924
15204,0.13429894157482028
15205,0.20680216045502503
15206,0.855136271511068
15207,0.910782303324126
15208,0.9272278578952194
15209,0.6053919463639131
15210,0.8103754187693227
15211,0.1553118920378135
15212,0.25260776023646014
15213,0.06976505849067398
15214,0.9069221309324597
15215,0.9558193799848751
15216,0.7645029026737432
15217,0.7226503032379453
15218,0.03841762339934607
15219,0.6173316269542894
15220,0.7035509045152883
15221,0.3750054143542436
15222,0.9964094615355166
15223,0.5543874653493536
15224,0.9453797861253823
15225,0.9618704521557887
15226,0.3256423826598546
15227,0.6112493239179849
15228,0.43129704215220377
15229,0.9213474869440833
15230,0.8287822113448747
15231,0.12182588514563163
15232,0.6816041242892618
15233,0.6941434720435028
15234,0.939223641169885
15235,0.8220418161907201
15236,0.16851906606255168
15237,0.09996663668287196
15238,0.2360338900584986
15239,0.3951833262913686
15240,0.5195672382895624
15241,0.14647676192912998
15242,0.802894243775162
15243,0.9817589026718255
15244,0.8613005933810916
15245,0.39164027812696817
15246,0.16459688537233494
15247,0.9367518837433292
15248,0.971848897108271
15249,0.12204817015445316
15250,0.9912618049920937
15251,0.12817630300526345
15252,0.21880310676801368
15253,0.9501760958501875
15254,0.22465489893560203
15255,0.10615260051879602
15256,0.4580611422037074
15257,0.959913505916356
15258,0.55466468725487
15259,0.3215983054084253
15260,0.9133519043652935
15261,0.4305243425626836
15262,0.6624755620067073
15263,0.18017805216469174
15264,0.03262291144719222
15265,0.9972805825779242
15266,0.963139610539187
15267,0.12772183701342618
15268,0.8034179740383784
15269,0.9977206680313012
15270,0.5443432602210312
15271,0.11793103283482706
15272,0.9317588131636767
15273,0.33919936132903633
15274,0.39205780709219834
15275,0.12923930549429175
15276,0.5808715983656229
15277,0.9713021789202397
15278,0.026843031904214283
15279,0.46932256607533535
15280,0.7328741567292449
15281,0.9491885768241017
15282,0.28283716128185715
15283,0.20065544472054236
15284,0.6074929934920669
15285,0.9607317364802204
15286,0.4509250033286789
15287,0.21827162091695354
15288,0.9529228727769439
15289,0.6820937921798484
15290,0.3816153548402916
15291,0.06936419637518568
15292,0.1917728505622024
15293,0.9101992280529235
15294,0.19545437236197846
15295,0.16192010179205432
15296,0.6238656851419403
15297,0.4565071908129403
15298,0.2220691191846643
15299,0.9010264497076982
15300,0.8988527582268431
15301,0.9277884440739153
15302,0.5864010742241645
15303,0.033779055674844106
15304,0.7949876107216248
15305,0.7797201892950408
15306,0.8219499674007343
15307,0.8202909138177219
15308,0.5328647745414719
15309,0.08395969043107193
15310,0.9693166647284679
15311,0.8037496204653606
15312,0.9141446184369253
15313,0.9774223137503081
15314,0.8992126221126101
15315,0.985491124388033
15316,0.3907662613805395
15317,0.9854599834842127
15318,0.9016537141068032
15319,0.22968405034121467
15320,0.6144462658535498
15321,0.44419050311022346
15322,0.8530118972350362
15323,0.7007674687671888
15324,0.9427749442580067
15325,0.528437620694087
15326,0.9848323784343422
15327,0.848107048672513
15328,0.8544454970178148
15329,0.9461731831847507
15330,0.11956487552670465
15331,0.00730637934944061
15332,0.8911716613494866
15333,0.04488775820881511
15334,0.044871735968428916
15335,0.0758243712516565
15336,0.9347298694974837
15337,0.49123025918454566
15338,0.9242255831583197
15339,0.9470050108819321
15340,0.7262423696751593
15341,0.42844165078655816
15342,0.8638198675099099
15343,0.8819904774121543
15344,0.937980237111593
15345,0.14056671073982255
15346,0.48055516954771366
15347,0.7113363681868973
15348,0.25472623815063783
15349,0.7968072278044934
15350,0.5931978064596278
15351,0.44035499154637864
15352,0.9227772651809196
15353,0.7088519081113716
15354,0.8705922103443264
15355,0.5996594407178111
15356,0.6587249167424528
15357,0.8168554399944807
15358,0.5416217245800816
15359,0.7973879661102458
15360,0.42139283263217436
15361,0.07136987143181095
15362,0.5128074610542955
15363,0.4093283587434085
15364,0.3204540855260243
15365,0.6029633407783961
15366,0.6047079685889937
15367,0.4953959571766139
15368,0.14574231979591407
15369,0.15583921675136397
15370,0.008368985492869314
15371,0.6637494818010683
15372,0.8946780559380755
15373,0.41438598857729064
15374,0.9872042837639137
15375,0.5002323364090883
15376,0.750332569671565
15377,0.8506123283495395
15378,0.4969193208229393
15379,0.9195863068399583
15380,0.3894528578526787
15381,0.2710664628303074
15382,0.7007143645354154
15383,0.8181101032484898
15384,0.7964635396237221
15385,0.12739716873234533
15386,0.8282263409035149
15387,0.45935736849059006
15388,0.7058226662016632
15389,0.5890262558234867
15390,0.15989756551046325
15391,0.5768380717056616
15392,0.9362124676277634
15393,0.9395321748553759
15394,0.9084232754254797
15395,0.8645089898523199
15396,0.8953400197242403
15397,0.202130128464954
15398,0.7885816416281116
15399,0.9893362365486114
15400,0.4368972737053653
15401,0.9466924487492954
15402,0.24053946456644051
15403,0.9221852944906797
15404,0.41795922667516117
15405,0.6091468528644631
15406,0.22940241246667437
15407,0.9688255717528129
15408,0.9494694862367231
15409,0.9860677440010468
15410,0.34384903632406905
15411,0.6678255256063236
15412,0.37899285833331503
15413,0.465504429235718
15414,0.43722133872698166
15415,0.8762928665482788
15416,0.5245137757554197
15417,0.7852533931668461
15418,0.8709420370464332
15419,0.5356778225118012
15420,0.6817517708435951
15421,0.2046056492033253
15422,0.01939904363833602
15423,0.5829693852023285
15424,0.38776900927288077
15425,0.2805856245598577
15426,0.7303531691711411
15427,0.8819298793649485
15428,0.07610997094273979
15429,0.9560196417114873
15430,0.07785844916841514
15431,0.6539254630327415
15432,0.9913081746672279
15433,0.24841200608907538
15434,0.8713469008920479
15435,0.5074360064076214
15436,0.18413689701291364
15437,0.9628707388076593
15438,0.9503701422097667
15439,0.4541196048917669
15440,0.8046365133334364
15441,0.3865252976401662
15442,0.982302465515644
15443,0.15265409823784865
15444,0.8025716196645921
15445,0.15834073307064922
15446,0.5199135815544108
15447,0.5397896149963525
15448,0.8486169948976335
15449,0.5790411984276059
15450,0.01246513954099246
15451,0.9069921997143052
15452,0.86750267934634
15453,0.6436382755581084
15454,0.9367664917696572
15455,0.6884744951600509
15456,0.8351059005684255
15457,0.4084891181993695
15458,0.25004168812194577
15459,0.8268825404171803
15460,0.36530637118311776
15461,0.9748438857594319
15462,0.13204625283904642
15463,0.3226406775592505
15464,0.9293789932385993
15465,0.9389749760187855
15466,0.0736129096103667
15467,0.5358063994867535
15468,0.10444633069106853
15469,0.9813242394043584
15470,0.01750524012426089
15471,0.5884824558524157
15472,0.7919559338628799
15473,0.5443837479768572
15474,0.9628048815924651
15475,0.43533958874249656
15476,0.7277190393489072
15477,0.891259490849686
15478,0.6270731186248496
15479,0.6379000979280804
15480,0.8555273278368408
15481,0.9921927866473933
15482,0.966683072866435
15483,0.2841808956862052
15484,0.9381277234344048
15485,0.29898296889346826
15486,0.9487563369493047
15487,0.3635338014147451
15488,0.017112616412095445
15489,0.8337366717804529
15490,0.9899254440677965
15491,0.43383134540701623
15492,0.8711235666235131
15493,0.454995578772096
15494,0.019300763804364615
15495,0.6617863978931579
15496,0.315342954640402
15497,0.8572791905412213
15498,0.947455425586199
15499,0.19459423224302927
15500,0.7840519561834849
15501,0.5071424634676738
15502,0.01835642991539022
15503,0.7919399642506632
15504,0.8631107467841904
15505,0.6721702632245172
15506,0.02053520009768092
15507,0.0863924230331622
15508,0.5415807703434772
15509,0.7433124381451911
15510,0.3847481034926118
15511,0.872732827660547
15512,0.5799562667690228
15513,0.9896664477993874
15514,0.9807715191471613
15515,0.9726219682023384
15516,0.8000342828914337
15517,0.6638176480825935
15518,0.4099889728461448
15519,0.9708167885898957
15520,0.521255552690202
15521,0.5554600172678851
15522,0.9763861564041503
15523,0.8805697124802004
15524,0.05926317654121177
15525,0.9791691502735137
15526,0.9728111154146926
15527,0.8594631363977612
15528,0.24446022932351916
15529,0.9379405189486778
15530,0.07387273150398502
15531,0.14501697783134979
15532,0.1586623824696953
15533,0.6745430675124668
15534,0.8407284534541304
15535,0.6836464237032145
15536,0.5969964345180903
15537,0.030486308473460226
15538,0.7590006717088672
15539,0.2684272246001742
15540,0.30432528826488897
15541,0.9676189645982324
15542,0.9526338333715528
15543,0.11882100121142569
15544,0.1316566971401735
15545,0.9020735365046009
15546,0.6280219451749786
15547,0.96081198077088
15548,0.974430732815175
15549,0.30227395438963073
15550,0.7552521922482849
15551,0.528010582285226
15552,0.9288749576816845
15553,0.2743528321731057
15554,0.7630050776347345
15555,0.03213731267686195
15556,0.3470054476600968
15557,0.9078911242031512
15558,0.91060891090787
15559,0.9305354471067968
15560,0.17701390965950717
15561,0.9719146651194683
15562,0.8905090901644163
15563,0.06518736542270294
15564,0.8953840540693188
15565,0.9881561164143983
15566,0.47248954454824615
15567,0.9897670563859117
15568,0.41686577331878105
15569,0.9334306185172713
15570,0.5036995346872337
15571,0.8313173645408184
15572,0.8761247901609942
15573,0.47890085890491396
15574,0.7772444104954709
15575,0.804918353773112
15576,0.3246813121372197
15577,0.7142064466416579
15578,0.39517977753262135
15579,0.4242328391196366
15580,0.354612463211873
15581,0.6145988133974262
15582,0.12299361411098339
15583,0.442258532323058
15584,0.14644733650185374
15585,0.2768283170509367
15586,0.9807580506954279
15587,0.8318559615391345
15588,0.7574765637634089
15589,0.8443153915540018
15590,0.549803430476411
15591,0.700213792177557
15592,0.8142838226750613
15593,0.5835672967865734
15594,0.5612637996060648
15595,0.24168738372637402
15596,0.9822066492427202
15597,0.4654275373285655
15598,0.9746430114364347
15599,0.1800831135374753
15600,0.7465267942126955
15601,0.5953401709420857
15602,0.6587787139757156
15603,0.5095837532008927
15604,0.02629703160120086
15605,0.2787901543547523
15606,0.5008232742955296
15607,0.4060716460768284
15608,0.13620932538228833
15609,0.49366657320925944
15610,0.5048605102329455
15611,0.683511370172158
15612,0.8602237487083284
15613,0.3996731659882987
15614,0.31933745643647293
15615,0.8458789396334448
15616,0.9510084371020242
15617,0.9089812860478917
15618,0.7730666211441359
15619,0.38866469230111855
15620,0.00963758286703062
15621,0.6425857205089254
15622,0.6862168155318409
15623,0.6360587994977432
15624,0.9099762911976743
15625,0.38809962419705324
15626,0.43568494374656774
15627,0.1572021606061863
15628,0.790043248550433
15629,0.13751869538919498
15630,0.04340087805126929
15631,0.19983670450134688
15632,0.36407667978966324
15633,0.767473670813548
15634,0.25925160159108124
15635,0.9642785496559724
15636,0.9449947519606657
15637,0.21189796630143487
15638,0.8766792381218679
15639,0.961220051402506
15640,0.7253978545657644
15641,0.9163914817228367
15642,0.9643860664602744
15643,0.5286266010876758
15644,0.9925016655657602
15645,0.08953014713300439
15646,0.5587618771913629
15647,0.5176984133586607
15648,0.46356011830299304
15649,0.5608795150852206
15650,0.9689242401605249
15651,0.9641018709521507
15652,0.8910606144951222
15653,0.060054054870504525
15654,0.6724675211474147
15655,0.9495313487656127
15656,0.9130378577562575
15657,0.34262730758920773
15658,0.3063956448771805
15659,0.16573711360593318
15660,0.8093347297793986
15661,0.8978684228445155
15662,0.05344972872416837
15663,0.9959124744130551
15664,0.8596641453175592
15665,0.6467984923142297
15666,0.48618477579949043
15667,0.5992611228077853
15668,0.9678245884147784
15669,0.767736212374332
15670,0.04482463478433991
15671,0.9100131980320195
15672,0.9811101677681814
15673,0.6317820140832021
15674,0.7326789397733356
15675,0.10991687907902437
15676,0.9905187097261337
15677,0.9518485777002546
15678,0.3497499833813739
15679,0.5518576088268222
15680,0.08697941891560682
15681,0.28975608242068585
15682,0.970134010057994
15683,0.5422604012529548
15684,0.47969448517502844
15685,0.9781188734138334
15686,0.8447564292246662
15687,0.49243219669542654
15688,0.8721589908850402
15689,0.5133543946614483
15690,0.5562926424699778
15691,0.661406205139135
15692,0.02621412124405876
15693,0.15414294369035716
15694,0.9880301174870632
15695,0.13751101657848097
15696,0.795663999626811
15697,0.30039890574538686
15698,0.22922961346925308
15699,0.38314438005093054
15700,0.5653820451203675
15701,0.8702847952353973
15702,0.5857840284708514
15703,0.3257456240801773
15704,0.9215768974154498
15705,0.6106540831992263
15706,0.24477841745427226
15707,0.11739942332774765
15708,0.039162614419726696
15709,0.9744740599589324
15710,0.730522066017998
15711,0.9784434686203043
15712,0.8765280985892325
15713,0.12428876529180757
15714,0.980329640876862
15715,0.9176043691235061
15716,0.12237255222493824
15717,0.6379526089201016
15718,0.017827142258418086
15719,0.9164551724438038
15720,0.8340074707936695
15721,0.5161536056330351
15722,0.9571190829692848
15723,0.9909690467855335
15724,0.4986000364211146
15725,0.3219007508520554
15726,0.7876187450648583
15727,0.948213837937024
15728,0.8214366741228422
15729,0.15718694932267196
15730,0.9587511248963696
15731,0.301688697806117
15732,0.3961144335866088
15733,0.5908659971205226
15734,0.16962502345547725
15735,0.06670309346271881
15736,0.7653462975782332
15737,0.6199819749741715
15738,0.7357819611134879
15739,0.6456621386766429
15740,0.25928547374576943
15741,0.37199410681131556
15742,0.8309133336310175
15743,0.4177935720311207
15744,0.8164250023366506
15745,0.956315246026137
15746,0.03167681656249467
15747,0.5552302231132468
15748,0.8073432709167747
15749,0.8716962873769534
15750,0.5659741088922204
15751,0.7052389426135396
15752,0.9882222733913176
15753,0.9369676128602084
15754,0.7966836054961319
15755,0.9968807008386895
15756,0.9072937477101063
15757,0.29759359443987365
15758,0.3596448659269342
15759,0.4120514805395219
15760,0.8112780479371624
15761,0.3370121539030835
15762,0.9864614944746452
15763,0.026957733334132063
15764,0.8610235048893105
15765,0.7135564649779641
15766,0.21799213572966825
15767,0.8417946241828894
15768,0.9479916125012192
15769,0.9974856989277929
15770,0.997409883119122
15771,0.7608212319784633
15772,0.2173032283196827
15773,0.9776436356502423
15774,0.9795420246706484
15775,0.5524931730831523
15776,0.9573885277949854
15777,0.12530820720538968
15778,0.1634252108573279
15779,0.022146756669358978
15780,0.17295637794662452
15781,0.5623080347935202
15782,0.989779202181504
15783,0.20584872611435528
15784,0.6741619762972846
15785,0.6556265882708137
15786,0.0683322605941448
15787,0.7197984921304821
15788,0.4675380158522178
15789,0.956512745548039
15790,0.29715484588297153
15791,0.299609325511318
15792,0.41141187671806206
15793,0.959997845348259
15794,0.9730728472161008
15795,0.18908140786269875
15796,0.3353462399627136
15797,0.37764570865619823
15798,0.815708768833028
15799,0.6787302125006626
15800,0.3124799239460879
15801,0.9003463505809658
15802,0.7812971849659721
15803,0.2687992032107267
15804,0.9462421598146865
15805,0.7317614469602324
15806,0.2289402172562972
15807,0.31897204860658496
15808,0.09877779896747568
15809,0.338815986164375
15810,0.34034415313250715
15811,0.8814532051957645
15812,0.9764912526431538
15813,0.8293464490065281
15814,0.6466510288188664
15815,0.5724561078832334
15816,0.16846364783963677
15817,0.8291721018097511
15818,0.6302584429083098
15819,0.5252661201858354
15820,0.5445140156976489
15821,0.3139939114142737
15822,0.7871325261320664
15823,0.5237829312112442
15824,0.44608195997660155
15825,0.38494513464409796
15826,0.1250342336694117
15827,0.9238629470223895
15828,0.11069698837599697
15829,0.9069092059729906
15830,0.043308196046702926
15831,0.08748261437192192
15832,0.8839003431004415
15833,0.9788615552208726
15834,0.39390833658247526
15835,0.6104104454568772
15836,0.2922775594029458
15837,0.017461124444345413
15838,0.5978305037343229
15839,0.9970647700323507
15840,0.04111465290358011
15841,0.7810476179414834
15842,0.8593981827742363
15843,0.2359453482125575
15844,0.20837070127094487
15845,0.13274866657462195
15846,0.4078957938702561
15847,0.7959689657337199
15848,0.8047572409910534
15849,0.7866353094221784
15850,0.935432123114345
15851,0.994717055908738
15852,0.9721819007825493
15853,0.31133432622974805
15854,0.9541369628508162
15855,0.7630118412417386
15856,0.7905755009332734
15857,0.6875699717243636
15858,0.9877773515524086
15859,0.5825271335801806
15860,0.5505510190234117
15861,0.9685757644689478
15862,0.5510002954999264
15863,0.26176586434734295
15864,0.17598590257735502
15865,0.5079975760312846
15866,0.12580939337991812
15867,0.14195776806213434
15868,0.6858522105503805
15869,0.023015524285751553
15870,0.9954623078510799
15871,0.8982976273550913
15872,0.3441633612231858
15873,0.84136597407271
15874,0.12172361089039152
15875,0.7175438257058964
15876,0.16623523070932067
15877,0.6577007122330999
15878,0.7386393463770735
15879,0.38640777950751615
15880,0.4328431531229084
15881,0.860943115509409
15882,0.9722681257537661
15883,0.10472191147512191
15884,0.880364278187299
15885,0.8194989873556473
15886,0.5868495252718351
15887,0.3495981362583172
15888,0.8059293906390969
15889,0.887259746928148
15890,0.1424113698327726
15891,0.9306526250100665
15892,0.757334421627369
15893,0.9138114591278488
15894,0.5355512524557465
15895,0.7079505748104173
15896,0.06913877818602002
15897,0.7608884614312339
15898,0.6516659403499105
15899,0.970247721367427
15900,0.9208589919172608
15901,0.21282244162732605
15902,0.7208423709057655
15903,0.9650717884784965
15904,0.0766374763053193
15905,0.5466644314879001
15906,0.6405448325127948
15907,0.4463553779744161
15908,0.5709900696402246
15909,0.18213927513255976
15910,0.9747757363963293
15911,0.9988475173849621
15912,0.049253748747897466
15913,0.5963571297027247
15914,0.7432130464245965
15915,0.19131124827221657
15916,0.3930041153092043
15917,0.7967388150046087
15918,0.8952663369742451
15919,0.157260552600875
15920,0.5444524941636217
15921,0.9271888476745874
15922,0.1915334313950401
15923,0.4962514638014331
15924,0.3890191454725281
15925,0.8419213405465042
15926,0.3294981642511353
15927,0.43534998306779027
15928,0.16631689977553857
15929,0.7777906071807602
15930,0.9403836553030652
15931,0.6538620578696133
15932,0.7588404815060164
15933,0.803042735703517
15934,0.9814784133286208
15935,0.7051359738425701
15936,0.5153566607620823
15937,0.5188216039336049
15938,0.16024312190200438
15939,0.9855273235782248
15940,0.3861544701869233
15941,0.8575265996906063
15942,0.1050745172673736
15943,0.9371668603888603
15944,0.7160293414670562
15945,0.577342897232884
15946,0.05873815067888039
15947,0.002675688247807855
15948,0.5986448845146239
15949,0.07262847598760623
15950,0.16901380833642515
15951,0.37624688466507944
15952,0.31092836631722603
15953,0.5074223188930922
15954,0.5374971146073483
15955,0.27337822510333254
15956,0.7885827700888287
15957,0.8034848684252268
15958,0.9245856411835057
15959,0.519382604917626
15960,0.666510888405161
15961,0.4865877148667694
15962,0.06581846320129232
15963,0.9853526803096522
15964,0.8100090813229348
15965,0.9853351797258149
15966,0.6979225536976292
15967,0.8215421484610788
15968,0.19972699756148374
15969,0.3916732817328447
15970,0.40497975703254296
15971,0.6887178984567756
15972,0.11074115323232672
15973,0.4512499857885569
15974,0.8668187529165929
15975,0.9433293031565437
15976,0.3847489110933504
15977,0.6841499208956361
15978,0.4958559439370813
15979,0.38989076288169183
15980,0.8635285399947485
15981,0.993938868885303
15982,0.7415757255326746
15983,0.4476335694866216
15984,0.4108219659072669
15985,0.9830000345784998
15986,0.7903826841281038
15987,0.20473945027284285
15988,0.44331783651510726
15989,0.31295892161875577
15990,0.49149945912683896
15991,0.022475141230291172
15992,0.5259942451658743
15993,0.9039062350523211
15994,0.6828863426518319
15995,0.8117849306784164
15996,0.13090133624165717
15997,0.7828837841824762
15998,0.6712157946452095
15999,0.9034589784360934
16000,0.3881488867127453
16001,0.5679433219803288
16002,0.7721129076115443
16003,0.2838631995927848
16004,0.6640618910812736
16005,0.3750027353886622
16006,0.6381043769145074
16007,0.8722035069727125
16008,0.5006832916962581
16009,0.06496151420221105
16010,0.21136265762877213
16011,0.7101610731087531
16012,0.8967417382661366
16013,0.6723933611528589
16014,0.08124268039450076
16015,0.6119151460315183
16016,0.7083764562175643
16017,0.8637053780018361
16018,0.8512381206900294
16019,0.9703798218668618
16020,0.8405946789102123
16021,0.9911403680900573
16022,0.9541281137174455
16023,0.47638920725852074
16024,0.9956098901072994
16025,0.4599274438366831
16026,0.8489060126374327
16027,0.671815859673011
16028,0.18431071651676004
16029,0.9147833566810031
16030,0.9593375025247727
16031,0.29804789983189467
16032,0.845355996940448
16033,0.5335352115276586
16034,0.26485392373437533
16035,0.9809858085971325
16036,0.6646630546743356
16037,0.12281030868350665
16038,0.773196221004061
16039,0.511103785365805
16040,0.055246641216875794
16041,0.15399298248221205
16042,0.9779707508146422
16043,0.4625678371704297
16044,0.9644164368656384
16045,0.7688686964322222
16046,0.7718911652128281
16047,0.04505654087963029
16048,0.7711704382107938
16049,0.9908178751990369
16050,0.6030537906568634
16051,0.08366452835455786
16052,0.2453467898574022
16053,0.43981586734871764
16054,0.7318717453730751
16055,0.7771433222819851
16056,0.598015159783143
16057,0.09227790040306487
16058,0.9157937233437261
16059,0.6675699662344843
16060,0.19415878247428517
16061,0.17156188218105428
16062,0.41576118491904696
16063,0.7346029190428898
16064,0.5687993801161921
16065,0.7710544986752684
16066,0.12447682753205971
16067,0.7014354896891242
16068,0.7757135345069563
16069,0.9901075481418258
16070,0.9877063175038199
16071,0.9917938623229557
16072,0.3403643403876399
16073,0.8837720618280434
16074,0.9601885214779949
16075,0.8155012022653793
16076,0.868563419276747
16077,0.1574226632152517
16078,0.02059191410824017
16079,0.15848409929056378
16080,0.30861178081398183
16081,0.7992836131639688
16082,0.3965900210619117
16083,0.3341733112728599
16084,0.9308371501473626
16085,0.9149410286994314
16086,0.9511855288434603
16087,0.5767439220763205
16088,0.03771306091573432
16089,0.9844668948887709
16090,0.8249186407898825
16091,0.0899549067582004
16092,0.7372827521864874
16093,0.8221967709901916
16094,0.7925211693148124
16095,0.7021395277141731
16096,0.9339931246051423
16097,0.8139507939925966
16098,0.726740069033713
16099,0.4734612677002138
16100,0.5693611602934741
16101,0.5781826869105771
16102,0.8250480206837102
16103,0.43107054078482104
16104,0.21179159319317128
16105,0.2957774331216333
16106,0.9393606692358735
16107,0.19268754229922203
16108,0.7251807164812114
16109,0.8836859080103125
16110,0.061296718343731814
16111,0.8780319688328679
16112,0.6058919883465347
16113,0.7144306894498257
16114,0.5967468133279377
16115,0.9930702964310116
16116,0.9724978760172361
16117,0.42002868032658003
16118,0.9799155603966514
16119,0.2112932143869129
16120,0.1658778934888729
16121,0.8719035086477935
16122,0.7484968989215083
16123,0.026865674998558305
16124,0.1325335707607904
16125,0.05812165603442753
16126,0.9969364873372335
16127,0.3338136533552523
16128,0.24698093239241425
16129,0.6305438627117436
16130,0.6824924478205721
16131,0.5694406128761971
16132,0.7458964959451605
16133,0.7110424776979037
16134,0.17096978908838892
16135,0.18887066031479283
16136,0.9080183001258301
16137,0.6376088103737882
16138,0.13948016978617214
16139,0.015494275218202043
16140,0.7209977397822965
16141,0.7732535911182467
16142,0.8316509520831612
16143,0.9712825874366738
16144,0.775703307586355
16145,0.285913858512711
16146,0.6244569835075726
16147,0.8768364158208094
16148,0.8253572704710848
16149,0.23241707169979747
16150,0.9870101167244273
16151,0.9949505369913881
16152,0.4108444650541348
16153,0.831418512911589
16154,0.2886886385321919
16155,0.32938879003052973
16156,0.9599554808192061
16157,0.873968394589669
16158,0.594985082185143
16159,0.26169086672458813
16160,0.4852695029156021
16161,0.9865403530139283
16162,0.8376875132706173
16163,0.21053951864338022
16164,0.047633979167081716
16165,0.738577136270954
16166,0.8911112237948858
16167,0.07447695862663731
16168,0.995705896141296
16169,0.19576765491696302
16170,0.9575492060691325
16171,0.2770696657591733
16172,0.3083088308194705
16173,0.2024454782060221
16174,0.6238366817029539
16175,0.9884482363365896
16176,0.5620893056789407
16177,0.9381850557249927
16178,0.968257361634867
16179,0.2060968412102351
16180,0.9733013908771919
16181,0.7004673044641136
16182,0.8038281246631847
16183,0.7976821114764081
16184,0.220087485478793
16185,0.3506438130693326
16186,0.5588614992275476
16187,0.6883231609073908
16188,0.19447762838595223
16189,0.9923490357345967
16190,0.4801260323080826
16191,0.9652317849318288
16192,0.462561492545933
16193,0.902998395906541
16194,0.0550667582654554
16195,0.06437952504532969
16196,0.09069623171497943
16197,0.8196862670380498
16198,0.45827354602080467
16199,0.9615037838732166
16200,0.3755024943309657
16201,0.9512469304762213
16202,0.7352878988197183
16203,0.8756027196475421
16204,0.8753688942056477
16205,0.04455624657128943
16206,0.7178002898069111
16207,0.936389615639573
16208,0.9497733451183844
16209,0.3240920800226478
16210,0.8047378199851649
16211,0.582297353887323
16212,0.7116159749423896
16213,0.7516077879773736
16214,0.9849281849795556
16215,0.9149795785328674
16216,0.8425524901708696
16217,0.564283484245926
16218,0.5973185968834778
16219,0.9662333706991245
16220,0.7217236810853925
16221,0.9197617798249426
16222,0.9735368581698245
16223,0.7414332582217621
16224,0.8916231703330129
16225,0.13854955392818472
16226,0.3186817741724327
16227,0.9500434898030418
16228,0.6063125875019354
16229,0.6669498419571118
16230,0.9155261952306134
16231,0.4342601388327657
16232,0.9795874223580125
16233,0.6190714469358085
16234,0.37745923948964905
16235,0.9720133544145955
16236,0.7614475642695988
16237,0.9197297012635711
16238,0.9908550806484709
16239,0.5923096345641589
16240,0.7312613556760993
16241,0.005112240646128523
16242,0.29230226900098655
16243,0.11518318340619686
16244,0.399749450205607
16245,0.31721626555001753
16246,0.8652748217697684
16247,0.6578778805056832
16248,0.9067990373064033
16249,0.20568917112026827
16250,0.8186352267870015
16251,0.9610188430300715
16252,0.8925107206363362
16253,0.7888717722814749
16254,0.1860466486603475
16255,0.9482269594876582
16256,0.6168732047428516
16257,0.9681344286129113
16258,0.9469563143964697
16259,0.9993232624377378
16260,0.8760518503425514
16261,0.230315353623662
16262,0.010726058807827054
16263,0.8420668548910551
16264,0.3504478234708252
16265,0.7022104842370323
16266,0.08957534361113705
16267,0.5070403842067799
16268,0.4732209566678192
16269,0.9078532506738939
16270,0.4889050357726633
16271,0.9937319175966584
16272,0.24984999090135943
16273,0.16978373064171023
16274,0.6421503884986017
16275,0.9533410653985503
16276,0.8324820297946013
16277,0.18702526580337872
16278,0.9583951920680047
16279,0.29644618264735717
16280,0.8409395212817865
16281,0.9185046133741231
16282,0.45933410567450333
16283,0.578360432548931
16284,0.06434090561573998
16285,0.6232847839708474
16286,0.9092427210156553
16287,0.21527553120906268
16288,0.2286450519032451
16289,0.6663224022118648
16290,0.39689054685548475
16291,0.6244650967111205
16292,0.6864475678054974
16293,0.2872968913472414
16294,0.9370583376175496
16295,0.006112806880327945
16296,0.742293088107638
16297,0.9968463980126145
16298,0.9903449657032196
16299,0.6497220694931164
16300,0.9528692822714097
16301,0.7318409777870446
16302,0.2002929209260232
16303,0.944442138011413
16304,0.2997387385341656
16305,0.7058719350604207
16306,0.7492489792015797
16307,0.23023008759421787
16308,0.17517957677206075
16309,0.54056508623464
16310,0.09192571967628294
16311,0.5616258176518131
16312,0.8778542165686065
16313,0.9292414876100997
16314,0.9190160806032284
16315,0.875453045453327
16316,0.9180385077000082
16317,0.8436638587350364
16318,0.9657300400037834
16319,0.3859763275384843
16320,0.9847860536202259
16321,0.832704087453582
16322,0.9661128642597191
16323,0.008088645822307134
16324,0.21919195117095078
16325,0.9844330352098104
16326,0.8114055140563038
16327,0.6178207877950949
16328,0.9033896415251117
16329,0.9368114919017517
16330,0.676502468528355
16331,0.653737742150853
16332,0.56790169846443
16333,0.9962326240104061
16334,0.19240749488410605
16335,0.9942400132615421
16336,0.6739382937198531
16337,0.6492779043467659
16338,0.06695124671449913
16339,0.8722134122412799
16340,0.5809417335328055
16341,0.6936905933310606
16342,0.45213108684882436
16343,0.555813401325285
16344,0.6037497554430781
16345,0.2023326754729225
16346,0.403255123974443
16347,0.8441267531463995
16348,0.8358920194428224
16349,0.2669535206947967
16350,0.8950332153788907
16351,0.4989476898782094
16352,0.9138563809108801
16353,0.7871864544631912
16354,0.9855804459396595
16355,0.8568013660277926
16356,0.6805074417855542
16357,0.9764560008401171
16358,0.9873200533272253
16359,0.9900586899450896
16360,0.7623209388297494
16361,0.9467060858428735
16362,0.13564152651631828
16363,0.9919510968805261
16364,0.7567964254703412
16365,0.9868988401999845
16366,0.7414178718359793
16367,0.9817429268864906
16368,0.9648066615075348
16369,0.7639509789740375
16370,0.9938346977074284
16371,0.6991649198411689
16372,0.9824639317683924
16373,0.22726473620817259
16374,0.055044657714986116
16375,0.341077078901826
16376,0.06785484769198308
16377,0.10896324565827854
16378,0.4938061452334396
16379,0.9331583522853399
16380,0.026843732794928195
16381,0.7498683647753452
16382,0.13201201330759177
16383,0.47109699158605634
16384,0.6231276928090824
16385,0.843784977126936
16386,0.3595281357696198
16387,0.9027947215981239
16388,0.5925510658794441
16389,0.05294332856014275
16390,0.2532182519220508
16391,0.7064264372800718
16392,0.8492146948662533
16393,0.508150316888579
16394,0.9277863746371094
16395,0.8114307507973401
16396,0.3136256825358497
16397,0.5845714060136833
16398,0.7836122924846245
16399,0.8682330498545456
16400,0.227635957234863
16401,0.3025791632859778
16402,0.03649740018863924
16403,0.3819513067376577
16404,0.6873084804685738
16405,0.40506782372879563
16406,0.991702627356392
16407,0.9368829140911911
16408,0.9179402327969542
16409,0.8762104648996623
16410,0.9510642760634378
16411,0.906839825128735
16412,0.6819342722480616
16413,0.08619475844680319
16414,0.5544889371764212
16415,0.9850083844736597
16416,0.8957995584615928
16417,0.8174767441718027
16418,0.9343499257561115
16419,0.943173441210543
16420,0.22134996763909995
16421,0.9392212540218904
16422,0.6194129645833121
16423,0.3446149426433182
16424,0.8604787702472599
16425,0.6701224041426724
16426,0.6332246917867949
16427,0.41326348505858623
16428,0.8868783470791843
16429,0.6552443688352954
16430,0.12502794526826405
16431,0.2715306084138242
16432,0.9360355477525053
16433,0.7818578509838788
16434,0.9909120989529575
16435,0.979267257197846
16436,0.7413189689030516
16437,0.21504999135147873
16438,0.748007507475061
16439,0.7850446336306204
16440,0.2880622048092255
16441,0.31482253403008614
16442,0.2643073770998999
16443,0.8037543723931945
16444,0.5198574382331667
16445,0.7713226400744203
16446,0.5698135040250859
16447,0.03904336437919615
16448,0.7422069040609325
16449,0.4835223310811956
16450,0.671558192432616
16451,0.19535900666379927
16452,0.9394508560352025
16453,0.1630283811143047
16454,0.922165312957631
16455,0.3262658359679477
16456,0.5592812124176297
16457,0.6666823714504614
16458,0.9489014357643902
16459,0.7828608298552556
16460,0.8949745736699355
16461,0.7870015595865224
16462,0.814176072640857
16463,0.7486159902241887
16464,0.9693580778359335
16465,0.8151655414152964
16466,0.3629386993164188
16467,0.9812094205156403
16468,0.3540117245581826
16469,0.7313272550389806
16470,0.4184081721565092
16471,0.847732646484703
16472,0.6666602003261948
16473,0.5937764453990673
16474,0.5943672636900453
16475,0.2030175044692158
16476,0.36935810483780857
16477,0.9767258582582794
16478,0.46632697539714496
16479,0.16856874772893127
16480,0.8939295274202006
16481,0.636313482025283
16482,0.4653680629743799
16483,0.8307569725719671
16484,0.8881053093207584
16485,0.07600917256357927
16486,0.6333874156867975
16487,0.024821154947263956
16488,0.4938340196896962
16489,0.07646120605109594
16490,0.9731204853803305
16491,0.6758798843545221
16492,0.245784698633147
16493,0.8394496231236869
16494,0.4746425200209334
16495,0.9535482858605432
16496,0.9984800253875264
16497,0.10435014499468884
16498,0.8285288165145483
16499,0.9867339038722872
16500,0.7680696277309931
16501,0.9002247304444663
16502,0.8701545326454461
16503,0.09780471924617948
16504,0.08665493936889167
16505,0.33245940335179647
16506,0.34876968643482337
16507,0.9782977875215091
16508,0.14403218419792332
16509,0.8856676468760358
16510,0.9710498358011965
16511,0.6457300553886979
16512,0.7819118834179907
16513,0.9536784929770381
16514,0.33509485450624943
16515,0.7979112245158857
16516,0.8116370483837383
16517,0.5709058035925876
16518,0.2796381148193203
16519,0.03246113736375417
16520,0.45151742602542067
16521,0.6774796549974276
16522,0.44448726682799755
16523,0.8520363877476563
16524,0.15208633506383948
16525,0.2706817134715618
16526,0.9311757073772269
16527,0.9674607005326514
16528,0.7895516346894853
16529,0.3787530729544325
16530,0.7075770833981206
16531,0.9776817367707126
16532,0.496528409848083
16533,0.10848832906387437
16534,0.7097962573036284
16535,0.9947840211825448
16536,0.35136776972654327
16537,0.8892647577624128
16538,0.9444087583759424
16539,0.3382221163202528
16540,0.9418532064404673
16541,0.26978444033163285
16542,0.8165306833767478
16543,0.4744953739443213
16544,0.9383221320057447
16545,0.5829313450652293
16546,0.9243562236263592
16547,0.5589247416764307
16548,0.95784163982564
16549,0.8516951501244943
16550,0.38047595892115244
16551,0.6771484625461656
16552,0.9545018642346168
16553,0.7833323384520433
16554,0.2103504128019906
16555,0.8387458598807084
16556,0.6761987116388645
16557,0.9912027853371952
16558,0.904029932416133
16559,0.4333223239712795
16560,0.9299765537655185
16561,0.9598124943107046
16562,0.4359032114014468
16563,0.9807180505315956
16564,0.16863508373989836
16565,0.7435552856683606
16566,0.911906923943428
16567,0.7857954120594988
16568,0.8335966215503203
16569,0.40584874546158917
16570,0.4030845971229675
16571,0.9354846740560433
16572,0.8721239106021421
16573,0.4616405039858994
16574,0.6008252981958302
16575,0.8019257540291016
16576,0.41829947101459847
16577,0.7532949975465792
16578,0.02284450833672912
16579,0.8625695057937374
16580,0.8867155829064818
16581,0.1654235402413772
16582,0.6490987336177393
16583,0.931110554284439
16584,0.6830278999546529
16585,0.7871500581113167
16586,0.8928984675774997
16587,0.9622885600228154
16588,0.36153213934888995
16589,0.7994657006568162
16590,0.7691595255392056
16591,0.6160777901048521
16592,0.30196346894521336
16593,0.9383394944852381
16594,0.63154773448589
16595,0.9968581318273536
16596,0.9261492119557042
16597,0.24538009344519665
16598,0.7011822278160086
16599,0.9936090816142051
16600,0.6145048701656879
16601,0.13585659708188202
16602,0.6334816821868169
16603,0.32700488828714963
16604,0.8857067326479563
16605,0.9367457704651704
16606,0.8749832719606049
16607,0.5999147075669838
16608,0.4524772050966691
16609,0.6640702558799702
16610,0.5297703706590384
16611,0.0135728073799331
16612,0.8207925348179714
16613,0.2255890539238476
16614,0.8723268622176191
16615,0.39159337494437024
16616,0.12881657475263603
16617,0.11512452620768161
16618,0.21194170317565744
16619,0.8567636063092147
16620,0.15132354871436168
16621,0.7441153778295734
16622,0.3542231352181821
16623,0.7815596574337699
16624,0.9970093944969362
16625,0.9975145553749023
16626,0.35377686187940854
16627,0.7418687535758746
16628,0.4649938050101395
16629,0.9881926213121038
16630,0.9382595077543472
16631,0.9574459704239151
16632,0.9852042530394155
16633,0.17691787752282684
16634,0.9976822611732754
16635,0.9628709953364182
16636,0.9194968626398439
16637,0.7606335777688071
16638,0.5271237257600866
16639,0.27563574207126507
16640,0.8220620251065752
16641,0.9864529950766916
16642,0.836208202640787
16643,0.017438283240429463
16644,0.1946097615032891
16645,0.8420614730768042
16646,0.7487379593369163
16647,0.02002062239405088
16648,0.8511241749639022
16649,0.7946444323565484
16650,0.9350229733699914
16651,0.9839421133506869
16652,0.1923506959814221
16653,0.4158569019160648
16654,0.30508552921391224
16655,0.7987371347872795
16656,0.2877656524433606
16657,0.15408135787059002
16658,0.10011329806761635
16659,0.27128041789381824
16660,0.1942036293974601
16661,0.9184786969707219
16662,0.42741855002101725
16663,0.23685093267415888
16664,0.8500797019998902
16665,0.13582301678708542
16666,0.014790537436421797
16667,0.6635231047898591
16668,0.5529204264388027
16669,0.7796300827526413
16670,0.16699666028403848
16671,0.08689979230021948
16672,0.4112723198136678
16673,0.06721083374431217
16674,0.9587470660615525
16675,0.7905058268412921
16676,0.3446813405042885
16677,0.9744882551545465
16678,0.027562439391433113
16679,0.1685193982307098
16680,0.019777265012179836
16681,0.6657450214348933
16682,0.04315567947546076
16683,0.9743794763723361
16684,0.06585512524519754
16685,0.6753524824688772
16686,0.9904923848973501
16687,0.04316618629028087
16688,0.9907563916394835
16689,0.634526235418206
16690,0.01645684201099865
16691,0.24088622373677657
16692,0.9047701302515584
16693,0.8842244369687045
16694,0.08753272601726828
16695,0.7834091691593565
16696,0.39691180475874577
16697,0.05629004267874219
16698,0.6334143569433386
16699,0.017955449753668393
16700,0.9951332912040167
16701,0.7916448581625266
16702,0.17074632542010496
16703,0.8800418840361413
16704,0.9743840771257837
16705,0.04077753813841881
16706,0.7622537046016873
16707,0.48447950870372924
16708,0.8463897741155075
16709,0.49411805676694026
16710,0.97320809919751
16711,0.9048237496819576
16712,0.5873174291494073
16713,0.3876476331840364
16714,0.8175503950868127
16715,0.4292706904871104
16716,0.6149638076396319
16717,0.857272962917979
16718,0.6182560416302065
16719,0.9377835965389894
16720,0.01733405108259568
16721,0.709091529374465
16722,0.5529855349958624
16723,0.8920648195006
16724,0.8911244350708623
16725,0.8271468452821749
16726,0.0911884866263999
16727,0.8527916928601149
16728,0.11695120529815652
16729,0.9610268299343332
16730,0.6003881828332723
16731,0.2994694493219026
16732,0.7564158028547511
16733,0.43699342799450736
16734,0.9683409426677011
16735,0.48391671156840566
16736,0.9729270401747547
16737,0.32139987104025636
16738,0.8393081197414111
16739,0.8179071521262733
16740,0.8542743356402083
16741,0.8772246667270887
16742,0.7788856857950006
16743,0.07615058239645843
16744,0.8127680132508106
16745,0.47028364789089916
16746,0.9093967802205256
16747,0.8793806223181726
16748,0.8085935772120719
16749,0.9640628143778287
16750,0.024773649919158498
16751,0.21163387913513906
16752,0.8872428383694144
16753,0.3602045972806189
16754,0.3179321725536555
16755,0.6682722283336239
16756,0.40821468759401974
16757,0.4786617613885549
16758,0.5912407876678417
16759,0.4177003139733468
16760,0.6749542917112281
16761,0.43840230110130607
16762,0.5649934059856293
16763,0.009763369806112289
16764,0.8554262329654329
16765,0.8187644866060855
16766,0.12033506463829292
16767,0.5260818005169311
16768,0.4002288607837991
16769,0.021493114807110074
16770,0.9439745401530423
16771,0.3849532736844942
16772,0.9932035858826318
16773,0.943902248920314
16774,0.9492078077132214
16775,0.9381850968669658
16776,0.9959129371050751
16777,0.9642371462014114
16778,0.35087459054044523
16779,0.4252014498779314
16780,0.7771116753224537
16781,0.989246631832731
16782,0.8374980033150334
16783,0.8492397920338299
16784,0.8210501438910393
16785,0.5662235306245522
16786,0.18468627368802779
16787,0.5502306994354116
16788,0.7794478541009706
16789,0.8377914366524942
16790,0.8132494621605773
16791,0.742632589804273
16792,0.19021598614283
16793,0.2660041387776888
16794,0.9444668046490852
16795,0.6695648944353851
16796,0.6779451342791302
16797,0.51429498356941
16798,0.6478456835044023
16799,0.9530415656611901
16800,0.9939430270222314
16801,0.645723320950733
16802,0.6340545415451876
16803,0.7709465823929698
16804,0.3644384617929595
16805,0.6481674691585759
16806,0.6434547433638402
16807,0.7728167518289673
16808,0.8047436353352031
16809,0.5860127688634623
16810,0.21747530962935832
16811,0.6362495178509597
16812,0.7265346413648387
16813,0.9515289217558711
16814,0.12643297091325945
16815,0.8879323767088226
16816,0.19360993229684315
16817,0.34994746529276466
16818,0.9269567131661511
16819,0.08344872137461785
16820,0.7537005895818627
16821,0.7084508716505928
16822,0.9823079700033132
16823,0.3568972681031264
16824,0.3580963466808632
16825,0.11866160041905666
16826,0.2549428851602646
16827,0.5106285594109193
16828,0.33444548652767664
16829,0.7766447510357961
16830,0.8198773955955275
16831,0.9154311984353626
16832,0.9892638731724057
16833,0.9389833287862752
16834,0.04521681801637864
16835,0.8078553994190886
16836,0.9652253746863761
16837,0.17658846845489903
16838,0.8524885257663685
16839,0.9976746574518921
16840,0.9916647638448173
16841,0.9633302348566193
16842,0.8316043154585913
16843,0.9904310363162919
16844,0.8376174327917476
16845,0.4691068733083379
16846,0.9340275036760854
16847,0.7945870497910756
16848,0.9829404738347299
16849,0.31224452631851657
16850,0.5975803744806941
16851,0.73378624327108
16852,0.19162484663634716
16853,0.9175126214009901
16854,0.7586121792954871
16855,0.6856595660981261
16856,0.523806120861149
16857,0.804959806182051
16858,0.8915173608237421
16859,0.5283336970645699
16860,0.7953876211806655
16861,0.9517901700788686
16862,0.6657971058769147
16863,0.6835627708732076
16864,0.37506533501762596
16865,0.8891486805271072
16866,0.7557679187020974
16867,0.9359018990860245
16868,0.9389977136491884
16869,0.43090531071192517
16870,0.4272328169249693
16871,0.2823953688234491
16872,0.23995067420666144
16873,0.7825216536792793
16874,0.39468597231969316
16875,0.3317337922638059
16876,0.18108867183369487
16877,0.5924179484285489
16878,0.2291613503811566
16879,0.1840352317725252
16880,0.4063541771608532
16881,0.6626196652985048
16882,0.42939301833916643
16883,0.5155767145780309
16884,0.03083928389439904
16885,0.9107701402381327
16886,0.9322317502199391
16887,0.7181409110644241
16888,0.9393438354842998
16889,0.7145006387807649
16890,0.711561445669942
16891,0.13819007332653505
16892,0.2690759723121908
16893,0.7048131702501813
16894,0.9344028869952289
16895,0.7662225172868912
16896,0.2122336945802693
16897,0.9689649420366309
16898,0.9418189454890289
16899,0.8014820692164247
16900,0.8066581935486595
16901,0.20088347806475185
16902,0.9786288629690354
16903,0.6602462576790965
16904,0.943939267178264
16905,0.6982330871376373
16906,0.8941477387341713
16907,0.20675503430987488
16908,0.9391782026928505
16909,0.9538696366995254
16910,0.556879340193078
16911,0.41783339112108775
16912,0.3794920644713172
16913,0.8365267299181253
16914,0.9439555292581615
16915,0.7635057046587496
16916,0.336140891398069
16917,0.05083355296808488
16918,0.28423400986488984
16919,0.7168696537759373
16920,0.9536407788613909
16921,0.6082307728558983
16922,0.6767577948370813
16923,0.7315268536334197
16924,0.6176622936641177
16925,0.288335157413065
16926,0.8227401957469759
16927,0.7719837734053944
16928,0.2986096187387573
16929,0.09269233336785793
16930,0.8901656727872521
16931,0.9540759284279209
16932,0.20995967104433993
16933,0.4530202938768267
16934,0.25507004823627
16935,0.6560193875484326
16936,0.9958914133500569
16937,0.022210176555639106
16938,0.6235978849931617
16939,0.9345759103933697
16940,0.48080877622078105
16941,0.9269869180657174
16942,0.03514890371798219
16943,0.38424582712263483
16944,0.09826152568376688
16945,0.14735346493167564
16946,0.9647493326943687
16947,0.25455279659591035
16948,0.36695875932253647
16949,0.7409437691843607
16950,0.19840271544951793
16951,0.873889012191732
16952,0.1517332747110841
16953,0.8387741033114343
16954,0.7518805962917666
16955,0.8254021874968359
16956,0.10578833842751716
16957,0.9937458883272393
16958,0.9768669047741351
16959,0.06071113151128241
16960,0.8777758777175957
16961,0.5516584883474804
16962,0.14207644432539543
16963,0.33135669538607376
16964,0.6887793566679818
16965,0.9137694955710095
16966,0.9834525313862247
16967,0.5940166570304468
16968,0.3925760124479974
16969,0.7884986070878645
16970,0.24749123759150676
16971,0.2628520409254649
16972,0.8327163591051363
16973,0.3275698292874405
16974,0.6513008697316033
16975,0.23013700904990614
16976,0.9539109131090007
16977,0.9839491063985407
16978,0.40184598078414024
16979,0.25893393883320287
16980,0.7512538069797132
16981,0.9631323659339589
16982,0.7347221015462427
16983,0.9623255231859817
16984,0.6593300115614888
16985,0.6295272303627726
16986,0.6059251647745223
16987,0.02816976678957101
16988,0.7352250519790433
16989,0.2209607083726277
16990,0.8887473821411656
16991,0.9633403803596728
16992,0.5720380197272402
16993,0.4493106564664611
16994,0.7772252314350331
16995,0.6841841263098646
16996,0.9315906690347527
16997,0.9793369862707744
16998,0.22476664083116873
16999,0.5971810271058416
17000,0.6771289173710597
17001,0.4478252464479398
17002,0.7190977355155357
17003,0.2782096757852096
17004,0.8029553936174322
17005,0.18580918221707476
17006,0.9104810982566183
17007,0.9644671443386272
17008,0.8731666809336089
17009,0.9044821461310482
17010,0.5849793601656409
17011,0.30565597793127486
17012,0.19516216519939902
17013,0.8889756850631514
17014,0.5358439140475081
17015,0.705829338448987
17016,0.8534033139280213
17017,0.5739969508251626
17018,0.7758303121628479
17019,0.6736397289838622
17020,0.6203590897629526
17021,0.6319617282012443
17022,0.01578502596980511
17023,0.6715381851929679
17024,0.6996714363108352
17025,0.16620789171575123
17026,0.7395897135033368
17027,0.4923827195610203
17028,0.8487903357117842
17029,0.7031093756138583
17030,0.07264616676586702
17031,0.8191334261737228
17032,0.2777590658427153
17033,0.8442820968789475
17034,0.5682941563871797
17035,0.8905435097869009
17036,0.07595901101675799
17037,0.7874082408351686
17038,0.13821093944542548
17039,0.44564123308966225
17040,0.9543167452707925
17041,0.03976936592107576
17042,0.6627270166010466
17043,0.9665311887425738
17044,0.8506290738260529
17045,0.692913978635818
17046,0.047543152488780605
17047,0.16169785648434676
17048,0.8820644415821707
17049,0.983605353416599
17050,0.2839917175001405
17051,0.48573307743338273
17052,0.07032875342692049
17053,0.34850515211508387
17054,0.9753163315980194
17055,0.8828291284139741
17056,0.7329798795510594
17057,0.7632754372646106
17058,0.9086160292637229
17059,0.9489616518193289
17060,0.1938020205797447
17061,0.7424066824021001
17062,0.9730093933121235
17063,0.956142583979489
17064,0.608234071725022
17065,0.2723242677350908
17066,0.6840919318081742
17067,0.4261857982314912
17068,0.8993477239924715
17069,0.188836840954344
17070,0.15442832815874077
17071,0.5161242392301578
17072,0.7451138573104527
17073,0.7607486969578271
17074,0.5630011427245452
17075,0.9794615911119992
17076,0.7835375205575077
17077,0.38000714969105825
17078,0.3747607201267594
17079,0.47685304688142227
17080,0.23696008893075507
17081,0.7869001487168263
17082,0.3708812170888243
17083,0.9309310253295229
17084,0.4241083505221393
17085,0.3210082089463584
17086,0.7354871645837092
17087,0.7078489348046937
17088,0.942556815862163
17089,0.1592007797677469
17090,0.9014778462095397
17091,0.9969210149250316
17092,0.7506832245399555
17093,0.996370929780839
17094,0.5811347696701797
17095,0.9267696805002322
17096,0.014905892478109181
17097,0.9251817148230602
17098,0.9547521402406915
17099,0.9039002276431232
17100,0.9677474670131011
17101,0.5809777429969422
17102,0.47902442094286485
17103,0.12391379971825459
17104,0.996729019478783
17105,0.9420673082293807
17106,0.13929804107210533
17107,0.8096509059037785
17108,0.3062007816931717
17109,0.9767175777880417
17110,0.2667465357031539
17111,0.5287495054871807
17112,0.9128932929701994
17113,0.8203973643019912
17114,0.41185451096362574
17115,0.9671602894317622
17116,0.969391885466945
17117,0.591656587392489
17118,0.8824556195201457
17119,0.3026999307749421
17120,0.319146368864526
17121,0.9188859155103123
17122,0.2925754798461367
17123,0.7525647120321101
17124,0.5343829293114558
17125,0.8888178717601655
17126,0.8184789205643427
17127,0.974022530058398
17128,0.8593604261200323
17129,0.04451200873659979
17130,0.6894203035222192
17131,0.8455431044867061
17132,0.31476104615973743
17133,0.589855057710837
17134,0.2083464659971673
17135,0.945708690335599
17136,0.8381614118566925
17137,0.5981805543013778
17138,0.9610773132328806
17139,0.904167019844077
17140,0.9039952979720026
17141,0.5280152382627408
17142,0.8230172469065175
17143,0.9641812412438822
17144,0.7901809300734676
17145,0.8132897325744026
17146,0.619401035317673
17147,0.8700126663687778
17148,0.49317758177441456
17149,0.14508983558277874
17150,0.9494517301696579
17151,0.934031677342135
17152,0.957259788202758
17153,0.985458841524592
17154,0.6688619580516866
17155,0.06478239327848159
17156,0.3626594285054574
17157,0.8807888452256182
17158,0.619570344046219
17159,0.8793873830026333
17160,0.8032427398429094
17161,0.279603936340852
17162,0.3440770114919776
17163,0.42254076419941256
17164,0.673733173709905
17165,0.20669089629823795
17166,0.39889921268020484
17167,0.894266520574775
17168,0.9717410118095572
17169,0.7074051006627426
17170,0.3721063530201073
17171,0.10543856915086437
17172,0.7302106988729504
17173,0.7329856964243214
17174,0.5911659913751239
17175,0.7629474264817111
17176,0.4127351306738151
17177,0.11166396566812184
17178,0.9765647865349528
17179,0.9449683652531466
17180,0.09856780801351747
17181,0.9194008724319181
17182,0.2502548298940679
17183,0.8874623315500788
17184,0.9827751118894968
17185,0.8470403273268956
17186,0.7648438618944217
17187,0.972828123264516
17188,0.8249667251295238
17189,0.1659947051087816
17190,0.05133844840781622
17191,0.548820014829832
17192,0.7349775187990675
17193,0.960586259946458
17194,0.5357558123450514
17195,0.9201524926986934
17196,0.9148799085422045
17197,0.5534155467617162
17198,0.31891928572981176
17199,0.972101719915235
17200,0.22917423701072637
17201,0.03858876585776353
17202,0.5271407665582812
17203,0.9684908805067398
17204,0.845746283030376
17205,0.025859561172897533
17206,0.4385141060852199
17207,0.9598254260928094
17208,0.07838867968938028
17209,0.8936015096732999
17210,0.5057302797125729
17211,0.8086273694618704
17212,0.7330446035547962
17213,0.9886945728360165
17214,0.313264364384123
17215,0.5945649278201136
17216,0.01474967385332967
17217,0.9511704193936151
17218,0.7992848480053648
17219,0.17502146990330594
17220,0.7037020928861571
17221,0.905684654722027
17222,0.6871696840754816
17223,0.11523247850758228
17224,0.5941044065383719
17225,0.8988870805831817
17226,0.9376490870203577
17227,0.9202437556912992
17228,0.9392782622086475
17229,0.9753712297824099
17230,0.5869266451979287
17231,0.34493016472074195
17232,0.4659753626517266
17233,0.6189336248963393
17234,0.7232962033409305
17235,0.9598275540786756
17236,0.4886647807244543
17237,0.8621691821040423
17238,0.8291305381352533
17239,0.2317810363065415
17240,0.7551422864376981
17241,0.7096250008817693
17242,0.6930116488172794
17243,0.3976007075675991
17244,0.6616107902010145
17245,0.871184055881168
17246,0.9225695304224014
17247,0.44808408291557156
17248,0.640841518144482
17249,0.3596823497243443
17250,0.8891232436408658
17251,0.2094440557101751
17252,0.8036926508092865
17253,0.9448498464838848
17254,0.46159376081127623
17255,0.47798970389549716
17256,0.20513663130500628
17257,0.9989719428411395
17258,0.7883128386466841
17259,0.9782162676378546
17260,0.060556740633795424
17261,0.899921901256324
17262,0.46481590742876916
17263,0.9158561779667542
17264,0.8344246020343122
17265,0.7650088260515183
17266,0.9665267756112621
17267,0.8885589515555097
17268,0.3391547860818734
17269,0.5787047266042172
17270,0.4939215443181158
17271,0.20908713061367654
17272,0.9419509998896105
17273,0.31842600885358
17274,0.5059272176943116
17275,0.9531024553206033
17276,0.18545161019568565
17277,0.4566822836985195
17278,0.219458378485732
17279,0.68664337522235
17280,0.5758684319373644
17281,0.9823486091723317
17282,0.6130357317052659
17283,0.41975327649611216
17284,0.8517416423102773
17285,0.8875220769159259
17286,0.5455114020105372
17287,0.7571169702605465
17288,0.705492026473463
17289,0.09478524884720699
17290,0.9134592149220031
17291,0.7857921073526476
17292,0.1859570934499817
17293,0.9102148967621947
17294,0.8736633331807254
17295,0.8989081639076195
17296,0.3047983969950528
17297,0.09550738329655337
17298,0.557344164576802
17299,0.05252260887018226
17300,0.9864597359208905
17301,0.9911385991713137
17302,0.9128609340287374
17303,0.9498414148901012
17304,0.9945353249332041
17305,0.36702775023699913
17306,0.14204203741187532
17307,0.22576854381390177
17308,0.7975347699565226
17309,0.020215457563758844
17310,0.5896315300845378
17311,0.9094589672317176
17312,0.25842119640112887
17313,0.5014505534105871
17314,0.7998259668446249
17315,0.2613294241486218
17316,0.8131356758009345
17317,0.8115792075244375
17318,0.024251617134402895
17319,0.4995552261876001
17320,0.7224576555683949
17321,0.8837071784671241
17322,0.7432900028857277
17323,0.7421265326524343
17324,0.2080272772220087
17325,0.43163265518293525
17326,0.3373480612767745
17327,0.4793931163732893
17328,0.08385248983395405
17329,0.317036300467396
17330,0.7828093492265815
17331,0.8527510250840428
17332,0.09862620102236734
17333,0.8802638723242592
17334,0.8803305099477573
17335,0.38652083060793363
17336,0.19182530276994436
17337,0.8293164776834093
17338,0.886301181652528
17339,0.7017317637554578
17340,0.8784010406654953
17341,0.34323495157426426
17342,0.6577922512688175
17343,0.625342097286826
17344,0.6454314683307184
17345,0.11376374130270583
17346,0.27723374429997205
17347,0.03355508184466375
17348,0.7148902159102721
17349,0.14327765409733312
17350,0.9853786135112843
17351,0.8670168027091041
17352,0.5594747377120021
17353,0.02196488291645516
17354,0.06928621297718832
17355,0.09064284187784691
17356,0.9922198607561794
17357,0.8219734467771065
17358,0.9529024223514272
17359,0.6972493998091969
17360,0.7147615008970349
17361,0.9523936891742936
17362,0.5126522004191811
17363,0.6748207296599945
17364,0.5662257583769923
17365,0.9009333252878433
17366,0.06520494204104474
17367,0.2464366580466776
17368,0.8928501289960996
17369,0.622611497493858
17370,0.6693605007456932
17371,0.9172760239021588
17372,0.9777718674515777
17373,0.18130005252743348
17374,0.596519684563316
17375,0.030982138593381742
17376,0.6393678708438205
17377,0.5349154056344949
17378,0.06457211762743302
17379,0.9823301166509077
17380,0.37177961433749857
17381,0.945645392865692
17382,0.5202911733040773
17383,0.7012651416953625
17384,0.8246115389260736
17385,0.1340223713103958
17386,0.5584001006714506
17387,0.15372207242009928
17388,0.38414033792361657
17389,0.9213341706224624
17390,0.8887268303135094
17391,0.9927174927059635
17392,0.8911331629996262
17393,0.7390064501994759
17394,0.6232957202516537
17395,0.6155505804658117
17396,0.8874133627769529
17397,0.9318293721029646
17398,0.9972030112604467
17399,0.690413562728448
17400,0.1061180143455
17401,0.9253934034917589
17402,0.009321048285016415
17403,0.7776178331747988
17404,0.033182951955395536
17405,0.9485463728164245
17406,0.8003024912432093
17407,0.8433183369646325
17408,0.4130399984204879
17409,0.5361490775164087
17410,0.9729473058530334
17411,0.08729477564306741
17412,0.738810708004505
17413,0.9510667473694046
17414,0.8896552802639379
17415,0.34404786734700404
17416,0.4851861579894613
17417,0.9979073172341918
17418,0.972164995072168
17419,0.3878568252714712
17420,0.2473128241460185
17421,0.9041967979716977
17422,0.9063960193740842
17423,0.5065186683473096
17424,0.8289716618273094
17425,0.5760782319661382
17426,0.34468525669655675
17427,0.6401900785649389
17428,0.8244678455761085
17429,0.44368107167072757
17430,0.47673189478346634
17431,0.8230107656178935
17432,0.9953627352504683
17433,0.36856880842735124
17434,0.9897757957211643
17435,0.3218944869409677
17436,0.24942255814185807
17437,0.8982481425337713
17438,0.7658980517904089
17439,0.13013099134296371
17440,0.02314831109821687
17441,0.9739515270572712
17442,0.3758693179655794
17443,0.7133922756409367
17444,0.7039292402288492
17445,0.5693149531577077
17446,0.8442559091827745
17447,0.15293077592060894
17448,0.5190580717434105
17449,0.7538768753889932
17450,0.7931790163440771
17451,0.9566201542434347
17452,0.2756891019921815
17453,0.9961899715734338
17454,0.24701586741845444
17455,0.8305328183490042
17456,0.5724666173879249
17457,0.5058610774304005
17458,0.7413383854028633
17459,0.9945717457760058
17460,0.8254558957979101
17461,0.7214520113532801
17462,0.9515946635535318
17463,0.4441999454442416
17464,0.847901110133268
17465,0.2521700846561176
17466,0.9270003233288228
17467,0.34868909207854476
17468,0.9512872317897829
17469,0.9888836420339819
17470,0.9429445323180479
17471,0.10670073363318941
17472,0.8635762832755358
17473,0.55957483373334
17474,0.9880816159030604
17475,0.9467235553066085
17476,0.8322410203922744
17477,0.373681360875457
17478,0.793264196651805
17479,0.49080287343082996
17480,0.6395403671503833
17481,0.5642362129352058
17482,0.4053318439414655
17483,0.1440505877006798
17484,0.2724705752893699
17485,0.5672511923847918
17486,0.9890509835474681
17487,0.9666546283872544
17488,0.7375319451422335
17489,0.5876556026075115
17490,0.34437059734745307
17491,0.34361850784053993
17492,0.40184145603620247
17493,0.8070331122668446
17494,0.03648573243502411
17495,0.6926076955665843
17496,0.8358862267822379
17497,0.947687111264823
17498,0.7360987720848783
17499,0.3790315929250251
17500,0.879012428196604
17501,0.8360983384856927
17502,0.9393564516257777
17503,0.595008318028458
17504,0.4117356747734345
17505,0.017722762583198805
17506,0.431265509741897
17507,0.9055340551520604
17508,0.6295156515511942
17509,0.014927446951975648
17510,0.9094382193402546
17511,0.6335320160538861
17512,0.7236588735687252
17513,0.13015735058512207
17514,0.8452545724267524
17515,0.9360745047524012
17516,0.6193990445264008
17517,0.13150913527408578
17518,0.9193486726715427
17519,0.5496741110898132
17520,0.11655191776853485
17521,0.99080506884555
17522,0.3944938921862635
17523,0.8034073871685375
17524,0.2094601786958435
17525,0.2579180571096116
17526,0.9052368718289541
17527,0.6862833956362331
17528,0.5928590682027229
17529,0.9006542505493244
17530,0.9551682474571804
17531,0.9992478237846735
17532,0.8901424435064552
17533,0.6722891632618244
17534,0.44487467542168435
17535,0.9005876170104216
17536,0.8530724691270095
17537,0.45292743056808854
17538,0.9942357972697504
17539,0.19728186268369705
17540,0.3211471493804647
17541,0.6239193268354104
17542,0.21308578180428803
17543,0.5742840432842269
17544,0.9789882250666861
17545,0.9901214322750136
17546,0.8810293894523274
17547,0.9289934743220447
17548,0.9380329042577196
17549,0.8445726359256729
17550,0.9296465787838869
17551,0.2794243847047036
17552,0.8100747099414044
17553,0.9206884587619694
17554,0.06836262344707669
17555,0.026079801294014146
17556,0.38467175268054365
17557,0.4025241117658914
17558,0.8598364989233992
17559,0.9107203949673053
17560,0.9477493633639841
17561,0.7342105252368478
17562,0.17737342909025883
17563,0.8967642034465032
17564,0.5513986138824021
17565,0.25231738721906405
17566,0.9838004978720605
17567,0.9771263281756786
17568,0.23457451186687725
17569,0.0722767538733421
17570,0.7964803356056429
17571,0.8977902652251653
17572,0.2950064855106736
17573,0.8346051112679528
17574,0.7384393930923638
17575,0.8033559959675544
17576,0.8415179577455265
17577,0.5066995475181585
17578,0.4346332912531091
17579,0.9540935134129906
17580,0.782177515957812
17581,0.7466630397273911
17582,0.16055191121447265
17583,0.7684884693980109
17584,0.5332323059743082
17585,0.9758671548073706
17586,0.7041240916909204
17587,0.42020712808188665
17588,0.44041006051440795
17589,0.3797703225138342
17590,0.9393313806337386
17591,0.9091801026894347
17592,0.4083686375365785
17593,0.4052051450894662
17594,0.04018773133498346
17595,0.2854498469791328
17596,0.09683657900189871
17597,0.08898896531886927
17598,0.7263524909527858
17599,0.8522598378225663
17600,0.9616367424142255
17601,0.39689569890042264
17602,0.9610163274037281
17603,0.9717700326225676
17604,0.7076411386481883
17605,0.9504290992009401
17606,0.22828954925816472
17607,0.9783721206673087
17608,0.9351616568455842
17609,0.6084260579116361
17610,0.7507123698905498
17611,0.5730925709614374
17612,0.9732472527873611
17613,0.09852584969219796
17614,0.5944528166627354
17615,0.5749651310491926
17616,0.42099370761713945
17617,0.7363972806556611
17618,0.9397679472573074
17619,0.916465782482397
17620,0.18697319713384122
17621,0.9247801558262888
17622,0.8491959267488828
17623,0.34782499858378246
17624,0.6891582607984196
17625,0.5415463549843477
17626,0.7885461492616629
17627,0.8611892524341477
17628,0.8856591888647137
17629,0.7746811124000554
17630,0.7846035922830928
17631,0.1026304288732723
17632,0.9254745156310789
17633,0.7127546261468294
17634,0.7776065814969676
17635,0.7933435106159287
17636,0.49642533411561174
17637,0.9268994814857773
17638,0.3104937567609384
17639,0.9172109845238681
17640,0.8684644700906798
17641,0.4175795070257442
17642,0.9449335797576377
17643,0.9840859908356591
17644,0.9676300695066612
17645,0.7810329856352161
17646,0.974759031654646
17647,0.9879595708166977
17648,0.8235380645510505
17649,0.033876805397528575
17650,0.3750175663774689
17651,0.8878507192829778
17652,0.03329185194618538
17653,0.15794888666836357
17654,0.5695514017533827
17655,0.19312543581655778
17656,0.5507006034569246
17657,0.4936634740523389
17658,0.03434892113179858
17659,0.16817476355425165
17660,0.022507958233660925
17661,0.19558067645433977
17662,0.912293736667396
17663,0.15365090767306008
17664,0.03337543160780291
17665,0.9266392020355455
17666,0.20450397105047852
17667,0.8888967278086822
17668,0.9619505143709305
17669,0.9391121108360289
17670,0.5235035683706635
17671,0.14003114502101613
17672,0.7402714515666003
17673,0.17030372634319488
17674,0.32285130897073616
17675,0.0023979167508737177
17676,0.21711578335278567
17677,0.4415851722599439
17678,0.2550245401227016
17679,0.7397827776766513
17680,0.9659223900529466
17681,0.7016952995352648
17682,0.14772433355954837
17683,0.6356433652804593
17684,0.08801747022964448
17685,0.8815930847906785
17686,0.5829779931675313
17687,0.7800513722550841
17688,0.48405761192036617
17689,0.1316370768391522
17690,0.4334940439001621
17691,0.6085075500320271
17692,0.9347321409766333
17693,0.5801276405608401
17694,0.12156146973298447
17695,0.30483355812010093
17696,0.9391222337030234
17697,0.9224565001296976
17698,0.9711724865918172
17699,0.9796723440803843
17700,0.5311319314162105
17701,0.9737789867220192
17702,0.9592299056854575
17703,0.9598600260539456
17704,0.22226958706146768
17705,0.40097277980975154
17706,0.6222375613093193
17707,0.9403908694472183
17708,0.22590206070087115
17709,0.9913466819125415
17710,0.3490770360746146
17711,0.883081869776704
17712,0.6739459606831575
17713,0.5445567929968484
17714,0.2912300098556651
17715,0.7950593238812751
17716,0.4855554455188428
17717,0.8484665332168717
17718,0.8849805129684
17719,0.32634439354214134
17720,0.2160653333687393
17721,0.41077027256706294
17722,0.7655719568770167
17723,0.9524546101183823
17724,0.1114675146444001
17725,0.8760429843161657
17726,0.8218636161738608
17727,0.5928266278147775
17728,0.8306959257802387
17729,0.8348687810495107
17730,0.953648476764596
17731,0.24227707255220207
17732,0.825714773255344
17733,0.0651991586619717
17734,0.18058749794056253
17735,0.8999477361160949
17736,0.79200582861992
17737,0.6412055541371021
17738,0.507270670125147
17739,0.2409669766823131
17740,0.45072862576806394
17741,0.28265928484409664
17742,0.9114027571181804
17743,0.9683331691005115
17744,0.632019997817027
17745,0.1893638926302901
17746,0.9405225863621894
17747,0.9502003546610539
17748,0.015127219269829562
17749,0.06262190930460568
17750,0.9259639619118724
17751,0.11191682799991487
17752,0.6181483595246827
17753,0.9871730129889503
17754,0.3921423232489444
17755,0.6233009932822937
17756,0.08623891170176061
17757,0.7355995387947549
17758,0.9324099057812723
17759,0.8451540438363346
17760,0.022935992918610235
17761,0.43173572806465
17762,0.6671065919449456
17763,0.9503395772140656
17764,0.9858325727357314
17765,0.6737122127028846
17766,0.16367926036646413
17767,0.9489389829862679
17768,0.9661184492799909
17769,0.45736141223408705
17770,0.4204074577183473
17771,0.6678693700724992
17772,0.7042359361866505
17773,0.9739581414088828
17774,0.6959751191457987
17775,0.2977439298900751
17776,0.9915014972788438
17777,0.9945220035096783
17778,0.6243321537686563
17779,0.9696903500240602
17780,0.7614661725469699
17781,0.07222644379563659
17782,0.5026393245050247
17783,0.11714182469134105
17784,0.4688647026182634
17785,0.9370023636435947
17786,0.40689915118631104
17787,0.5995697672917631
17788,0.1263859627542253
17789,0.6772319039286184
17790,0.8944373442818778
17791,0.7868537147569755
17792,0.22104974690662074
17793,0.6360420012590132
17794,0.1275195523733684
17795,0.9762138069629054
17796,0.9160167013840513
17797,0.1814065730008146
17798,0.04472760032917351
17799,0.28318596224645615
17800,0.6782778492727815
17801,0.6063313904840709
17802,0.4112105555961373
17803,0.38121385632738497
17804,0.847858143440999
17805,0.9770792356011905
17806,0.3559623289100595
17807,0.3449750148073854
17808,0.9917317178727044
17809,0.19109759390249642
17810,0.18245542358120523
17811,0.9316596566852288
17812,0.11693456226747319
17813,0.991386266965479
17814,0.045714891935439955
17815,0.03260359049343183
17816,0.2019847863156623
17817,0.895604467279328
17818,0.017079448769447645
17819,0.7620252411502773
17820,0.926541636396657
17821,0.4912131284274424
17822,0.9444696361756793
17823,0.3829372780930002
17824,0.1584930916377422
17825,0.8544121002303813
17826,0.8601165042600525
17827,0.5744770715871433
17828,0.2438544163654336
17829,0.8393224196597365
17830,0.9855881515523507
17831,0.5460303929403288
17832,0.9221880581253933
17833,0.5236580136315135
17834,0.15644329578530972
17835,0.49690969564257625
17836,0.054757596973699266
17837,0.24268882376236642
17838,0.8916804775681654
17839,0.8413313904168792
17840,0.24806188049181524
17841,0.4861489039375257
17842,0.17146811635416348
17843,0.8757440363102171
17844,0.9643622638756622
17845,0.21971423749335348
17846,0.9244770496992448
17847,0.8031240726459008
17848,0.4834570950845085
17849,0.514519711569854
17850,0.458342780215944
17851,0.8704792709912273
17852,0.526153069167493
17853,0.4912013865307104
17854,0.5822347760456176
17855,0.9106690597443737
17856,0.07384307812976906
17857,0.8845230487734679
17858,0.39553238679681313
17859,0.360206572917333
17860,0.7708384631883752
17861,0.40865165600906345
17862,0.8968833011411522
17863,0.2822310857045399
17864,0.2005681052442147
17865,0.9933752257508148
17866,0.783574108337038
17867,0.974998572051207
17868,0.3036710468755979
17869,0.5129419164936511
17870,0.7851844218495417
17871,0.739585947621682
17872,0.6734510252641138
17873,0.5516325255994042
17874,0.1288168873828809
17875,0.34974469898906513
17876,0.6896789389948919
17877,0.9321339249967092
17878,0.9719903506852193
17879,0.08042691389135419
17880,0.478319064328807
17881,0.3340021917827623
17882,0.5104182799283946
17883,0.9618039410810546
17884,0.3078850131658927
17885,0.992875661385268
17886,0.8168265129666762
17887,0.3495763049395638
17888,0.8076488769880494
17889,0.031011304401237904
17890,0.506845316599082
17891,0.09739687515152615
17892,0.9618462488853236
17893,0.024558820078694973
17894,0.9694823874716246
17895,0.17656628095995514
17896,0.8402776623698246
17897,0.30724286315457056
17898,0.9674320188223766
17899,0.9579857442051253
17900,0.8228328209910934
17901,0.4573607806687116
17902,0.1670314190957881
17903,0.8048279078029282
17904,0.8931788933388671
17905,0.5939841930079043
17906,0.9994415123440157
17907,0.935173692542177
17908,0.8903915392096072
17909,0.4701801367972635
17910,0.8038707748012605
17911,0.3018229091997659
17912,0.5748177930193032
17913,0.5461151310896608
17914,0.6474278408633902
17915,0.7508125118367347
17916,0.956135689495716
17917,0.5325123437538504
17918,0.10346699015552721
17919,0.7419100151419349
17920,0.9669343980558592
17921,0.9550242513352506
17922,0.848120853281962
17923,0.871400116754943
17924,0.5787084115749839
17925,0.17531432230834293
17926,0.16803865814674404
17927,0.8583020512050055
17928,0.5983038255543215
17929,0.1465739677972994
17930,0.670924801211666
17931,0.7988318642171913
17932,0.9158554907836787
17933,0.3215947852776926
17934,0.01560503417778944
17935,0.16237671438374987
17936,0.5372503156166761
17937,0.4244614406414177
17938,0.8503483691684722
17939,0.05869281751227338
17940,0.9561189615883958
17941,0.3072762309650047
17942,0.4976946926647155
17943,0.27283378784917783
17944,0.6390004737527488
17945,0.9752077261459019
17946,0.7724005313090547
17947,0.44296851148872496
17948,0.9904096159829044
17949,0.9936596581283567
17950,0.9249775412997164
17951,0.647566712672473
17952,0.8992586991826512
17953,0.9806651163461625
17954,0.3294893895721779
17955,0.15253008033702986
17956,0.7406967443299004
17957,0.8643365967739813
17958,0.7647696722604373
17959,0.517849588353329
17960,0.8515685471295337
17961,0.9913335712192903
17962,0.1878672363530686
17963,0.19639491091926026
17964,0.3892047273841243
17965,0.943954607605289
17966,0.4728140597151017
17967,0.03936875922066058
17968,0.7699208507288959
17969,0.8860327051684908
17970,0.8080490132466881
17971,0.9132067701939299
17972,0.05519894117913676
17973,0.8572033692255778
17974,0.6608692795555468
17975,0.15448789665366805
17976,0.18428779439632115
17977,0.7345811436524637
17978,0.9366805814777677
17979,0.03267081950625524
17980,0.6335313051348579
17981,0.05231930361341371
17982,0.27550445859578365
17983,0.9399633743368976
17984,0.865641734027968
17985,0.1676953819886824
17986,0.763458273922806
17987,0.8731529485331382
17988,0.14683609391588584
17989,0.4970865066171422
17990,0.3278158341556905
17991,0.06929131655582547
17992,0.7937188155023729
17993,0.9786866116682977
17994,0.7005548336844798
17995,0.4999827361010241
17996,0.6134318042164421
17997,0.849217950141174
17998,0.724030340883172
17999,0.8225283767099124
18000,0.3670748245211491
18001,0.13286770636594128
18002,0.9191467270075714
18003,0.4029770469852641
18004,0.6489125626244897
18005,0.8228283646500111
18006,0.08219723078326605
18007,0.8200887234485896
18008,0.891709151356381
18009,0.3935686652809308
18010,0.2835882699995705
18011,0.7039155901896903
18012,0.35142416787875663
18013,0.5056105008905026
18014,0.884104892656764
18015,0.7626896982407632
18016,0.2369948840133128
18017,0.44093775730749296
18018,0.9269641367502426
18019,0.11644512112652979
18020,0.9487387112684935
18021,0.5296688676306247
18022,0.9835026179466612
18023,0.9442706673531308
18024,0.9916660241380822
18025,0.3634516861151255
18026,0.6081102841294042
18027,0.9760280228230057
18028,0.8037326317648013
18029,0.7992049688876841
18030,0.027546236765040807
18031,0.9611886669373698
18032,0.9769772800938277
18033,0.8250848700615148
18034,0.98022462498055
18035,0.00602094237932023
18036,0.9988900472285265
18037,0.8417311096125353
18038,0.9580688671425958
18039,0.8515187618441845
18040,0.25196255883123275
18041,0.24445926310552304
18042,0.8019166707260358
18043,0.15444198646375276
18044,0.9613761575564553
18045,0.056032388063496544
18046,0.9891485628660175
18047,0.5786671832629361
18048,0.9412785841284852
18049,0.4928968570344998
18050,0.6505195143234251
18051,0.7063130583038911
18052,0.9925349630723138
18053,0.19575354829152705
18054,0.2771687262082452
18055,0.19957441543887836
18056,0.47986291328182845
18057,0.28025001447894754
18058,0.2544636870943031
18059,0.9777673867323966
18060,0.06523284103807112
18061,0.49973123610818676
18062,0.8850989353159369
18063,0.4371513034809935
18064,0.3868722288936582
18065,0.3695830199678057
18066,0.03301914356871802
18067,0.30083166332149175
18068,0.8718627689412872
18069,0.16332164842033767
18070,0.8522240036047751
18071,0.7873649704396914
18072,0.9299659087979002
18073,0.051151386996746574
18074,0.8402119663022257
18075,0.5878608172967189
18076,0.738236811185181
18077,0.9587639544825858
18078,0.9782763756069728
18079,0.2031689430961132
18080,0.7055268258335751
18081,0.6106310623949737
18082,0.1781013836239013
18083,0.06408078505211595
18084,0.50865243274005
18085,0.8685867133723763
18086,0.0697821587134476
18087,0.8451627762723642
18088,0.5243268845864612
18089,0.8803253954951145
18090,0.6712480293561521
18091,0.24718421825203268
18092,0.980191122174123
18093,0.8006104591883108
18094,0.5349697082303362
18095,0.9709175834559582
18096,0.6543863889986634
18097,0.576025008382387
18098,0.4467482991672036
18099,0.7679084491052733
18100,0.9596067497572337
18101,0.35800258015320696
18102,0.7074640885833509
18103,0.22935252968892766
18104,0.9152266603733865
18105,0.8219780693773336
18106,0.23773252021114305
18107,0.9258228375454144
18108,0.4733896804502135
18109,0.8739359050698295
18110,0.976181994279723
18111,0.7522096815283527
18112,0.1487314559038615
18113,0.579717871821154
18114,0.7377907085612088
18115,0.0034325061004786437
18116,0.21468994921718607
18117,0.850304127635318
18118,0.6801468437615726
18119,0.894402556330399
18120,0.0049971077036288815
18121,0.8634913560872242
18122,0.44267690485722344
18123,0.8843441930548331
18124,0.21434227838488903
18125,0.6600221298796021
18126,0.6647025790127369
18127,0.9967580429738334
18128,0.6527360825942653
18129,0.9383731177169103
18130,0.7540865622802
18131,0.4472070497834099
18132,0.10953403487381977
18133,0.9692478392235903
18134,0.9557902882256842
18135,0.40713716466273137
18136,0.5007934855339189
18137,0.9896199386609165
18138,0.6881988797986351
18139,0.7741388323728314
18140,0.9702382911385832
18141,0.9658866794378161
18142,0.356489992637676
18143,0.6824980190045702
18144,0.9711289152701035
18145,0.9598704037938689
18146,0.9217761185954827
18147,0.8396006358316285
18148,0.5959842423420794
18149,0.300219011000794
18150,0.07163746238382446
18151,0.852115984917209
18152,0.8820255176408943
18153,0.054753627350027964
18154,0.23066201597421962
18155,0.9040885365179355
18156,0.332425028783067
18157,0.07321274342836263
18158,0.7441899783001766
18159,0.06686042098136291
18160,0.836705123841202
18161,0.9798892331532896
18162,0.016206851728885144
18163,0.800401954992378
18164,0.4555185251514528
18165,0.2692924578197337
18166,0.9474800015779861
18167,0.9258682227948706
18168,0.08587778743473626
18169,0.7655145576827824
18170,0.12140528678654808
18171,0.8733003021061306
18172,0.03986140091564034
18173,0.6713338465602816
18174,0.9852789363771657
18175,0.36453310496000735
18176,0.9837453103830129
18177,0.07496875877420135
18178,0.6152843489676383
18179,0.8421659880863308
18180,0.9572416236993692
18181,0.49192096048495704
18182,0.8838445513896704
18183,0.987886170935728
18184,0.9906909488306325
18185,0.8354213843712823
18186,0.8426020859440129
18187,0.9110011850193037
18188,0.2685633463090339
18189,0.2026770648611764
18190,0.8941981256536634
18191,0.004346250418972191
18192,0.048473294561557
18193,0.02736385735797346
18194,0.946186990878165
18195,0.7940639034623228
18196,0.9662191487930597
18197,0.853943853544374
18198,0.040743583589593534
18199,0.8434709055359773
18200,0.3784890711455374
18201,0.8265852947823374
18202,0.4038039435312503
18203,0.19323775693432166
18204,0.8762847974719024
18205,0.8383502570179897
18206,0.5311849877270375
18207,0.8287855512665162
18208,0.7643236633303295
18209,0.07713081529508134
18210,0.9740072664720466
18211,0.825247267304075
18212,0.8674292740054872
18213,0.795876214581746
18214,0.4297495729747564
18215,0.16667947508296482
18216,0.4389930802429697
18217,0.20476641841569085
18218,0.11077165637578004
18219,0.9481593664621343
18220,0.20477165574864664
18221,0.5536361939436614
18222,0.8788374070993856
18223,0.8281823612859363
18224,0.42724578358258336
18225,0.9002849090358013
18226,0.5048494310270878
18227,0.6087799537586256
18228,0.9179312245229507
18229,0.8357131636276257
18230,0.959096150473301
18231,0.9525213003613064
18232,0.028710398487207963
18233,0.18096290974213045
18234,0.8934049450629151
18235,0.9414775227648431
18236,0.8541252641069291
18237,0.370056382704389
18238,0.836006338830725
18239,0.8440064115270034
18240,0.4677478055958735
18241,0.44857460554184947
18242,0.06184843621322282
18243,0.6171922845534444
18244,0.8261772077568671
18245,0.165433536333529
18246,0.4625986952452106
18247,0.8092055361220354
18248,0.8249719022715533
18249,0.5402745362525935
18250,0.1380557542208961
18251,0.9375982308475126
18252,0.7129270791838408
18253,0.1596265221442796
18254,0.971408703348302
18255,0.5601531182842896
18256,0.9385448499573644
18257,0.3828760523906438
18258,0.512746071711712
18259,0.8631512441579974
18260,0.5576308615529383
18261,0.6279761561307363
18262,0.10248356377957218
18263,0.5578539885533602
18264,0.02239373526792417
18265,0.08101815694533851
18266,0.4867673055620156
18267,0.7014502943702355
18268,0.36620927483732696
18269,0.9937655057061799
18270,0.5749304045139723
18271,0.06613266687861778
18272,0.9392092717139493
18273,0.2718837790529462
18274,0.516431347402676
18275,0.7211665553310228
18276,0.9529014347572535
18277,0.7789326748294004
18278,0.669749644526576
18279,0.5040668047542475
18280,0.20884538324335694
18281,0.6623147265214279
18282,0.35101767918660304
18283,0.264215443767506
18284,0.8959434554033541
18285,0.9541276887061965
18286,0.8038285612670814
18287,0.46299249190925185
18288,0.8761592500819894
18289,0.9769933141550872
18290,0.019650048541579233
18291,0.45591032884330335
18292,0.11135807975562823
18293,0.923641859845182
18294,0.6095514162482958
18295,0.7370698194302574
18296,0.3414893933343682
18297,0.9931101929758451
18298,0.7820200195571433
18299,0.26170562775181483
18300,0.8814158981814908
18301,0.4983258283947399
18302,0.1119864760473269
18303,0.3078770753428223
18304,0.1859342134838274
18305,0.11183556604131752
18306,0.9159313091088082
18307,0.8152479755410952
18308,0.9116819108312562
18309,0.06983118162668583
18310,0.7620365361760616
18311,0.38916459511794504
18312,0.5493372442665639
18313,0.38131966665500866
18314,0.559619012362108
18315,0.922679982667415
18316,0.4401060905138338
18317,0.8624504877413558
18318,0.9737392870077368
18319,0.22492673258214319
18320,0.9806636151979744
18321,0.41814543985425423
18322,0.9483940992358452
18323,0.7932773132010729
18324,0.8689251390410605
18325,0.7893692289508597
18326,0.9749018043025902
18327,0.6021686382503437
18328,0.8268438364978056
18329,0.2729435346007766
18330,0.9947149045935334
18331,0.9428628409461596
18332,0.28916911711672705
18333,0.8936181983573728
18334,0.6386249776115899
18335,0.7151624824092081
18336,0.082714497269679
18337,0.7128704317175236
18338,0.6851736625706558
18339,0.9476110968734011
18340,0.17577181416046578
18341,0.8958133864195602
18342,0.4290097796761489
18343,0.6361321216442075
18344,0.10434469512346972
18345,0.8573821270195073
18346,0.819371975358138
18347,0.9829861777505178
18348,0.9768484503769783
18349,0.7916144729521987
18350,0.5173593683081819
18351,0.2679653899674098
18352,0.8239222877980602
18353,0.8457996654948522
18354,0.45056042910942745
18355,0.9031336141127159
18356,0.49383912562341314
18357,0.0061634839826942974
18358,0.8285538485299884
18359,0.7452075296431396
18360,0.8930604310166553
18361,0.7691069734252027
18362,0.9718295910381443
18363,0.7489493721984138
18364,0.8925351713647703
18365,0.9970187063570979
18366,0.972761019935594
18367,0.04928342647390919
18368,0.7894254103784649
18369,0.9555128229713629
18370,0.09106480503158829
18371,0.08344852078637327
18372,0.1565783432642219
18373,0.1636870000495341
18374,0.39120115793239524
18375,0.11250927545726781
18376,0.8276883221620068
18377,0.9837728873190682
18378,0.8895787413812116
18379,0.9495574339773367
18380,0.9101415430559299
18381,0.16622580073869203
18382,0.6366396688680274
18383,0.9017164420267038
18384,0.9312163095517871
18385,0.8384415662176741
18386,0.7980530518577986
18387,0.6830015348473862
18388,0.9728957150440355
18389,0.1798860513427122
18390,0.6563820137337606
18391,0.9594581986492522
18392,0.9722677256273244
18393,0.28130388451231886
18394,0.5835433249885482
18395,0.17211616203810012
18396,0.701655115651563
18397,0.0810221935265693
18398,0.9154911169261605
18399,0.893515011624657
18400,0.014133373082454177
18401,0.6513549771036166
18402,0.13413646829028492
18403,0.4570380566616166
18404,0.5841643655544987
18405,0.1350748955946311
18406,0.9821060909111327
18407,0.4890780885221743
18408,0.7184122934403304
18409,0.17019024317853107
18410,0.18598548195597195
18411,0.5870040358600298
18412,0.9529418540932328
18413,0.4485887131409887
18414,0.1433541936102915
18415,0.9901599964779274
18416,0.42382869282564867
18417,0.8698459284743825
18418,0.08813888572536027
18419,0.7758050857581221
18420,0.978926775111826
18421,0.18892592680800424
18422,0.679246518303856
18423,0.3699449713698161
18424,0.904780618070544
18425,0.9694503920151727
18426,0.2830936250112944
18427,0.2928773448112816
18428,0.38454100521002604
18429,0.13450282935849667
18430,0.600587463645048
18431,0.6631919319941799
18432,0.8404741390717841
18433,0.675602257117049
18434,0.5090381428074189
18435,0.9173286806239255
18436,0.41865032807276065
18437,0.8615148686473625
18438,0.014245238029053251
18439,0.04204503676318398
18440,0.9016433306869158
18441,0.6981315767930161
18442,0.46679420330669663
18443,0.5035512322001369
18444,0.2690633393833947
18445,0.9898073533330918
18446,0.04670661972981039
18447,0.19483229697780072
18448,0.9757922780249106
18449,0.6167236071376887
18450,0.8641297255290691
18451,0.9282899508509719
18452,0.9191723259484965
18453,0.7496221980415929
18454,0.5432311617201422
18455,0.8328484694154517
18456,0.13187039454052366
18457,0.8153774946626394
18458,0.7103694653629585
18459,0.7425419817652188
18460,0.6605303331631505
18461,0.9837915749641295
18462,0.8994552392173251
18463,0.20852820874090838
18464,0.8273363912530388
18465,0.47264849129599806
18466,0.05743976695096822
18467,0.933201439077439
18468,0.31223387151506715
18469,0.9757474411896552
18470,0.555210176526057
18471,0.35143647325102206
18472,0.9393246702621529
18473,0.9650900817624395
18474,0.20074555754667467
18475,0.9788770069344104
18476,0.8859368968243947
18477,0.45160482653946704
18478,0.4007180766151452
18479,0.7390300879247561
18480,0.14459884087567962
18481,0.7407073349305605
18482,0.9260094333245513
18483,0.9862531012587619
18484,0.36426008107377633
18485,0.3228118370591957
18486,0.20179773855290045
18487,0.9044267621786085
18488,0.4730906567004693
18489,0.3608795258719831
18490,0.6652625293827996
18491,0.9356686524425682
18492,0.8121703303307748
18493,0.41109364314307734
18494,0.9954515725655072
18495,0.41569138016925433
18496,0.0027418176036671594
18497,0.764787045395901
18498,0.585439526930531
18499,0.8569934654537381
18500,0.7469869156666327
18501,0.8216481712497362
18502,0.33913085973991797
18503,0.9416831829503759
18504,0.08307040354977661
18505,0.6211768148535481
18506,0.8246227790336103
18507,0.28858123976721006
18508,0.9833434383560588
18509,0.6887467827053131
18510,0.696397113726074
18511,0.9343377422354988
18512,0.6324169764256363
18513,0.5357220314849807
18514,0.504087049983838
18515,0.8581602939652101
18516,0.7645227841548432
18517,0.9627933229209265
18518,0.06492562223844182
18519,0.7794891602168491
18520,0.9352035932732082
18521,0.9680886594208618
18522,0.25193442043224035
18523,0.24942361025214588
18524,0.22336148439146974
18525,0.36066730545100606
18526,0.33727601194897955
18527,0.3195038983052985
18528,0.660227867487708
18529,0.776875451186859
18530,0.07113191451103992
18531,0.02664785202198973
18532,0.07102574152646371
18533,0.7687878953939257
18534,0.9056311979687847
18535,0.5309332547775507
18536,0.5737781223463201
18537,0.3760924818018569
18538,0.6059191537997806
18539,0.8777161207599392
18540,0.5420074132039104
18541,0.7814596857064579
18542,0.09088354878131741
18543,0.9704294490896065
18544,0.9789138955911451
18545,0.7980303683057007
18546,0.7744125144215109
18547,0.9978580096169724
18548,0.9769811450378445
18549,0.9956265378351987
18550,0.8836309616723598
18551,0.818735034086528
18552,0.7662323612269771
18553,0.5248498515141059
18554,0.49085010999204304
18555,0.6157598392125434
18556,0.036156190353277794
18557,0.5883031112344784
18558,0.8856451249669686
18559,0.5002145332922957
18560,0.7558456657068227
18561,0.6914798160434152
18562,0.9629497032507112
18563,0.7921554795053012
18564,0.04208060256698721
18565,0.5962224827896724
18566,0.3878181941676053
18567,0.8099861585250143
18568,0.8525376095620674
18569,0.6999719641285478
18570,0.9474210960520534
18571,0.4991594180766995
18572,0.6582748875269988
18573,0.6267310267845941
18574,0.8619949754527475
18575,0.966310784256263
18576,0.774498749435854
18577,0.9893258633162841
18578,0.4133638506818224
18579,0.8470041761657224
18580,0.682024065459798
18581,0.4248460688200912
18582,0.37218365198950376
18583,0.6605495559244302
18584,0.440268114604023
18585,0.7562271503073653
18586,0.307470501962005
18587,0.8845761250103467
18588,0.6725876812260118
18589,0.09330552514131348
18590,0.37783454263791116
18591,0.725368608263766
18592,0.6399345012956374
18593,0.6115606099219234
18594,0.052261069541004415
18595,0.6858133722726687
18596,0.32420079418830056
18597,0.48035407525335094
18598,0.17232381817738507
18599,0.9070568310114732
18600,0.3852399853669414
18601,0.9841202229391575
18602,0.7668403816588861
18603,0.8437597429693057
18604,0.9603599267721241
18605,0.8659552934805799
18606,0.903251619303588
18607,0.6704094803342633
18608,0.25798405135519475
18609,0.8288645607287838
18610,0.9566852856449719
18611,0.6525251278767557
18612,0.6715662033034612
18613,0.24520074880526713
18614,0.9366010891921143
18615,0.15262875316347468
18616,0.9152260860227075
18617,0.7328894978661553
18618,0.4167889737333096
18619,0.6924099663747476
18620,0.32661176350217835
18621,0.7159047346567456
18622,0.9274738990856545
18623,0.757712608068944
18624,0.8410802462985847
18625,0.1338766555645088
18626,0.8069116091649189
18627,0.17828473989569563
18628,0.39254284276817725
18629,0.7149106785907665
18630,0.8148039967633897
18631,0.47828883189350707
18632,0.2846175091486863
18633,0.7599584474365758
18634,0.396762801958365
18635,0.045364185450715695
18636,0.20281322122246595
18637,0.9445749902139614
18638,0.9667213435285136
18639,0.8305945580937018
18640,0.056575248562514724
18641,0.24768483477685396
18642,0.17924120502590477
18643,0.08851255970033436
18644,0.8138701832592783
18645,0.9738722404238425
18646,0.9876461734345393
18647,0.9681247477999508
18648,0.9356761623041907
18649,0.5185414741598954
18650,0.9349406415543708
18651,0.42439318234012
18652,0.8600980863018808
18653,0.2336847787360649
18654,0.936601840164473
18655,0.8868858811743173
18656,0.04341545006118986
18657,0.9099163516075646
18658,0.9953946989964645
18659,0.8628715312977138
18660,0.3125703407013498
18661,0.9738758785673957
18662,0.5343745695937279
18663,0.8770361188952466
18664,0.9351314917638915
18665,0.14859091765647514
18666,0.08297347172762871
18667,0.9248631347562208
18668,0.9141991512252021
18669,0.8454169310217465
18670,0.8618981865847127
18671,0.21977557539070178
18672,0.8473251966069576
18673,0.9654153197824487
18674,0.979266536108433
18675,0.2676184491441709
18676,0.2973331003749249
18677,0.8464786120320705
18678,0.4182746140165231
18679,0.9090430994325466
18680,0.8974678224267822
18681,0.523336013852902
18682,0.6577916088335815
18683,0.5996051929890651
18684,0.22979594822459576
18685,0.8404565929964845
18686,0.7841201562123378
18687,0.40496689865830454
18688,0.6278162573328606
18689,0.6625268082148164
18690,0.9702651520638238
18691,0.9109046064090188
18692,0.2898438958802134
18693,0.8486046196389987
18694,0.9788194931318605
18695,0.9373335627987899
18696,0.14635296771844805
18697,0.9857385751865468
18698,0.8063368897297859
18699,0.39641396102990273
18700,0.6122155835973465
18701,0.802474792458912
18702,0.7971325184639401
18703,0.9859619808454307
18704,0.010437137731485474
18705,0.6619197125545057
18706,0.9156845309383013
18707,0.27999536571501504
18708,0.5679578227403453
18709,0.9853631957610963
18710,0.8556156194071118
18711,0.7187160653484546
18712,0.9465029648561598
18713,0.8999452224240172
18714,0.9868346121406464
18715,0.3564160188592267
18716,0.5017075637019134
18717,0.15255583141985374
18718,0.1100214581112997
18719,0.9219210050072671
18720,0.12484962320387939
18721,0.9334791305139241
18722,0.7623743794372683
18723,0.20931758822807575
18724,0.5955497890248086
18725,0.8404570481276218
18726,0.913255046548117
18727,0.5027620403107479
18728,0.556410554867249
18729,0.5625248729183291
18730,0.9960710816994046
18731,0.9278796243443893
18732,0.6941657974627965
18733,0.537179439730754
18734,0.3766918538763526
18735,0.09565139460081337
18736,0.7301745817640984
18737,0.27527642110550604
18738,0.697350097123319
18739,0.9472842719247413
18740,0.9751788798032914
18741,0.8991552810243585
18742,0.2783854783512123
18743,0.7807965379243768
18744,0.9451800688483337
18745,0.9300431331560483
18746,0.5671601235331756
18747,0.41999412953919185
18748,0.29221919763766546
18749,0.6817095972893722
18750,0.8501975720880778
18751,0.738184339984654
18752,0.9225820511919125
18753,0.9832265829719219
18754,0.45299954236126044
18755,0.8924621369500253
18756,0.6414871981306013
18757,0.36615066449328754
18758,0.7771788344116275
18759,0.02941257025728502
18760,0.7191168026510566
18761,0.9519099878197231
18762,0.9133851081745868
18763,0.9848102909476213
18764,0.1064216436970885
18765,0.4249953571153134
18766,0.06607408719382935
18767,0.7597062206165164
18768,0.9103205009415688
18769,0.6298631181618821
18770,0.4824036827215485
18771,0.6726122004363125
18772,0.914184747465245
18773,0.9100632019666941
18774,0.5561393324097945
18775,0.390980542711654
18776,0.8500477510105457
18777,0.13860970148707802
18778,0.7195789204519787
18779,0.11245811431208518
18780,0.6406017266024543
18781,0.03350166255555102
18782,0.9902161070077653
18783,0.9846546494981556
18784,0.504425595312232
18785,0.9973685617160075
18786,0.45932702520123353
18787,0.44952641976484253
18788,0.6018989014206331
18789,0.9560482003291414
18790,0.22561672706354632
18791,0.9755115746583236
18792,0.8873810341599391
18793,0.4772329593325744
18794,0.5989646531366445
18795,0.7437177197275392
18796,0.7728048607805907
18797,0.9660850854225957
18798,0.14124442648806107
18799,0.6725244026955903
18800,0.6182104936400789
18801,0.2694281340141825
18802,0.6050902614567859
18803,0.17943393796451215
18804,0.16934768195109384
18805,0.7277131626699953
18806,0.924145217313372
18807,0.7161078847210725
18808,0.7457101824327902
18809,0.9382704046189091
18810,0.8686278958762289
18811,0.7919015386085704
18812,0.1959622748097358
18813,0.9364575879914546
18814,0.5170834084245779
18815,0.5884688253535819
18816,0.10820365714109231
18817,0.9101385652487827
18818,0.6703522042870599
18819,0.06909149698216066
18820,0.14795177528048684
18821,0.5156883807639853
18822,0.11205089892191784
18823,0.5179118268309862
18824,0.5747254872264431
18825,0.04845437826238448
18826,0.9816399408362936
18827,0.6366655600267657
18828,0.31505768963461384
18829,0.22219841413522068
18830,0.0771139522555099
18831,0.19898598899212344
18832,0.019220335953456007
18833,0.14987620470096205
18834,0.6091791650888815
18835,0.25853230524043275
18836,0.792747801053654
18837,0.505180635783053
18838,0.5585645909948992
18839,0.9732332072721742
18840,0.20003452620212236
18841,0.07067231231479147
18842,0.06194354668058966
18843,0.5314389906879037
18844,0.6245063892445353
18845,0.042065351072159286
18846,0.9048164377922585
18847,0.9290801071345125
18848,0.5409567332056231
18849,0.8963742983412096
18850,0.608285759494888
18851,0.6526850720157336
18852,0.9340280308668172
18853,0.8340428832265657
18854,0.2959708695060203
18855,0.8880558961913675
18856,0.6909054279157818
18857,0.41998057223620744
18858,0.9483353789208455
18859,0.4385675652746354
18860,0.8099958436887124
18861,0.674372179740539
18862,0.2208733048739486
18863,0.8823456866862806
18864,0.9175759149275183
18865,0.1480859480991597
18866,0.9840971709609793
18867,0.8079986808437669
18868,0.5590684103032075
18869,0.4592329807492332
18870,0.022014905841438368
18871,0.8177047145048956
18872,0.9749381328888167
18873,0.8098296599670737
18874,0.6557839769311055
18875,0.15349317115119326
18876,0.19498851588985994
18877,0.38912066641292414
18878,0.9166295944498857
18879,0.4429822595465016
18880,0.7918742634383799
18881,0.7830912937926323
18882,0.8218937259503954
18883,0.2740207152238178
18884,0.9194915337769112
18885,0.6409221144915929
18886,0.7420940517111595
18887,0.9666278415570199
18888,0.5676068508759002
18889,0.4077629932927951
18890,0.04969196506911973
18891,0.9645257781949877
18892,0.8965180638275431
18893,0.8638688886912103
18894,0.935949417975314
18895,0.2452796666473436
18896,0.9221873530119598
18897,0.014097423728956242
18898,0.29037881705671426
18899,0.9193274356161489
18900,0.7490930970522436
18901,0.3709104172277713
18902,0.44604066103125295
18903,0.9792913255668182
18904,0.08627338128056716
18905,0.9320533789641186
18906,0.9943372804263017
18907,0.9637548346893817
18908,0.6516112354486442
18909,0.2023894904979228
18910,0.806271941883687
18911,0.6599918446711457
18912,0.8228484237776951
18913,0.2069227006904856
18914,0.9744106167154667
18915,0.6779526698778671
18916,0.9233494840040598
18917,0.8891733552309309
18918,0.6934653705930686
18919,0.39593937435625964
18920,0.8690598709672473
18921,0.6503095385807144
18922,0.8700943456661292
18923,0.8552916694532838
18924,0.8179479390592133
18925,0.9946836502282524
18926,0.3870125744319829
18927,0.7837647916778181
18928,0.8599139764686498
18929,0.8147651687092945
18930,0.7921160597966435
18931,0.9305051148172896
18932,0.8302784736182574
18933,0.36627224977490386
18934,0.2502291562048581
18935,0.6683521835359835
18936,0.6946352843601239
18937,0.9214921113277017
18938,0.33786846494939
18939,0.5891699151579043
18940,0.9683348191393959
18941,0.6727094313568939
18942,0.0749127493476756
18943,0.20315745427139892
18944,0.05488390124174642
18945,0.7104951816574125
18946,0.9137590311078027
18947,0.7699855990708049
18948,0.9644749374128505
18949,0.5264194420573054
18950,0.9196435998685282
18951,0.6684552294112798
18952,0.9853096795793693
18953,0.815633709544926
18954,0.48039636493129745
18955,0.8952766043803911
18956,0.19239667097519952
18957,0.37182471384057164
18958,0.9204785503499889
18959,0.8275279962287486
18960,0.910321298666828
18961,0.9650891620078416
18962,0.3565915449213085
18963,0.9660351218634614
18964,0.9621023630057934
18965,0.5975010487085178
18966,0.630466540662648
18967,0.24338924800304385
18968,0.8423227188705213
18969,0.9630515058141567
18970,0.8549238476870608
18971,0.9740177872896949
18972,0.8849420375378537
18973,0.07296257103898884
18974,0.2597996229667345
18975,0.72855147842416
18976,0.48508994363951446
18977,0.964542960149053
18978,0.8185627477703821
18979,0.31609627194911377
18980,0.9678843037136788
18981,0.8457766392810748
18982,0.9565714795226219
18983,0.5859248317420243
18984,0.34531994825635887
18985,0.7714943578354615
18986,0.9142455860554081
18987,0.8251613470717187
18988,0.6249152212078612
18989,0.3768642274931155
18990,0.49158571791386435
18991,0.5759323373707054
18992,0.4187176308524688
18993,0.10290516843732941
18994,0.9709372595722033
18995,0.1043732833512454
18996,0.06322723428997636
18997,0.27604139587704957
18998,0.9606381136338478
18999,0.9760348074184599
19000,0.17927170127316988
19001,0.1765775735186272
19002,0.23567393776927348
19003,0.4680610989896184
19004,0.4590181443645115
19005,0.9143830345110269
19006,0.7915216805256217
19007,0.2423663983683282
19008,0.9157223875290053
19009,0.12866561331252666
19010,0.2669715215897627
19011,0.22438505346261445
19012,0.2104082677753815
19013,0.020815990959677292
19014,0.5979521467850608
19015,0.9295250660215332
19016,0.8066145926225372
19017,0.70669162016568
19018,0.8258651031428824
19019,0.7931685664526082
19020,0.7887963558364701
19021,0.4416560365232194
19022,0.5779298354741187
19023,0.2603319199513381
19024,0.9630631199726403
19025,0.5702603020649287
19026,0.9716623464474823
19027,0.5801905571401065
19028,0.9096026742831861
19029,0.8560304142549395
19030,0.7704821413744652
19031,0.017535612890908065
19032,0.7622261385246601
19033,0.12459674613392911
19034,0.06071107456044825
19035,0.5986277806831802
19036,0.7500896220683575
19037,0.1958965487971782
19038,0.8533218339656254
19039,0.9931004461700199
19040,0.90552637978236
19041,0.902825618358466
19042,0.666991962683038
19043,0.09937596656288261
19044,0.009077826216433276
19045,0.788864705945102
19046,0.9302680896311439
19047,0.9086615829956691
19048,0.8748599004357074
19049,0.833222807867144
19050,0.1363190918205549
19051,0.0423633339287636
19052,0.9534070684284031
19053,0.5792870659471295
19054,0.9908134784172469
19055,0.6797553957415257
19056,0.9676237131670229
19057,0.6256762530568406
19058,0.4025612692870149
19059,0.4987435071742217
19060,0.581309828522765
19061,0.37222723694527815
19062,0.8668130757085045
19063,0.9858329571698723
19064,0.20419815987229384
19065,0.34386675891597157
19066,0.6199154866159818
19067,0.9104702591543044
19068,0.9271817325588989
19069,0.9661114714873632
19070,0.24909014527023673
19071,0.9829514107390341
19072,0.6967448983672841
19073,0.8435548348907581
19074,0.6127877745063574
19075,0.3361304390866219
19076,0.9611628690417482
19077,0.012663969211786233
19078,0.7624149510656664
19079,0.408732135937892
19080,0.14111008492842003
19081,0.44128828847843976
19082,0.994027648776447
19083,0.10100206481767747
19084,0.9704561226203733
19085,0.8027615926643316
19086,0.6219007710962626
19087,0.9761394383687174
19088,0.8916072730433494
19089,0.8062884448741529
19090,0.6137370630915268
19091,0.3582075803652301
19092,0.6850677424623968
19093,0.9869001343732606
19094,0.4504285919549477
19095,0.7842854305365605
19096,0.47087865365707354
19097,0.7433025509397103
19098,0.40152165650250854
19099,0.9043662595444232
19100,0.2813470641253865
19101,0.7098592232625224
19102,0.09675939774102206
19103,0.16443765944755812
19104,0.8929415146578132
19105,0.9723699912823485
19106,0.2677494708386294
19107,0.5501426289907112
19108,0.33612249658325727
19109,0.7136595620207954
19110,0.16119153428159386
19111,0.9758854330159391
19112,0.16567780915211694
19113,0.5243619328432327
19114,0.9221426985211042
19115,0.7968526673990931
19116,0.5956843828523364
19117,0.19086314204711852
19118,0.11426850201123244
19119,0.5341489767031782
19120,0.6645724537772946
19121,0.8374999102991922
19122,0.3402776588636784
19123,0.4933463575991576
19124,0.8961086175858625
19125,0.4341290603673448
19126,0.3067165898905916
19127,0.5471466438619079
19128,0.9442904304870576
19129,0.04316790154115642
19130,0.7878819973673582
19131,0.8220332643703306
19132,0.9819397438441866
19133,0.418500739120018
19134,0.34619834220063506
19135,0.28938857290228953
19136,0.8046301916610538
19137,0.10570570655240324
19138,0.7522959938859348
19139,0.2652764966586886
19140,0.2673330152038456
19141,0.9764459082779611
19142,0.7687045801455977
19143,0.958303163133309
19144,0.08048835959144848
19145,0.9120942062697914
19146,0.07131428706651925
19147,0.8069550124318198
19148,0.9934526916831833
19149,0.3869350753460364
19150,0.8998214418174205
19151,0.08548351848805842
19152,0.7015334298528716
19153,0.7965131953518089
19154,0.6742825689692461
19155,0.8502018440046363
19156,0.2137623764082012
19157,0.6560218988097093
19158,0.01915283725948726
19159,0.9576997144369788
19160,0.5606933796474715
19161,0.03743207960505104
19162,0.8297546113023203
19163,0.9576948179550495
19164,0.9702402771287453
19165,0.979664228221019
19166,0.4521771311616809
19167,0.6009166747122014
19168,0.7238319688950086
19169,0.5643112380747447
19170,0.6821772635753848
19171,0.7489438832636031
19172,0.7776788812285144
19173,0.7251517839789967
19174,0.14695203000939358
19175,0.45116273545721813
19176,0.9597862880387182
19177,0.97616184599904
19178,0.8734313612890582
19179,0.9624282345855569
19180,0.051516365470939796
19181,0.7778400545763658
19182,0.6348985872302172
19183,0.8586234972844127
19184,0.4849477500338493
19185,0.9251171132173864
19186,0.5433723407969046
19187,0.966238486311323
19188,0.9245512286581221
19189,0.913443421731734
19190,0.7714795574855335
19191,0.6302135052574072
19192,0.6106303040145876
19193,0.9232953280338808
19194,0.2431960130458902
19195,0.6930018065098694
19196,0.4116158486152432
19197,0.6687775854719444
19198,0.167414556240504
19199,0.9570191290025436
19200,0.1593505465375488
19201,0.8467992999718171
19202,0.2814643049558008
19203,0.9421454221945936
19204,0.09213907363339899
19205,0.8447327523195037
19206,0.5527356783395807
19207,0.027081848036595316
19208,0.1339599152343896
19209,0.5943683083366637
19210,0.8601785884427304
19211,0.9861189955082393
19212,0.4556924128607767
19213,0.3892776798874724
19214,0.945793452093611
19215,0.981102323255616
19216,0.9334348061938683
19217,0.8491260282465031
19218,0.9301761433304462
19219,0.23279278596828462
19220,0.9721453444854544
19221,0.4333791551523426
19222,0.1761506016906057
19223,0.8538958020856476
19224,0.3084920794429255
19225,0.7428872720880657
19226,0.7540886180810469
19227,0.9445911081683062
19228,0.022810398525287927
19229,0.3902276224254459
19230,0.9830085025982558
19231,0.4754901797063505
19232,0.7728125554869991
19233,0.9767547836304575
19234,0.782511287318189
19235,0.8516571708611768
19236,0.90223768076088
19237,0.2540122463563241
19238,0.12036099930262628
19239,0.44433352440272156
19240,0.6544087274197502
19241,0.45163293176392505
19242,0.20685736179317632
19243,0.87992475572125
19244,0.28426810404019565
19245,0.20286038484267363
19246,0.4079115904681747
19247,0.01590212135650766
19248,0.9509311599927521
19249,0.4230935792949938
19250,0.7030934992511342
19251,0.7249826106635663
19252,0.21126559419922109
19253,0.38997473310176517
19254,0.3621493508256321
19255,0.8791392899890487
19256,0.5253928994838631
19257,0.35876318435456284
19258,0.1259587548204121
19259,0.11087246125137673
19260,0.7650543262138096
19261,0.018854040951234025
19262,0.8301366632341696
19263,0.7771889501243741
19264,0.9348966973648152
19265,0.8623553207125456
19266,0.8863527283463197
19267,0.801976092569247
19268,0.973695245994779
19269,0.8139550385849909
19270,0.23446550633768162
19271,0.9012255009347586
19272,0.9599449419308403
19273,0.8149740695340205
19274,0.1923971360874542
19275,0.47842371914307835
19276,0.0970139750169927
19277,0.07636380517335072
19278,0.6420890320838889
19279,0.8586396728961874
19280,0.9449519894820829
19281,0.9396494252053692
19282,0.47808981073227724
19283,0.5178941293560778
19284,0.5343458960203202
19285,0.22037328110633114
19286,0.2685913028386248
19287,0.9949892965643032
19288,0.3931919225406762
19289,0.06611407025284852
19290,0.09961755667471471
19291,0.3484246571221157
19292,0.34506197280149814
19293,0.025871005570881924
19294,0.7924328004504406
19295,0.22006926914463099
19296,0.8499953236425749
19297,0.8756305989651014
19298,0.886441516544859
19299,0.9788947149218019
19300,0.735703708020228
19301,0.1706417920906984
19302,0.8802128317596967
19303,0.6191753178334425
19304,0.40090832455720016
19305,0.10292934721692104
19306,0.5711339331279311
19307,0.30137700069013124
19308,0.5217220000337232
19309,0.8853673817072837
19310,0.6959176804909293
19311,0.7366604614699647
19312,0.07100771063307694
19313,0.6780110983450292
19314,0.1496950817781311
19315,0.09985816242010485
19316,0.44678638374095037
19317,0.9738454425750397
19318,0.9883559239657042
19319,0.26101695958877846
19320,0.7754109105108389
19321,0.9621073860039149
19322,0.4456703240192335
19323,0.4525797761104291
19324,0.617281211728748
19325,0.25098083644850816
19326,0.6758271386263609
19327,0.5408199732963106
19328,0.11933913113899035
19329,0.9634433282861744
19330,0.9900033281448612
19331,0.6664129240645825
19332,0.4810814465320483
19333,0.42150041360385115
19334,0.6232983902136572
19335,0.9808532368564108
19336,0.9969746067015367
19337,0.4957099308384053
19338,0.8926143534545292
19339,0.9907677720762951
19340,0.4902417068736797
19341,0.9521387324667668
19342,0.43385285366315335
19343,0.6402963868689303
19344,0.12300557986400319
19345,0.5403547278550647
19346,0.8350144812688172
19347,0.35417349112196694
19348,0.8134692543050973
19349,0.06219835641149793
19350,0.41940348054070614
19351,0.9469967458006221
19352,0.9917291143787762
19353,0.8468555033846664
19354,0.9095447678432165
19355,0.8164431518396005
19356,0.010078297343458486
19357,0.9122918600703855
19358,0.03227212555516173
19359,0.30358870964366
19360,0.26723387363376017
19361,0.11033616710959665
19362,0.9466023822460623
19363,0.7252801900433008
19364,0.925202311304742
19365,0.13283592669390318
19366,0.11289083806253795
19367,0.9818442514706819
19368,0.8260997392180378
19369,0.9749662396964105
19370,0.1730493515720885
19371,0.9574910400567181
19372,0.05938673752934055
19373,0.7696349568623698
19374,0.10450813383576116
19375,0.9940016017577497
19376,0.6395578190082992
19377,0.93942703359601
19378,0.8906278456367389
19379,0.5247874427316475
19380,0.9684788226523363
19381,0.8974411108057953
19382,0.4866887526965099
19383,0.7809677367207423
19384,0.8732669871743067
19385,0.12405016512818674
19386,0.9613379777060949
19387,0.14174855901380085
19388,0.8815212655995518
19389,0.674197895422091
19390,0.5897093834734547
19391,0.7056105526352788
19392,0.7218891231423792
19393,0.4393739055431504
19394,0.06219797619656484
19395,0.9319185394159413
19396,0.2843505465101337
19397,0.20253173436394337
19398,0.26493773233333323
19399,0.9271940848786343
19400,0.16295510434490987
19401,0.81263069217068
19402,0.9281016653728271
19403,0.8100689696685665
19404,0.7636562164851697
19405,0.9909840856355033
19406,0.897095452003684
19407,0.8719593250524629
19408,0.6105792300389676
19409,0.7451489985835806
19410,0.5989719745578748
19411,0.995178168434999
19412,0.06550269723468369
19413,0.9399820576050301
19414,0.9028094378762235
19415,0.17178423676286686
19416,0.9749204590755509
19417,0.5642453665893734
19418,0.9584330876836233
19419,0.7534594998166779
19420,0.9367036114258298
19421,0.04614092621658874
19422,0.9217071529344063
19423,0.2248555480191641
19424,0.14315218773727945
19425,0.17784784009093732
19426,0.9620969859179979
19427,0.5896601352432639
19428,0.04454053122534353
19429,0.5234118121143537
19430,0.9533427796925442
19431,0.6328561019552357
19432,0.8858636335375165
19433,0.9890597001147853
19434,0.4529058588556957
19435,0.9799609262597824
19436,0.8242419201030979
19437,0.29209841352318994
19438,0.2213739347225227
19439,0.8867940585071458
19440,0.8882568156580176
19441,0.7130244491960369
19442,0.832728829450135
19443,0.7858689483567288
19444,0.9196148271884478
19445,0.15018444703749342
19446,0.15517992389771287
19447,0.007162300061469393
19448,0.9765046047181296
19449,0.9322595095885133
19450,0.8952188092650041
19451,0.024537451394323798
19452,0.490443145253817
19453,0.0682627610014982
19454,0.3989301801415091
19455,0.6683985158834834
19456,0.9446465709633101
19457,0.6012037572370441
19458,0.07098299763301687
19459,0.9680257694283158
19460,0.0940102485181424
19461,0.8633303547689538
19462,0.3833426376245556
19463,0.8595707644094723
19464,0.9066487084675595
19465,0.6136379423129444
19466,0.6206236624898747
19467,0.033897763557612016
19468,0.7824081659911883
19469,0.3865813182770078
19470,0.9431992523311592
19471,0.17842489891407173
19472,0.40889931225317133
19473,0.5115812961053015
19474,0.21059753120796457
19475,0.6526101242640795
19476,0.03982030257269413
19477,0.695306985034395
19478,0.5125479780842461
19479,0.9646927087605738
19480,0.3312813106308352
19481,0.9416052506001981
19482,0.8860412344548493
19483,0.3851831981851174
19484,0.9352427168428132
19485,0.8327797858009455
19486,0.4003549132055512
19487,0.27860292930859937
19488,0.9799191154047662
19489,0.9313327256933626
19490,0.660226297404907
19491,0.9211239265753726
19492,0.394798860092119
19493,0.39118948780718743
19494,0.9491112093741298
19495,0.898684481165426
19496,0.9802347704447868
19497,0.5687728238685631
19498,0.03208094385966615
19499,0.4998756724844641
19500,0.36250436411404063
19501,0.2392770203877734
19502,0.9232535838386169
19503,0.8399107725740701
19504,0.05717578602934524
19505,0.445200994115008
19506,0.2390666181755185
19507,0.9781927651451318
19508,0.8182431852794528
19509,0.924391266782505
19510,0.9776130334147233
19511,0.5046128328648507
19512,0.42225306958664915
19513,0.6718182840767735
19514,0.810024108372794
19515,0.6167997921323144
19516,0.13045606091839143
19517,0.5025539992753009
19518,0.9979558996630179
19519,0.2537490475400002
19520,0.84670757544075
19521,0.6169546087290524
19522,0.9298490210258282
19523,0.7112651288187261
19524,0.9527158204802689
19525,0.12560307834782133
19526,0.8661282989793397
19527,0.3455726454038461
19528,0.8740800092419284
19529,0.3341533328031734
19530,0.18432047678920768
19531,0.5908550263310693
19532,0.9490409696904848
19533,0.6100371875552362
19534,0.281661978961513
19535,0.9776837284570573
19536,0.3344483442504538
19537,0.9773813173936339
19538,0.014239732303374261
19539,0.3910878153110221
19540,0.6662357157022509
19541,0.29345755974736615
19542,0.35567820408878537
19543,0.45602514691549384
19544,0.18931566626992077
19545,0.9359899571042107
19546,0.9536322680270221
19547,0.3563049182152895
19548,0.7481544040179534
19549,0.9479214497475973
19550,0.9937019384344465
19551,0.7792927755130798
19552,0.00748013742562778
19553,0.8156602382280591
19554,0.927234956697582
19555,0.8007733708787197
19556,0.6029477742158603
19557,0.8699621064161195
19558,0.878578152079677
19559,0.8601237839652233
19560,0.9678990884900441
19561,0.14469976533535056
19562,0.9773812632365435
19563,0.33236564529683954
19564,0.7289007219013257
19565,0.3476770391366449
19566,0.564293496371151
19567,0.7821435720525516
19568,0.690798699168937
19569,0.920075068778612
19570,0.8765959097580367
19571,0.926762800041955
19572,0.7249628439411456
19573,0.7025555560379443
19574,0.7824585816453441
19575,0.8897506678792297
19576,0.09027686271682073
19577,0.938346294958791
19578,0.8550298018301802
19579,0.856449972369184
19580,0.060064059188365646
19581,0.9421413338625734
19582,0.2819688019385464
19583,0.5366902905411042
19584,0.6500819066654994
19585,0.674063548796938
19586,0.16103735990350165
19587,0.895010362948418
19588,0.5581573489217057
19589,0.1927640576700255
19590,0.7466700887442587
19591,0.402881820994883
19592,0.6067354465464928
19593,0.8507754390982546
19594,0.04231691503360605
19595,0.5922846873842765
19596,0.8383255798985003
19597,0.8542532900106682
19598,0.9009882868756924
19599,0.44357977972783147
19600,0.9152780966958132
19601,0.424805299122714
19602,0.01685701618839782
19603,0.22695067255345247
19604,0.9321252655962352
19605,0.6854257421168031
19606,0.5186899774213438
19607,0.40182419616774345
19608,0.24769873255807578
19609,0.8089292050846719
19610,0.948098146962828
19611,0.6575551827688917
19612,0.3528989022140399
19613,0.48283603745117376
19614,0.9874528064651346
19615,0.855044341428173
19616,0.35574929438785263
19617,0.3866485334828162
19618,0.7391446775583218
19619,0.4537677165466892
19620,0.8381271881660781
19621,0.7258822810703992
19622,0.015156921179972544
19623,0.07268881480012296
19624,0.2499554743141872
19625,0.7507565129066172
19626,0.8243369561223737
19627,0.5483035362130251
19628,0.9705892123631095
19629,0.22347682906953492
19630,0.9207128974014765
19631,0.24185077412877712
19632,0.5805161523426998
19633,0.664905235255162
19634,0.7547556644346382
19635,0.3218627932892131
19636,0.9530183783573647
19637,0.9910426318250041
19638,0.9805855834784151
19639,0.9565373310716565
19640,0.4254914196773763
19641,0.8498318621808515
19642,0.9501521153700285
19643,0.7334375765928473
19644,0.6264910716732213
19645,0.20412468482674892
19646,0.6505868005810592
19647,0.0063544656013636595
19648,0.2680563118298582
19649,0.6093362880244165
19650,0.9017623029027192
19651,0.2682107236767464
19652,0.5474416066960286
19653,0.49286823077139846
19654,0.7439209305561654
19655,0.2135567029266359
19656,0.37972903506012184
19657,0.352697901493267
19658,0.9626564577816222
19659,0.41204346460756996
19660,0.5274702618254904
19661,0.972000488722984
19662,0.9284698894864917
19663,0.8548537458446142
19664,0.0685109173989059
19665,0.2533021718117407
19666,0.9094506772006523
19667,0.05641814874839702
19668,0.7826440288114229
19669,0.4023263063721636
19670,0.32825691875364355
19671,0.011626028921527257
19672,0.684175803725506
19673,0.9178088012164537
19674,0.721640735861797
19675,0.4977898879623049
19676,0.9252035462828225
19677,0.9792424647441041
19678,0.7307069601463155
19679,0.4757879633279468
19680,0.3412050537806361
19681,0.4052599394777112
19682,0.22155850942835004
19683,0.49632755862604055
19684,0.9028597036872843
19685,0.5331809459518931
19686,0.43380037636230573
19687,0.5290767298841187
19688,0.9935223072431714
19689,0.9244143128905493
19690,0.47785470977096783
19691,0.3663841009443878
19692,0.8015669331164047
19693,0.8284442481586028
19694,0.9937150193044773
19695,0.5959551794084897
19696,0.6440614740925715
19697,0.04919691576978719
19698,0.2587695760486762
19699,0.9747421242632192
19700,0.26213539137314584
19701,0.6786480366900861
19702,0.9681851145390977
19703,0.20482472023262216
19704,0.3035784112046479
19705,0.23645358326781662
19706,0.06751851012127749
19707,0.6315592675185369
19708,0.652907971706471
19709,0.9208542399321222
19710,0.5667507179539107
19711,0.0937854289148472
19712,0.789376923769133
19713,0.937989513839387
19714,0.9929619248663687
19715,0.7224200794842444
19716,0.9772608402128066
19717,0.9674862346491572
19718,0.3962686860637974
19719,0.5551882103668738
19720,0.8325824231866233
19721,0.5922524668179101
19722,0.4816921977372288
19723,0.24325489779757548
19724,0.7904117600913441
19725,0.45173055491712477
19726,0.24280295401864327
19727,0.39473544162699853
19728,0.8738145893844973
19729,0.8099003804490313
19730,0.7956630970434457
19731,0.9527423222941349
19732,0.830160314213317
19733,0.16148432082287512
19734,0.8801540226560136
19735,0.2740769467634807
19736,0.6424882826824475
19737,0.3140621180057937
19738,0.3408375869353719
19739,0.26485572831077797
19740,0.9178336823889696
19741,0.9258029041841387
19742,0.2917554691690283
19743,0.9072838045622366
19744,0.34215819504348677
19745,0.9892090772819726
19746,0.2312264667677718
19747,0.2482168709352145
19748,0.05617883833889107
19749,0.2637867711753875
19750,0.15606881525859675
19751,0.13235046069194165
19752,0.557637787607001
19753,0.6557471965686045
19754,0.5813704546455024
19755,0.24785061614941886
19756,0.9571278607437179
19757,0.3149808336357404
19758,0.270279605599331
19759,0.6920585213248952
19760,0.8938883010912895
19761,0.012654246495922316
19762,0.3889277748594067
19763,0.45030985475381846
19764,0.2129009234488391
19765,0.5196201243699129
19766,0.9864814231313676
19767,0.7082222821848253
19768,0.9506359076787493
19769,0.8634354060577816
19770,0.6714947725872241
19771,0.11647360680383166
19772,0.13839747637523728
19773,0.9973080483455645
19774,0.9958068103721631
19775,0.19250841289137752
19776,0.8309680466009696
19777,0.3259591362721966
19778,0.9989833702482006
19779,0.9954691634720448
19780,0.9209430889578634
19781,0.03749553307691296
19782,0.5849355265535006
19783,0.9449308643597081
19784,0.8144454720863717
19785,0.45824466909665235
19786,0.947565022826414
19787,0.1668345219504748
19788,0.886761739332235
19789,0.8581764834220553
19790,0.9018927478734021
19791,0.5770430358836691
19792,0.4741743737660868
19793,0.6260078862473188
19794,0.42826753094730685
19795,0.819408911951707
19796,0.10998500769514338
19797,0.8984369858274837
19798,0.9038041168813451
19799,0.8669825843999623
19800,0.9821758861128832
19801,0.6975582640428882
19802,0.21459034456643727
19803,0.410664977104383
19804,0.5155795761534893
19805,0.09059251750345255
19806,0.19116842299588996
19807,0.23254196820119266
19808,0.9581073585302337
19809,0.03952648184003861
19810,0.5355240613587298
19811,0.7302846525487335
19812,0.6952214774896598
19813,0.07633292026721604
19814,0.9809690505062947
19815,0.5514905309543986
19816,0.07478162266622644
19817,0.6807098433722364
19818,0.46439107061446044
19819,0.05292884616368784
19820,0.5282152559531272
19821,0.07231148548201193
19822,0.7067701638435834
19823,0.31223764200494736
19824,0.5743319409409264
19825,0.9482122171810962
19826,0.8715365883130312
19827,0.8670967398674665
19828,0.8914402212930518
19829,0.901131196093341
19830,0.7457345138277515
19831,0.4891541428414028
19832,0.4242846520980211
19833,0.7314350762360359
19834,0.04892712460826248
19835,0.995723793661573
19836,0.9263867548859827
19837,0.3160321880601481
19838,0.9174444587418761
19839,0.8480875516881755
19840,0.734591740501476
19841,0.1849806557931137
19842,0.12296936507010653
19843,0.8575697705635406
19844,0.9217565271605962
19845,0.9243906164936824
19846,0.401738803887602
19847,0.7818570848980805
19848,0.49698039244804737
19849,0.3830841323830216
19850,0.8650209777208262
19851,0.4393761453072378
19852,0.6241147178846614
19853,0.7843664020243822
19854,0.8397178940504563
19855,0.27816176020940925
19856,0.44127946926653994
19857,0.36322669558553344
19858,0.06626144894173838
19859,0.5544477231170494
19860,0.9717311102943261
19861,0.7814129447935733
19862,0.9179224996411348
19863,0.08398639718154188
19864,0.9106876922776254
19865,0.6478384860136432
19866,0.8097836597075386
19867,0.7682534609579857
19868,0.48322099258250306
19869,0.029497919683896864
19870,0.5933710854541815
19871,0.8724487774275992
19872,0.5305238167720854
19873,0.5553519710298725
19874,0.9548244203786309
19875,0.982973116027772
19876,0.18615171902776115
19877,0.17154473411013302
19878,0.06241203845861118
19879,0.05691331072264273
19880,0.8463332717499858
19881,0.9824796027525884
19882,0.47396150009697735
19883,0.3073983134331016
19884,0.8653259082000732
19885,0.7100311287575475
19886,0.8755493550792588
19887,0.4618833114595832
19888,0.8029653722183681
19889,0.7083054200741341
19890,0.6953192975508921
19891,0.46081199109943854
19892,0.9966222983318989
19893,0.7320512699441831
19894,0.6351985364381084
19895,0.9105383117646967
19896,0.2767290634110605
19897,0.985938202836731
19898,0.8865470342153432
19899,0.07604961556568991
19900,0.22151085861716285
19901,0.5317135158644761
19902,0.3202572876496949
19903,0.950045631914995
19904,0.645332650994504
19905,0.764599010008712
19906,0.5594848052039562
19907,0.868453920832026
19908,0.18367638518654428
19909,0.9162901670007744
19910,0.9110432006952925
19911,0.923298512515632
19912,0.9896142404335089
19913,0.9147643723152444
19914,0.9275519681500591
19915,0.888101864232078
19916,0.11232770104276427
19917,0.028799257930584417
19918,0.29757704330841545
19919,0.9078312082970709
19920,0.5793670913704293
19921,0.9202615024573733
19922,0.10859077209739174
19923,0.8460544366643451
19924,0.7937449502366668
19925,0.25310465947896843
19926,0.00875471217117069
19927,0.45251321025565944
19928,0.9437187360893453
19929,0.5780250658442798
19930,0.35003851145865056
19931,0.9119065006003412
19932,0.5010694037731315
19933,0.5942874106503536
19934,0.7988027519770465
19935,0.7135811637987104
19936,0.9529351470324717
19937,0.9905545643878287
19938,0.010572086960590856
19939,0.9568117128829309
19940,0.04167062757692954
19941,0.2399356939359755
19942,0.997238888549931
19943,0.9684694088562361
19944,0.8575831281652443
19945,0.43499990744686173
19946,0.7297433474064446
19947,0.15847346240395693
19948,0.9755069107847236
19949,0.11853443486753037
19950,0.215321051039764
19951,0.9736613721834853
19952,0.7331882304898977
19953,0.8904050233552324
19954,0.8960958779004924
19955,0.7323632781888301
19956,0.27052608124010885
19957,0.09444343530078289
19958,0.37813851675512816
19959,0.6513964867462857
19960,0.922347353663643
19961,0.8479465858712169
19962,0.021109524406118112
19963,0.9429229857461133
19964,0.9707717297905037
19965,0.8489966341868547
19966,0.03775179806101552
19967,0.03876726724018347
19968,0.2731474817364967
19969,0.7981440742869079
19970,0.01922821482820277
19971,0.729187985558026
19972,0.8182062070945858
19973,0.10044321606385892
19974,0.23019456400232546
19975,0.7819095872890807
19976,0.5951080166701519
19977,0.8112696842216494
19978,0.7349746354410045
19979,0.973695814684768
19980,0.11882796888565299
19981,0.30652825891225144
19982,0.9460361996419366
19983,0.6287973182000085
19984,0.9800088655457003
19985,0.4472099941592675
19986,0.564612698665612
19987,0.9860126606352038
19988,0.8778968952627239
19989,0.8758008989752573
19990,0.2140314903454474
19991,0.9675255613951123
19992,0.6074543661568493
19993,0.285192902648043
19994,0.771037442485296
19995,0.46418697057566927
19996,0.7492524052380353
19997,0.7380109219321977
19998,0.9635436292244126
19999,0.27485639829378933
